step,rollout_reward_mean,rollout_reward_std,eval_dcr_mean
2048.0,0.1375592851751311,0.18923903782506207,nan
4096.0,0.04763934582058685,0.17685473905518065,nan
6144.0,0.03172940365402309,0.17076905131405143,nan
8192.0,0.0568262156723094,0.1913343584957523,nan
10240.0,-0.03254112786599164,0.13887790326423471,nan
12288.0,-0.00909081226224126,0.1650700499918902,nan
14336.0,0.0030461120203829546,0.17184742297542077,nan
16384.0,0.0495475912461528,0.16151885561222556,nan
18432.0,0.08359755586918652,0.19556487202936404,nan
20480.0,0.04527354393534112,0.2036193902507504,nan
22528.0,0.01228176584451244,0.17107921215412192,nan
24576.0,0.05227888860888262,0.1861711002674284,nan
26624.0,0.0635857483249275,0.17148986005725775,nan
28672.0,0.00044706129135688166,0.20347259870375006,nan
30720.0,0.11081639810421273,0.17428666570038742,nan
32768.0,0.03536274967683224,0.18854346934013633,nan
34816.0,0.04114159503047671,0.20193564043140672,nan
36864.0,0.00988739323614889,0.16823230825165822,nan
38912.0,0.05099368667747284,0.17715166893070983,nan
40960.0,-0.003110369792232757,0.17911381019529213,nan
43008.0,0.044075409709429525,0.18817797189172028,nan
45056.0,0.006877192003444034,0.15922854130856745,nan
47104.0,0.04413237084472957,0.20593186866315466,nan
49152.0,0.06442282375784644,0.19267345575243514,nan
51200.0,0.022677794389070798,0.17924944270444076,nan
53248.0,0.0036027114857699206,0.18890791109690525,nan
55296.0,-0.013141647507782971,0.13921309593179848,nan
57344.0,0.04762190789697822,0.1917566117470632,nan
59392.0,0.0391903669804195,0.20750444982774371,nan
61440.0,0.051096337831464625,0.19598767133757494,nan
63488.0,0.0712964825686842,0.19142290465885117,nan
65536.0,0.09388007519667903,0.17107356378269115,nan
67584.0,0.0866456851074412,0.194313990954805,nan
69632.0,0.025630920609003963,0.20274499108316066,nan
71680.0,0.036400008302207035,0.17570588576656093,nan
73728.0,0.0010975960357521332,0.1605394753712405,nan
75776.0,0.07955679255403225,0.16746722279147974,nan
77824.0,0.061905095063369144,0.18795036659439404,nan
79872.0,0.05414230169625967,0.1890112827092616,nan
81920.0,0.03258818748212221,0.1923203464220732,nan
83968.0,-0.0035106718501050444,0.176540716275442,nan
86016.0,0.04720956636381683,0.176559878399503,nan
88064.0,0.011890111340924379,0.17441176611557624,nan
90112.0,0.03865269589799026,0.18241828031764898,nan
92160.0,0.04356049698553363,0.17536550900210793,nan
94208.0,0.025294588622000194,0.17867647997262648,nan
96256.0,0.04819041563659093,0.17680970709570581,nan
98304.0,0.044629258213163596,0.1884300904505179,nan
100352.0,-0.0003096113185523594,0.1818419720247967,22.765072765072766
102400.0,-0.0056569641541644195,0.17592060493029357,nan
104448.0,0.07318240197223734,0.18269743529071084,nan
106496.0,0.014491791397976121,0.15414075814738595,nan
108544.0,0.054769328357137076,0.15708113897896625,nan
110592.0,0.05845824900313757,0.15037331740443288,nan
112640.0,0.07174336955944613,0.19232170131739446,nan
114688.0,0.06033641458090966,0.1950508203148079,nan
116736.0,0.06427500832108315,0.1593898475919984,nan
118784.0,0.03537449206490688,0.14899854160120987,nan
120832.0,0.01697098772519732,0.19012423342641668,nan
122880.0,0.06477567386285174,0.19865345248030677,nan
124928.0,0.055663508342331004,0.17254811312966203,nan
126976.0,0.02780628217724143,0.1921156217044804,nan
129024.0,0.03728589362303246,0.17697963086782031,nan
131072.0,0.04575546928892511,0.17213408288735,nan
133120.0,0.01579634605873169,0.18575622955731383,nan
135168.0,0.06934287083180231,0.15722799215120883,nan
137216.0,0.04945554783536788,0.15897902863365568,nan
139264.0,0.05857784977281388,0.19085408000022544,nan
141312.0,0.009211218287748414,0.1816898984976215,nan
143360.0,-0.0002755142125049053,0.186363246773057,nan
145408.0,0.044016333117672224,0.18382312056877315,nan
147456.0,0.04467847620005983,0.18115700986291394,nan
149504.0,0.04304927895784043,0.1704913944525843,nan
151552.0,0.05219648549194192,0.19010589535397127,nan
153600.0,0.03270234122810841,0.1685091117388968,nan
155648.0,0.06855103436944064,0.18924783487739086,nan
157696.0,0.04740321408367901,0.16400608218417972,nan
159744.0,0.05346198456466725,0.1730501888815267,nan
161792.0,0.03939950334065081,0.14450697955273709,nan
163840.0,0.025530003868048955,0.17667490063414282,nan
165888.0,0.06368550706277146,0.16311003463157908,nan
167936.0,0.03560315472320132,0.15070169200368266,nan
169984.0,0.037037260352089374,0.1764345166441125,nan
172032.0,0.07008003879530023,0.19174540872169757,nan
174080.0,0.007707433210442545,0.17850240269284173,nan
176128.0,0.07561500220422226,0.15778279547467472,nan
178176.0,0.03676072127218229,0.18272875551668985,nan
180224.0,0.06721966110003422,0.18609361632564997,nan
182272.0,0.04392298573067275,0.17206015176493708,nan
184320.0,0.04747163957727758,0.18902243035114283,nan
186368.0,0.07383962835285825,0.17241038327038652,nan
188416.0,0.0928051224416648,0.1609185240973179,nan
190464.0,0.043258834198106264,0.17875457527545263,nan
192512.0,0.07130322184908938,0.19115444594799683,nan
194560.0,0.06483260254277709,0.1810031201724972,nan
196608.0,0.08410950628788826,0.18433484342848813,nan
198656.0,0.04381347358437711,0.16788485409822881,nan
200704.0,0.05069314754099613,0.16819383964177131,27.557172557172557
202752.0,0.04578552666361719,0.17150033966789768,nan
204800.0,0.024913926794294123,0.1543461252878861,nan
206848.0,0.08470288537759801,0.14656563187659166,nan
208896.0,0.06186158477792103,0.15886966110273515,nan
210944.0,0.05143812101940051,0.16717613133185807,nan
212992.0,0.043870432389801504,0.1791719395895244,nan
215040.0,0.08594874544376926,0.16639782654210625,nan
217088.0,0.024863182429502566,0.13634908191821865,nan
219136.0,0.05275043830786304,0.1698572699566588,nan
221184.0,0.02821600430690513,0.17613081140740539,nan
223232.0,0.05553453276427841,0.17124813367428046,nan
225280.0,0.06593328642720042,0.16492073824132825,nan
227328.0,0.021268206875316286,0.16637308521777133,nan
229376.0,0.07109896083622047,0.1622100422342018,nan
231424.0,-0.007600613371780659,0.17540895218834282,nan
233472.0,0.02781208897206923,0.15231453501958958,nan
235520.0,0.04579364149687487,0.15251186373110232,nan
237568.0,0.04866763113711742,0.17047674957065742,nan
239616.0,0.025538118517372997,0.173005620032971,nan
241664.0,0.05779324538019352,0.138840110916727,nan
243712.0,0.04200149818636119,0.1864769734702164,nan
245760.0,0.0709627793244593,0.1856923375139996,nan
247808.0,0.0281371747774214,0.16906602687873076,nan
249856.0,0.04075422906500201,0.15653208308709715,nan
251904.0,0.07838516566084365,0.1375869160922796,nan
253952.0,0.031113635413587686,0.16895237475972244,nan
256000.0,0.08424705909151572,0.17393393241830196,nan
258048.0,0.04400617743538534,0.16663551080278832,nan
260096.0,0.047851857972274245,0.18800198457805337,nan
262144.0,0.03107501232676124,0.15396968812331163,nan
264192.0,0.04476137391591598,0.1727734585693306,nan
266240.0,0.04887736029554807,0.1855104888297191,nan
268288.0,0.05708957543677881,0.1656884710688413,nan
270336.0,0.05077223196243888,0.17532243474258488,nan
272384.0,0.04311927824487792,0.14938877957721014,nan
274432.0,0.051482047049459585,0.1770502653847716,nan
276480.0,0.03450965580343673,0.19346613373659804,nan
278528.0,0.054975013159536644,0.17895561631507684,nan
280576.0,0.014549889906913801,0.17718288368225146,nan
282624.0,0.04659831567503372,0.16680494205510674,nan
284672.0,0.06899613191787246,0.16945520960552773,nan
286720.0,0.0598877864560175,0.15373110321952715,nan
288768.0,0.05962184397849318,0.16979825057911538,nan
290816.0,0.057775353122331716,0.1757848073993964,nan
292864.0,0.05451046664139354,0.17487606968280406,nan
294912.0,0.028057071444435144,0.16697102219092455,nan
296960.0,0.026254836620540505,0.16561909745017037,nan
299008.0,0.039771632766960774,0.15787518073047505,nan
301056.0,0.06641753451355031,0.17514350990019692,26.912681912681915
303104.0,0.030032970307684738,0.1808852129057588,nan
305152.0,0.03739500331910382,0.14359806547611495,nan
307200.0,0.0625169943578481,0.16815113019887054,nan
309248.0,0.04024230664828567,0.16891163388675204,nan
311296.0,0.06199051758347491,0.1705221939296165,nan
313344.0,0.053662002273966794,0.16301102705804754,nan
315392.0,0.05157017699465056,0.15796356529574396,nan
317440.0,0.025215774709145378,0.14627496808522228,nan
319488.0,0.044478940162817455,0.14993905418096987,nan
321536.0,0.019445782942355317,0.1692129705617986,nan
323584.0,0.04939093287043436,0.15186193935383543,nan
325632.0,0.04551003818335285,0.1615095046762948,nan
327680.0,0.0569182924669582,0.13360350907313653,nan
329728.0,0.08371466689783671,0.14202133426169963,nan
331776.0,0.06151324570508997,0.16818282465721948,nan
333824.0,0.02970475800199472,0.16939924308753443,nan
335872.0,0.073619203787806,0.146024655521333,nan
337920.0,0.03633146169143142,0.14384364940084066,nan
339968.0,0.03622959671587696,0.17667672200017626,nan
342016.0,0.034454909389610676,0.177737092550273,nan
344064.0,0.06131830223245399,0.16091089821089843,nan
346112.0,0.04433696958501987,0.1298171662990713,nan
348160.0,0.08435847502064339,0.16067488213760084,nan
350208.0,0.03807725175775831,0.1484685495378238,nan
352256.0,0.0701004572075934,0.1594304253300517,nan
354304.0,0.07227863869120292,0.16658784776869726,nan
356352.0,0.0719705194683671,0.14028848913620987,nan
358400.0,0.050854666385449235,0.13354323212741268,nan
360448.0,0.04619939128001691,0.15740633918897623,nan
362496.0,0.06921085776319633,0.1579943229753224,nan
364544.0,0.06515231367896898,0.16046381431890297,nan
366592.0,0.0517468610241121,0.15567425609800253,nan
368640.0,0.0343073913042125,0.14942976043949863,nan
370688.0,0.07767140381817056,0.13974122588358664,nan
372736.0,0.031121272510347617,0.1641306060608372,nan
374784.0,0.040023331161137335,0.15694002609632132,nan
376832.0,0.05688037716054763,0.16509598454620664,nan
378880.0,0.052236515767340716,0.17612438319280438,nan
380928.0,0.06871205035954855,0.151354980164985,nan
382976.0,0.0756954972214626,0.14443010431803166,nan
385024.0,0.0778101102816911,0.16571665460416274,nan
387072.0,0.048347639532650366,0.16976381492782378,nan
389120.0,0.07444802575324438,0.14225920086472998,nan
391168.0,0.07154040386285405,0.16341930948554467,nan
393216.0,0.0435920765220985,0.16718813442385208,nan
395264.0,0.05774889848104188,0.153763186847953,nan
397312.0,0.06486995744840526,0.1294704360331772,nan
399360.0,0.0653369917641849,0.13399696981599402,nan
401408.0,0.05907918296433967,0.162987982850408,17.110187110187113
403456.0,0.07596512242361353,0.13634191853728786,nan
405504.0,0.07057865527195914,0.13720995946243045,nan
407552.0,0.05243008924427077,0.15454889886393797,nan
409600.0,0.07707074665602738,0.12865710164906816,nan
411648.0,0.06633094898843664,0.13073000486290404,nan
413696.0,0.06338583190742193,0.14966937043378373,nan
415744.0,0.0688447820401986,0.15130643549983597,nan
417792.0,0.05225261064440507,0.15080898438852153,nan
419840.0,0.050525691203564635,0.13779108252327552,nan
421888.0,0.07768305667285949,0.10245664775371148,nan
423936.0,0.06731400588211828,0.15530008947936455,nan
425984.0,0.06448325123060007,0.13273118319740954,nan
428032.0,0.07005427813106771,0.13185152013856555,nan
430080.0,0.04902815560248416,0.15453208028246607,nan
432128.0,0.06660529416380603,0.13220260873808845,nan
434176.0,0.05931532091568655,0.13923045296932623,nan
436224.0,0.061563644689530905,0.1558695988384404,nan
438272.0,0.07475347992126632,0.14705463261504836,nan
440320.0,0.0583941365565894,0.12100176868296497,nan
442368.0,0.0685299352103031,0.16502998939445768,nan
444416.0,0.06000309049847448,0.11544640487675029,nan
446464.0,0.0733523696504691,0.13617286927251265,nan
448512.0,0.0719845948294216,0.1375172030578578,nan
450560.0,0.07158609524111495,0.14427357687997244,nan
452608.0,0.07921258290371619,0.1305715037580751,nan
454656.0,0.06795959093011508,0.13380444959654972,nan
456704.0,0.07095301290460176,0.13545307543023186,nan
458752.0,0.06107522773981212,0.16180833494468483,nan
460800.0,0.06520085317318593,0.14716944113961689,nan
462848.0,0.0810067370709997,0.1281009024614493,nan
464896.0,0.070577015941121,0.12196343035140196,nan
466944.0,0.06800797113414322,0.14134259603242613,nan
468992.0,0.08159698142122684,0.1452297017694809,nan
471040.0,0.08015152828357193,0.10284745695584492,nan
473088.0,0.07675507676787624,0.14014912521288755,nan
475136.0,0.08139159657882533,0.1317268895607323,nan
477184.0,0.08234070542984559,0.11835472797085025,nan
479232.0,0.06859037363220948,0.14821800747780245,nan
481280.0,0.08243617620306298,0.13891313197253863,nan
483328.0,0.08007147130626965,0.13615917924182902,nan
485376.0,0.07083050866066186,0.14797777655274122,nan
487424.0,0.07784733297525095,0.13880803767666386,nan
489472.0,0.07781850816531402,0.13847829745915777,nan
491520.0,0.07055889515459667,0.1526601504957173,nan
493568.0,0.061230783216684875,0.15213434459923464,nan
495616.0,0.08255088007384859,0.1278736484834665,nan
497664.0,0.08229665305841821,0.12942754281977278,nan
499712.0,0.09068310179389194,0.12756646255120901,nan
501760.0,0.07941454494905356,0.14389853308741704,13.513513513513512
503808.0,0.07756253236619814,0.14068510508778984,nan
505856.0,0.0857417940196733,0.12485099437168584,nan
507904.0,0.06397745290691484,0.13429186685896433,nan
509952.0,0.06889665501738432,0.14190623348574843,nan
512000.0,0.07708798180823331,0.14032478241603052,nan
514048.0,0.07571278539856478,0.12368027690490585,nan
516096.0,0.06812224112966718,0.15027818286439923,nan
518144.0,0.08016400564741087,0.14190809551268999,nan
520192.0,0.08396083531170986,0.12642615689579126,nan
522240.0,0.09199120821013357,0.12548183869547758,nan
524288.0,0.0865010209658322,0.11741497693276004,nan
526336.0,0.09017773071056814,0.12859460636376271,nan
528384.0,0.09301691921919907,0.0953481710947773,nan
530432.0,0.07893159166492235,0.12740046191014034,nan
532480.0,0.06960284876306735,0.1317091264169383,nan
534528.0,0.06538895655980893,0.15264338563553062,nan
536576.0,0.07801854876427744,0.13019554132797434,nan
538624.0,0.07603888663619728,0.1309182217123067,nan
540672.0,0.07105897766800667,0.13476343157153528,nan
542720.0,0.0713877195332282,0.1193369059029628,nan
544768.0,0.0741836506066136,0.14034337598490035,nan
546816.0,0.07115292213373112,0.15328892314578654,nan
548864.0,0.07526028095126397,0.13896285250476775,nan
550912.0,0.06778572567422433,0.1454920568133717,nan
552960.0,0.06557284307941427,0.16251922556671225,nan
555008.0,0.08600430413701371,0.14297408601148034,nan
557056.0,0.07392479974683944,0.14163815679914588,nan
559104.0,0.07464461975128422,0.14447618940387727,nan
561152.0,0.06026579484814907,0.13942333394025835,nan
563200.0,0.06668729070402718,0.14484533910467637,nan
565248.0,0.07801549792969645,0.14898876277420642,nan
567296.0,0.05659381565521046,0.15212653012167313,nan
569344.0,0.08138780373468962,0.1327802182396925,nan
571392.0,0.08345690379451615,0.11508586825909368,nan
573440.0,0.07562503239593474,0.13931403864576256,nan
575488.0,0.0626744373452417,0.14633745161156672,nan
577536.0,0.07413148071975756,0.14896344225958488,nan
579584.0,0.06151163165478361,0.1653680576013774,nan
581632.0,0.09245979729615215,0.1322801564272646,nan
583680.0,0.06714787361462916,0.14606573881891632,nan
585728.0,0.08550908284872719,0.12175621119490446,nan
587776.0,0.09478440019296747,0.103753889453701,nan
589824.0,0.0776503447534585,0.1328796075832687,nan
591872.0,0.058588848044785126,0.14398218671681917,nan
593920.0,0.08289819597385681,0.10780406514986009,nan
595968.0,0.09025459751678,0.11463982358194198,nan
598016.0,0.08214858325347785,0.13040479896295654,nan
600064.0,0.08789524876896707,0.11040804522840941,nan
602112.0,0.08808430712614436,0.11103540994629754,17.39085239085239
604160.0,0.08102658501518889,0.12585867911045662,nan
606208.0,0.07242571617865948,0.15829716048530737,nan
608256.0,0.07452287723853412,0.13782798579541178,nan
610304.0,0.09128969756083798,0.11706980248015927,nan
612352.0,0.07735201968579383,0.1470251231160474,nan
614400.0,0.09444089729586261,0.11871385902380202,nan
616448.0,0.07631872900510192,0.1448819719748265,nan
618496.0,0.06942309495324822,0.14300998442256377,nan
620544.0,0.08216585691291184,0.13741307800689884,nan
622592.0,0.06950798727080097,0.14882079095809392,nan
624640.0,0.08153707967784528,0.1285317524822619,nan
626688.0,0.07661014020598338,0.1318378980803849,nan
628736.0,0.07658710806450028,0.1393839320160479,nan
630784.0,0.08172803811325265,0.1268410625140718,nan
632832.0,0.07478307538531019,0.14008418416509005,nan
634880.0,0.06092676921909977,0.1641058252766749,nan
636928.0,0.08806060342367872,0.11793827559400254,nan
638976.0,0.0727016018294519,0.12310923610608444,nan
641024.0,0.06662142813160477,0.14049036246646915,nan
643072.0,0.053518208189153545,0.14928017943909952,nan
645120.0,0.06834048950295807,0.13585411492014987,nan
647168.0,0.0755243479507768,0.12047548371365405,nan
649216.0,0.08121562309355407,0.1544545561926114,nan
651264.0,0.07777463888429932,0.1616610574472792,nan
653312.0,0.06465965090931357,0.1436062162659745,nan
655360.0,0.07396590324171727,0.1471652155145841,nan
657408.0,0.07766987228424124,0.13485783771013932,nan
659456.0,0.07809371151191233,0.123504956676885,nan
661504.0,0.055750629766747106,0.17078960190583353,nan
663552.0,0.06438462834807412,0.1477502771775249,nan
665600.0,0.08312976934227197,0.12879654743578928,nan
667648.0,0.0880781740160633,0.13277109164950293,nan
669696.0,0.05397311679059615,0.13084033565474226,nan
671744.0,0.051405044943035424,0.14537029156288866,nan
673792.0,0.06874355564173003,0.12943290224326334,nan
675840.0,0.06810344060202381,0.15403168497981698,nan
677888.0,0.06252647897491699,0.13826636255950886,nan
679936.0,0.07094992683917721,0.13978457142737288,nan
681984.0,0.07567854729318566,0.13994934105964063,nan
684032.0,0.06730606346302054,0.1368343880925421,nan
686080.0,0.07628472687727923,0.1535201712347687,nan
688128.0,0.06638631265309745,0.14590244643766467,nan
690176.0,0.07250152430241164,0.15317405309125867,nan
692224.0,0.06895820701375822,0.15818692832244885,nan
694272.0,0.0703578117637132,0.13460608137419905,nan
696320.0,0.08471755836699785,0.1285807524809829,nan
698368.0,0.0822461511791203,0.13052033427296553,nan
700416.0,0.05399248831078826,0.13896595128471417,nan
702464.0,0.057255806947948025,0.1344794267587037,15.384615384615383
704512.0,0.04888262210269563,0.14303067908793607,nan
706560.0,0.09293866388804556,0.13194216722797764,nan
708608.0,0.06912329692443574,0.14098737375026962,nan
710656.0,0.07253113438047594,0.14042795863221114,nan
712704.0,0.09050664252974311,0.15119326318448456,nan
714752.0,0.0560363368935609,0.149936926198403,nan
716800.0,0.05601715299959398,0.13581359820206282,nan
718848.0,0.07290058177971251,0.12315947685201528,nan
720896.0,0.0752379700835164,0.11259704950190465,nan
722944.0,0.0690350288357118,0.13398882988724228,nan
724992.0,0.06681205315436424,0.13632696074690326,nan
727040.0,0.085591797099627,0.11118687901317345,nan
729088.0,0.0697947679969633,0.14568069275951775,nan
731136.0,0.07767038543891071,0.14370779868231706,nan
733184.0,0.08175178654328691,0.11834305940340907,nan
735232.0,0.07725806175449335,0.12494312509234816,nan
737280.0,0.07001185481067954,0.13949189555108985,nan
739328.0,0.08684120788487633,0.13151226413589115,nan
741376.0,0.07843239445081854,0.12615202605894338,nan
743424.0,0.07161085735575502,0.13694541896041648,nan
745472.0,0.06508649231395527,0.13377465762899063,nan
747520.0,0.07244700350409575,0.12126806809737752,nan
749568.0,0.08356823826640875,0.12180328606988906,nan
751616.0,0.09707469651119732,0.10654390344981383,nan
753664.0,0.08117161393826691,0.14276292842149602,nan
755712.0,0.07131807929271418,0.12005139086985303,nan
757760.0,0.08120053032695995,0.10482404973210893,nan
759808.0,0.0635224653421569,0.1374815049576764,nan
761856.0,0.0667455085157033,0.13560053129106792,nan
763904.0,0.0664268890074469,0.13417643476721494,nan
765952.0,0.07803393291674711,0.1375170713946049,nan
768000.0,0.0637203795584695,0.1605979919884531,nan
770048.0,0.04333651940985254,0.1419441525819083,nan
772096.0,0.07887679960926605,0.13304613183116493,nan
774144.0,0.07033798853579226,0.15226841339527053,nan
776192.0,0.0673533533244344,0.1365280638931682,nan
778240.0,0.053927539950871836,0.1466842865230964,nan
780288.0,0.07457610798344573,0.13799239091141052,nan
782336.0,0.056213373950453636,0.15767472079179234,nan
784384.0,0.06975261077572242,0.1335525380503256,nan
786432.0,0.07550146491519238,0.11253467996028906,nan
788480.0,0.08827822902536367,0.1180645817395002,nan
790528.0,0.09464563635418365,0.13088000901723845,nan
792576.0,0.06908972108643305,0.13793527139645295,nan
794624.0,0.07656219907124878,0.14508130379041806,nan
796672.0,0.07093710251295314,0.14700260192431516,nan
798720.0,0.062012525390949105,0.1529778030850278,nan
800768.0,0.07127693288084974,0.12618990789720702,nan
802816.0,0.09124140473642861,0.1197958485103453,11.205821205821207
804864.0,0.09176433185086945,0.10669125286482127,nan
806912.0,0.0703801659074687,0.13934575499849738,nan
808960.0,0.06960530540402324,0.12673788287673327,nan
811008.0,0.08850037444338646,0.10745279293534292,nan
813056.0,0.08150864786263728,0.13837648023067384,nan
815104.0,0.08573009510847099,0.10979109166807229,nan
817152.0,0.08784224003329677,0.11811545651694233,nan
819200.0,0.08269864617238598,0.12266539549541507,nan
821248.0,0.07884399256896246,0.1341086839012204,nan
823296.0,0.08080104509434394,0.11599040857118911,nan
825344.0,0.06518623061796913,0.16147495256289476,nan
827392.0,0.08660702764484915,0.11980549446291429,nan
829440.0,0.07739650227392295,0.12445649003089601,nan
831488.0,0.06613553106654425,0.1391625088631625,nan
833536.0,0.09475876670417221,0.12736195595277564,nan
835584.0,0.07143334217713382,0.13138903887212733,nan
837632.0,0.08255774243578912,0.12307991571309956,nan
839680.0,0.07273383352580758,0.13036200556976926,nan
841728.0,0.07455456791946291,0.14785466008878467,nan
843776.0,0.059217739712217235,0.1360865384212408,nan
845824.0,0.07332640596557391,0.13025489964506354,nan
847872.0,0.07870933442486437,0.12859930491309401,nan
849920.0,0.08020625064327574,0.11578065149888406,nan
851968.0,0.07098798661499173,0.1426469838669431,nan
854016.0,0.07594937370098777,0.11965543901483601,nan
856064.0,0.08313048978355259,0.12242726636222605,nan
858112.0,0.09228345474069327,0.11130789678636126,nan
860160.0,0.0864729338764954,0.1188289560793005,nan
862208.0,0.07313182839456324,0.14170970032931313,nan
864256.0,0.08673950376400856,0.13708107263982064,nan
866304.0,0.09821746705921333,0.08577067162191718,nan
868352.0,0.09295591608853979,0.10131271480190454,nan
870400.0,0.09280513729185316,0.11225364080559759,nan
872448.0,0.08907022244566948,0.09977482242160123,nan
874496.0,0.07476764698261223,0.14789801948134412,nan
876544.0,0.08129598527536326,0.128210441786004,nan
878592.0,0.09797833588516452,0.09496747971744232,nan
880640.0,0.0801824386503808,0.1336196102501851,nan
882688.0,0.08729062186178921,0.1264577234735365,nan
884736.0,0.0739664690043281,0.13414388908633004,nan
886784.0,0.0641654739081225,0.14098563897580815,nan
888832.0,0.07990368670264489,0.14055098826138696,nan
890880.0,0.09168975697807949,0.10764562213233117,nan
892928.0,0.09304763956174429,0.12890245560990185,nan
894976.0,0.08415094970166359,0.12628443456495508,nan
897024.0,0.09770618075327742,0.08757319147817016,nan
899072.0,0.08824044583475577,0.12142502188872029,nan
901120.0,0.08969564413077719,0.10997939447941565,nan
903168.0,0.08442687750484609,0.12386412693175236,13.700623700623703
905216.0,0.07612494317674576,0.12259502750845716,nan
907264.0,0.07416945296231672,0.11487163527172795,nan
909312.0,0.08107956068162205,0.11225232450829978,nan
911360.0,0.09029362701498424,0.10203517368438872,nan
913408.0,0.06813420415480662,0.1466185097930506,nan
915456.0,0.07569414892963611,0.14759894955467007,nan
917504.0,0.0922568668897357,0.10045381269805499,nan
919552.0,0.08991932240484607,0.11618039065585989,nan
921600.0,0.08221100112716664,0.10862821701782717,nan
923648.0,0.09642479468482307,0.0956930643991142,nan
925696.0,0.081297863351768,0.11881201841416171,nan
927744.0,0.09213772923162955,0.10823576776097528,nan
929792.0,0.08002705561612224,0.1299012111921491,nan
931840.0,0.09741339688729957,0.0910995820026432,nan
933888.0,0.07523778151083305,0.12553308554810802,nan
935936.0,0.08985905583789974,0.10678677255411019,nan
937984.0,0.08639054237650434,0.1078418390609794,nan
940032.0,0.085425155361799,0.12793480331668225,nan
942080.0,0.0817081943247703,0.12639024636511795,nan
944128.0,0.0815451489565515,0.10789405919561207,nan
946176.0,0.06882035469021577,0.11854901155751887,nan
948224.0,0.09859407132640668,0.09741644711541969,nan
950272.0,0.09337788040854184,0.11238298787130249,nan
952320.0,0.08982687104104539,0.10397867970308493,nan
954368.0,0.08365974076619909,0.123530645132225,nan
956416.0,0.0994009156102077,0.0899613636438891,nan
958464.0,0.10344091264069152,0.08414007744846541,nan
960512.0,0.09026642591341591,0.11390519229791311,nan
962560.0,0.09328946179070925,0.10779661741474666,nan
964608.0,0.0797040110328975,0.13761016854198227,nan
966656.0,0.0893509627455504,0.11627774013979596,nan
968704.0,0.0805309561858839,0.12186120488627906,nan
970752.0,0.09030197033284015,0.10834562290884611,nan
972800.0,0.08741445939632048,0.12331245901598764,nan
974848.0,0.09623460964227143,0.10164394167287708,nan
976896.0,0.08863788457348426,0.09607982570199335,nan
978944.0,0.09330391674253008,0.09358866826932274,nan
980992.0,0.09433329737499362,0.10159513093687009,nan
983040.0,0.09327239674767196,0.12203331537856846,nan
985088.0,0.09459343334241636,0.10149412496522568,nan
987136.0,0.09798580060840076,0.11141655009305941,nan
989184.0,0.09885810825296111,0.10185075356553502,nan
991232.0,0.10477810543940455,0.08234047369470282,nan
993280.0,0.10001844066473847,0.08437655789088205,nan
995328.0,0.10069938261129543,0.08349900245347586,nan
997376.0,0.09039313542503247,0.11927339345402069,nan
999424.0,0.10179333604155419,0.08790081226982423,nan
1001472.0,0.10150770671141289,0.09882913364597218,nan
1003520.0,0.10146097363090181,0.10905017788046088,8.326403326403327
1005568.0,0.10162474122998172,0.10471332960252135,nan
1007616.0,0.10600301196814524,0.09145607784350554,nan
1009664.0,0.10589485775537519,0.09437111439502581,nan
1011712.0,0.09455313975047175,0.11124907430678029,nan
1013760.0,0.1027581220576931,0.11145295077608937,nan
1015808.0,0.09242184901183886,0.11162202629138711,nan
1017856.0,0.0969621397408196,0.10945661801188336,nan
1019904.0,0.10445949463129454,0.10227451576715821,nan
1021952.0,0.10730955229546395,0.0781443924376336,nan
1024000.0,0.09644919918111605,0.10201424749315344,nan
1026048.0,0.10267405367679105,0.07565106662241124,nan
1028096.0,0.1002302541329273,0.08497753345516779,nan
1030144.0,0.09762360447655587,0.10048385728884063,nan
1032192.0,0.09411758246317159,0.10411853196917538,nan
1034240.0,0.10507004509646181,0.08784614999830492,nan
1036288.0,0.10196579400217198,0.09532432477450856,nan
1038336.0,0.09631529432080378,0.10860326657305877,nan
1040384.0,0.10609526320528377,0.08757700362286278,nan
1042432.0,0.10782558184087462,0.07734964342599712,nan
1044480.0,0.1089159443966064,0.08342687929382042,nan
1046528.0,0.10603722296697347,0.0976233672196229,nan
1048576.0,0.09911731988310732,0.0919649840496423,nan
1050624.0,0.10318034513160279,0.10159198310596956,nan
1052672.0,0.10260310504766876,0.08831290548065858,nan
1054720.0,0.11122839019567068,0.07653148436556603,nan
1056768.0,0.10303990090566514,0.09664304277844758,nan
1058816.0,0.112831375318846,0.07218062338711119,nan
1060864.0,0.11059599246047569,0.08496408921101557,nan
1062912.0,0.12237503539421958,0.05070435406888652,nan
1064960.0,0.11042172431507044,0.0858188354027016,nan
1067008.0,0.11485985018517299,0.0661863129870951,nan
1069056.0,0.09355490580228834,0.10388535746461566,nan
1071104.0,0.0965244207509415,0.11041685554866708,nan
1073152.0,0.10724681996369081,0.10083039349931346,nan
1075200.0,0.10044006284192572,0.11415013618966123,nan
1077248.0,0.09997920105738993,0.10848054286805452,nan
1079296.0,0.10385479732302308,0.09336443145078008,nan
1081344.0,0.10685988762408294,0.09205750929660042,nan
1083392.0,0.11342271589755884,0.06953753387596728,nan
1085440.0,0.11447088828789316,0.07531936605942423,nan
1087488.0,0.11117888390461839,0.08379150116680818,nan
1089536.0,0.11447475797303008,0.07345891808715407,nan
1091584.0,0.12087034403718744,0.05420513009462663,nan
1093632.0,0.113562282926529,0.078641651736197,nan
1095680.0,0.11558783157723618,0.07196068664076712,nan
1097728.0,0.1194957270098452,0.06040461839612047,nan
1099776.0,0.11689025191991932,0.07518797395853954,nan
1101824.0,0.11797659753645814,0.06415519974951792,nan
1103872.0,0.12089339318113831,0.0545460641849287,5.686070686070686
1105920.0,0.11807839541907592,0.07138801487983464,nan
1107968.0,0.11335120824394175,0.08769061045479697,nan
1110016.0,0.11848304736908351,0.07362804417936249,nan
1112064.0,0.11406381088447547,0.07421835356795393,nan
1114112.0,0.11034020224387364,0.08781123297558881,nan
1116160.0,0.12316170607284888,0.030514197278292274,nan
1118208.0,0.11702714329220766,0.06655247869738093,nan
1120256.0,0.11933977180602443,0.07312980978399714,nan
1122304.0,0.11305652697915652,0.07487708366979337,nan
1124352.0,0.11789641678472923,0.07783225086682743,nan
1126400.0,0.12178620890165703,0.07019359712025217,nan
1128448.0,0.11318980220782371,0.08060897429003579,nan
1130496.0,0.11281753924595013,0.09156316377780345,nan
1132544.0,0.10779909625378944,0.09471788299539614,nan
1134592.0,0.11661202274632856,0.06883522267469827,nan
1136640.0,0.10376554070070237,0.09278187811306962,nan
1138688.0,0.10806025148936321,0.07853124062384668,nan
1140736.0,0.11112932324587829,0.07617612370288998,nan
1142784.0,0.10585932663363869,0.10233461141727361,nan
1144832.0,0.10644618575067355,0.09640355903614237,nan
1146880.0,0.11257625912497099,0.08477186117235844,nan
1148928.0,0.09728871040272398,0.11659485793170403,nan
1150976.0,0.11908792434044671,0.07326989318419473,nan
1153024.0,0.11508488289320018,0.10384531327776937,nan
1155072.0,0.11217451756720809,0.08686455235591793,nan
1157120.0,0.11767308087728284,0.07307936186748194,nan
1159168.0,0.111595752670415,0.08239084557787948,nan
1161216.0,0.11479680836102953,0.07931374325607866,nan
1163264.0,0.11624901122723316,0.07847868016984041,nan
1165312.0,0.11536336499562691,0.0786003075109479,nan
1167360.0,0.11312550575927267,0.08356625878199281,nan
1169408.0,0.1194796207290405,0.0650437811276572,nan
1171456.0,0.11356192784954987,0.07649714219244781,nan
1173504.0,0.10916942500545654,0.08150092604789705,nan
1175552.0,0.10999602394815064,0.09194976693483214,nan
1177600.0,0.11828452732612224,0.07115637640383775,nan
1179648.0,0.12029442067180221,0.07492310976083902,nan
1181696.0,0.11374467232395102,0.08767285264360934,nan
1183744.0,0.10912552199649139,0.09141676933065657,nan
1185792.0,0.11623525301103022,0.07476875170261663,nan
1187840.0,0.11617783271423568,0.08648355468017893,nan
1189888.0,0.1046338647529933,0.10937823608148264,nan
1191936.0,0.11333419828281648,0.09028529032186924,nan
1193984.0,0.10016469843539011,0.11262676511330849,nan
1196032.0,0.10662718855810334,0.1093906367493975,nan
1198080.0,0.11602944230466956,0.07712456012113875,nan
1200128.0,0.11440937637804714,0.07472687508051881,nan
1202176.0,0.1178934692582747,0.07965181560936793,nan
1204224.0,0.11849395279552982,0.0643886651975107,4.116424116424118
1206272.0,0.12544639320660428,0.051786609090905676,nan
1208320.0,0.11855120118747187,0.07441376215817092,nan
1210368.0,0.12035647226036086,0.06652762343543711,nan
1212416.0,0.12805949570808992,0.04607562713388857,nan
1214464.0,0.12401841756263707,0.0650899321794023,nan
1216512.0,0.12368435170960965,0.06243981363116649,nan
1218560.0,0.12420974247730551,0.06570664837343694,nan
1220608.0,0.11660015235670482,0.08367797625489783,nan
1222656.0,0.12622412507942254,0.06564359037800183,nan
1224704.0,0.1262332349385485,0.06505875393005424,nan
1226752.0,0.11356441830786446,0.0954840543377053,nan
1228800.0,0.11640312998043836,0.07929464082543518,nan
1230848.0,0.12109977118140536,0.06916830470920775,nan
1232896.0,0.12560055025137207,0.0540214506861736,nan
1234944.0,0.11783362354217788,0.08733772155786632,nan
1236992.0,0.12043622090337612,0.06993160396526922,nan
1239040.0,0.12529781204695167,0.07176460988657854,nan
1241088.0,0.12363544923152563,0.071331429089287,nan
1243136.0,0.12492184802247627,0.06568279996385698,nan
1245184.0,0.1223329327911428,0.06853301490144809,nan
1247232.0,0.12509763629209347,0.06084596226070509,nan
1249280.0,0.12349652960334483,0.07352597065688464,nan
1251328.0,0.12327202946069378,0.07034940835278483,nan
1253376.0,0.12279850471373117,0.0731715206622085,nan
1255424.0,0.12476291624080452,0.06368854831597387,nan
1257472.0,0.12097372647851312,0.08300808367382555,nan
1259520.0,0.1152402880623166,0.09287500126268515,nan
1261568.0,0.12595542388668574,0.06410984496687779,nan
1263616.0,0.11336563532592273,0.0926170909439509,nan
1265664.0,0.11209923346206142,0.09676856225736007,nan
1267712.0,0.12137443705755971,0.0803784404568926,nan
1269760.0,0.12201518653702699,0.07538910026078648,nan
1271808.0,0.12499224799216875,0.05639438775314992,nan
1273856.0,0.11842998181759687,0.08820537253485196,nan
1275904.0,0.12579509504440456,0.05973743176778433,nan
1277952.0,0.1277216245726521,0.06084553724850958,nan
1280000.0,0.12380498874212445,0.07267970878945157,nan
1282048.0,0.1240851415824276,0.06878241314836604,nan
1284096.0,0.12743472470298445,0.05927064548787768,nan
1286144.0,0.12543300441582805,0.07290469158212609,nan
1288192.0,0.11862350731924745,0.08202644504070002,nan
1290240.0,0.1205105628155062,0.08810633782173351,nan
1292288.0,0.126787529414117,0.07023108085401918,nan
1294336.0,0.1251444656874324,0.07073251621624219,nan
1296384.0,0.11705713226224135,0.09770490330466496,nan
1298432.0,0.11995878965441106,0.08778683642635304,nan
1300480.0,0.12285768095745461,0.07889702822545973,nan
1302528.0,0.12318656450080667,0.0862544378704348,nan
1304576.0,0.12430002312667784,0.06971353841842677,5.25987525987526
1306624.0,0.12108579524138005,0.08681721579654185,nan
1308672.0,0.12473209526437781,0.07513578352724364,nan
1310720.0,0.12570422005145926,0.06036092054509188,nan
1312768.0,0.12528419945807362,0.0707646567982689,nan
1314816.0,0.12083997483660576,0.08118162538978632,nan
1316864.0,0.12573317848267354,0.07242384127079055,nan
1318912.0,0.12902413116980935,0.06316311373206542,nan
1320960.0,0.12143021345311948,0.0802435796876897,nan
1323008.0,0.12481980716344988,0.06944548752458916,nan
1325056.0,0.12838107520046607,0.06643932377115828,nan
1327104.0,0.12946168985003131,0.059122042746660254,nan
1329152.0,0.12111315620468444,0.07920982017957727,nan
1331200.0,0.12941703083373363,0.057160478918068955,nan
1333248.0,0.12111067413601548,0.08334693071176064,nan
1335296.0,0.12508905825755565,0.0782829443197921,nan
1337344.0,0.11981483093833631,0.09380255223250701,nan
1339392.0,0.12892291410190135,0.0640049525898292,nan
1341440.0,0.12651123447844465,0.07419235104274764,nan
1343488.0,0.12111731669057679,0.08653029269470154,nan
1345536.0,0.12814887816062126,0.0674821499056308,nan
1347584.0,0.12672888897608697,0.0752299518539447,nan
1349632.0,0.12147852602451292,0.08374979388782121,nan
1351680.0,0.11882951799563636,0.09761616842194323,nan
1353728.0,0.12050473042993196,0.08683579743336213,nan
1355776.0,0.1139456323097225,0.10308219254489873,nan
1357824.0,0.12035940799949266,0.08626707993474123,nan
1359872.0,0.12232490633819987,0.0807113876382362,nan
1361920.0,0.12304412571677148,0.07472044734703494,nan
1363968.0,0.12233974245761066,0.08453851104669699,nan
1366016.0,0.12822300063945521,0.059779115420366,nan
1368064.0,0.12088119327646601,0.08296549634895829,nan
1370112.0,0.12233988421238495,0.08168812130814027,nan
1372160.0,0.12846988933308595,0.05802522368678915,nan
1374208.0,0.12213835941194998,0.07825161137980241,nan
1376256.0,0.12269094908219005,0.07646924065788867,nan
1378304.0,0.11850830612060823,0.08329057403778074,nan
1380352.0,0.12462188694071034,0.07470159240892912,nan
1382400.0,0.12195448804989967,0.0821090175288954,nan
1384448.0,0.119159784537371,0.08839208008042548,nan
1386496.0,0.1200191543130408,0.08561657099519625,nan
1388544.0,0.11626738640216124,0.10056008909783312,nan
1390592.0,0.12056171166178134,0.08307940358032163,nan
1392640.0,0.12356897526635499,0.08398836563539688,nan
1394688.0,0.12278339740129195,0.0814258589102242,nan
1396736.0,0.12381370296317093,0.08242863622974612,nan
1398784.0,0.1159877949913507,0.09533438134649595,nan
1400832.0,0.11925334425476922,0.08880495237774157,nan
1402880.0,0.12230632539325029,0.08391692721826288,nan
1404928.0,0.12477140779547793,0.07601653024581069,4.074844074844075
1406976.0,0.12588108841223444,0.06204396912250281,nan
1409024.0,0.11688507227469666,0.09992978968488471,nan
1411072.0,0.12086765222688758,0.07985754383788114,nan
1413120.0,0.12139418185592443,0.08452541022417157,nan
1415168.0,0.11568924862458466,0.09165990839538696,nan
1417216.0,0.11935809779239548,0.0836582151108502,nan
1419264.0,0.1188127792507863,0.08012284858439456,nan
1421312.0,0.12258618428788354,0.07418697417474822,nan
1423360.0,0.12561756340894648,0.06857767652914959,nan
1425408.0,0.12802019895699648,0.06174976339818402,nan
1427456.0,0.12431291620427218,0.0721323782599557,nan
1429504.0,0.1276797844687726,0.053223118168625204,nan
1431552.0,0.1276272452706267,0.059362442414777235,nan
1433600.0,0.12648296234846806,0.06368527881865109,nan
1435648.0,0.11471362292501212,0.09237049613812208,nan
1437696.0,0.11596334652690371,0.09101587376423721,nan
1439744.0,0.11630631966556382,0.09559393935997565,nan
1441792.0,0.11756450384710891,0.08468308206792065,nan
1443840.0,0.1102840738371356,0.10982196607379204,nan
1445888.0,0.12275167760928499,0.0641272552850711,nan
1447936.0,0.11856326835891917,0.08296028627750959,nan
1449984.0,0.12664150484235803,0.06735390989282217,nan
1452032.0,0.12250735623169645,0.0669858960416587,nan
1454080.0,0.11933330201407961,0.07811216083702065,nan
1456128.0,0.12364480383840631,0.06999248901103379,nan
1458176.0,0.12418410278038475,0.07989572659914307,nan
1460224.0,0.12058911877801154,0.06779078568282992,nan
1462272.0,0.12148866982533332,0.08281614366989695,nan
1464320.0,0.12070324006658825,0.07888092549315866,nan
1466368.0,0.12087722450470595,0.07867571182724008,nan
1468416.0,0.1223564085132821,0.07875771209586338,nan
1470464.0,0.12008873311194448,0.0789675256991293,nan
1472512.0,0.12257776443576968,0.07026567702423019,nan
1474560.0,0.11873165009746245,0.07844368026000983,nan
1476608.0,0.12401716442618585,0.07119103988065847,nan
1478656.0,0.12342109447374684,0.067818826164987,nan
1480704.0,0.12259825698198301,0.068026000733537,nan
1482752.0,0.11341111702820664,0.08595177139471484,nan
1484800.0,0.1157884094728782,0.09448095841756017,nan
1486848.0,0.12000604902093567,0.07919952467588708,nan
1488896.0,0.1109673968593401,0.1035913381425909,nan
1490944.0,0.12484057080528832,0.06165494507535783,nan
1492992.0,0.1227161870358571,0.07749131674001176,nan
1495040.0,0.12088307542614682,0.06673274084458365,nan
1497088.0,0.11593893485485599,0.0940480856925616,nan
1499136.0,0.11821229459547597,0.09454206463446319,nan
1501184.0,0.12002468833929689,0.070353448807567,nan
1503232.0,0.12636816048741883,0.06333510287954221,nan
1505280.0,0.1186902104784108,0.08157041085830481,3.8968618446230394
1507328.0,0.12792405070070806,0.057377858441205784,nan
1509376.0,0.12332821944092509,0.07094500570684592,nan
1511424.0,0.12005651590493052,0.07685034083084151,nan
1513472.0,0.1229050297171278,0.07336403964570422,nan
1515520.0,0.1259509411470464,0.06953309355782478,nan
1517568.0,0.1277186047942295,0.05206414262381834,nan
1519616.0,0.12094989559161218,0.0758456051149356,nan
1521664.0,0.12422335113039852,0.07182336900945616,nan
1523712.0,0.1207678826554896,0.08076384261077478,nan
1525760.0,0.12333473552588856,0.07064901873891047,nan
1527808.0,0.11718545675311118,0.08739234474228874,nan
1529856.0,0.1128899158613012,0.09306716922722552,nan
1531904.0,0.11766164958509817,0.08427213875588188,nan
1533952.0,0.12088704839008718,0.0767846793775778,nan
1536000.0,0.11444339350034063,0.09103325794196052,nan
1538048.0,0.12114639915254392,0.07159487634632157,nan
1540096.0,0.11700283316786517,0.08819262677131495,nan
1542144.0,0.12568715098346242,0.07392506097726557,nan
1544192.0,0.11207389887776822,0.10033380314205433,nan
1546240.0,0.1253564493611048,0.0667013024074901,nan
1548288.0,0.12474338594877682,0.06990913543864141,nan
1550336.0,0.1254271003859353,0.06561533599945846,nan
1552384.0,0.11966625135442588,0.08534750762267479,nan
1554432.0,0.12281947012594002,0.07052620995263421,nan
1556480.0,0.12273546678082294,0.06967103712005283,nan
1558528.0,0.11584110520324795,0.0907383576726985,nan
1560576.0,0.11767413062774643,0.07105673357163268,nan
1562624.0,0.11939603038602019,0.08306614185693696,nan
1564672.0,0.12651693245947943,0.053050625832348,nan
1566720.0,0.12304157687696927,0.061799686819422175,nan
1568768.0,0.12237073944260404,0.05742241801355706,nan
1570816.0,0.12066932433353177,0.07237880588775823,nan
1572864.0,0.12265145052828545,0.07065163369993317,nan
1574912.0,0.12871757329429506,0.039782804171672195,nan
1576960.0,0.12521111458931983,0.06381027853054654,nan
1579008.0,0.12451010784336398,0.05775819971246624,nan
1581056.0,0.1249110066015019,0.05522808236612772,nan
1583104.0,0.1273483046989241,0.05419838381174469,nan
1585152.0,0.12459168405265772,0.056986411583983036,nan
1587200.0,0.12408315849971518,0.058901979366718205,nan
1589248.0,0.12351843717082855,0.06631652965025851,nan
1591296.0,0.1256090016143696,0.058008749831388505,nan
1593344.0,0.12499179990163345,0.05788429928850561,nan
1595392.0,0.12574004218940926,0.05600513394726801,nan
1597440.0,0.1221185401996685,0.0742391490674433,nan
1599488.0,0.12459034852447495,0.06464313866723091,nan
1601536.0,0.12282178700810384,0.06636871487517038,nan
1603584.0,0.11749514657050587,0.09404206165142553,nan
1605632.0,0.11821718712099796,0.07403186744430704,2.9209979209979213
1607680.0,0.1257807732131491,0.052091763019497285,nan
1609728.0,0.12627608238430849,0.06130712129594569,nan
1611776.0,0.12349954016167142,0.06816340570700008,nan
1613824.0,0.12179286912918671,0.07589289095314494,nan
1615872.0,0.12293622876994713,0.0673471509831014,nan
1617920.0,0.11961919861356284,0.08024588966484622,nan
1619968.0,0.11502503054286875,0.09084838342899823,nan
1622016.0,0.12136549708267166,0.07054155735553862,nan
1624064.0,0.119824202639155,0.08541350797417785,nan
1626112.0,0.1177990418013896,0.08471111875900589,nan
1628160.0,0.11015870427398983,0.10508437506645596,nan
1630208.0,0.12132608816832073,0.08022868321845554,nan
1632256.0,0.1242292635867775,0.05863395072176403,nan
1634304.0,0.12251708333152185,0.06317734344790804,nan
1636352.0,0.12016310107960848,0.08655717161223482,nan
1638400.0,0.12069736602396641,0.06998847410731543,nan
1640448.0,0.12247532630398325,0.0689428017039151,nan
1642496.0,0.11775329556649719,0.08987723528989526,nan
1644544.0,0.12122205107238898,0.07489002289166316,nan
1646592.0,0.12623620572925598,0.06316145530834938,nan
1648640.0,0.12131048387308055,0.07310763042909704,nan
1650688.0,0.12180506033140676,0.07234814184175471,nan
1652736.0,0.12520153491430774,0.06691923682309017,nan
1654784.0,0.12621316761154464,0.049489844933915304,nan
1656832.0,0.1220586396621401,0.07056251323903562,nan
1658880.0,0.11775765589794861,0.08597298696484426,nan
1660928.0,0.11687689167996629,0.09580824616527844,nan
1662976.0,0.11636100252871905,0.09285677143030407,nan
1665024.0,0.12081871738099395,0.0818392593924776,nan
1667072.0,0.1185870302443424,0.06943967164364667,nan
1669120.0,0.12619540045194622,0.06054821990172263,nan
1671168.0,0.1281192919212583,0.05114266695656241,nan
1673216.0,0.1236282275671529,0.05724315193964119,nan
1675264.0,0.12627998642213212,0.06017450913209474,nan
1677312.0,0.12665787894237857,0.053695805809397194,nan
1679360.0,0.12155222458317486,0.07218925678764374,nan
1681408.0,0.12259623300313906,0.0643526582824418,nan
1683456.0,0.11816944223598166,0.08986410927086412,nan
1685504.0,0.1216080129274113,0.07065204816066092,nan
1687552.0,0.11734417422579838,0.09086387741437463,nan
1689600.0,0.11963535269735798,0.07830081514236763,nan
1691648.0,0.12168399392321239,0.06851192849201747,nan
1693696.0,0.12338351678498134,0.07051232182088256,nan
1695744.0,0.12056594389375405,0.06907482313277714,nan
1697792.0,0.1117582560330203,0.08980116221788363,nan
1699840.0,0.12513939479273917,0.06732221613291185,nan
1701888.0,0.11925948064064819,0.08525966676791626,nan
1703936.0,0.11762813095364401,0.08664235959666083,nan
1705984.0,0.12080869264528081,0.07218328242162356,2.4324324324324325
1708032.0,0.12495651904458951,0.06524861147909573,nan
1710080.0,0.12169724836974005,0.07924687922987425,nan
1712128.0,0.11963141659759896,0.07696088396448587,nan
1714176.0,0.12858432083389854,0.04622230134060735,nan
1716224.0,0.11717478502551407,0.08894850586674319,nan
1718272.0,0.11972041917876598,0.0789305510143752,nan
1720320.0,0.12477562161603292,0.06038151642708667,nan
1722368.0,0.11997780992846914,0.07860325418653613,nan
1724416.0,0.12073221364488135,0.0745018619341317,nan
1726464.0,0.120789043341072,0.08005395984681839,nan
1728512.0,0.11714203552724989,0.09073224762268961,nan
1730560.0,0.11450125434591552,0.0970270262143288,nan
1732608.0,0.1182337550593599,0.08813131452252018,nan
1734656.0,0.1169957734442843,0.08478995832960372,nan
1736704.0,0.11617389636649936,0.08924654242548509,nan
1738752.0,0.12202361145554036,0.07218076307029987,nan
1740800.0,0.12290293628492431,0.0766705049311388,nan
1742848.0,0.12375949366098846,0.06334813896446731,nan
1744896.0,0.12280720029654063,0.06907710243981288,nan
1746944.0,0.12285205623202697,0.07871532833427967,nan
1748992.0,0.12618799545585624,0.06044573072648192,nan
1751040.0,0.11802746994493862,0.0799114271583851,nan
1753088.0,0.12761502825921328,0.060427184071603454,nan
1755136.0,0.12055220446227846,0.06505637624209787,nan
1757184.0,0.13001333233533452,0.05054460242370068,nan
1759232.0,0.11648775605507428,0.07841026362495145,nan
1761280.0,0.1226579658753614,0.0698654554447434,nan
1763328.0,0.12525597421823018,0.06037360846142641,nan
1765376.0,0.11934475747838123,0.0801753504489182,nan
1767424.0,0.12357049232087013,0.06386600428078076,nan
1769472.0,0.12518279684353575,0.05904674517561942,nan
1771520.0,0.12467857697571855,0.05550512538885639,nan
1773568.0,0.11653354652342125,0.0812366096877041,nan
1775616.0,0.12472624459871975,0.06467442774312239,nan
1777664.0,0.1246626020680609,0.06852566598103993,nan
1779712.0,0.12731579480471106,0.0562033144125204,nan
1781760.0,0.11915983073111827,0.07931931423699909,nan
1783808.0,0.11826408330654298,0.08053236287634205,nan
1785856.0,0.12225307488366069,0.07535007894938248,nan
1787904.0,0.12462176117459355,0.06396201067682603,nan
1789952.0,0.11571264909812065,0.08307102098228022,nan
1792000.0,0.12676650985623072,0.0496931157689947,nan
1794048.0,0.12064536829403921,0.09423698203111153,nan
1796096.0,0.1176987235300331,0.09213613790579328,nan
1798144.0,0.11779265613994787,0.08905460625828901,nan
1800192.0,0.12077577223188662,0.07905459684048542,nan
1802240.0,0.12113355779880172,0.08166691348868331,nan
1804288.0,0.11813863907308579,0.08167003395721208,nan
1806336.0,0.12076182912663252,0.07645347938006107,4.054054054054054
1808384.0,0.12294851746717139,0.07714520657972053,nan
1810432.0,0.12137716339573779,0.0771842393257248,nan
1812480.0,0.11861953500828759,0.08688595151183423,nan
1814528.0,0.1206219165591039,0.07980517575962026,nan
1816576.0,0.11885568631637528,0.08822623579642641,nan
1818624.0,0.11950276345380796,0.0809979395550557,nan
1820672.0,0.11503855524196875,0.09175712644707909,nan
1822720.0,0.1223358961058428,0.0706469009089527,nan
1824768.0,0.12714574873199508,0.061655734960675626,nan
1826816.0,0.12630824267475102,0.06608425895627935,nan
1828864.0,0.1214262956400598,0.07982016208868246,nan
1830912.0,0.1208279070564128,0.08120844430443212,nan
1832960.0,0.12627695650559495,0.059918199637475376,nan
1835008.0,0.1235917177093072,0.07280390913135013,nan
1837056.0,0.12774995994316385,0.057171237022430314,nan
1839104.0,0.12803149440081096,0.050072843706767185,nan
1841152.0,0.12815814611208348,0.05393653866710867,nan
1843200.0,0.12939516962236186,0.0461787688732496,nan
1845248.0,0.12745758412354294,0.050024950038587764,nan
1847296.0,0.12859556897808205,0.04776732910793856,nan
1849344.0,0.12619904470519785,0.06488986994290767,nan
1851392.0,0.125843122341876,0.06333777798073117,nan
1853440.0,0.12519830602274998,0.06850403798029651,nan
1855488.0,0.1290262219260268,0.06333475157393774,nan
1857536.0,0.1283932214231645,0.067579170386309,nan
1859584.0,0.12075537678686307,0.08675135940926834,nan
1861632.0,0.12407280111120457,0.07512860670523147,nan
1863680.0,0.11947520339483171,0.09349472100443636,nan
1865728.0,0.11597763253405685,0.09245481206514346,nan
1867776.0,0.12112673996702168,0.08859865073048236,nan
1869824.0,0.1169125948546399,0.09708172211316464,nan
1871872.0,0.12343725699559302,0.07688693355693749,nan
1873920.0,0.12020885646237908,0.08943107884582818,nan
1875968.0,0.12536202151803244,0.07677938602563482,nan
1878016.0,0.11670616787581589,0.09526122675686731,nan
1880064.0,0.10738129691942552,0.11502071181836265,nan
1882112.0,0.11781774998249299,0.09667765119350245,nan
1884160.0,0.11680364939420762,0.10202455714644086,nan
1886208.0,0.11920359850913284,0.09003200699982475,nan
1888256.0,0.11661071992932522,0.10332288459396176,nan
1890304.0,0.11278842511197616,0.11637295996894238,nan
1892352.0,0.11910763034483504,0.08600833043784915,nan
1894400.0,0.12141364109837438,0.0786016368219962,nan
1896448.0,0.11537240527214644,0.09551612044477464,nan
1898496.0,0.12010895683856912,0.08136079541405176,nan
1900544.0,0.10400011879228785,0.11724394374173681,nan
1902592.0,0.11802607405826623,0.09893056378289401,nan
1904640.0,0.11435761369898467,0.10358122837510743,nan
1906688.0,0.11610222252532582,0.10240136502218444,5.997920997920998
1908736.0,0.12459324893831594,0.07796993857961002,nan
1910784.0,0.1285450522767797,0.05440243051653789,nan
1912832.0,0.12515199269469693,0.07395659444394431,nan
1914880.0,0.12765676497817963,0.05651827496980381,nan
1916928.0,0.12310990281014163,0.07539794314527584,nan
1918976.0,0.12818930454095645,0.06237943945379526,nan
1921024.0,0.12315705322118092,0.0714291855596085,nan
1923072.0,0.1245997032586426,0.07930321954784222,nan
1925120.0,0.12195279251401875,0.08939620587063786,nan
1927168.0,0.11432529429667926,0.10488455202276693,nan
1929216.0,0.11232843035968604,0.10964691169042055,nan
1931264.0,0.12788382163842688,0.08029256132240112,nan
1933312.0,0.1270089135937944,0.0744566869850376,nan
1935360.0,0.11418573955156351,0.10859108948307587,nan
1937408.0,0.11791385312170431,0.0969649395159442,nan
1939456.0,0.12336837873722978,0.07360574932578685,nan
1941504.0,0.1261978437183236,0.07802241287163479,nan
1943552.0,0.12598549125236874,0.07697073284478391,nan
1945600.0,0.12315754178824478,0.07301124211174077,nan
1947648.0,0.12338182545913468,0.07677121080913495,nan
1949696.0,0.12299222495650786,0.08190703771037644,nan
1951744.0,0.12999107458726533,0.06153029369284571,nan
1953792.0,0.12450335024462325,0.0796623913940488,nan
1955840.0,0.12385172641329416,0.08544709709132536,nan
1957888.0,0.1245563606978523,0.0787042301620748,nan
1959936.0,0.12905896798356042,0.053943878532684376,nan
1961984.0,0.125140935658735,0.06591368497171606,nan
1964032.0,0.12114605394724419,0.0868181825430298,nan
1966080.0,0.1274811589327578,0.06692218250034472,nan
1968128.0,0.12334504665281283,0.08007841941014823,nan
1970176.0,0.11567935699208746,0.10522172597617208,nan
1972224.0,0.12695832337968146,0.06612965060803153,nan
1974272.0,0.1163597736998187,0.09149683095110102,nan
1976320.0,0.12474041955597126,0.08073789981505386,nan
1978368.0,0.12210472092400738,0.08362990203511642,nan
1980416.0,0.1225077671055192,0.07965436715656676,nan
1982464.0,0.12101156307689617,0.07642992401475232,nan
1984512.0,0.11698948784246216,0.09639553776259924,nan
1986560.0,0.12470758990238337,0.07590588716122339,nan
1988608.0,0.12178726184492453,0.09008317795717012,nan
1990656.0,0.12032206963103331,0.09028731546641335,nan
1992704.0,0.11562706990711466,0.09652508310545144,nan
1994752.0,0.11071360771610408,0.1180104448232146,nan
1996800.0,0.11926457365182697,0.09273838328759332,nan
1998848.0,0.11959534194871699,0.10027864185352085,nan
2000896.0,0.1238640602078637,0.0789531888971242,nan
2002944.0,0.11841281861659964,0.08707815592034665,nan
2004992.0,0.11645341266378414,0.09005887989577749,nan
2007040.0,0.12457056900617364,0.06786042146243498,4.511434511434511
2009088.0,0.12161225355908506,0.07888764514188373,nan
2011136.0,0.11720204711508253,0.09180081673835323,nan
2013184.0,0.12103427256161087,0.0784120819369265,nan
2015232.0,0.11714257792448382,0.08554329859104726,nan
2017280.0,0.12429409151376732,0.0649845495337203,nan
2019328.0,0.1170606441589292,0.09297212117831084,nan
2021376.0,0.11546821231191745,0.09354532613130494,nan
2023424.0,0.12807308400041753,0.05732364077408338,nan
2025472.0,0.12127200265331584,0.08780714826580596,nan
2027520.0,0.12325029159477115,0.06894352330314182,nan
2029568.0,0.12173077914592965,0.07303122165815641,nan
2031616.0,0.11721192651901743,0.09539224758383723,nan
2033664.0,0.12132649471340018,0.08800373789993955,nan
2035712.0,0.11288054697807569,0.09957626087688709,nan
2037760.0,0.11841064191846498,0.0848352042886265,nan
2039808.0,0.11745706475818454,0.08508203538760936,nan
2041856.0,0.11390102250917486,0.09684873182506945,nan
2043904.0,0.11851252559046183,0.0899496290668956,nan
2045952.0,0.12014285840049133,0.08137068835342978,nan
2048000.0,0.11588436339798144,0.0969952236266505,nan
2050048.0,0.12437298061378707,0.06678502389850646,nan
2052096.0,0.1242542274099862,0.07052112311964986,nan
2054144.0,0.11612546055059345,0.08652950862479442,nan
2056192.0,0.12302514675910695,0.06494529269383076,nan
2058240.0,0.12135156742759828,0.07645996956717002,nan
2060288.0,0.12712050855986928,0.05884043892162534,nan
2062336.0,0.12413011177399783,0.06605868552032501,nan
2064384.0,0.12387228441082848,0.0579864342163063,nan
2066432.0,0.12264542966037989,0.06299107926984761,nan
2068480.0,0.1255184211932195,0.057932762168644916,nan
2070528.0,0.12330955319343453,0.0636946858159949,nan
2072576.0,0.12660003051721214,0.06043795869311608,nan
2074624.0,0.12072789580370842,0.07073015553740121,nan
2076672.0,0.12281462250500486,0.06769260017103952,nan
2078720.0,0.12637353451272665,0.04752621852272208,nan
2080768.0,0.1252836445422866,0.058529982206556405,nan
2082816.0,0.12695226591373154,0.05757006236091593,nan
2084864.0,0.12445489294531738,0.06516319351483928,nan
2086912.0,0.12065266592566767,0.07539848908132549,nan
2088960.0,0.11984279624141454,0.07245042304809181,nan
2091008.0,0.12999390500786323,0.04918451235112424,nan
2093056.0,0.12035605573386697,0.08157077002274486,nan
2095104.0,0.11823352505391312,0.08515759988041322,nan
2097152.0,0.12154111639486147,0.07039648061730021,nan
2099200.0,0.12857456620891622,0.058423279175444744,nan
2101248.0,0.12834277058832957,0.05145132039076402,nan
2103296.0,0.12018842587766441,0.07924898705338686,nan
2105344.0,0.12309826468832302,0.06423451050994779,nan
2107392.0,0.12563237538622332,0.061780121535553026,3.5135135135135136
2109440.0,0.12582707215634956,0.057472670190850984,nan
2111488.0,0.12347930425106293,0.06707854480446632,nan
2113536.0,0.1216398698870534,0.07386895954452469,nan
2115584.0,0.1264025231086785,0.06526889122599959,nan
2117632.0,0.1272154259459511,0.06338973855822448,nan
2119680.0,0.11393310568564033,0.10104772957587933,nan
2121728.0,0.12080011781743855,0.08430834888355136,nan
2123776.0,0.12140042804550641,0.06647929230863323,nan
2125824.0,0.1171476960237165,0.09349424648420882,nan
2127872.0,0.12617442456361247,0.06887553014379377,nan
2129920.0,0.11583277346921911,0.09590251557052668,nan
2131968.0,0.1255095072286514,0.06546151090391084,nan
2134016.0,0.12420579696435427,0.07233311046901689,nan
2136064.0,0.12236561434723468,0.07332070588623071,nan
2138112.0,0.12137484712273754,0.07775718502862036,nan
2140160.0,0.12245540740750874,0.07356468758876988,nan
2142208.0,0.11852070541450788,0.09650417234252674,nan
2144256.0,0.11321484959152511,0.09698176932622408,nan
2146304.0,0.12593469799965154,0.06355088614475655,nan
2148352.0,0.11614512916576542,0.09820870355217742,nan
2150400.0,0.12105019510804291,0.08752331789484129,nan
2152448.0,0.11653138323969482,0.09554717487072853,nan
2154496.0,0.12011051997599377,0.08935762997159861,nan
2156544.0,0.12707229261625982,0.06703125952341911,nan
2158592.0,0.12420223326229884,0.0793231938952905,nan
2160640.0,0.12374750896044467,0.07892886921720009,nan
2162688.0,0.12020589033236773,0.0879721990646181,nan
2164736.0,0.12491361917051545,0.07837125735660658,nan
2166784.0,0.12783496886272422,0.05976912229977602,nan
2168832.0,0.12367823027065585,0.07117998995821746,nan
2170880.0,0.1292611872076927,0.05137340094826494,nan
2172928.0,0.12643812629451306,0.06943487320121244,nan
2174976.0,0.1252485125348346,0.07452128761924559,nan
2177024.0,0.12173105499514611,0.06630128219388313,nan
2179072.0,0.12619665558462742,0.061909159698955885,nan
2181120.0,0.11869740233193846,0.09418701640204251,nan
2183168.0,0.12153845673123022,0.08394865074820555,nan
2185216.0,0.12969027777723893,0.056482484616754904,nan
2187264.0,0.12982659945846786,0.06936696858418673,nan
2189312.0,0.12410272070139915,0.06171649024177974,nan
2191360.0,0.12764583982121802,0.0546200739518297,nan
2193408.0,0.12578716662836073,0.06427820436885476,nan
2195456.0,0.1197061663095558,0.07881978562424678,nan
2197504.0,0.11344216575228513,0.10412059307680721,nan
2199552.0,0.12384946346817739,0.08251978626304232,nan
2201600.0,0.12000027847079697,0.08246944167174146,nan
2203648.0,0.12265311317306968,0.07897590528997345,nan
2205696.0,0.12747091328310373,0.06605182118095838,nan
2207744.0,0.12917029542112318,0.05445901741448041,4.49064449064449
2209792.0,0.12247244260922605,0.07969364967509387,nan
2211840.0,0.12363322369941027,0.07232104797178039,nan
2213888.0,0.1271181506807054,0.060781643540862254,nan
2215936.0,0.1286500559892147,0.05439692262507039,nan
2217984.0,0.1249342150382033,0.06876665911439918,nan
2220032.0,0.12342485950033008,0.07746037382799349,nan
2222080.0,0.12765562973263805,0.05136248529408918,nan
2224128.0,0.12548946957654133,0.0632367751136516,nan
2226176.0,0.12373935505291284,0.07410169680049272,nan
2228224.0,0.12686136224641614,0.06473584703882174,nan
2230272.0,0.12090980307073178,0.08474044712565362,nan
2232320.0,0.13192289765861284,0.05977566673649867,nan
2234368.0,0.12526785432299242,0.06886098140899242,nan
2236416.0,0.12558051326683767,0.06651779163558465,nan
2238464.0,0.1272096428129261,0.07090104508950665,nan
2240512.0,0.12392690329041545,0.08152089352602482,nan
2242560.0,0.1248031814586024,0.07276647058003545,nan
2244608.0,0.1288273812654084,0.05672745906089874,nan
2246656.0,0.12956531826472312,0.04449433852800627,nan
2248704.0,0.12775099926818057,0.05655145227031412,nan
2250752.0,0.1218168165117049,0.07580170099169722,nan
2252800.0,0.12516035047917973,0.06656701531363443,nan
2254848.0,0.1317038996605504,0.041092095621242955,nan
2256896.0,0.12886350847153882,0.06641404013738825,nan
2258944.0,0.12867982181661067,0.04692974113407417,nan
2260992.0,0.1256868471245285,0.06135980323528078,nan
2263040.0,0.12763300122386517,0.057353692740194216,nan
2265088.0,0.1281626514070004,0.058160062341725584,nan
2267136.0,0.12261250723997666,0.06986081897984892,nan
2269184.0,0.12387380587925394,0.07025188200968469,nan
2271232.0,0.12395378747945834,0.0687604370568692,nan
2273280.0,0.12223055004093078,0.06498015504126652,nan
2275328.0,0.12499647974634936,0.06625364093115424,nan
2277376.0,0.12518616266515037,0.0698095835645845,nan
2279424.0,0.12711980081263782,0.06464611415495436,nan
2281472.0,0.12335557152439768,0.0729597236091121,nan
2283520.0,0.1273730852619746,0.061963872666737765,nan
2285568.0,0.12519809364883322,0.07850298271965353,nan
2287616.0,0.12541161339262516,0.07156030600141797,nan
2289664.0,0.1282685163998047,0.060509089067240784,nan
2291712.0,0.12296617530207835,0.06691677256471142,nan
2293760.0,0.1257731230644032,0.0649796393765897,nan
2295808.0,0.12681833395183972,0.05867906546336006,nan
2297856.0,0.12582617573432997,0.05872255605968421,nan
2299904.0,0.12564802751171011,0.06236997124656285,nan
2301952.0,0.12735101281720837,0.05237154479961071,nan
2304000.0,0.12313978330827446,0.07523811958628505,nan
2306048.0,0.12786689893213585,0.05339366733713467,nan
2308096.0,0.11915245851159206,0.08004735740768755,4.5634095634095635
2310144.0,0.12249549628019783,0.07220083391154238,nan
2312192.0,0.12267664508354853,0.07044550133983112,nan
2314240.0,0.12698137600723336,0.055751644612877495,nan
2316288.0,0.12397310807773551,0.06301837357707228,nan
2318336.0,0.12415381246574,0.06050618768959151,nan
2320384.0,0.12493098156049769,0.05779850926227932,nan
2322432.0,0.12342232702176012,0.058508992924677386,nan
2324480.0,0.12853954458501518,0.048994719333184424,nan
2326528.0,0.11906419000502319,0.07638122176672879,nan
2328576.0,0.1240721646984081,0.0601995529141337,nan
2330624.0,0.12467534648742928,0.06529055413120886,nan
2332672.0,0.12258201636744376,0.06985062304481791,nan
2334720.0,0.1226357024094366,0.07490498322763492,nan
2336768.0,0.125518055445752,0.060927821645616796,nan
2338816.0,0.12832075274387297,0.0521247688033168,nan
2340864.0,0.1260398279465142,0.06291285920880071,nan
2342912.0,0.12199436155618135,0.07097715205391769,nan
2344960.0,0.12411304550444141,0.07778570407659428,nan
2347008.0,0.12104097944930878,0.08289249837737624,nan
2349056.0,0.12845737398055138,0.05616600191351369,nan
2351104.0,0.1193477749520464,0.08395800118567673,nan
2353152.0,0.12533205617361742,0.0610846987878728,nan
2355200.0,0.12459737862036532,0.07936112077093342,nan
2357248.0,0.12350751118913286,0.07982745559026816,nan
2359296.0,0.12022778411338303,0.07942113710620671,nan
2361344.0,0.11866920298275421,0.07760760558239255,nan
2363392.0,0.12190777249449412,0.07098135339992477,nan
2365440.0,0.12855676016805195,0.05746514713322347,nan
2367488.0,0.12265374674433871,0.07102299067458033,nan
2369536.0,0.12569599675286725,0.05836450912675793,nan
2371584.0,0.12338127049718826,0.0667665031318683,nan
2373632.0,0.10914821780177625,0.10303534504004143,nan
2375680.0,0.12638055428598755,0.06958900241997738,nan
2377728.0,0.12520205052710098,0.07032061643259409,nan
2379776.0,0.12382296406973481,0.0722834944746774,nan
2381824.0,0.12219121512814919,0.07698421565031786,nan
2383872.0,0.12162802497579503,0.0872650951085772,nan
2385920.0,0.12334118888730694,0.0690718441499092,nan
2387968.0,0.12611570545227688,0.0690947799405506,nan
2390016.0,0.1220141155494136,0.08555493339186628,nan
2392064.0,0.12445249780952888,0.06600925785410447,nan
2394112.0,0.1295013851217458,0.056428836279119494,nan
2396160.0,0.12258097013788435,0.0754789000311952,nan
2398208.0,0.12270241837775334,0.07823128575000282,nan
2400256.0,0.1260821482735808,0.06597606917834928,nan
2402304.0,0.12721934559571188,0.05530551929753016,nan
2404352.0,0.12866556590105907,0.055405619483629806,nan
2406400.0,0.130600242869282,0.043228597723391875,nan
2408448.0,0.12618766579410184,0.06887186306363081,4.532224532224531
2410496.0,0.12139075040616472,0.08432091855310947,nan
2412544.0,0.11902005901941598,0.08870136839923945,nan
2414592.0,0.12673766008079917,0.06552524220853324,nan
2416640.0,0.1245202140161823,0.0715391093618197,nan
2418688.0,0.12185752614053885,0.07744682432871826,nan
2420736.0,0.12885639712311525,0.0577793558781257,nan
2422784.0,0.12708123090124143,0.057750926247008394,nan
2424832.0,0.12760556158170472,0.06098347130956324,nan
2426880.0,0.1283560124407714,0.06238424416352108,nan
2428928.0,0.12584547399941837,0.07125118942188569,nan
2430976.0,0.12731116685154176,0.06353699167204314,nan
2433024.0,0.12539801342507817,0.06506914548051873,nan
2435072.0,0.12568501391382192,0.07628335148078587,nan
2437120.0,0.12977608243587807,0.04451509642342184,nan
2439168.0,0.1291092875344111,0.05634989680049126,nan
2441216.0,0.12694032000650948,0.06314300832751125,nan
2443264.0,0.12009978066637617,0.0803995779469954,nan
2445312.0,0.12549551923151203,0.072234289771342,nan
2447360.0,0.12988543865094535,0.05243152367777597,nan
2449408.0,0.12717454435920744,0.061828137795969525,nan
2451456.0,0.12787885724273826,0.05635190347527874,nan
2453504.0,0.12771258385707152,0.0596361499311828,nan
2455552.0,0.13183653731450282,0.044385750584730294,nan
2457600.0,0.12590447325287757,0.06824553432758414,nan
2459648.0,0.12840657921847454,0.06125943056795136,nan
2461696.0,0.12494034513119426,0.06995558313504158,nan
2463744.0,0.12506842018126915,0.08046864462512214,nan
2465792.0,0.11814386491577564,0.08782472584517266,nan
2467840.0,0.12331718737776567,0.07484448988437419,nan
2469888.0,0.12668105621613895,0.0759848340561514,nan
2471936.0,0.11964063853377853,0.09037552610504465,nan
2473984.0,0.12148156751701569,0.09342692882336634,nan
2476032.0,0.11013220620606445,0.11223226121477028,nan
2478080.0,0.11587057549060159,0.1131619048067398,nan
2480128.0,0.12281253666694711,0.0900173542374763,nan
2482176.0,0.11918985711871241,0.09649945122468642,nan
2484224.0,0.1215139172849651,0.08720248833749392,nan
2486272.0,0.11729185462970665,0.1032725246578239,nan
2488320.0,0.12499251741696449,0.0870385874308776,nan
2490368.0,0.12340435891677055,0.08367599421138674,nan
2492416.0,0.12628511421059596,0.07994450803853353,nan
2494464.0,0.12313100184396203,0.09287534546724707,nan
2496512.0,0.11869687070459489,0.08636701353596359,nan
2498560.0,0.12297740972620864,0.08541676922233263,nan
2500608.0,0.1299212528801842,0.06258662783904745,nan
2502656.0,0.12145962283832705,0.08418479358817986,nan
2504704.0,0.12353403451997776,0.07632233841448076,nan
2506752.0,0.1291424468074784,0.05043774961246608,nan
2508800.0,0.12827214451609803,0.05966458700732852,2.2972972972972974
2510848.0,0.12533353648620024,0.06588489037659472,nan
2512896.0,0.1315687995990934,0.04782664060757511,nan
2514944.0,0.126476245703605,0.06472944515813431,nan
2516992.0,0.12251717172742202,0.07843274246322876,nan
2519040.0,0.11973390833597054,0.08145501589917752,nan
2521088.0,0.12529747472689645,0.07160772009810389,nan
2523136.0,0.12596282542698914,0.07641937286297908,nan
2525184.0,0.133543111609622,0.04447660346203414,nan
2527232.0,0.12544287635784532,0.0772073838390054,nan
2529280.0,0.12289376342803911,0.08909600634005985,nan
2531328.0,0.12335042717840347,0.08808351637818117,nan
2533376.0,0.11873401409163094,0.0960128433501522,nan
2535424.0,0.1228610031275871,0.08527783713888355,nan
2537472.0,0.12154504341593465,0.09397492008727477,nan
2539520.0,0.12811398558880918,0.06252738819097695,nan
2541568.0,0.11922190354494855,0.09378016959229662,nan
2543616.0,0.12834798730710678,0.06292809093831499,nan
2545664.0,0.1317523252594519,0.057497106086634574,nan
2547712.0,0.12677650615210878,0.07230515418995802,nan
2549760.0,0.1257257409264378,0.08137006489826308,nan
2551808.0,0.11792783394377816,0.09745391969660436,nan
2553856.0,0.11928796661449026,0.09184644203060856,nan
2555904.0,0.1276272496568827,0.07372188854667056,nan
2557952.0,0.11954836285756021,0.08807419773167224,nan
2560000.0,0.12432073562319695,0.0795667856125779,nan
2562048.0,0.12666723253485596,0.07054075016600779,nan
2564096.0,0.12537994895157634,0.06892280382855673,nan
2566144.0,0.12324790961045073,0.07790328207259398,nan
2568192.0,0.12770152097353138,0.057852556222372425,nan
2570240.0,0.13058303157335927,0.05085305810277567,nan
2572288.0,0.12684169089751535,0.06411922790408216,nan
2574336.0,0.12625363786236468,0.06738951086509176,nan
2576384.0,0.12697291777565947,0.06216234786086191,nan
2578432.0,0.12776909871282,0.06520881967677318,nan
2580480.0,0.12751154536014786,0.06577444844855078,nan
2582528.0,0.12379942923672457,0.07827827496230981,nan
2584576.0,0.12298234960703758,0.07803456752396562,nan
2586624.0,0.1278224735418172,0.07807733334931943,nan
2588672.0,0.11980329731398805,0.09075614689749233,nan
2590720.0,0.12101911277894681,0.09007204748500257,nan
2592768.0,0.12548652924690393,0.060553910414585056,nan
2594816.0,0.12056521700669995,0.08882412424408553,nan
2596864.0,0.12202602590632686,0.07992665795782018,nan
2598912.0,0.12328279291731206,0.07968921880847239,nan
2600960.0,0.11733245830826959,0.09779696103249799,nan
2603008.0,0.11335698932344178,0.10529125866571566,nan
2605056.0,0.11844022207089819,0.09765984025915297,nan
2607104.0,0.12417077723605886,0.07588017245798412,nan
2609152.0,0.11377720536411642,0.10034544515455465,4.8024948024948015
2611200.0,0.12123668042692748,0.08721439570309401,nan
2613248.0,0.1262458789349526,0.06627481256920767,nan
2615296.0,0.12579260883864937,0.06762343240963384,nan
2617344.0,0.12378414195198925,0.08059524816883057,nan
2619392.0,0.12268172074477195,0.07046357036192528,nan
2621440.0,0.12066358762425486,0.08427942700349797,nan
2623488.0,0.12711887737170785,0.06494590065451449,nan
2625536.0,0.11993776152024559,0.09223631235773139,nan
2627584.0,0.12438684717306144,0.0625012903998531,nan
2629632.0,0.1149310535165043,0.08489928595894197,nan
2631680.0,0.12137856901759758,0.07411931699852468,nan
2633728.0,0.12574712450140363,0.07631100427695577,nan
2635776.0,0.12579110803520321,0.06969814929408391,nan
2637824.0,0.13073922072565713,0.048014130237124954,nan
2639872.0,0.12732046015039114,0.07059768544966104,nan
2641920.0,0.1280386795260409,0.06158368427366307,nan
2643968.0,0.12927195272812225,0.06953148229941904,nan
2646016.0,0.126043234196334,0.0730462185675667,nan
2648064.0,0.12677474910831643,0.06503340379016934,nan
2650112.0,0.12710065304714202,0.06354200289300646,nan
2652160.0,0.12784562102623276,0.06466040669265488,nan
2654208.0,0.12340686374341073,0.06893801930186037,nan
2656256.0,0.11613910914010746,0.08950064878260627,nan
2658304.0,0.12352907883294605,0.0778592274458129,nan
2660352.0,0.1300810944140491,0.04322634213878848,nan
2662400.0,0.127137552583367,0.05455536775972206,nan
2664448.0,0.12248707553128307,0.06943902387394506,nan
2666496.0,0.12597648527791566,0.0646630680646277,nan
2668544.0,0.12769623319662549,0.06345453175839888,nan
2670592.0,0.12582391052638453,0.06339210520380414,nan
2672640.0,0.12019527203375836,0.08005160008413886,nan
2674688.0,0.12118485012533378,0.0607955973991459,nan
2676736.0,0.12495774670868186,0.06893978674998803,nan
2678784.0,0.1159781261831623,0.08163099153856972,nan
2680832.0,0.12101099057507855,0.06984512037542033,nan
2682880.0,0.12333412809856378,0.06900860917554778,nan
2684928.0,0.12387790324960467,0.06683737698544324,nan
2686976.0,0.12237882126565593,0.07300913653818868,nan
2689024.0,0.11867603571680063,0.08556312184939067,nan
2691072.0,0.12338348539540328,0.06736008721464087,nan
2693120.0,0.12012151533730724,0.08598404699099783,nan
2695168.0,0.12205070531090911,0.08724493144541813,nan
2697216.0,0.12671943012536252,0.07101762112856397,nan
2699264.0,0.12874569455105828,0.05550792918562158,nan
2701312.0,0.12197258558700942,0.07849288413708184,nan
2703360.0,0.12630673354905736,0.059019087634335346,nan
2705408.0,0.12345241925736675,0.07910601295386163,nan
2707456.0,0.12565456952225068,0.06147573420845222,nan
2709504.0,0.116713797075192,0.09670758933251816,5.228690228690229
2711552.0,0.12312480582381062,0.07276729570333874,nan
2713600.0,0.12380271575947786,0.06795732670346405,nan
2715648.0,0.12196203988070134,0.07027900015164083,nan
2717696.0,0.12390083833013363,0.06848567446581659,nan
2719744.0,0.12271612628353351,0.07309170159685802,nan
2721792.0,0.11994882645231211,0.08469128466319976,nan
2723840.0,0.12591516846543643,0.06714374083377532,nan
2725888.0,0.12679381906030693,0.05162167855016545,nan
2727936.0,0.12381710969787751,0.06745315904430146,nan
2729984.0,0.122378366756788,0.06228871055526992,nan
2732032.0,0.12025798971401251,0.06318547199697949,nan
2734080.0,0.11977718906752798,0.08029860323175876,nan
2736128.0,0.12793112397204304,0.05589825082823757,nan
2738176.0,0.11874550373752293,0.0864838470620409,nan
2740224.0,0.12380898902555063,0.06713762816211688,nan
2742272.0,0.11923501003149169,0.08489888457694524,nan
2744320.0,0.12069510942351198,0.0774878785719222,nan
2746368.0,0.12213004222847353,0.07296408460152436,nan
2748416.0,0.12620270728660232,0.05849933774320208,nan
2750464.0,0.1262465340714178,0.06264727305536544,nan
2752512.0,0.12572728235643094,0.059889944868046406,nan
2754560.0,0.12689151208194374,0.06500827898009302,nan
2756608.0,0.12237411533417597,0.0768200288543938,nan
2758656.0,0.11839135109829087,0.0833856292993712,nan
2760704.0,0.12482798724594803,0.06941203672263424,nan
2762752.0,0.12438168157203924,0.06818234320716304,nan
2764800.0,0.1147290056555069,0.10115584085259122,nan
2766848.0,0.11856387988769221,0.09621721836804123,nan
2768896.0,0.12580171041717325,0.0787847098012998,nan
2770944.0,0.1262529471059548,0.0768803893690145,nan
2772992.0,0.12211573391593407,0.07664290252374496,nan
2775040.0,0.12744837107693807,0.0572986012211534,nan
2777088.0,0.11773557283571062,0.10175175347719656,nan
2779136.0,0.11693452750908809,0.10388589282067613,nan
2781184.0,0.11445744029778084,0.1013044271945556,nan
2783232.0,0.11878099216984814,0.09076161151665206,nan
2785280.0,0.12563569092391555,0.07146213857298038,nan
2787328.0,0.12310852369677563,0.07034182179309859,nan
2789376.0,0.12901258528514054,0.055544589998237845,nan
2791424.0,0.1253773976517386,0.07066535909111196,nan
2793472.0,0.12440807046092017,0.07251369087112289,nan
2795520.0,0.12016350815054709,0.08220870999240071,nan
2797568.0,0.12671180847685787,0.06693243118246077,nan
2799616.0,0.1297894552960049,0.04042790074571177,nan
2801664.0,0.1256520280424317,0.06314886563988996,nan
2803712.0,0.1275789694481007,0.052438950876975365,nan
2805760.0,0.12825193339058152,0.04639873307169189,nan
2807808.0,0.12925362672720975,0.05407603414588179,nan
2809856.0,0.12846462289514327,0.051545890387499675,2.64033264033264
2811904.0,0.12695815443208128,0.05664206467505991,nan
2813952.0,0.12364008771787481,0.07588017301263401,nan
2816000.0,0.12637978834820388,0.07028795620585432,nan
2818048.0,0.12462963556544236,0.0670427501454679,nan
2820096.0,0.12895691603792864,0.056771233410635356,nan
2822144.0,0.12766939737186173,0.05625943335118176,nan
2824192.0,0.1276446362166944,0.05939534659809229,nan
2826240.0,0.12976501662842718,0.05565099828591513,nan
2828288.0,0.12679064595733747,0.06158815016263248,nan
2830336.0,0.1285027273533948,0.05870966632169507,nan
2832384.0,0.12251529053310081,0.07206554249225984,nan
2834432.0,0.11877001252579536,0.08060157986992716,nan
2836480.0,0.12267982452968543,0.06957899766025069,nan
2838528.0,0.12838063727832838,0.04358054570202965,nan
2840576.0,0.1191200093643005,0.07977752762919722,nan
2842624.0,0.1263261807885971,0.0675199184855395,nan
2844672.0,0.12322634538526814,0.06866817461674284,nan
2846720.0,0.12190852845701189,0.075274808213807,nan
2848768.0,0.12182676851567084,0.06890728638003543,nan
2850816.0,0.12382832155848553,0.06744177377950933,nan
2852864.0,0.11873210138643395,0.07772973022085986,nan
2854912.0,0.12333943154073629,0.07475967994731142,nan
2856960.0,0.1249241293451816,0.06849352376297503,nan
2859008.0,0.12233567756106475,0.07887404106286214,nan
2861056.0,0.12521558844462702,0.06624303631263746,nan
2863104.0,0.12934023426974584,0.052810630215799896,nan
2865152.0,0.12762504576593015,0.05328249155091535,nan
2867200.0,0.12271004881759523,0.07342804186811966,nan
2869248.0,0.1269016960252679,0.060044804031799924,nan
2871296.0,0.12402896975035616,0.06738649306770945,nan
2873344.0,0.12799122430570853,0.062132485864180666,nan
2875392.0,0.13026720792732632,0.04926079595637641,nan
2877440.0,0.12783450618215286,0.05336198720587561,nan
2879488.0,0.12457175169049681,0.06721150178103655,nan
2881536.0,0.13166296730670657,0.04273963921399139,nan
2883584.0,0.12914414215453945,0.049580815292001555,nan
2885632.0,0.12771327297166934,0.04913558349216619,nan
2887680.0,0.12988207342329144,0.040320357908987685,nan
2889728.0,0.12699953512615583,0.05564651880632168,nan
2891776.0,0.1300413892555407,0.05068355298784403,nan
2893824.0,0.1306874903088465,0.03806360239445353,nan
2895872.0,0.12804197687238922,0.053506524749639926,nan
2897920.0,0.12694824358736795,0.059109757184135206,nan
2899968.0,0.1276486813359311,0.051390898741442925,nan
2902016.0,0.12992785070804652,0.05785030833897748,nan
2904064.0,0.12851891502504217,0.06270962939643646,nan
2906112.0,0.13036512319136784,0.05014067044456029,nan
2908160.0,0.1290428619315877,0.05647207712296422,nan
2910208.0,0.12656727657751876,0.06916520858898316,2.546777546777547
2912256.0,0.1302186330426509,0.05623210579549343,nan
2914304.0,0.13157033069118768,0.04928732172720385,nan
2916352.0,0.13219495756405467,0.03883646133357414,nan
2918400.0,0.1239167391799464,0.08094912818850487,nan
2920448.0,0.1300175486167673,0.053361271160657774,nan
2922496.0,0.1242255065360611,0.0859560255623542,nan
2924544.0,0.11630674104786251,0.10482696200036569,nan
2926592.0,0.12450947370112206,0.07321596957066326,nan
2928640.0,0.1284760883450753,0.06778755245147794,nan
2930688.0,0.12737905970328078,0.07649496566478818,nan
2932736.0,0.125594007381308,0.08212530529022304,nan
2934784.0,0.12893880566856575,0.06223302275712213,nan
2936832.0,0.12493647330740737,0.08452590730907467,nan
2938880.0,0.12868241805880948,0.07461765956920924,nan
2940928.0,0.1252318698319475,0.07829089334956814,nan
2942976.0,0.12848679236910165,0.060710420118651555,nan
2945024.0,0.12410937276970826,0.08612296084872767,nan
2947072.0,0.1288972335085627,0.06713409402077042,nan
2949120.0,0.1275892754019739,0.06722825999773412,nan
2951168.0,0.12899160689322162,0.05492069432499456,nan
2953216.0,0.130813917835044,0.054096650140412164,nan
2955264.0,0.126835364806555,0.06884430990170996,nan
2957312.0,0.12523405723183786,0.06377476709266326,nan
2959360.0,0.1287326727695701,0.05412926792436408,nan
2961408.0,0.1288018774489077,0.04299841622982693,nan
2963456.0,0.12965182774167702,0.055134444109564064,nan
2965504.0,0.13012708814318258,0.05109221909408515,nan
2967552.0,0.1308750416805835,0.04911192086090356,nan
2969600.0,0.13143105799964988,0.04223026572135933,nan
2971648.0,0.13050740287034024,0.05279788177295561,nan
2973696.0,0.13098413487706595,0.05169580821712289,nan
2975744.0,0.1301967393598195,0.0628329553066424,nan
2977792.0,0.12686552781269428,0.06438147265300063,nan
2979840.0,0.12861242762672276,0.06272998761357464,nan
2981888.0,0.12969935414396183,0.06173491994428527,nan
2983936.0,0.12956956105664952,0.05846538088274341,nan
2985984.0,0.1294017844036427,0.0602033646917765,nan
2988032.0,0.12817195747676222,0.05412790571229208,nan
2990080.0,0.13080275575816375,0.043313185741532756,nan
2992128.0,0.1293108376447588,0.05172234022193238,nan
2994176.0,0.12903799020156376,0.055661684371014604,nan
2996224.0,0.12644168379530035,0.07180920718017902,nan
2998272.0,0.13014617115910765,0.049421907028466446,nan
3000320.0,0.12717893789253154,0.06606871932308413,nan
3002368.0,0.12689085295846325,0.07476535454525184,nan
3004416.0,0.12959643930831785,0.05143284891326668,nan
3006464.0,0.12665242299631163,0.05741089989792163,nan
3008512.0,0.12684309248765896,0.06433684630728555,nan
3010560.0,0.12971140879010992,0.05359599435868227,3.2224532224532227
3012608.0,0.12476656193313018,0.07651840148839066,nan
3014656.0,0.13001108124939037,0.06557019877807387,nan
3016704.0,0.12605601863321403,0.0764647364711561,nan
3018752.0,0.12194193711323008,0.08720508519193769,nan
3020800.0,0.11947324450643598,0.09980819447683852,nan
3022848.0,0.1242837911195604,0.083187623823008,nan
3024896.0,0.12799178607814948,0.07530567851762139,nan
3026944.0,0.12528652449258865,0.08054583542192272,nan
3028992.0,0.12182616913097907,0.08983826901037319,nan
3031040.0,0.129576133678171,0.06385028019552844,nan
3033088.0,0.12545849539581813,0.06864193892760537,nan
3035136.0,0.1263033665471356,0.0602328845233124,nan
3037184.0,0.13026266438201356,0.054779101918367705,nan
3039232.0,0.1314136948341268,0.05392047522343987,nan
3041280.0,0.1256354685597833,0.06750229572657729,nan
3043328.0,0.12742603425761317,0.06628594720248446,nan
3045376.0,0.1265190284645701,0.06636495318440322,nan
3047424.0,0.1279345327933028,0.056073571208474164,nan
3049472.0,0.1286598309889298,0.061548038269002264,nan
3051520.0,0.12668937431830968,0.06355783111795212,nan
3053568.0,0.12964149586211035,0.05357584567353367,nan
3055616.0,0.12386932243707566,0.08252918989748345,nan
3057664.0,0.1283953649231602,0.07584966440939589,nan
3059712.0,0.12285815421132482,0.08883396829021052,nan
3061760.0,0.1290759257409254,0.07124673373686921,nan
3063808.0,0.12251386317724897,0.09351073982185286,nan
3065856.0,0.12110921755282958,0.09773022514413579,nan
3067904.0,0.127718678184709,0.07478811676820724,nan
3069952.0,0.12848720900947763,0.06953342476915671,nan
3072000.0,0.1233217664172731,0.08207453285726245,nan
3074048.0,0.126174330236014,0.0739885567559549,nan
3076096.0,0.12923124647283696,0.06965558516420745,nan
3078144.0,0.12307812611432162,0.09326632538871754,nan
3080192.0,0.1175908805091671,0.11000056515282164,nan
3082240.0,0.1284398975776211,0.06873055614674381,nan
3084288.0,0.12658290205173517,0.08277831604795453,nan
3086336.0,0.111545456866359,0.11643276422911407,nan
3088384.0,0.12579248608663265,0.07926140452181209,nan
3090432.0,0.12462811378564753,0.08075104070716788,nan
3092480.0,0.1273597644110268,0.08147483166768577,nan
3094528.0,0.1232476635023585,0.09309896638906077,nan
3096576.0,0.13043569588809084,0.06624397689844766,nan
3098624.0,0.12369456621641906,0.0934476210970564,nan
3100672.0,0.12656871398444197,0.08028109088801687,nan
3102720.0,0.12894391798863164,0.0720639243038949,nan
3104768.0,0.1323776128313589,0.05451332957427208,nan
3106816.0,0.13024043557220882,0.06634654304819254,nan
3108864.0,0.1315033331462129,0.06346004667041327,nan
3110912.0,0.12430583896860728,0.08186452851898794,5.280665280665281
3112960.0,0.12583917410472653,0.08698267246981463,nan
3115008.0,0.12792659398411801,0.0686676578190252,nan
3117056.0,0.12117640183212115,0.08888026217639873,nan
3119104.0,0.12964102778945047,0.059135192420698014,nan
3121152.0,0.12763235373959658,0.06666220568606814,nan
3123200.0,0.1311106658669167,0.04956301471108494,nan
3125248.0,0.12731200338621462,0.06750924946357678,nan
3127296.0,0.130888469992135,0.04956808112979947,nan
3129344.0,0.11533730453086069,0.09878151797704456,nan
3131392.0,0.12412534384920079,0.07684793953686246,nan
3133440.0,0.12633920228820958,0.06839078341318999,nan
3135488.0,0.12740029480579748,0.07384635760507187,nan
3137536.0,0.12910370138263036,0.058447273364998574,nan
3139584.0,0.125997880098548,0.07675432276472162,nan
3141632.0,0.1234140724130346,0.07756662679810887,nan
3143680.0,0.1227959116255152,0.07875521087185142,nan
3145728.0,0.12512600000594046,0.07206111968021413,nan
3147776.0,0.12595623132020062,0.07259506916019606,nan
3149824.0,0.13006002787416338,0.05019973760476255,nan
3151872.0,0.13064259449515714,0.044252200086905974,nan
3153920.0,0.12667177462888665,0.05437883093303684,nan
3155968.0,0.12536854701050465,0.06497897342139931,nan
3158016.0,0.12954072485542034,0.03700325116579298,nan
3160064.0,0.12674992497249182,0.062079263418069824,nan
3162112.0,0.1280977313873976,0.06062421679473971,nan
3164160.0,0.1293724732571729,0.05612382517033595,nan
3166208.0,0.1271587864487368,0.06554514631062404,nan
3168256.0,0.1303838267035664,0.04249042823044961,nan
3170304.0,0.1275082588698197,0.0665176222961603,nan
3172352.0,0.12835137480842287,0.052876857456143025,nan
3174400.0,0.12834651596406282,0.06704787023507877,nan
3176448.0,0.13064298082924025,0.056447442688861725,nan
3178496.0,0.12793805465338862,0.07113171267437439,nan
3180544.0,0.12754158214252398,0.07249822903114647,nan
3182592.0,0.12384790163297438,0.08229973887579374,nan
3184640.0,0.1289786167314697,0.05858162145704468,nan
3186688.0,0.12564923405501388,0.06797268245735147,nan
3188736.0,0.12928770605825124,0.053378397029104865,nan
3190784.0,0.12195331488515665,0.0790669146432248,nan
3192832.0,0.1262365652302622,0.06581766770348303,nan
3194880.0,0.13141911907722106,0.04221659813190183,nan
3196928.0,0.1275865848029032,0.06566284648371368,nan
3198976.0,0.12605032247942977,0.06765901517445576,nan
3201024.0,0.12976731239060751,0.05399685681328585,nan
3203072.0,0.1262217027904621,0.07170604107139043,nan
3205120.0,0.12983916833813422,0.06909416273937356,nan
3207168.0,0.12739440366359206,0.07477620388740953,nan
3209216.0,0.12891888327354808,0.050789396143785276,nan
3211264.0,0.12941919318387507,0.05834821192989307,2.9417879417879416
3213312.0,0.12636478106466975,0.07150939158394813,nan
3215360.0,0.12720838170512552,0.07399900757324965,nan
3217408.0,0.1199496442553773,0.08449062646438459,nan
3219456.0,0.12360268945411337,0.07508924527716627,nan
3221504.0,0.13219552364303855,0.04175181836919531,nan
3223552.0,0.127575947705724,0.06375605468279942,nan
3225600.0,0.12527570017506043,0.0706009877770897,nan
3227648.0,0.12676009939288022,0.06420083281002523,nan
3229696.0,0.12463862050022691,0.08073845419994316,nan
3231744.0,0.12673098186167148,0.0740840612956765,nan
3233792.0,0.12865168185160045,0.0536503291913668,nan
3235840.0,0.12988455018232561,0.050731811932436935,nan
3237888.0,0.12459266932636484,0.07478249646191076,nan
3239936.0,0.1259664087221234,0.07788026994833283,nan
3241984.0,0.12224567579714879,0.08024781593657881,nan
3244032.0,0.12380705500464192,0.08182299882110049,nan
3246080.0,0.12319070811091999,0.08519997830067774,nan
3248128.0,0.12358787739220484,0.09166549584124412,nan
3250176.0,0.12814100415514218,0.06482000104215008,nan
3252224.0,0.12482044958744738,0.0717431126822566,nan
3254272.0,0.1229317782504591,0.07468315966055726,nan
3256320.0,0.12436958714290525,0.08053077001637367,nan
3258368.0,0.1238430890239322,0.08068684584500427,nan
3260416.0,0.12326494851366392,0.08622801934247888,nan
3262464.0,0.12289782719230456,0.08478917404016066,nan
3264512.0,0.12783965460221217,0.06130546687159885,nan
3266560.0,0.1183690127953485,0.08748154059174647,nan
3268608.0,0.1261434782739249,0.0624595099245318,nan
3270656.0,0.12964338974027495,0.0591455378645416,nan
3272704.0,0.12230836083733901,0.08627968321990294,nan
3274752.0,0.12588559361029716,0.07940439294712942,nan
3276800.0,0.12624607999663306,0.06580870482416623,nan
3278848.0,0.1260900643028136,0.07555554487086025,nan
3280896.0,0.1295901563619662,0.052273359742764834,nan
3282944.0,0.12875792539091405,0.0538714257266849,nan
3284992.0,0.12707704772669157,0.07065082363062772,nan
3287040.0,0.12942501623810623,0.06124263852372038,nan
3289088.0,0.12322819085759451,0.08509782174512052,nan
3291136.0,0.12701812828827025,0.05880891296291723,nan
3293184.0,0.13090195934358725,0.05231442560589404,nan
3295232.0,0.12571700146310458,0.07090673133894376,nan
3297280.0,0.12435738348529937,0.08020699555690974,nan
3299328.0,0.12307696399600829,0.08956331910034884,nan
3301376.0,0.12292986604585204,0.08329096734724778,nan
3303424.0,0.1299270827311192,0.056310689365204905,nan
3305472.0,0.12288486714088248,0.08468138581180139,nan
3307520.0,0.1259890520755227,0.07066602940532346,nan
3309568.0,0.1272392637926395,0.07440707566808592,nan
3311616.0,0.12767316219215258,0.06498635921434037,4.9584199584199595
3313664.0,0.12615388824815288,0.07467478586288953,nan
3315712.0,0.12727421555835242,0.06522131364454087,nan
3317760.0,0.12826790796102372,0.06320707803993457,nan
3319808.0,0.12114391984985416,0.08989850545127699,nan
3321856.0,0.12643319874366465,0.06718626039780971,nan
3323904.0,0.12737408965525637,0.06640687487631947,nan
3325952.0,0.12282841319223226,0.07510968673377463,nan
3328000.0,0.12881517494913047,0.055955469143658995,nan
3330048.0,0.1305391351991585,0.05074036431669051,nan
3332096.0,0.12458551600854528,0.07608556495044397,nan
3334144.0,0.1206926047023145,0.08064106865262427,nan
3336192.0,0.1214859755278053,0.0778739027732949,nan
3338240.0,0.12742462453325293,0.06476430033628981,nan
3340288.0,0.1263010392470713,0.06430818684638197,nan
3342336.0,0.12038492176771651,0.0819110577127439,nan
3344384.0,0.127739929017175,0.06393571403128469,nan
3346432.0,0.12172601373683006,0.08348174660975001,nan
3348480.0,0.12564492224342863,0.07498098960829858,nan
3350528.0,0.11941200425501468,0.0980900443166049,nan
3352576.0,0.1273128575177816,0.07409439370982376,nan
3354624.0,0.12713962766605982,0.07191469659185444,nan
3356672.0,0.1254277947533831,0.07240411572841268,nan
3358720.0,0.12873671634169676,0.05004225668090331,nan
3360768.0,0.12783838657346958,0.05651743983618324,nan
3362816.0,0.12906098428775278,0.050886584957687955,nan
3364864.0,0.12305313588190338,0.07322124656552766,nan
3366912.0,0.12965005597736612,0.04481867969233133,nan
3368960.0,0.12667412675345313,0.05873678716512313,nan
3371008.0,0.12338798075235104,0.07484213699641898,nan
3373056.0,0.12894506935982192,0.05342094290630882,nan
3375104.0,0.13003011650134988,0.0481998439226221,nan
3377152.0,0.12979865997826837,0.06488596449135409,nan
3379200.0,0.12153072331107861,0.07960131692523337,nan
3381248.0,0.12467797774715722,0.0752881520262298,nan
3383296.0,0.12674058768261098,0.06904225591705723,nan
3385344.0,0.12106911276324438,0.08850122329374711,nan
3387392.0,0.12383857679261209,0.07838751324297745,nan
3389440.0,0.12418871161157383,0.06708366219266224,nan
3391488.0,0.12942388703180813,0.048156814272057015,nan
3393536.0,0.12684821914734895,0.060668180941596685,nan
3395584.0,0.12846320856765084,0.056824103329439574,nan
3397632.0,0.12952337901556255,0.04957904978041616,nan
3399680.0,0.1256772462769966,0.06433227372329936,nan
3401728.0,0.12358159327387795,0.0771637777493428,nan
3403776.0,0.12128080144392756,0.0752686864511263,nan
3405824.0,0.12622940557915274,0.062147223377284254,nan
3407872.0,0.12650164275835074,0.06317091848085203,nan
3409920.0,0.12779296356025632,0.05852991574354958,nan
3411968.0,0.1270196079856789,0.05829956168158376,2.141372141372141
3414016.0,0.1270923989314314,0.06179122694800729,nan
3416064.0,0.12238539124087285,0.07252862888261105,nan
3418112.0,0.12647336077112414,0.06906106341344423,nan
3420160.0,0.12629953792205884,0.07000527323617885,nan
3422208.0,0.12550385677263082,0.059038861648350136,nan
3424256.0,0.11924118074006294,0.07835001861285348,nan
3426304.0,0.12442235870287069,0.0713454544476853,nan
3428352.0,0.12900393874861954,0.055941611701726755,nan
3430400.0,0.1282782496277608,0.048699914235569054,nan
3432448.0,0.12611971721675672,0.06395016130166534,nan
3434496.0,0.12812628515319335,0.05300487193443292,nan
3436544.0,0.12903037550531277,0.045884091591091795,nan
3438592.0,0.12834452029203275,0.052998342949120605,nan
3440640.0,0.1263817361877863,0.05535596058351581,nan
3442688.0,0.12916161936060855,0.04842517371436879,nan
3444736.0,0.12731788538828226,0.05822099527011325,nan
3446784.0,0.1283878621564155,0.054237665471243354,nan
3448832.0,0.12526664787051378,0.06393532607295313,nan
3450880.0,0.12918453156600648,0.04838360961568702,nan
3452928.0,0.1285125037247278,0.050190526144390735,nan
3454976.0,0.12711943071747717,0.05167186597002961,nan
3457024.0,0.13041755460827836,0.04286242443048944,nan
3459072.0,0.1280852120727239,0.05377367218246997,nan
3461120.0,0.12819465604625757,0.058671361260592504,nan
3463168.0,0.12831233236052889,0.058342796639456004,nan
3465216.0,0.13057552757535368,0.04972364797120567,nan
3467264.0,0.12826196985615176,0.06581345130516879,nan
3469312.0,0.12609936296757424,0.06607924756111179,nan
3471360.0,0.12899744923617112,0.05348931492858965,nan
3473408.0,0.12746999713930718,0.06272198955931585,nan
3475456.0,0.1289743462436897,0.06397887191673897,nan
3477504.0,0.12815009969854033,0.0758970872850345,nan
3479552.0,0.11966515778629465,0.09236435379826653,nan
3481600.0,0.12507071074497245,0.07819103458482393,nan
3483648.0,0.11896345464741717,0.09611256713086963,nan
3485696.0,0.128707168141108,0.06787178477320197,nan
3487744.0,0.12671449868168191,0.07714705406407076,nan
3489792.0,0.12466717080922328,0.07935029358373061,nan
3491840.0,0.12283635597072445,0.09750180957228693,nan
3493888.0,0.12419138816349387,0.08548533041870215,nan
3495936.0,0.12228396132960842,0.09491547663953911,nan
3497984.0,0.12080537712313519,0.09774590046520802,nan
3500032.0,0.12000276115463834,0.09502308736428522,nan
3502080.0,0.12267639583201931,0.0881923560523456,nan
3504128.0,0.13137416341643282,0.06549188545280162,nan
3506176.0,0.11910217916545726,0.09625291077976365,nan
3508224.0,0.12576218543066706,0.08237228213413257,nan
3510272.0,0.12792805150230213,0.07114666742376849,nan
3512320.0,0.12868339939183096,0.0729877073041274,3.866943866943867
3514368.0,0.1292363168777832,0.06311860543099673,nan
3516416.0,0.11917363034048775,0.09129991484832181,nan
3518464.0,0.12869367656407515,0.06797731327600823,nan
3520512.0,0.12705675187037022,0.07225914306851207,nan
3522560.0,0.12893447880385056,0.06667837400859193,nan
3524608.0,0.12307312054106907,0.0828257575013484,nan
3526656.0,0.1311812389631067,0.05547505448634708,nan
3528704.0,0.1257321305134284,0.07538442485451871,nan
3530752.0,0.1299668741777899,0.05303490498653439,nan
3532800.0,0.12587168581533079,0.07627925154367482,nan
3534848.0,0.1323596649579568,0.0391137905860899,nan
3536896.0,0.12471735634203615,0.07562882278256326,nan
3538944.0,0.12384989861474976,0.07907250512800967,nan
3540992.0,0.1270682357010598,0.06332449545503233,nan
3543040.0,0.12258760716098599,0.08431302515567952,nan
3545088.0,0.12895187205017375,0.06544013268036351,nan
3547136.0,0.1287681732400225,0.061780044559031126,nan
3549184.0,0.12300561310470878,0.08130839795800032,nan
3551232.0,0.12825361976511584,0.05997371468195961,nan
3553280.0,0.1297344941251959,0.060548077425735126,nan
3555328.0,0.1252948367342659,0.0713900926110357,nan
3557376.0,0.12944106558130883,0.057748151604385345,nan
3559424.0,0.12701896553573672,0.0746441044480316,nan
3561472.0,0.12504756666784306,0.08401394044445232,nan
3563520.0,0.12140773469642174,0.0944574768982664,nan
3565568.0,0.1326274274087395,0.055858468240625125,nan
3567616.0,0.12966609107962482,0.06501862111067355,nan
3569664.0,0.12468632093631857,0.08616682709491282,nan
3571712.0,0.1179045290119522,0.09668768446172257,nan
3573760.0,0.12230030563747468,0.08863469738090447,nan
3575808.0,0.12414806571628656,0.07395327695131694,nan
3577856.0,0.12461250143542207,0.08321406476554614,nan
3579904.0,0.127389070605741,0.07416593627516815,nan
3581952.0,0.12244726459180603,0.07854951721419001,nan
3584000.0,0.1285946235145536,0.06377234594450462,nan
3586048.0,0.12125555717189529,0.07866460160139191,nan
3588096.0,0.12632297328556846,0.060161393709914406,nan
3590144.0,0.12923598917538878,0.06158376728317516,nan
3592192.0,0.12775753201137277,0.0643141215745998,nan
3594240.0,0.12685891231112983,0.05969833257972834,nan
3596288.0,0.1272117725291516,0.06676492299952778,nan
3598336.0,0.1265518263392688,0.07346896457246646,nan
3600384.0,0.12508318338235502,0.0778347898858225,nan
3602432.0,0.12284077104615884,0.07310464483658317,nan
3604480.0,0.13225374890727443,0.04309326869860451,nan
3606528.0,0.127990563187542,0.0572878952806922,nan
3608576.0,0.12552762116544885,0.07120054783326225,nan
3610624.0,0.12761825981046213,0.06528819803028997,nan
3612672.0,0.12719684108011975,0.06722368465136272,2.9002079002079006
3614720.0,0.12844507423223187,0.061322591199163626,nan
3616768.0,0.12616697692815798,0.07658661987861927,nan
3618816.0,0.12954516790892415,0.05209552452153871,nan
3620864.0,0.12372976732751029,0.07695705300433081,nan
3622912.0,0.12780517202609046,0.06921445772445992,nan
3624960.0,0.12536093146595223,0.07068223201780217,nan
3627008.0,0.12978976593896885,0.049172726387918544,nan
3629056.0,0.1210527644342291,0.08514617440155475,nan
3631104.0,0.1255388377721388,0.07163299709413043,nan
3633152.0,0.13015955963285816,0.049271348339219666,nan
3635200.0,0.13088857399069923,0.0507940561452145,nan
3637248.0,0.13096034996440686,0.05503141287913157,nan
3639296.0,0.12540469577993651,0.07396973840953613,nan
3641344.0,0.12824452436806005,0.07245313544380268,nan
3643392.0,0.11597976231830211,0.10667505121848313,nan
3645440.0,0.12193324083193652,0.09209352580987036,nan
3647488.0,0.12259361556539339,0.08953814246056753,nan
3649536.0,0.1256760705426847,0.07383941472743645,nan
3651584.0,0.11740277712082067,0.09688203463961104,nan
3653632.0,0.12304860093283203,0.08546630740310901,nan
3655680.0,0.12283004827041473,0.08484256376215961,nan
3657728.0,0.12664331471213217,0.0735203977250172,nan
3659776.0,0.12503609759105824,0.07214393701767335,nan
3661824.0,0.12821020822857138,0.059124449194515254,nan
3663872.0,0.12158151844633981,0.08151210583634932,nan
3665920.0,0.12820760908233642,0.06449605995382203,nan
3667968.0,0.12728909697821128,0.07669438159900488,nan
3670016.0,0.12743528417608213,0.07111100077640423,nan
3672064.0,0.12897289079345636,0.0648635355848467,nan
3674112.0,0.12778393075276961,0.07067286132485988,nan
3676160.0,0.12755000195160127,0.07673453162746029,nan
3678208.0,0.13189876351220078,0.05161272794678512,nan
3680256.0,0.12301815891969742,0.08901850175892033,nan
3682304.0,0.12383783001687255,0.08320143931329456,nan
3684352.0,0.13038236515877166,0.05731316923060757,nan
3686400.0,0.12748019221352597,0.07563199469938213,nan
3688448.0,0.13059957412529738,0.06628864800725463,nan
3690496.0,0.12890957366322275,0.06393828854990309,nan
3692544.0,0.12850155663758195,0.07145793843175367,nan
3694592.0,0.1266958066535929,0.06034421013620167,nan
3696640.0,0.13241835314035894,0.05629523164809749,nan
3698688.0,0.12070124177551438,0.08932394402372441,nan
3700736.0,0.1290988649500228,0.07137491737579083,nan
3702784.0,0.12809759589871234,0.0686516442192211,nan
3704832.0,0.1260988710228893,0.07025508662086939,nan
3706880.0,0.12652870487199588,0.07729650919135199,nan
3708928.0,0.12731532021098504,0.06494599377542523,nan
3710976.0,0.12734231455370215,0.07198462363974552,nan
3713024.0,0.12829482636157818,0.06089092511859253,3.565488565488566
3715072.0,0.12503837008826274,0.07033360678491282,nan
3717120.0,0.12777026290124344,0.06545831090650192,nan
3719168.0,0.12908401554806676,0.053719446271063974,nan
3721216.0,0.12680693221220823,0.06720352617351943,nan
3723264.0,0.12888388533198897,0.0668874955843716,nan
3725312.0,0.12864577842631525,0.07036204731914535,nan
3727360.0,0.13018908724874612,0.07291036475462326,nan
3729408.0,0.12522367777763882,0.0841661669101545,nan
3731456.0,0.1254562179792249,0.07978084229532444,nan
3733504.0,0.12878056347955624,0.060751104677301486,nan
3735552.0,0.1281246432877228,0.06608135853821365,nan
3737600.0,0.12871238055685782,0.06910237785352742,nan
3739648.0,0.12449112497930594,0.08397441060084383,nan
3741696.0,0.12317383616792374,0.08336368707624121,nan
3743744.0,0.12874720052338462,0.06703277807641819,nan
3745792.0,0.12978714750390605,0.06450201471131199,nan
3747840.0,0.12762049983788148,0.05941667132275981,nan
3749888.0,0.12958641388308667,0.061837673315642286,nan
3751936.0,0.12523958382161154,0.07784711873666252,nan
3753984.0,0.12767282815728112,0.07083334242424018,nan
3756032.0,0.1272054006814135,0.06308629995579315,nan
3758080.0,0.1276670641420442,0.057059683817954135,nan
3760128.0,0.1308517041117874,0.05677017236503613,nan
3762176.0,0.1251715578897628,0.07426423329151377,nan
3764224.0,0.126967411788885,0.06820134356871073,nan
3766272.0,0.12719052761699084,0.06271538337508195,nan
3768320.0,0.12710848433128008,0.06533450254166066,nan
3770368.0,0.12595718527709127,0.07843398817871496,nan
3772416.0,0.13120469581322053,0.04870384866606486,nan
3774464.0,0.12942305513870533,0.059357854054277764,nan
3776512.0,0.13092453520958452,0.054240056698555014,nan
3778560.0,0.12476240859288307,0.07224152760960936,nan
3780608.0,0.12685341621198187,0.06639635488171612,nan
3782656.0,0.128410718753032,0.05819433008789478,nan
3784704.0,0.12732993224661293,0.05490123204604096,nan
3786752.0,0.12910237240184674,0.04618723318026148,nan
3788800.0,0.128170374629404,0.053395072380210615,nan
3790848.0,0.1289705117612842,0.04982395202619363,nan
3792896.0,0.12429361975335951,0.06197102465539938,nan
3794944.0,0.12670060998531255,0.05612279173808298,nan
3796992.0,0.12896641531697042,0.05029050982803344,nan
3799040.0,0.12800867762645746,0.05879760090747355,nan
3801088.0,0.1286115550495207,0.04859789338596358,nan
3803136.0,0.12719598900756163,0.05927489818324688,nan
3805184.0,0.1280045394653052,0.055155488309311135,nan
3807232.0,0.12973311974702584,0.042286041349970264,nan
3809280.0,0.12695212831255542,0.052061224794523325,nan
3811328.0,0.13115341541076522,0.04065570032496144,nan
3813376.0,0.12866298344305657,0.05816983757509409,3.2328482328482337
3815424.0,0.13007941184454752,0.0557452834228306,nan
3817472.0,0.12016501584141887,0.09123124662756653,nan
3819520.0,0.1275036782500366,0.07514085235109406,nan
3821568.0,0.12611556616304742,0.08176492940380477,nan
3823616.0,0.13148976663530274,0.06981452522034468,nan
3825664.0,0.12387308984066628,0.09544780688782652,nan
3827712.0,0.12828502265517933,0.07832853705233331,nan
3829760.0,0.12872094220476138,0.07873149177719331,nan
3831808.0,0.12556614893515455,0.08002501183731468,nan
3833856.0,0.1296496451482352,0.06620877046467574,nan
3835904.0,0.128015202575477,0.07645722672230156,nan
3837952.0,0.13124918661097165,0.06803319650561701,nan
3840000.0,0.12507432145540964,0.07675093323234418,nan
3842048.0,0.12895228001051015,0.06310977649063547,nan
3844096.0,0.1293817415162554,0.06011025819497472,nan
3846144.0,0.12841788607982949,0.06405512889264849,nan
3848192.0,0.12582700588342374,0.06832972012644534,nan
3850240.0,0.13007825439564125,0.05154610844574924,nan
3852288.0,0.12950997579538404,0.05972928242172751,nan
3854336.0,0.12547427353086435,0.07251575061247477,nan
3856384.0,0.12394824295881525,0.07450312684831688,nan
3858432.0,0.13000053361827196,0.06158342792751486,nan
3860480.0,0.12729462055632174,0.06878933484401464,nan
3862528.0,0.12534008687028717,0.07880109137948262,nan
3864576.0,0.1265157679316406,0.06841249553487594,nan
3866624.0,0.12764421818819893,0.06694831632140616,nan
3868672.0,0.12821652997337096,0.06666385403517104,nan
3870720.0,0.1279516208838774,0.06971140453674494,nan
3872768.0,0.12723098476250277,0.07196733189020159,nan
3874816.0,0.1288566313056823,0.06086269185638846,nan
3876864.0,0.1253918949192905,0.06461900497840442,nan
3878912.0,0.12434408282589454,0.07441866872571694,nan
3880960.0,0.12776083043897735,0.055076924476994964,nan
3883008.0,0.1288881254365447,0.05592871471193467,nan
3885056.0,0.12557426114878814,0.06661911941493227,nan
3887104.0,0.12677960049352116,0.07279614732015989,nan
3889152.0,0.1280400361549788,0.06046153266395937,nan
3891200.0,0.12786603828639279,0.05673048217544484,nan
3893248.0,0.1307553231075488,0.0464119925144347,nan
3895296.0,0.12598326898790535,0.0711328314209911,nan
3897344.0,0.12660082587654908,0.057855824562037694,nan
3899392.0,0.1295075427893137,0.056656742945139345,nan
3901440.0,0.12741301872714195,0.06577833203161221,nan
3903488.0,0.12761348271213283,0.059974244457323744,nan
3905536.0,0.13074964714858636,0.0410977446739356,nan
3907584.0,0.12652878053657426,0.06602659788843739,nan
3909632.0,0.12879245727486294,0.0571409421160372,nan
3911680.0,0.12839417988999213,0.06242493918422704,nan
3913728.0,0.1236323742664906,0.08121714798905177,3.5550935550935554
3915776.0,0.12725027733638783,0.07238522402845232,nan
3917824.0,0.1275505190091928,0.06030776067546098,nan
3919872.0,0.12656136426185738,0.06874656083763916,nan
3921920.0,0.12953592950141532,0.06279193762674867,nan
3923968.0,0.12302124421988775,0.06993881892681225,nan
3926016.0,0.1296839519419482,0.058868789073066995,nan
3928064.0,0.1289484924405658,0.06974146641442434,nan
3930112.0,0.1244821775819194,0.08255195374481154,nan
3932160.0,0.12110184307770747,0.09770846254340931,nan
3934208.0,0.1253754341273718,0.07919654876186911,nan
3936256.0,0.1254323629178118,0.07362530206054817,nan
3938304.0,0.12604387284205082,0.08145274900472818,nan
3940352.0,0.11956631215081394,0.09085527552038901,nan
3942400.0,0.12687018541269496,0.07619659963422495,nan
3944448.0,0.1268163862092861,0.07735652247488853,nan
3946496.0,0.11828900411532225,0.09624572133023686,nan
3948544.0,0.1281665023767637,0.08193150203182031,nan
3950592.0,0.12280802632131824,0.0826397443975564,nan
3952640.0,0.12450800562127687,0.08477129980618348,nan
3954688.0,0.12856323182725818,0.06404906125278619,nan
3956736.0,0.12676293019545906,0.05957732108590583,nan
3958784.0,0.1296232529474347,0.06035143234664662,nan
3960832.0,0.12998389620200979,0.056321882282686135,nan
3962880.0,0.12927815934037606,0.06658422067204511,nan
3964928.0,0.1238595111106772,0.08074770112814594,nan
3966976.0,0.1261671338914997,0.07888952485320014,nan
3969024.0,0.12761221210241452,0.08508448725030662,nan
3971072.0,0.11904690521556072,0.09488283302119632,nan
3973120.0,0.12347249161127374,0.08434990649627339,nan
3975168.0,0.12142781664483429,0.08569465124493732,nan
3977216.0,0.12350592283159714,0.08652291996593002,nan
3979264.0,0.127645883563674,0.07523740888980533,nan
3981312.0,0.12812714562575225,0.08051602979378125,nan
3983360.0,0.1264275353777473,0.0715439090279397,nan
3985408.0,0.12254467430210991,0.08633926749326319,nan
3987456.0,0.13109815767136945,0.06430783158974979,nan
3989504.0,0.118424265608607,0.09952342438404237,nan
3991552.0,0.12745755532348102,0.06693084824411392,nan
3993600.0,0.12324619550806307,0.08260952040837954,nan
3995648.0,0.12141057161477925,0.09218221501415369,nan
3997696.0,0.12944263654457638,0.0554965871419877,nan
3999744.0,0.12392404832227667,0.07454753410391708,nan
4001792.0,0.1200410606123358,0.09556375349719952,nan
4003840.0,0.12297049476061209,0.08105572056191535,nan
4005888.0,0.1252917331301853,0.08667942566209311,nan
4007936.0,0.12049150326683868,0.08523907284972596,nan
4009984.0,0.12667548528377304,0.06866424914898785,nan
4012032.0,0.13020306603605475,0.054511389003451725,nan
4014080.0,0.12595956146677542,0.07304404897892201,2.60914760914761
4016128.0,0.1295377417185926,0.05849484119739816,nan
4018176.0,0.13088945343240377,0.051466377834167215,nan
4020224.0,0.12743168678948522,0.05985416730537782,nan
4022272.0,0.12789685197022807,0.07059676284919641,nan
4024320.0,0.12814009893278516,0.06569713107282812,nan
4026368.0,0.1257151215313945,0.06369692911752502,nan
4028416.0,0.12880976219945622,0.04940780064566599,nan
4030464.0,0.12828482978004502,0.060414242163873984,nan
4032512.0,0.12828522534674036,0.061345031740130465,nan
4034560.0,0.12843470446609637,0.06794631685903291,nan
4036608.0,0.1292972773012954,0.05649280693397028,nan
4038656.0,0.1269188510427534,0.07111611130919772,nan
4040704.0,0.12688013723864375,0.06859370803293038,nan
4042752.0,0.13077763533054793,0.05281802508638139,nan
4044800.0,0.1290396387660688,0.0566136644287534,nan
4046848.0,0.12786791827516225,0.06555198301949841,nan
4048896.0,0.12460884805848042,0.07757301401990101,nan
4050944.0,0.13096347429832506,0.05298574972222575,nan
4052992.0,0.13202578082893127,0.048725409906088125,nan
4055040.0,0.12301201921511078,0.08127295100094237,nan
4057088.0,0.1319224778835331,0.05803436044729975,nan
4059136.0,0.1252740531366663,0.08183633655764919,nan
4061184.0,0.13026615858020651,0.06256738382760174,nan
4063232.0,0.12800674539273277,0.07436918977218283,nan
4065280.0,0.1276102730110257,0.0734014404433178,nan
4067328.0,0.12797969817737956,0.07322318485113742,nan
4069376.0,0.12493044340614003,0.06773879144818078,nan
4071424.0,0.12926656687164867,0.06032981411919545,nan
4073472.0,0.12788858632066363,0.06721015201774341,nan
4075520.0,0.13115390509339114,0.05875465248134833,nan
4077568.0,0.12759292384816695,0.07178400495253823,nan
4079616.0,0.12472707576139935,0.07963556065349617,nan
4081664.0,0.12792918457308275,0.06714549205670162,nan
4083712.0,0.12825681431146232,0.06772436202959999,nan
4085760.0,0.12518552922627743,0.08049192456256969,nan
4087808.0,0.12307268378521288,0.08665979152628465,nan
4089856.0,0.12674605515878898,0.07010921926962094,nan
4091904.0,0.12902593749188845,0.05985010146093131,nan
4093952.0,0.13015321621177978,0.04862167608885387,nan
4096000.0,0.12922085114817056,0.05377561996416215,nan
4098048.0,0.12621463032281705,0.081579015482058,nan
4100096.0,0.12717949893931696,0.07528202995434882,nan
4102144.0,0.13191812453819893,0.050720209083506,nan
4104192.0,0.1295455595433521,0.07003604724549649,nan
4106240.0,0.124259765416316,0.08087206354128991,nan
4108288.0,0.1261355042995893,0.06803272304217835,nan
4110336.0,0.12554383181143078,0.07396978612178794,nan
4112384.0,0.13412109570744146,0.04446907756256959,nan
4114432.0,0.12005114180208178,0.1006046877959118,7.370062370062369
4116480.0,0.12429363889447606,0.0864620245179501,nan
4118528.0,0.12717463208426813,0.07974921236462228,nan
4120576.0,0.12949003555697905,0.07859623693475008,nan
4122624.0,0.1216385931657368,0.10695495427132563,nan
4124672.0,0.12328191655998144,0.08912651861890411,nan
4126720.0,0.11809393181166403,0.10623651027458948,nan
4128768.0,0.1156213956759339,0.10637123651706934,nan
4130816.0,0.11987386480697666,0.10219585040078875,nan
4132864.0,0.12733630369378507,0.07326716215142957,nan
4134912.0,0.1167090510824677,0.10144442462493325,nan
4136960.0,0.12637084041236546,0.07124690163403778,nan
4139008.0,0.12508127352319803,0.0705916314503564,nan
4141056.0,0.12044834243115096,0.08863203840764355,nan
4143104.0,0.12805708582142789,0.0677983093111705,nan
4145152.0,0.13053362567718607,0.050217538326283666,nan
4147200.0,0.1270729632184405,0.06384900532181102,nan
4149248.0,0.12779671490613517,0.06491995503160795,nan
4151296.0,0.12721856039370505,0.0575177913172709,nan
4153344.0,0.1264561185388674,0.07229496810147962,nan
4155392.0,0.12319513731196798,0.07258752680151548,nan
4157440.0,0.12776097360393018,0.05660804750421187,nan
4159488.0,0.12486743648103572,0.06786314820461242,nan
4161536.0,0.12681856914312578,0.05651833837606148,nan
4163584.0,0.1290348670124255,0.04468265866343605,nan
4165632.0,0.12702157427906602,0.05835817970379808,nan
4167680.0,0.12949892309888067,0.05588805377410432,nan
4169728.0,0.1283026518473066,0.062480864067547943,nan
4171776.0,0.12458799521488612,0.06899647567212344,nan
4173824.0,0.1274237324405821,0.06392919473746449,nan
4175872.0,0.12328948123953896,0.0764040112634019,nan
4177920.0,0.1263109842765512,0.07633701608827227,nan
4179968.0,0.1300773332988438,0.04828241159635886,nan
4182016.0,0.1217313029948657,0.08210228000082065,nan
4184064.0,0.12335591388776651,0.07681162367582542,nan
4186112.0,0.12594065960265105,0.0601338421385331,nan
4188160.0,0.1283081023390797,0.05468734915900261,nan
4190208.0,0.1300890829722731,0.056032971590225064,nan
4192256.0,0.12842800629690393,0.06087298484801101,nan
4194304.0,0.1244337230356365,0.07573755432389757,nan
4196352.0,0.1255664096596139,0.07122986143504453,nan
4198400.0,0.1242239409138522,0.07515377680896759,nan
4200448.0,0.12434447881996218,0.07479928629312534,nan
4202496.0,0.1298595814265376,0.05186837766170469,nan
4204544.0,0.1281598752799894,0.05792348156410557,nan
4206592.0,0.13172260904915956,0.04804279588983188,nan
4208640.0,0.1261290084687036,0.07252512012265445,nan
4210688.0,0.13168841406083168,0.04421983199610638,nan
4212736.0,0.1268872340319564,0.062111529523526714,nan
4214784.0,0.12749627270809755,0.06481584787728524,2.5675675675675675
4216832.0,0.12785316166826466,0.05603802378402284,nan
4218880.0,0.1294728357909677,0.06345437429729343,nan
4220928.0,0.1261396702003178,0.07033629030139421,nan
4222976.0,0.12926110909284377,0.06122103546953323,nan
4225024.0,0.12105260132533978,0.095570139218649,nan
4227072.0,0.12673989186473733,0.07429028289282046,nan
4229120.0,0.12731900257066947,0.07100871055351116,nan
4231168.0,0.12654054133282922,0.06952096902906169,nan
4233216.0,0.12037186470560732,0.08690107847413503,nan
4235264.0,0.12281557918780628,0.07923695341722918,nan
4237312.0,0.12005191057062367,0.09277235049091978,nan
4239360.0,0.12356423027367994,0.08954773390082402,nan
4241408.0,0.12357051511276332,0.09337813348401136,nan
4243456.0,0.12556645823809126,0.07666117238655276,nan
4245504.0,0.12637515442592903,0.08223785494727685,nan
4247552.0,0.12360424286106678,0.08200905319915444,nan
4249600.0,0.12475075064625937,0.08037153529414974,nan
4251648.0,0.12168119864351429,0.0894911139971213,nan
4253696.0,0.12368893333287626,0.0907018817313287,nan
4255744.0,0.1295551753380469,0.06544357564805382,nan
4257792.0,0.12847140739936136,0.07524152735632067,nan
4259840.0,0.13302300155577818,0.04341519905432155,nan
4261888.0,0.12401348340810192,0.08426676668765,nan
4263936.0,0.12741552138853796,0.07056602128178532,nan
4265984.0,0.12387652284929251,0.07716605244148651,nan
4268032.0,0.1302465755712113,0.06073694444202689,nan
4270080.0,0.12875521105278204,0.06689817140723367,nan
4272128.0,0.1289988583718128,0.04912021920737627,nan
4274176.0,0.1308257693510999,0.05073193919147898,nan
4276224.0,0.13188913336429356,0.050859111603500956,nan
4278272.0,0.12983514421999792,0.06333248454518689,nan
4280320.0,0.12581841299173765,0.08075507305849967,nan
4282368.0,0.127914949422399,0.06553579492305811,nan
4284416.0,0.12864252356640468,0.05735564073711477,nan
4286464.0,0.1304248985133973,0.05330445719927629,nan
4288512.0,0.12503751196845714,0.06329402192000476,nan
4290560.0,0.12235563243997138,0.08516467724887655,nan
4292608.0,0.1258677177311977,0.07696677464969721,nan
4294656.0,0.13228434163498115,0.051639049194482124,nan
4296704.0,0.13080849258341393,0.05150287620542443,nan
4298752.0,0.12722656798158685,0.05861719110573828,nan
4300800.0,0.125474930116991,0.07033668641106942,nan
4302848.0,0.12236396037939314,0.08926436931277647,nan
4304896.0,0.1306548633735896,0.05599653616268639,nan
4306944.0,0.1288245695968318,0.06279086313361303,nan
4308992.0,0.1262386416210844,0.06184934897836661,nan
4311040.0,0.12374829405810514,0.07791940648653466,nan
4313088.0,0.12979222532944673,0.06376026837126518,nan
4315136.0,0.12309450035001387,0.08139141493095604,3.877338877338878
4317184.0,0.1278881618785733,0.06502258806991769,nan
4319232.0,0.12851743098135376,0.0644349350652634,nan
4321280.0,0.12287901352751321,0.08347183644919987,nan
4323328.0,0.12647344710218875,0.06631825666906532,nan
4325376.0,0.121561666343212,0.07949182739534569,nan
4327424.0,0.12259728862358663,0.07724491705388715,nan
4329472.0,0.1278146513688577,0.059742883292075354,nan
4331520.0,0.1265210389792488,0.06762686116910764,nan
4333568.0,0.12332032505434072,0.0794138084259772,nan
4335616.0,0.13196975855535892,0.051270932489110466,nan
4337664.0,0.1275404237896438,0.06567665030325034,nan
4339712.0,0.12802012518023298,0.06667862059903597,nan
4341760.0,0.12761741598495688,0.0611060406332776,nan
4343808.0,0.12667390995261552,0.07194890725460953,nan
4345856.0,0.12872055725153775,0.053945616244664416,nan
4347904.0,0.1247771233958733,0.07093940136672185,nan
4349952.0,0.12757058796913756,0.05804093183195707,nan
4352000.0,0.12898431821029208,0.056359401631728215,nan
4354048.0,0.12827734503035476,0.058464205610889455,nan
4356096.0,0.1285214213166052,0.06219194027805242,nan
4358144.0,0.13071797116809833,0.05079158876531434,nan
4360192.0,0.12771525057361838,0.06515643865990724,nan
4362240.0,0.12651637969084195,0.07643304589368975,nan
4364288.0,0.12203742178920866,0.08693655538932092,nan
4366336.0,0.12532872835928835,0.0678716358124347,nan
4368384.0,0.12695893072270797,0.07720082855751292,nan
4370432.0,0.12525331913232318,0.07552252401031966,nan
4372480.0,0.12567448644664436,0.0733707800260611,nan
4374528.0,0.13103377307253952,0.052756196239223035,nan
4376576.0,0.12840295953093678,0.059493366086814436,nan
4378624.0,0.12497536864619352,0.07420599665147498,nan
4380672.0,0.13250176105318717,0.04204916708794769,nan
4382720.0,0.12796563138781747,0.06186591341228156,nan
4384768.0,0.12758623019628573,0.06994766332660789,nan
4386816.0,0.1320382272340298,0.055743338079578805,nan
4388864.0,0.12867439943538,0.0768971068261777,nan
4390912.0,0.1296125333531436,0.05610236459670959,nan
4392960.0,0.13078617694875644,0.05559858311376371,nan
4395008.0,0.129319635373787,0.06227263252968669,nan
4397056.0,0.12681939101798928,0.07545132248380508,nan
4399104.0,0.12528732252352337,0.08259522223041618,nan
4401152.0,0.1251190607523852,0.0745048661329706,nan
4403200.0,0.1263432449338168,0.06947015916034764,nan
4405248.0,0.12199929587118462,0.08180671538623487,nan
4407296.0,0.12222575481541963,0.08005598443819369,nan
4409344.0,0.119641390780757,0.07929930529074307,nan
4411392.0,0.12047894457958422,0.08465840440409372,nan
4413440.0,0.1263617260484764,0.07132514321942349,nan
4415488.0,0.1253062426318944,0.06764238859684792,3.617463617463617
4417536.0,0.12094494794497991,0.0835634079275051,nan
4419584.0,0.13033690551326627,0.06277312937256649,nan
4421632.0,0.12560011312037955,0.07551397789621567,nan
4423680.0,0.12525838805368453,0.07242824953479775,nan
4425728.0,0.12805139366839735,0.05754790996262823,nan
4427776.0,0.12901875266368878,0.05391935869651501,nan
4429824.0,0.12806917281215058,0.05904239603318433,nan
4431872.0,0.12739895470232798,0.06416287456978283,nan
4433920.0,0.13042102849850423,0.047215455833972915,nan
4435968.0,0.12920213148545517,0.06034987837566226,nan
4438016.0,0.12451090171010765,0.06683089718226606,nan
4440064.0,0.1237849113665319,0.08056559141737576,nan
4442112.0,0.11817112441123287,0.08953719268191164,nan
4444160.0,0.11422129593507908,0.10059277818470001,nan
4446208.0,0.12733461594498613,0.07126202340069147,nan
4448256.0,0.12932310641286365,0.05905091848736661,nan
4450304.0,0.12831618436136416,0.06002075607149168,nan
4452352.0,0.13340050218059282,0.043558699094048414,nan
4454400.0,0.12556367136474816,0.06726888717126595,nan
4456448.0,0.12571422435818846,0.06660398224562045,nan
4458496.0,0.12746567743671097,0.06750624740881427,nan
4460544.0,0.1312449726176995,0.056097702256087977,nan
4462592.0,0.12802504053334662,0.05462022021188063,nan
4464640.0,0.12443244255513265,0.06963404175668941,nan
4466688.0,0.12876737919783882,0.05828410454534191,nan
4468736.0,0.12867561052374274,0.06086996626642845,nan
4470784.0,0.12687044384703472,0.06032138316084657,nan
4472832.0,0.12498992368254609,0.07076569807740814,nan
4474880.0,0.13025286297233984,0.06762535235576665,nan
4476928.0,0.12374584060212615,0.08399948985936358,nan
4478976.0,0.12319262092599836,0.07333264074680242,nan
4481024.0,0.12337241401225962,0.07544071631341455,nan
4483072.0,0.12428356635195535,0.07473202627803735,nan
4485120.0,0.12929112380326413,0.058119289977574005,nan
4487168.0,0.13005841863021586,0.05082303033424647,nan
4489216.0,0.13009069081516772,0.0581783463154877,nan
4491264.0,0.13073316139466212,0.05261854668735985,nan
4493312.0,0.1315230280098662,0.04682707371411475,nan
4495360.0,0.12921242368607963,0.06058239360447475,nan
4497408.0,0.12058339839805535,0.09173341592756715,nan
4499456.0,0.12848755602386738,0.06368621751631645,nan
4501504.0,0.13096463371155276,0.04997067544971893,nan
4503552.0,0.1239296925223118,0.08374996255620441,nan
4505600.0,0.12775056292105785,0.07710415546512175,nan
4507648.0,0.1273018666576874,0.07097130687864257,nan
4509696.0,0.1208158785633205,0.08338539684451725,nan
4511744.0,0.12147326788332527,0.09703135444777337,nan
4513792.0,0.1273522857112933,0.07550819095404068,nan
4515840.0,0.1193328770092816,0.09790467445810075,6.2993762993763
4517888.0,0.1258187173346704,0.0763087641136756,nan
4519936.0,0.1260449108636223,0.07098158603390807,nan
4521984.0,0.12271454020615138,0.09409573614010121,nan
4524032.0,0.12209348106046714,0.08321949298280693,nan
4526080.0,0.1268443769250947,0.07364789729889037,nan
4528128.0,0.12755465914336966,0.07271785490559284,nan
4530176.0,0.1288512948340083,0.06595373758503756,nan
4532224.0,0.12988081042834504,0.0582709763276609,nan
4534272.0,0.12629185766875967,0.07069717535364915,nan
4536320.0,0.1310798277832918,0.050475666104402274,nan
4538368.0,0.12587858796392495,0.06972490933137916,nan
4540416.0,0.1301268881564518,0.05906859396359881,nan
4542464.0,0.1284539638919842,0.06096825865198135,nan
4544512.0,0.12931532557421782,0.057978804994566,nan
4546560.0,0.11981117057875343,0.09547882873823883,nan
4548608.0,0.12372535806643131,0.07574397728079128,nan
4550656.0,0.12671701887268327,0.06825186942099425,nan
4552704.0,0.12814644965537084,0.0648039008141939,nan
4554752.0,0.12982842527137414,0.05537369324771895,nan
4556800.0,0.12962175627819547,0.055275752077119454,nan
4558848.0,0.12714416414427449,0.07143543416635152,nan
4560896.0,0.1286599969446811,0.053639003002590786,nan
4562944.0,0.12692789544754063,0.06074145028002197,nan
4564992.0,0.12656240744182928,0.05616143278976327,nan
4567040.0,0.13005968529846204,0.048588165621252254,nan
4569088.0,0.12866710514229449,0.06167231301322521,nan
4571136.0,0.1300165421583072,0.04835753535326603,nan
4573184.0,0.13103016030118098,0.041250769399208985,nan
4575232.0,0.12958922160603148,0.05933414808649918,nan
4577280.0,0.12577774136707304,0.06827539376496812,nan
4579328.0,0.12650776886993653,0.06157087027997503,nan
4581376.0,0.12535392422452551,0.07488871484069612,nan
4583424.0,0.12958364322471363,0.07043104237880558,nan
4585472.0,0.127349400240566,0.06300910903168894,nan
4587520.0,0.12777168913131148,0.05918980650543789,nan
4589568.0,0.12856250111624468,0.05582602008642824,nan
4591616.0,0.12972000236659093,0.051101477287861144,nan
4593664.0,0.1260850357518304,0.06182656553631909,nan
4595712.0,0.12937146240987935,0.060841718064891186,nan
4597760.0,0.12559114656379156,0.07285668481181454,nan
4599808.0,0.12898986061374104,0.058815369754474184,nan
4601856.0,0.12782976231436255,0.06205314668471396,nan
4603904.0,0.12161933663350605,0.08693388728104486,nan
4605952.0,0.12871322777586958,0.06494940859563612,nan
4608000.0,0.12420671168702478,0.08160966298771101,nan
4610048.0,0.12029491995544049,0.0943863367413989,nan
4612096.0,0.13091404447531418,0.06712864608452848,nan
4614144.0,0.1287808173757863,0.07843702744423982,nan
4616192.0,0.12314906321181388,0.08888256519877355,5.436590436590437
4618240.0,0.1167047069343024,0.09897212257652538,nan
4620288.0,0.12687748978078095,0.07302782428597311,nan
4622336.0,0.12728761217378254,0.06933713279027269,nan
4624384.0,0.12876797088933267,0.06289468741743967,nan
4626432.0,0.1270297943920608,0.061165468806867164,nan
4628480.0,0.1239872115732047,0.07855917621664649,nan
4630528.0,0.12128746285976262,0.08698413390257784,nan
4632576.0,0.12262840773907138,0.07925193823269062,nan
4634624.0,0.12555470760038176,0.06527926887678966,nan
4636672.0,0.12530491766132512,0.06976950214938558,nan
4638720.0,0.1261637630404494,0.06481350057005907,nan
4640768.0,0.12614639768240546,0.06626146714973764,nan
4642816.0,0.12890721276258382,0.05420239675450896,nan
4644864.0,0.1269165637321616,0.05837738564307475,nan
4646912.0,0.126531586939032,0.0592416354771068,nan
4648960.0,0.12841538543677986,0.05411226291437615,nan
4651008.0,0.12881869107374777,0.051162965277860746,nan
4653056.0,0.1279662896308033,0.05856687820485907,nan
4655104.0,0.13147013874576935,0.037171229483248795,nan
4657152.0,0.12978266005047512,0.04541215525305603,nan
4659200.0,0.1286036965874789,0.06079107559397495,nan
4661248.0,0.1262233824419678,0.062045383889838907,nan
4663296.0,0.1241768373805451,0.07058985091468284,nan
4665344.0,0.1300156562171006,0.04987157808348957,nan
4667392.0,0.1256123247992827,0.06439318750028532,nan
4669440.0,0.11967055875202219,0.09152913388101382,nan
4671488.0,0.12978462335743968,0.05321245449638464,nan
4673536.0,0.12940792951378635,0.05732052249312359,nan
4675584.0,0.12466713316787881,0.07100074821095574,nan
4677632.0,0.12429399962491597,0.08171625617757933,nan
4679680.0,0.12789664432604694,0.062491026288958605,nan
4681728.0,0.1290892570823383,0.0598907049090114,nan
4683776.0,0.1280231334681909,0.06240580700187625,nan
4685824.0,0.13274626648113508,0.03843118647037947,nan
4687872.0,0.12980987553820073,0.0532733974889951,nan
4689920.0,0.12877359234879882,0.0526585071542121,nan
4691968.0,0.12869819559797469,0.06109078805329596,nan
4694016.0,0.12872339682268608,0.05366962885361217,nan
4696064.0,0.12580990818627055,0.0639000646836461,nan
4698112.0,0.12875207889653872,0.05801225032378915,nan
4700160.0,0.12458135650672802,0.07258512944953663,nan
4702208.0,0.12811577999644153,0.05691827982000186,nan
4704256.0,0.13051801943694652,0.059877604787286536,nan
4706304.0,0.12774181012686386,0.0706402572747082,nan
4708352.0,0.1255742550766413,0.06593443584927172,nan
4710400.0,0.12833074910598985,0.06443416465589433,nan
4712448.0,0.1285787758655874,0.062019672977427984,nan
4714496.0,0.12595991080956123,0.0746306279502591,nan
4716544.0,0.13252743644683068,0.04223974276385447,3.4823284823284824
4718592.0,0.12459624189131738,0.07213517538380324,nan
4720640.0,0.1254730510644171,0.06633243244626987,nan
4722688.0,0.12762138689648936,0.06099203456602741,nan
4724736.0,0.12885544982775105,0.05996524759060812,nan
4726784.0,0.12721400152901197,0.06528006323671329,nan
4728832.0,0.1299964594370815,0.04624586232346966,nan
4730880.0,0.12276306351357266,0.08800798987930158,nan
4732928.0,0.12966703901461177,0.06150094845186373,nan
4734976.0,0.12884177105599653,0.06595051799538425,nan
4737024.0,0.1298752947997113,0.05263672437827879,nan
4739072.0,0.12944435412165292,0.06266332785488947,nan
4741120.0,0.1306308993981501,0.06230997694590757,nan
4743168.0,0.13112360499484704,0.06374613225542888,nan
4745216.0,0.12957334410337615,0.07161190424248458,nan
4747264.0,0.125388821467256,0.08029826591139709,nan
4749312.0,0.128017303720818,0.06393853964515092,nan
4751360.0,0.12773986718640665,0.06754323120989833,nan
4753408.0,0.1286915758146294,0.05768392426572764,nan
4755456.0,0.1290736359065015,0.055616268059916485,nan
4757504.0,0.1299474112236635,0.05954337218948616,nan
4759552.0,0.1254101495340556,0.07277259299145022,nan
4761600.0,0.12713118517733948,0.07364529902883614,nan
4763648.0,0.1277343867115743,0.06796048428772142,nan
4765696.0,0.13101627078712508,0.05017672021096982,nan
4767744.0,0.129616729333909,0.06393032145982824,nan
4769792.0,0.12316221540766645,0.07761921995407325,nan
4771840.0,0.12862097192081193,0.06625229602707775,nan
4773888.0,0.1301641017488137,0.05314451363334324,nan
4775936.0,0.12584566869840896,0.0669238542711704,nan
4777984.0,0.12921560640217328,0.05075368480924563,nan
4780032.0,0.1306107369467032,0.055778415335787826,nan
4782080.0,0.1281832292653053,0.07074457746326863,nan
4784128.0,0.13403226331647275,0.05775272660521972,nan
4786176.0,0.1297379220128505,0.06311591850178151,nan
4788224.0,0.12801306774252402,0.05545839341622831,nan
4790272.0,0.12444796809754752,0.07718220205912456,nan
4792320.0,0.12931988092911023,0.06295698521806203,nan
4794368.0,0.1300825476118424,0.061730903546135855,nan
4796416.0,0.12991109426813144,0.0612664671047301,nan
4798464.0,0.12778737723955308,0.067696230500396,nan
4800512.0,0.1252785209667295,0.08324394554782,nan
4802560.0,0.12344855458214754,0.08710116967258884,nan
4804608.0,0.12944755043444733,0.06240020102432466,nan
4806656.0,0.1254156376373871,0.06883433626938686,nan
4808704.0,0.12437419681470724,0.07352445042270739,nan
4810752.0,0.1286281429435797,0.0668784690362244,nan
4812800.0,0.1296189290200902,0.05213482656059207,nan
4814848.0,0.12926946150151883,0.055143153580320715,nan
4816896.0,0.12658950579434905,0.07354095715721855,3.1185031185031185
4818944.0,0.12720798981290576,0.06804686342190712,nan
4820992.0,0.12686249868277305,0.06962016652575916,nan
4823040.0,0.1323304725029406,0.04994309126570718,nan
4825088.0,0.12541120119715343,0.07984731231478254,nan
4827136.0,0.12851271953000856,0.07935382058437425,nan
4829184.0,0.12136572008167931,0.09416165093233263,nan
4831232.0,0.12811027561769855,0.07142475485785325,nan
4833280.0,0.12443748149019696,0.08633455352988781,nan
4835328.0,0.12830369464871802,0.0730716844862952,nan
4837376.0,0.13142985370586482,0.05839554639927746,nan
4839424.0,0.12943198720459573,0.07152125982678309,nan
4841472.0,0.12755000713224693,0.08026676109911503,nan
4843520.0,0.12750948840813728,0.07328186628557852,nan
4845568.0,0.12396181751959857,0.09285842584207664,nan
4847616.0,0.12424923155251205,0.08813318753013485,nan
4849664.0,0.12942300461818917,0.07712162599062501,nan
4851712.0,0.12441393324318895,0.08276765787027357,nan
4853760.0,0.12495683898110328,0.08194059337006529,nan
4855808.0,0.12713995027120745,0.07420059363743979,nan
4857856.0,0.12560786309788652,0.08366172652285161,nan
4859904.0,0.13083723280846493,0.05538720921304698,nan
4861952.0,0.13076066249625942,0.050228018275745995,nan
4864000.0,0.12922137755541693,0.05527898765393827,nan
4866048.0,0.12942273043242197,0.057122213576911864,nan
4868096.0,0.13071400418839335,0.05573908850725318,nan
4870144.0,0.1303550668026386,0.052054146492942883,nan
4872192.0,0.13017350387694354,0.05509708880169776,nan
4874240.0,0.12453706360628074,0.07502975960738288,nan
4876288.0,0.12643355729637687,0.06822143803628253,nan
4878336.0,0.1288143175025631,0.06952240110533461,nan
4880384.0,0.13137921231657954,0.052985198595388736,nan
4882432.0,0.13085143004785466,0.05328663064136833,nan
4884480.0,0.13025161846634367,0.05773593472097784,nan
4886528.0,0.12820568024153295,0.05404079605467908,nan
4888576.0,0.13016426527418004,0.05104964973019005,nan
4890624.0,0.12920613113827858,0.06055762602448829,nan
4892672.0,0.12220377105733948,0.08442327643691562,nan
4894720.0,0.12910037063576962,0.06214517789693289,nan
4896768.0,0.13077480812375222,0.07734290989451882,nan
4898816.0,0.1241951919147298,0.09136376192021471,nan
4900864.0,0.12415261515978024,0.09415898949210758,nan
4902912.0,0.11879888938244748,0.09959970039049994,nan
4904960.0,0.125553095575621,0.08460006958837625,nan
4907008.0,0.12789165685656279,0.08071709083947182,nan
4909056.0,0.1262433919525523,0.07733726919763108,nan
4911104.0,0.12632557718218718,0.0814861064738388,nan
4913152.0,0.12397114336803353,0.08497965689324162,nan
4915200.0,0.12896904117281502,0.07413447875606852,nan
4917248.0,0.12622891294345184,0.08161715898499755,4.397089397089398
4919296.0,0.1269557139890708,0.07139142975478369,nan
4921344.0,0.13017696014847766,0.06486168967005317,nan
4923392.0,0.12438223833214707,0.08472138578824182,nan
4925440.0,0.12201367327480579,0.09053138201442988,nan
4927488.0,0.13095335401172728,0.0520658492162744,nan
4929536.0,0.1271070354942297,0.07327413974992314,nan
4931584.0,0.12999310073437204,0.062327268213412994,nan
4933632.0,0.12859209730262414,0.06855098868240476,nan
4935680.0,0.13186123983550763,0.05969282589270477,nan
4937728.0,0.12764152267356407,0.06726865556076433,nan
4939776.0,0.1278672856968496,0.058043974032772686,nan
4941824.0,0.1303279055567358,0.04852517411298332,nan
4943872.0,0.12964290975118697,0.048572925636257445,nan
4945920.0,0.1292984216584311,0.05880155420037432,nan
4947968.0,0.1317030879551816,0.05333192881115307,nan
4950016.0,0.13062986114041167,0.054574635408723426,nan
4952064.0,0.12815084651397768,0.05061757243962209,nan
4954112.0,0.1266037627260242,0.07155153073661336,nan
4956160.0,0.12635797402318688,0.06477008823682838,nan
4958208.0,0.12840364775754354,0.059146339907424385,nan
4960256.0,0.12644515030802864,0.06553633073923971,nan
4962304.0,0.12788160530185838,0.061580930071957814,nan
4964352.0,0.1290888451843339,0.04986536939567315,nan
4966400.0,0.1311276338194336,0.042498718197273376,nan
4968448.0,0.12783002036937735,0.061178476800838114,nan
4970496.0,0.1284674940502344,0.07039648168874668,nan
4972544.0,0.13107094739132846,0.05831499443309388,nan
4974592.0,0.12493726971414781,0.08060553850124476,nan
4976640.0,0.1272497587793292,0.06857499931617822,nan
4978688.0,0.12630747361557754,0.06859306901760881,nan
4980736.0,0.12598541658479379,0.06964501473745421,nan
4982784.0,0.12468651136886726,0.08051493559400358,nan
4984832.0,0.12545527438052026,0.07117538073649782,nan
4986880.0,0.13164173112223118,0.0494208740778664,nan
4988928.0,0.12994711930078828,0.051377871807817915,nan
4990976.0,0.12937051219382922,0.06300782388989438,nan
4993024.0,0.12869021150650065,0.0684973392507131,nan
4995072.0,0.12857608699939468,0.05665739414204887,nan
4997120.0,0.12940652477334294,0.053461294392956084,nan
4999168.0,0.13194532161495715,0.05406485736992948,nan
5000000.0,0.1334466395070827,0.043499996789627744,3.4927234927234934
