step,rollout_reward_mean,rollout_reward_std,eval_dcr_mean
2048.0,0.12098294615466164,0.23872803483323574,nan
4096.0,0.1987322545302491,0.23618919253541562,nan
6144.0,0.12441998008529905,0.23759020945100068,nan
8192.0,0.12430435414972203,0.2648529811793911,nan
10240.0,0.1935133331528925,0.23235939227029656,nan
12288.0,0.06626870185360154,0.24255733213908973,nan
14336.0,0.1621629481342791,0.2601540423865599,nan
16384.0,0.07532959041367966,0.22112478857508647,nan
18432.0,0.0639703643547476,0.21976714035893383,nan
20480.0,0.07762373330223693,0.22625662739000077,nan
22528.0,0.14885264151215105,0.24612409843065336,nan
24576.0,0.08904408623534121,0.2621837369645002,nan
26624.0,0.08529900153705666,0.2560420435163104,nan
28672.0,0.08440544760464089,0.24282115874580673,nan
30720.0,0.22662641157739075,0.20665336474117074,nan
32768.0,0.06180902120668146,0.22560715217970528,nan
34816.0,0.1744657679908776,0.24947218334897692,nan
36864.0,0.07483957963342391,0.2520043654862841,nan
38912.0,0.02065580287993167,0.20573870930328206,nan
40960.0,0.04356135568020851,0.18522611510265355,nan
43008.0,0.11832069890770203,0.23123932535749714,nan
45056.0,0.11164266300896675,0.24811590085026677,nan
47104.0,0.026254382473803885,0.18315396921784546,nan
49152.0,0.12103170827032339,0.25265203982805257,nan
51200.0,0.1268336470380035,0.2252445531519684,nan
53248.0,0.042521720086155686,0.22925503863382204,nan
55296.0,0.009099420425598179,0.20850128000843188,nan
57344.0,0.17506394673404574,0.25043831422139484,nan
59392.0,0.13892028576723606,0.23996313456920113,nan
61440.0,0.07242111789310086,0.24549213235834305,nan
63488.0,0.031148260124403047,0.2258654796368042,nan
65536.0,0.0692844600976844,0.19364088758275433,nan
67584.0,0.2263100967181862,0.21914715414575614,nan
69632.0,0.15505712203549582,0.23973618531574792,nan
71680.0,0.1589912928874236,0.22505486321277782,nan
73728.0,0.11967209892197607,0.22534763935912017,nan
75776.0,0.039802620063345284,0.21787634253975788,nan
77824.0,0.09096998189605436,0.24038642118973122,nan
79872.0,0.11819516002878108,0.23079194275744408,nan
81920.0,0.017397954426258265,0.22398056917082082,nan
83968.0,0.10925118461886595,0.23720603551853048,nan
86016.0,0.11307506062043188,0.2608833569420062,nan
88064.0,0.0699683325615908,0.23471329088812587,nan
90112.0,0.16353266579974696,0.23492908829937983,nan
92160.0,0.09967575418662303,0.24152384613417807,nan
94208.0,0.14895042113184662,0.2289825281482157,nan
96256.0,0.14940053747527726,0.23595039783380437,nan
98304.0,0.1390124138933046,0.24535138656161862,nan
100352.0,0.1913348706423981,0.21248568748386504,51.943866943866944
102400.0,0.25608615094235954,0.20484268943620915,nan
104448.0,0.14566428318797192,0.24739358372841072,nan
106496.0,0.0894640035449051,0.23014743366206405,nan
108544.0,0.10505673394846841,0.2588196869776986,nan
110592.0,0.08054068076800489,0.21901092331458868,nan
112640.0,0.06936349080931063,0.23890225748494437,nan
114688.0,0.1209547489160168,0.23509800368962613,nan
116736.0,0.003852331174836035,0.22082503151377578,nan
118784.0,0.0317673811774038,0.2017553367330261,nan
120832.0,0.06383048732917672,0.19893400029909378,nan
122880.0,0.14199257560634648,0.23529988231464954,nan
124928.0,0.07779078338191543,0.20154438815564346,nan
126976.0,0.07529871026237725,0.22703203192585986,nan
129024.0,0.17172131970913523,0.23144050534731267,nan
131072.0,0.12337358293928444,0.25000344180727674,nan
133120.0,0.10409104243684295,0.19647204795574238,nan
135168.0,0.0015996824073709962,0.2158303359796841,nan
137216.0,0.09999349557324032,0.2573650021151699,nan
139264.0,0.08579007799046404,0.20488160863392996,nan
141312.0,0.22764416084115086,0.21954855331611997,nan
143360.0,0.1031263470657561,0.23655551177004167,nan
145408.0,0.2933533822458513,0.1558039856055898,nan
147456.0,0.12575920683130531,0.23187768435449124,nan
149504.0,0.04741491150432127,0.1823562989396777,nan
151552.0,0.12914684204812912,0.23466687937487374,nan
153600.0,0.09473645896943805,0.21167176806454685,nan
155648.0,0.022316055318433826,0.2265468308233342,nan
157696.0,0.05405283896543078,0.23472509316204412,nan
159744.0,0.1329105854611749,0.24772627669211242,nan
161792.0,0.05058380625403734,0.21222481686049152,nan
163840.0,0.07537051396692218,0.21446138952821633,nan
165888.0,0.05216129588906252,0.236134487906522,nan
167936.0,0.014690626378947629,0.2234435047706536,nan
169984.0,0.0956359546997345,0.2298864686280406,nan
172032.0,0.03243563433834732,0.22034906387424297,nan
174080.0,0.0703299145956022,0.23624128609707096,nan
176128.0,0.05610288949061373,0.20336717930420534,nan
178176.0,0.02840972387606235,0.22336998644137726,nan
180224.0,0.07787608209772573,0.18305403851930271,nan
182272.0,0.05059127598693243,0.21240057559388129,nan
184320.0,0.005782303308760664,0.17872468136778635,nan
186368.0,0.08496150576408801,0.24533720223380917,nan
188416.0,0.10012208521496825,0.24418755723688512,nan
190464.0,0.09704340976130635,0.24685903372695772,nan
192512.0,0.06106967850613765,0.19601586632899648,nan
194560.0,0.056942114227853176,0.19678874617104133,nan
196608.0,0.06250237365029596,0.23411679751866843,nan
198656.0,0.01157942104211656,0.19320073811728058,nan
200704.0,0.07443699234795285,0.24951432585569042,31.54885654885655
202752.0,-0.0038733796371962694,0.20674341367089485,nan
204800.0,0.04045621134920403,0.1963954470855243,nan
206848.0,0.04991969779466232,0.2309937974367227,nan
208896.0,0.06320647648498212,0.22510856375633143,nan
210944.0,0.05897398989675555,0.21855236150255727,nan
212992.0,0.024958577027943907,0.18706749265166348,nan
215040.0,0.07421579288903407,0.21911112824013754,nan
217088.0,0.10622630362084245,0.2267132397557251,nan
219136.0,0.07876894432600692,0.20813839582895388,nan
221184.0,0.12960067751514576,0.236918836649727,nan
223232.0,0.00037796300304159675,0.1905398331655894,nan
225280.0,0.022883092191171513,0.20518534940940283,nan
227328.0,0.07079756162672993,0.24282296584121316,nan
229376.0,0.05082249651517204,0.2114700594996591,nan
231424.0,0.07676264138380422,0.22504830030975992,nan
233472.0,0.08508163822873646,0.21748524382888698,nan
235520.0,0.09528665272136887,0.21914923926993882,nan
237568.0,0.05794254953567052,0.24220416294974662,nan
239616.0,0.10131058871566695,0.23823641155862454,nan
241664.0,0.05558039872465939,0.22361302157668356,nan
243712.0,0.13491426878417456,0.2324498457452205,nan
245760.0,0.1594448171521301,0.24820787486517154,nan
247808.0,0.10156527958015443,0.23752549243523635,nan
249856.0,0.06307397894410627,0.20975450472258622,nan
251904.0,0.02492365404816652,0.21073720226026402,nan
253952.0,0.0923450171528272,0.22063171371245247,nan
256000.0,0.11372250196857299,0.24407740963633548,nan
258048.0,0.0653746755533423,0.20267718472175705,nan
260096.0,0.09715265967477005,0.24977989195232211,nan
262144.0,0.13652556001537663,0.24139166054805905,nan
264192.0,0.02227448632198699,0.1840345967507101,nan
266240.0,0.11768584889131353,0.22297716372757959,nan
268288.0,0.08294676192509974,0.21738823709253458,nan
270336.0,0.08317427748467555,0.24486236923017737,nan
272384.0,0.029953221695855885,0.18800583524150857,nan
274432.0,0.13527282463748702,0.21645288631581724,nan
276480.0,0.08026053622101234,0.24623817865029116,nan
278528.0,0.14910717037027738,0.25307665579320404,nan
280576.0,0.01782894340534523,0.20126838545005052,nan
282624.0,0.15317563538120788,0.25826199045986575,nan
284672.0,0.0028721233007233254,0.1519539633608554,nan
286720.0,0.033799981981312115,0.2216445222289064,nan
288768.0,0.13352130898444575,0.21799156049320942,nan
290816.0,0.15162339778710016,0.25053451221913364,nan
292864.0,0.1533908336290059,0.23819077130536162,nan
294912.0,0.11150313717036955,0.21297765808026256,nan
296960.0,0.09940640411540005,0.24632029870432368,nan
299008.0,0.17213624264179964,0.22918050942657744,nan
301056.0,0.06900314842441876,0.21230947618501156,37.754677754677765
303104.0,0.1279481105120101,0.2305071677364435,nan
305152.0,0.05299096159595996,0.24516619085355448,nan
307200.0,0.12252332817302809,0.24276321119334734,nan
309248.0,0.06417014965273564,0.23365673892211258,nan
311296.0,-0.0192387900712322,0.15552689500640163,nan
313344.0,0.08894158396653556,0.22805785865441208,nan
315392.0,0.11111705799409018,0.24152845526417566,nan
317440.0,0.07164306183132113,0.24316557732642827,nan
319488.0,0.11329953217207701,0.23560823602747838,nan
321536.0,0.04498341588231494,0.20095804065079928,nan
323584.0,0.09423988642141001,0.24370306224004576,nan
325632.0,0.038597421795463424,0.19523541982206258,nan
327680.0,0.053212910218308235,0.1622249872462076,nan
329728.0,0.07735080812934116,0.21957137681677077,nan
331776.0,0.0032862855172501827,0.1794904943413312,nan
333824.0,0.0624851347802838,0.2167326928363287,nan
335872.0,0.1294671590012073,0.22940976827963258,nan
337920.0,0.03241162753032028,0.21214073919832094,nan
339968.0,0.06759795361641102,0.21506044394002952,nan
342016.0,-0.017316968557297405,0.17507599578434727,nan
344064.0,0.08669939400633228,0.22603481117740112,nan
346112.0,0.06953595255251387,0.22261775581743845,nan
348160.0,0.08709329291506657,0.22410850544927544,nan
350208.0,0.10519733630311928,0.23416564893424452,nan
352256.0,0.08144017805967119,0.2307112134324483,nan
354304.0,0.04649107496696821,0.19999869537517226,nan
356352.0,0.0801897297822052,0.23459581568822707,nan
358400.0,0.07643636793021077,0.21213376621313185,nan
360448.0,0.068475960038411,0.21533080036014582,nan
362496.0,0.10859587929628106,0.2341027447755422,nan
364544.0,0.13634226415029516,0.23888724282846824,nan
366592.0,0.02269577133300746,0.21630440825843772,nan
368640.0,0.012072620080651568,0.1974883848839085,nan
370688.0,0.1329931829067741,0.19152241843505174,nan
372736.0,0.04878776068426964,0.22958810652073583,nan
374784.0,0.11138421426271405,0.24822522419382043,nan
376832.0,0.08414160919816248,0.19752494938434428,nan
378880.0,0.05882411335251041,0.23845732295199354,nan
380928.0,0.08510328080782718,0.25371480888369785,nan
382976.0,0.07313172255041431,0.20057988983890568,nan
385024.0,0.05754961396379702,0.2121703864380278,nan
387072.0,0.19626668782847845,0.21981027867178038,nan
389120.0,0.06777884343165994,0.21364306488700913,nan
391168.0,0.06726909081426416,0.22396164235367017,nan
393216.0,0.1166475324945681,0.23357077466717252,nan
395264.0,0.13639762906329306,0.24533240091219363,nan
397312.0,0.12385752418027622,0.23331967001140883,nan
399360.0,0.06553563287012162,0.19586371639806466,nan
401408.0,0.10900995627323518,0.24339018484463984,26.569646569646572
403456.0,0.0015640889702738317,0.15775930273913757,nan
405504.0,0.059096301238620516,0.2159354797280379,nan
407552.0,0.05368621650581045,0.22166676273983404,nan
409600.0,0.05290796009657764,0.21291512655795852,nan
411648.0,0.08049643697779049,0.23440127366197305,nan
413696.0,0.08162545939623682,0.21452797736149587,nan
415744.0,0.05844221722017751,0.1851950047661978,nan
417792.0,0.06749527203903767,0.21368533858424943,nan
419840.0,0.09239657522262085,0.2380136555034688,nan
421888.0,0.09527225962287145,0.2138702262469391,nan
423936.0,0.19355257075747778,0.23070318033826054,nan
425984.0,0.05771540105531206,0.21983580746353484,nan
428032.0,0.07823098287690401,0.22776466895544145,nan
430080.0,0.10031903753207783,0.24398314357242443,nan
432128.0,0.10529474353055537,0.2188285816497162,nan
434176.0,0.15818663159750218,0.21993899131442496,nan
436224.0,0.10560950429198794,0.2199168958938032,nan
438272.0,0.08580866898469225,0.23912889208597063,nan
440320.0,0.03569037591256251,0.1894872369179878,nan
442368.0,0.12676749603861498,0.2142845507744522,nan
444416.0,0.06626638406571697,0.23709277068868123,nan
446464.0,0.018912991685091852,0.20622603747293627,nan
448512.0,0.07061250661564474,0.2239478686124647,nan
450560.0,0.06000511069581593,0.22737196094253673,nan
452608.0,0.09193427876286384,0.22483336975999582,nan
454656.0,0.08878341285818195,0.22127917530948407,nan
456704.0,0.11085355850057454,0.24422303775541046,nan
458752.0,0.09450373754377375,0.24136741743263523,nan
460800.0,0.0232206468653848,0.18897911395575648,nan
462848.0,0.09589528506570108,0.20190659402260888,nan
464896.0,0.0714130852105504,0.21549095414123814,nan
466944.0,0.07780610101476962,0.23182627268488645,nan
468992.0,0.06351365982596244,0.2182665245365186,nan
471040.0,0.07628089536778154,0.22374721735559153,nan
473088.0,0.0644645318737654,0.2319030611935793,nan
475136.0,0.09901879238320416,0.22788548127733438,nan
477184.0,0.055455916531897756,0.20567691869813406,nan
479232.0,0.042196324064107185,0.21992423653441098,nan
481280.0,0.03685385291897177,0.22486404958124398,nan
483328.0,0.05324536487324366,0.21753545269309135,nan
485376.0,0.10845630729939729,0.2319116573905856,nan
487424.0,0.13005140636429413,0.21442290726063584,nan
489472.0,0.020757726270618858,0.19514402786288026,nan
491520.0,0.09843997472969587,0.2224284667067411,nan
493568.0,0.04705840930490669,0.21102124742973088,nan
495616.0,0.07146013265212871,0.2158019532850199,nan
497664.0,0.09323199667820517,0.20285611106128967,nan
499712.0,0.06048797089321577,0.1751646019028965,nan
501760.0,0.06259637051064723,0.19513396373947273,29.365904365904367
503808.0,0.046924615134582036,0.21467385681112572,nan
505856.0,0.10854878113839497,0.23001964692776272,nan
507904.0,0.08203171630188742,0.23441647525838522,nan
509952.0,0.09154180218194283,0.21538140737657926,nan
512000.0,0.08561416304638667,0.23359953447468437,nan
514048.0,0.17774633620681282,0.24440498011828996,nan
516096.0,0.04402927010555099,0.212692071595205,nan
518144.0,0.07735391103062228,0.1821914618914518,nan
520192.0,0.042560067580745806,0.2025364444310992,nan
522240.0,0.039976051551752254,0.22675775449068294,nan
524288.0,0.10470479498602175,0.20925949359493273,nan
526336.0,0.031964277705377575,0.19183980371199075,nan
528384.0,0.051689368215195,0.19677524627149082,nan
530432.0,0.09706985897750331,0.2237628523321338,nan
532480.0,0.13957718433771824,0.24435566057019423,nan
534528.0,0.11278518464493942,0.2252041989636699,nan
536576.0,0.07556961377286617,0.18378653323983196,nan
538624.0,0.07919935191724044,0.2353182845387882,nan
540672.0,0.08471037067427657,0.2097016289307989,nan
542720.0,0.03302261737682369,0.2301274877434927,nan
544768.0,0.10889692614188631,0.22052825993756217,nan
546816.0,0.06518920682725397,0.21000639549114378,nan
548864.0,0.10111071320924836,0.2324324031413454,nan
550912.0,0.0787669299902148,0.21859325769797464,nan
552960.0,0.06584078858303011,0.19160724757176317,nan
555008.0,0.06734032239139316,0.22654015067462563,nan
557056.0,0.0082654345860098,0.15999000095477406,nan
559104.0,0.09622312171893521,0.19370561446252665,nan
561152.0,0.11698258035371722,0.24726259410922496,nan
563200.0,0.06431593182043538,0.20927026869192306,nan
565248.0,0.11317928618681174,0.21408979586636792,nan
567296.0,0.1318341689385531,0.2388283390751886,nan
569344.0,0.08926224158050405,0.2025321724724591,nan
571392.0,0.08111973302449438,0.2270284144576409,nan
573440.0,0.09767437947610925,0.20277222983053045,nan
575488.0,0.11590695662599765,0.2320536324492231,nan
577536.0,0.024972319032171113,0.19381655188491576,nan
579584.0,0.08733898383695977,0.2105168809230653,nan
581632.0,0.09747363664058363,0.20978730128064327,nan
583680.0,0.08121715472423553,0.1940045390332236,nan
585728.0,0.08884837636804035,0.21557239551399027,nan
587776.0,0.012658581979973604,0.16721709551189678,nan
589824.0,0.0525242908714393,0.18488383675016065,nan
591872.0,0.09931762980340507,0.2259013004413972,nan
593920.0,0.06597753594191899,0.20510133225800567,nan
595968.0,0.09059446341609831,0.23641010042695557,nan
598016.0,0.13299780863345512,0.21469464554871112,nan
600064.0,0.13401816388496302,0.24769122909701852,nan
602112.0,0.16315979685913723,0.22287742252403367,37.952182952182945
604160.0,0.09461054597589329,0.21465841089633292,nan
606208.0,0.04478409463133589,0.2259914924321948,nan
608256.0,0.09005219794174088,0.2024758926319587,nan
610304.0,0.10033462651215473,0.22138785594091379,nan
612352.0,0.11063850087265643,0.23049397971487579,nan
614400.0,0.06632221655633547,0.21900152724781902,nan
616448.0,0.06973031748317668,0.19597647487924255,nan
618496.0,0.051755722641975796,0.2138095283607679,nan
620544.0,0.16931018892585256,0.2237574952626141,nan
622592.0,0.07091668920981813,0.21007176985749612,nan
624640.0,0.0593600745751136,0.21876544247648894,nan
626688.0,0.07404462780317231,0.22986590413524047,nan
628736.0,0.10669189163923593,0.2381407807400139,nan
630784.0,0.10447948180183637,0.21152428046581345,nan
632832.0,0.06044451198388448,0.23383922105412502,nan
634880.0,0.1616875867739347,0.23070047788672704,nan
636928.0,0.09727395775479486,0.23201207591720063,nan
638976.0,0.10174817486363441,0.19194478866428585,nan
641024.0,0.11512423734152438,0.22718360170644403,nan
643072.0,0.10277639207173575,0.23929468868390283,nan
645120.0,0.1072301065654312,0.23700234917677768,nan
647168.0,0.09662412865920904,0.23801815502100568,nan
649216.0,0.07516794136194765,0.21949224968334013,nan
651264.0,0.09692618879030644,0.21074752880595266,nan
653312.0,0.06502143219365811,0.23245587435477139,nan
655360.0,0.16075328143998377,0.217698376394972,nan
657408.0,0.09502662815572495,0.23129353507258366,nan
659456.0,0.12302339087903727,0.20172338320012645,nan
661504.0,0.07094052528182,0.22161640133625563,nan
663552.0,0.03262887473989373,0.1828337053066295,nan
665600.0,0.0806070502346592,0.2288083503329314,nan
667648.0,0.11559620867468742,0.24803464091205987,nan
669696.0,0.1073071990310673,0.21647501723116738,nan
671744.0,0.1509912258929953,0.22747831561804546,nan
673792.0,0.10627046139755904,0.23286634666493633,nan
675840.0,0.07727125458948939,0.21883562048033187,nan
677888.0,0.04814887769767555,0.17861485986114245,nan
679936.0,0.06774090043978798,0.17560107925770768,nan
681984.0,0.11999049524211833,0.19011774952264213,nan
684032.0,0.06618190687253288,0.18149994194579308,nan
686080.0,0.058050902357402824,0.2398138449568376,nan
688128.0,0.09086531807084924,0.24452825590665983,nan
690176.0,0.14063001524305713,0.24323006551914694,nan
692224.0,0.15142190583784088,0.20394145821633325,nan
694272.0,0.098359598132049,0.22211031686892424,nan
696320.0,0.12221587698523897,0.22551965846848512,nan
698368.0,0.0727630000673555,0.2208326799670462,nan
700416.0,0.15004438605762607,0.22654658679790055,nan
702464.0,0.08021939609677092,0.2037188428748151,35.04158004158005
704512.0,0.03700477496603162,0.22034998427790925,nan
706560.0,0.1084820343578827,0.2179646506750707,nan
708608.0,0.11407444159064851,0.23353138328896847,nan
710656.0,0.07917525814842014,0.21531637373078,nan
712704.0,0.08970851669245986,0.23063625694215298,nan
714752.0,0.08674110398789005,0.2005465844766211,nan
716800.0,0.08224854561626888,0.17004328620569092,nan
718848.0,0.1032171244430314,0.22340007466828776,nan
720896.0,0.06231370450899988,0.22839022090989874,nan
722944.0,0.0957909844399836,0.21599413361414516,nan
724992.0,0.10597909300717595,0.21706654282768184,nan
727040.0,0.06048818240172077,0.2124508440081739,nan
729088.0,0.07793398307637914,0.2147262343270731,nan
731136.0,0.07904192707765029,0.2369199146725611,nan
733184.0,0.0934750682128045,0.21415513808597517,nan
735232.0,0.13360490493304514,0.22652596621462448,nan
737280.0,0.10513183338481713,0.229242110131366,nan
739328.0,0.08128984601290137,0.2337756453702883,nan
741376.0,0.10211290057710486,0.23021418112853043,nan
743424.0,0.0609450797614899,0.22310123594582093,nan
745472.0,0.04203929207793469,0.21072717904899385,nan
747520.0,0.10146626995082086,0.21581731010521238,nan
749568.0,0.08546137565253059,0.2167300385789051,nan
751616.0,0.10691204237999678,0.21141789546937834,nan
753664.0,0.05812745559107915,0.1998245294722956,nan
755712.0,0.10748532368347703,0.2356110711491556,nan
757760.0,0.043209696670190756,0.17418403705779115,nan
759808.0,0.1245376210318341,0.23831434339211965,nan
761856.0,0.053388066021018976,0.20278758949762837,nan
763904.0,0.09409207486319524,0.21274472061702124,nan
765952.0,0.10715725929892485,0.23819420505373914,nan
768000.0,0.15758837924478153,0.1978189276579585,nan
770048.0,0.12169503976438423,0.2395054266438634,nan
772096.0,0.07974308737506736,0.20866320648748382,nan
774144.0,0.1066213258189834,0.2458751363690195,nan
776192.0,0.1363956767542511,0.2278202697108282,nan
778240.0,0.10312045489686715,0.21124088127908483,nan
780288.0,0.11537812005947112,0.21586621509616855,nan
782336.0,0.10432148516393294,0.18861201017043489,nan
784384.0,0.04191346444245386,0.2087529442461352,nan
786432.0,0.114272672998082,0.21669737511538342,nan
788480.0,0.1907621301467955,0.22076314882071565,nan
790528.0,0.15232407528286526,0.2406918694935366,nan
792576.0,0.025371136581479315,0.18506629284857246,nan
794624.0,0.0928727633551995,0.23305687515864607,nan
796672.0,0.04559498882926165,0.22401712140435953,nan
798720.0,0.12562720429111263,0.23391008386951176,nan
800768.0,0.15215523581101312,0.20708518149634284,nan
802816.0,0.07158593201971411,0.21798604566680552,35.550935550935556
804864.0,0.09060370110162697,0.22401107498181735,nan
806912.0,0.0531583771800245,0.19674551682902036,nan
808960.0,0.04523764773508099,0.214151919762109,nan
811008.0,0.05402385892708546,0.20643160938717253,nan
813056.0,0.1748622234182564,0.2498394101033232,nan
815104.0,0.07854852738982573,0.2063970844125504,nan
817152.0,0.13745187593799485,0.2484215347001233,nan
819200.0,0.15478790446016555,0.23584513243154395,nan
821248.0,0.1541352605740695,0.24207010522900918,nan
823296.0,0.06727022588981224,0.23240502244839303,nan
825344.0,0.12335390379032456,0.2224417460576132,nan
827392.0,0.045970663492357615,0.16389720867108487,nan
829440.0,0.08722935922735453,0.22872683891672743,nan
831488.0,0.12996427253648182,0.22920886318491765,nan
833536.0,0.062270506415560374,0.2278280657988645,nan
835584.0,0.08681441351427341,0.2229683784662001,nan
837632.0,0.06464688515379535,0.20108173424846162,nan
839680.0,0.15014998300546628,0.238197577754425,nan
841728.0,0.12527696080249334,0.22105169309886036,nan
843776.0,0.08922449514147732,0.21282178105221586,nan
845824.0,0.08157698280820641,0.20467164594090498,nan
847872.0,0.09805326673873241,0.2155431740039645,nan
849920.0,0.07536487577089776,0.2235798640847512,nan
851968.0,0.038270120023338794,0.208334094102893,nan
854016.0,0.09985009797124754,0.22603539266212286,nan
856064.0,0.03955103494574372,0.2211607139510602,nan
858112.0,0.05820600663938243,0.23281265086686154,nan
860160.0,0.10105350992889382,0.23304064124980364,nan
862208.0,0.10871357162395216,0.23292736516003046,nan
864256.0,0.12529463931311335,0.23750492915831847,nan
866304.0,0.12769858213268181,0.2207013942287881,nan
868352.0,0.08536850444473179,0.23965866272778028,nan
870400.0,0.17545966607467672,0.24072865484082429,nan
872448.0,0.13361929867023153,0.23413173743461446,nan
874496.0,0.13824137822002328,0.24890288364823726,nan
876544.0,0.09155077027198896,0.21731463861339767,nan
878592.0,0.07467001660865255,0.22316279986303442,nan
880640.0,0.17177530943455613,0.22611128101522512,nan
882688.0,0.06172782898226632,0.16482995875178688,nan
884736.0,0.023917020731295854,0.18037894796833956,nan
886784.0,0.12749750471125865,0.2180707184269219,nan
888832.0,0.13849865110901416,0.23869766084492547,nan
890880.0,0.14639603565142134,0.24042165816153452,nan
892928.0,0.13888436494081235,0.2304677645874633,nan
894976.0,0.17953827571280045,0.21132682357987115,nan
897024.0,0.13466013703170615,0.24641115764991056,nan
899072.0,0.07616295857224081,0.24286818945973224,nan
901120.0,0.06241094239127494,0.21228553775993783,nan
903168.0,0.10647708887378608,0.2286026010251301,34.24116424116424
905216.0,0.1267355649219547,0.22245315555747838,nan
907264.0,0.08786473963966626,0.20240909945429503,nan
909312.0,0.07192002186177276,0.20552586697019037,nan
911360.0,0.07803064009689265,0.24771417213972227,nan
913408.0,0.11610690199606803,0.21916765800119348,nan
915456.0,0.192262345154047,0.22904150895690475,nan
917504.0,0.112096237668287,0.25006005575792584,nan
919552.0,0.13027467880044466,0.21859884236695665,nan
921600.0,0.09528391355062496,0.20360317312484444,nan
923648.0,0.07686860915988568,0.23536153779828897,nan
925696.0,0.08370746835289772,0.23332012153917156,nan
927744.0,0.0777743719675798,0.19879852348804503,nan
929792.0,0.13238604591139527,0.23826758881445087,nan
931840.0,0.05325224994273615,0.18828925754592085,nan
933888.0,0.0690660632821781,0.21686738211260687,nan
935936.0,0.15337195268502454,0.24879746600532604,nan
937984.0,0.03198050864409741,0.1911077905747631,nan
940032.0,0.11300663452017619,0.23135420243700963,nan
942080.0,0.04859435032805631,0.216666289710659,nan
944128.0,0.16048615728654178,0.23526664670835667,nan
946176.0,0.05751611474868444,0.20792328539978655,nan
948224.0,0.02756329336425819,0.19440437213904366,nan
950272.0,0.08191025187248682,0.24099881604467083,nan
952320.0,0.07441319503526307,0.19572681128362884,nan
954368.0,0.11872170993111952,0.2236819281237523,nan
956416.0,0.15586406329734304,0.21369560823765732,nan
958464.0,0.13652201206494352,0.19094610527421063,nan
960512.0,0.059637980976276976,0.2286789738250894,nan
962560.0,0.10751374412018243,0.24317218407736274,nan
964608.0,0.1223573228458874,0.223854975253508,nan
966656.0,0.07097998108120929,0.21960894260662278,nan
968704.0,0.13672916456168208,0.22777572478880453,nan
970752.0,0.1426151534245877,0.24164621016251508,nan
972800.0,0.2059532855561612,0.22737834658182834,nan
974848.0,0.16857238418274112,0.24284717022418345,nan
976896.0,0.18764802766348088,0.23045319999988986,nan
978944.0,0.11026819063865742,0.2420429614856794,nan
980992.0,0.19009431707068034,0.22772628607411385,nan
983040.0,0.11366907165222992,0.2381037751901143,nan
985088.0,0.11126982675529493,0.23750011417198139,nan
987136.0,0.11635705911226568,0.221081495165986,nan
989184.0,0.09422012864153462,0.24843043133651702,nan
991232.0,0.05553399342290218,0.20574695180032174,nan
993280.0,0.10782645646106839,0.24488841278320292,nan
995328.0,0.14836270560438897,0.2547692793765663,nan
997376.0,0.1315202566445121,0.22923302603615112,nan
999424.0,0.11590712114536794,0.23398478521755106,nan
1001472.0,0.00920882471745314,0.18039400742666045,nan
1003520.0,0.19022637228199263,0.22677517248081133,57.11018711018712
1005568.0,0.1716579923278208,0.2287976990678304,nan
1007616.0,0.1792918453848872,0.23216701716171018,nan
1009664.0,0.12422304405517487,0.23218161178721572,nan
1011712.0,0.16075710673131186,0.2334281433457453,nan
1013760.0,0.1441821054151502,0.23297721554077147,nan
1015808.0,0.11331036899404513,0.241471067237441,nan
1017856.0,0.17735305248607214,0.23558846032515873,nan
1019904.0,0.11941078028976336,0.2392053338536632,nan
1021952.0,0.20173355360441242,0.2116183601799829,nan
1024000.0,0.12002817201654403,0.23636804936600903,nan
1026048.0,0.1310565817612071,0.24218005668526307,nan
1028096.0,0.15815561655293786,0.22137755194038466,nan
1030144.0,0.13157204220909358,0.24509133478297276,nan
1032192.0,0.09700576307987155,0.233335467785847,nan
1034240.0,0.18943806870606772,0.216770933759999,nan
1036288.0,0.12884277297106467,0.23441942468189447,nan
1038336.0,0.058028913750181946,0.18061082477566462,nan
1040384.0,0.1382658367681546,0.1948341550134174,nan
1042432.0,0.06001163540423125,0.22410051602186887,nan
1044480.0,0.12627666773739193,0.2219524266891928,nan
1046528.0,0.23033792880601428,0.21514998706680333,nan
1048576.0,0.17532922364018183,0.23201167855766575,nan
1050624.0,0.13629409140865556,0.243642719599744,nan
1052672.0,0.11834565044777233,0.23286297908374362,nan
1054720.0,0.04584690582690707,0.19710081177819308,nan
1056768.0,0.19266109154183497,0.2399706660215635,nan
1058816.0,0.08913632717716959,0.21995722666844478,nan
1060864.0,0.11195347201251354,0.22756289698333523,nan
1062912.0,0.09520101041422004,0.22286691357907434,nan
1064960.0,0.14885052176360455,0.24007592230913283,nan
1067008.0,0.2387910496101176,0.2116288418398819,nan
1069056.0,0.08847166601530718,0.2318278913595823,nan
1071104.0,0.08443000951797243,0.22735888023179163,nan
1073152.0,0.047203294099699145,0.20717843312560527,nan
1075200.0,0.1465721809094512,0.22389793021525464,nan
1077248.0,0.16556095891403172,0.2326543781822808,nan
1079296.0,0.19599272027755044,0.24628007728785548,nan
1081344.0,0.2145500381808834,0.22039648039264398,nan
1083392.0,0.20736522849905825,0.2233719015479068,nan
1085440.0,0.10831890177754874,0.2425157894814972,nan
1087488.0,0.22100714525990678,0.21574372659439275,nan
1089536.0,0.21574524002743292,0.231952174042621,nan
1091584.0,0.15438002828351363,0.25703406005263785,nan
1093632.0,0.16934989226512692,0.2379535325395977,nan
1095680.0,0.0512136224774571,0.22908419455844553,nan
1097728.0,0.1475012856872338,0.25665670856490624,nan
1099776.0,0.09382194516330047,0.23106441907437683,nan
1101824.0,-0.004993839147955162,0.17297854109859606,nan
1103872.0,0.20144393345876982,0.2269425254738428,50.34303534303534
1105920.0,0.19846097429286003,0.20771991975066123,nan
1107968.0,0.15240144953892057,0.23721026607841536,nan
1110016.0,0.13090951626552638,0.23107663931930209,nan
1112064.0,0.25114957101492685,0.21015284046296154,nan
1114112.0,0.1894261948113063,0.2306501907768682,nan
1116160.0,0.17858550222734254,0.22120259594462996,nan
1118208.0,0.08342636210477597,0.21831394418662714,nan
1120256.0,0.18744054383999553,0.22593454708988606,nan
1122304.0,0.10862446161998057,0.2590548769984831,nan
1124352.0,0.10115244927162619,0.24856414698299548,nan
1126400.0,0.19998593228722297,0.23630052816624628,nan
1128448.0,0.17786914459327552,0.21695331603178175,nan
1130496.0,0.21584230924892578,0.20136437416032063,nan
1132544.0,0.2784526651656606,0.18085337115134206,nan
1134592.0,0.14614461805211956,0.24774067303298405,nan
1136640.0,0.05231105665931231,0.226076014697649,nan
1138688.0,0.17163079909405,0.21794773258845068,nan
1140736.0,0.05693064666587641,0.22404457110316836,nan
1142784.0,0.19770806520365022,0.22080965411058986,nan
1144832.0,0.16725831143667935,0.23607862807899171,nan
1146880.0,0.0756621597145549,0.22997642648170608,nan
1148928.0,0.12262579536414603,0.23273093311272564,nan
1150976.0,0.07120313837238107,0.20634555633329407,nan
1153024.0,0.2368656673848363,0.230918945251772,nan
1155072.0,0.17252838765936995,0.23664142766536927,nan
1157120.0,0.13722340937934865,0.2430236469705002,nan
1159168.0,0.19763587840385627,0.23495664130778307,nan
1161216.0,0.16938044238850775,0.23518118341419916,nan
1163264.0,0.22702498045740804,0.21819033301878726,nan
1165312.0,0.23575882032823958,0.21213908614488744,nan
1167360.0,0.15999249788700726,0.21242759362838,nan
1169408.0,0.30551186002259867,0.14691176583746532,nan
1171456.0,0.11438826997477289,0.2586133622801919,nan
1173504.0,0.13573719461748926,0.23995966926651136,nan
1175552.0,0.18683557419035862,0.2376436256165027,nan
1177600.0,0.10072663019035244,0.2365404582437627,nan
1179648.0,0.1921129674009046,0.22222820531501228,nan
1181696.0,0.10432239780656649,0.21414205328370045,nan
1183744.0,0.18295016383272833,0.2124762793142968,nan
1185792.0,0.1336046148012399,0.26281563325379775,nan
1187840.0,0.13889397462409495,0.223179805361535,nan
1189888.0,0.12562564469446916,0.23138570283356458,nan
1191936.0,0.229811679478586,0.21658321709889955,nan
1193984.0,0.09892779317457825,0.2577749071231186,nan
1196032.0,0.09730372285742751,0.2450588093874096,nan
1198080.0,0.13646571589078688,0.23507042930941235,nan
1200128.0,0.2234849314236268,0.1893504828643561,nan
1202176.0,0.17412372171567925,0.2589441934054622,nan
1204224.0,0.16373211278506183,0.25254860973399035,44.8024948024948
1206272.0,0.057561584661521586,0.24407229125735308,nan
1208320.0,0.24060303498721403,0.2035856427335589,nan
1210368.0,0.18345930887946088,0.22626406116063258,nan
1212416.0,0.14419922705702426,0.24175735757649097,nan
1214464.0,0.185434549017919,0.23508911275853617,nan
1216512.0,0.08314024497584649,0.20769410426120427,nan
1218560.0,0.2272982266281642,0.2292470370936018,nan
1220608.0,0.11796679588016153,0.2207266915320401,nan
1222656.0,0.18860484241884742,0.2531694979866405,nan
1224704.0,0.1439365093242206,0.22387503406661036,nan
1226752.0,0.16570141182946566,0.2224334209574226,nan
1228800.0,0.14699254562670583,0.23487403372966476,nan
1230848.0,0.030163719972355885,0.2101838540587668,nan
1232896.0,0.1384043904375072,0.22368313374130658,nan
1234944.0,0.1262654047899429,0.22938788225039766,nan
1236992.0,0.1267848720378989,0.23214691449405497,nan
1239040.0,0.22451832650289516,0.21430299504994774,nan
1241088.0,0.27018877195521784,0.18328442729267735,nan
1243136.0,0.221393625316518,0.20768720947369707,nan
1245184.0,0.006730123913408673,0.1828674357519375,nan
1247232.0,0.25875803344218284,0.1937297618925797,nan
1249280.0,0.15607304198047708,0.23406575874216257,nan
1251328.0,0.06727279142027928,0.22417150957967116,nan
1253376.0,0.10236603833891961,0.22424394568858136,nan
1255424.0,0.1769927969227344,0.23093685018909427,nan
1257472.0,0.2520500905977642,0.20321210653754665,nan
1259520.0,0.030529063126075187,0.21173541400654408,nan
1261568.0,0.09028618099765562,0.24148714514243338,nan
1263616.0,0.21977858577770865,0.212822990231643,nan
1265664.0,0.18389559953516604,0.2595658312974437,nan
1267712.0,0.2548384303263778,0.19444118685591463,nan
1269760.0,0.07883659770057083,0.24425041636152006,nan
1271808.0,0.19146352409813006,0.2405400668208781,nan
1273856.0,0.1754747373396938,0.2573759740471113,nan
1275904.0,0.15242422121826166,0.23162046155967903,nan
1277952.0,0.14829143891513283,0.24905630237173992,nan
1280000.0,0.1171385362790322,0.24017594814869409,nan
1282048.0,0.07589144147410982,0.2201922471632554,nan
1284096.0,0.30615970334463444,0.152586596098028,nan
1286144.0,0.06972770802452545,0.20315938275670983,nan
1288192.0,0.1505338076874984,0.2426735098838435,nan
1290240.0,0.15008137463831603,0.2366562750278206,nan
1292288.0,0.23614884194334282,0.22795471238903264,nan
1294336.0,0.1929806381101996,0.21056718215787754,nan
1296384.0,0.17841888965791253,0.22048618060411643,nan
1298432.0,0.17210635535152236,0.23248256698675243,nan
1300480.0,0.174988006935758,0.22275919363328722,nan
1302528.0,0.036539824399554846,0.2460430966144328,nan
1304576.0,0.11738649473177165,0.22540108085941052,48.014553014553016
1306624.0,0.23718511695103484,0.21188376913676954,nan
1308672.0,0.10785109946568629,0.24047570631940235,nan
1310720.0,0.3231742449197712,0.12567790631004175,nan
1312768.0,0.02112127233759144,0.2090125466573887,nan
1314816.0,0.34286962912708563,0.12047172907464607,nan
1316864.0,0.13507817298896005,0.24161243279507894,nan
1318912.0,0.11496895989074951,0.26750221881920677,nan
1320960.0,0.2543062260843443,0.2194058843917628,nan
1323008.0,0.26666338241426113,0.2141352920831105,nan
1325056.0,0.1488959300406912,0.2395843385982009,nan
1327104.0,0.09678076686648869,0.24549144333363254,nan
1329152.0,0.20641029046028764,0.199796882606889,nan
1331200.0,0.25437101095115044,0.20799692419812435,nan
1333248.0,0.12465882608005176,0.24694861273056778,nan
1335296.0,0.18789148073084438,0.23021668425681904,nan
1337344.0,0.17505959003646404,0.22877394311813337,nan
1339392.0,0.25522759715905735,0.19998350634205783,nan
1341440.0,0.21762086287429427,0.23885508211641332,nan
1343488.0,0.09824818645249199,0.244579049561977,nan
1345536.0,0.07259936753586486,0.24296949240045188,nan
1347584.0,0.2710629536016072,0.17444330428579263,nan
1349632.0,0.29513290179434315,0.16305452736029274,nan
1351680.0,0.14062699960786443,0.2382626725997359,nan
1353728.0,0.08940371216781993,0.26058305622134875,nan
1355776.0,0.241916778164273,0.1819258411681365,nan
1357824.0,0.1317965763190229,0.23907385332767855,nan
1359872.0,0.1709247170280382,0.23548044164269646,nan
1361920.0,0.16265269478986347,0.2535393163188782,nan
1363968.0,0.10804351406125874,0.242305632846966,nan
1366016.0,0.15342141064617626,0.23739859050424622,nan
1368064.0,0.19541927430244216,0.2321738177610414,nan
1370112.0,0.24024785869571647,0.22813154186275342,nan
1372160.0,0.2288072118847773,0.23783712021870493,nan
1374208.0,0.2075516069271339,0.23105844004013693,nan
1376256.0,0.17150624013693622,0.2442842659441562,nan
1378304.0,0.2731883841394298,0.17796730346787457,nan
1380352.0,0.28339726582239166,0.16093789948318737,nan
1382400.0,0.21201166414764275,0.225276785763691,nan
1384448.0,0.25056718339633166,0.2018481043548058,nan
1386496.0,0.05160358974261365,0.23913872060633679,nan
1388544.0,0.3069231805217121,0.1712387672965832,nan
1390592.0,0.08220117873640484,0.25258371209427877,nan
1392640.0,0.2121408862755816,0.206532394612571,nan
1394688.0,0.13981661221147362,0.24955161726050132,nan
1396736.0,0.3252344207848149,0.11573030161314653,nan
1398784.0,0.25722700317169656,0.1905462419912841,nan
1400832.0,0.26833359921598643,0.19957895892930483,nan
1402880.0,0.14038700206413166,0.2566168374406923,nan
1404928.0,0.23516115711840319,0.2192895842341709,69.90644490644489
1406976.0,0.1554401018343451,0.23507372160578555,nan
1409024.0,0.052314286178369265,0.26054225723282387,nan
1411072.0,0.27982501761063233,0.20081922951126904,nan
1413120.0,0.07847640546495588,0.25237920665643365,nan
1415168.0,0.14957236135680854,0.2145755937856456,nan
1417216.0,0.16942260617977548,0.23994475483703426,nan
1419264.0,0.15137753076444377,0.26040880347622747,nan
1421312.0,0.19925165934075173,0.2344530323122601,nan
1423360.0,0.1828305582526078,0.23935658643210647,nan
1425408.0,0.2737307483766364,0.191148967647782,nan
1427456.0,0.15723862326878746,0.2120086031666017,nan
1429504.0,0.08523091445956156,0.236741861870098,nan
1431552.0,0.22297623524430563,0.2237123828661019,nan
1433600.0,0.1810697773169789,0.2254242814986709,nan
1435648.0,0.17829461720868994,0.2253118853749694,nan
1437696.0,0.19598774584128584,0.23675743766758106,nan
1439744.0,0.3004791635413929,0.16496136654147894,nan
1441792.0,0.18442587333531618,0.24248230323186992,nan
1443840.0,0.16151420231279676,0.2529932094157943,nan
1445888.0,0.20759921418842853,0.24634946656302462,nan
1447936.0,0.22567233793173574,0.23129703086652462,nan
1449984.0,0.2627710451077275,0.20085489056092262,nan
1452032.0,0.19946773680529933,0.22906932846225295,nan
1454080.0,0.038588166335502806,0.22864097755174775,nan
1456128.0,0.31580688767434273,0.13078977765537353,nan
1458176.0,0.176701513236996,0.21338759463746976,nan
1460224.0,0.1895836934870016,0.24559053239456372,nan
1462272.0,0.16108852003570734,0.2680164313962208,nan
1464320.0,0.24064089948929132,0.19768937967356212,nan
1466368.0,0.19879068911878126,0.2423969934194973,nan
1468416.0,0.18612843647429317,0.2385640479956529,nan
1470464.0,0.13556732130241583,0.22136340878771568,nan
1472512.0,0.26182264136785066,0.21607537810801705,nan
1474560.0,0.21683595773036884,0.22344293099832988,nan
1476608.0,0.07756507326311547,0.21734590954011143,nan
1478656.0,0.1327541601910274,0.22452500719341967,nan
1480704.0,0.21934139166196243,0.23257548259608543,nan
1482752.0,0.08135818156181476,0.2710209213746157,nan
1484800.0,0.29548564750371353,0.17819435606650977,nan
1486848.0,0.24427595209863073,0.21057913429541242,nan
1488896.0,0.21458753477146714,0.22616104768178363,nan
1490944.0,0.28883369946458887,0.1613476188698197,nan
1492992.0,0.23935888857496485,0.23320965711066202,nan
1495040.0,0.2960988954589659,0.19538992065229532,nan
1497088.0,0.20634484390110733,0.22641427207380616,nan
1499136.0,0.24635897906996457,0.21290451004485694,nan
1501184.0,0.23091290658875807,0.21351217712758266,nan
1503232.0,0.1250432048208039,0.23119180374660614,nan
1505280.0,0.14334552503729603,0.25423675067706625,65.36382536382537
1507328.0,0.25302227262960725,0.22493275205671717,nan
1509376.0,0.26067143686477334,0.1975165663983624,nan
1511424.0,0.1310118986127403,0.2420684868936089,nan
1513472.0,0.06770740077707496,0.2451668039728012,nan
1515520.0,0.18357840207648418,0.2264880051015815,nan
1517568.0,0.15248687156519355,0.25028800792020833,nan
1519616.0,0.1612659594210992,0.2538580843618549,nan
1521664.0,0.2401341918033275,0.2187880992816569,nan
1523712.0,0.3047860694375447,0.17521458584689836,nan
1525760.0,0.30894023510991664,0.13976531642245016,nan
1527808.0,0.1915312383967541,0.24577954437775784,nan
1529856.0,0.17347221970077514,0.2126764304794263,nan
1531904.0,0.22519176094606003,0.2243799521689639,nan
1533952.0,0.23562692219282005,0.23375307375427964,nan
1536000.0,0.24349169760848607,0.22654371492608544,nan
1538048.0,0.25702786618749446,0.2179467901438623,nan
1540096.0,0.2986793669621044,0.18498784453455894,nan
1542144.0,0.2757513792332763,0.16938938743049056,nan
1544192.0,0.18695150469563118,0.22118592542926654,nan
1546240.0,0.3028885533297258,0.16764282688453022,nan
1548288.0,0.2559668106549412,0.2051000798422652,nan
1550336.0,0.3008887360191411,0.15099758618333603,nan
1552384.0,0.3150154298169608,0.1453623604021332,nan
1554432.0,0.2222397559029032,0.22459021617623193,nan
1556480.0,0.1060069461185027,0.25761564859599123,nan
1558528.0,0.24449580133933424,0.20487224783202498,nan
1560576.0,0.2625709741064127,0.19027519431365097,nan
1562624.0,0.06417551922998067,0.24617798713315245,nan
1564672.0,0.1959281383805831,0.23923215616615714,nan
1566720.0,0.2046498121322046,0.22816119007052113,nan
1568768.0,0.22718941783585636,0.2276662064437259,nan
1570816.0,0.31107698374188786,0.17108948005331173,nan
1572864.0,0.14411971494854,0.24664270101962915,nan
1574912.0,0.21889843273623902,0.23132964753704685,nan
1576960.0,0.18639098331289625,0.2349024257590124,nan
1579008.0,0.15482123318449126,0.22221204649827064,nan
1581056.0,0.33278842707936784,0.09612222358588389,nan
1583104.0,0.21589710758368671,0.23878346708439235,nan
1585152.0,-0.025490777608547677,0.22931259146450572,nan
1587200.0,0.12084825981137999,0.2354994832059019,nan
1589248.0,0.2765421019241231,0.18451411705622345,nan
1591296.0,0.15576705680553465,0.259657278827232,nan
1593344.0,0.18372402146561106,0.24817141993643424,nan
1595392.0,0.20552468717124522,0.23612231146815615,nan
1597440.0,0.23538893844201692,0.23301861956656547,nan
1599488.0,0.32591343087107144,0.13598978937632383,nan
1601536.0,0.2603151136983348,0.19479771869436024,nan
1603584.0,0.26422069830649997,0.19676096022495473,nan
1605632.0,0.32541306274428233,0.1420778029591524,79.83367983367984
1607680.0,0.19899908115911633,0.23315316992597593,nan
1609728.0,0.17312532327497604,0.22040244874963516,nan
1611776.0,0.273086441202286,0.18358724638670718,nan
1613824.0,0.29720633986159883,0.18643727994276502,nan
1615872.0,0.15296881586134373,0.22027116946295808,nan
1617920.0,0.1676809979896431,0.243921092754074,nan
1619968.0,0.1671405593420868,0.2250450925576823,nan
1622016.0,0.32438886540275697,0.148150187502217,nan
1624064.0,0.30161294053023435,0.19331421734559331,nan
1626112.0,0.22737335400653447,0.2211529463614345,nan
1628160.0,0.26402932163441517,0.19899974204600962,nan
1630208.0,0.27248666033066543,0.1767556485806649,nan
1632256.0,0.26679236974852616,0.21049318195520245,nan
1634304.0,0.26367824380371463,0.2072800670404032,nan
1636352.0,0.23278515067963726,0.1798510137577168,nan
1638400.0,0.3273954966966341,0.10647120877737894,nan
1640448.0,0.286284185776888,0.18596256943655973,nan
1642496.0,0.1765193950711406,0.2265285570049143,nan
1644544.0,0.26224245661821477,0.21405518824448513,nan
1646592.0,0.3258450671275268,0.16222898060304403,nan
1648640.0,0.31012508037038533,0.14824462747232872,nan
1650688.0,0.16108865173730522,0.23020240995129929,nan
1652736.0,0.2340445084698298,0.17115767382648142,nan
1654784.0,0.21188222489445174,0.23182510901504425,nan
1656832.0,0.07016929955767304,0.25372795151554345,nan
1658880.0,0.19280945958611928,0.2403231803613304,nan
1660928.0,0.19049570578268987,0.23328714293941508,nan
1662976.0,0.09321028542123566,0.24942109160311166,nan
1665024.0,0.18321405829803838,0.24497703638502893,nan
1667072.0,0.2415442317008908,0.1954396649241616,nan
1669120.0,0.10952548080367813,0.25164584069843043,nan
1671168.0,0.34714455395773014,0.11475876148273281,nan
1673216.0,0.1396585162740687,0.23781368293262048,nan
1675264.0,0.15690680502501134,0.2228142678935607,nan
1677312.0,0.22056105992969424,0.1943395206195135,nan
1679360.0,0.24793075099360634,0.19728288417313067,nan
1681408.0,0.13908897633804884,0.2275041795275596,nan
1683456.0,0.25043306241327545,0.21711335851902472,nan
1685504.0,0.1469622986181123,0.2698535633489066,nan
1687552.0,0.28117060458021925,0.17753996496356134,nan
1689600.0,0.19515355055127037,0.23890419290357298,nan
1691648.0,0.159501857551169,0.22364760424655344,nan
1693696.0,0.29512965212297504,0.19053178357093273,nan
1695744.0,0.32398023772326806,0.13888097154301546,nan
1697792.0,0.19450370635956546,0.2351741363840082,nan
1699840.0,0.1733422975295843,0.25415936018696605,nan
1701888.0,0.18581483184665498,0.2496378114974398,nan
1703936.0,0.31040283298286914,0.16027348753010504,nan
1705984.0,0.24321389527274773,0.21430328521443703,72.77546777546777
1708032.0,0.2185084149085615,0.23996468243753594,nan
1710080.0,0.2347732458479282,0.2098322821256802,nan
1712128.0,0.32306684165359323,0.15748730731218952,nan
1714176.0,0.2757670303178563,0.20456472591559471,nan
1716224.0,0.24406624005292482,0.21305089736290445,nan
1718272.0,0.17488562719242423,0.23400092144195273,nan
1720320.0,0.20256755354314626,0.23320025655358584,nan
1722368.0,0.27277610857449686,0.200897120376135,nan
1724416.0,0.25529174507039565,0.2001951817737947,nan
1726464.0,0.14639583670714712,0.19511478108835414,nan
1728512.0,0.20279434256960022,0.20478101340773391,nan
1730560.0,0.09779939583229728,0.19160263566403174,nan
1732608.0,0.11588055795990951,0.21759261892686807,nan
1734656.0,0.15278833996354158,0.2225122999437399,nan
1736704.0,0.18065267801039261,0.25866748669706785,nan
1738752.0,0.29418140471206555,0.16472200333524686,nan
1740800.0,0.19088829381510936,0.23705232381224797,nan
1742848.0,0.23708206806602122,0.24007447579342797,nan
1744896.0,0.11583113839347978,0.26466102827571397,nan
1746944.0,0.25227575882837483,0.20500302682960625,nan
1748992.0,0.2319723241403538,0.20873404866027812,nan
1751040.0,0.1702755464810622,0.25835649500932795,nan
1753088.0,0.3453494975576542,0.10601439636245227,nan
1755136.0,0.27292542168749456,0.17642455201384302,nan
1757184.0,0.28808279925211894,0.17011461998139388,nan
1759232.0,0.30375621100337274,0.18813511527061977,nan
1761280.0,0.14979358789786099,0.2407858903186581,nan
1763328.0,0.22478540837597902,0.22560500722561638,nan
1765376.0,0.038168533294592924,0.24605063532770582,nan
1767424.0,0.28866576012452344,0.15330915410157175,nan
1769472.0,0.3181384836208895,0.1530079724999187,nan
1771520.0,0.24038494465989382,0.20313882145051176,nan
1773568.0,0.3355856841583098,0.1367047362412442,nan
1775616.0,0.21072865649055922,0.2271430790579079,nan
1777664.0,0.3003862834988046,0.17817977785327083,nan
1779712.0,0.11126993979902927,0.228593782066814,nan
1781760.0,0.24060713024127045,0.19489666259521599,nan
1783808.0,0.21729641818447715,0.19839413610977558,nan
1785856.0,0.18260889538576702,0.2168965306957231,nan
1787904.0,0.2693060484671596,0.21842959385994787,nan
1789952.0,0.2330681326289069,0.20378043852693123,nan
1792000.0,0.26900866728854006,0.1833664520478143,nan
1794048.0,0.3295475765019667,0.09841358561366252,nan
1796096.0,0.29236124692409027,0.185120161516838,nan
1798144.0,0.1950035305215594,0.23520359988158934,nan
1800192.0,0.04355521477640572,0.24441191026334722,nan
1802240.0,0.18856459233121398,0.24610846705906933,nan
1804288.0,0.06478408766499054,0.2549020249233611,nan
1806336.0,0.1626314404824826,0.2576887244816248,85.98752598752598
1808384.0,0.2878582528740389,0.18664707057884933,nan
1810432.0,0.34822598818935435,0.1139036510270775,nan
1812480.0,0.19604035437524786,0.2268463599454083,nan
1814528.0,0.30372007583380667,0.18659679037713722,nan
1816576.0,0.27307568758126854,0.180783444580517,nan
1818624.0,0.1744090493350945,0.23307688468681068,nan
1820672.0,0.2675412684393584,0.18101503385854106,nan
1822720.0,0.28482360915422544,0.17258659421289213,nan
1824768.0,0.23472096524775987,0.213386107909351,nan
1826816.0,0.2741258324096393,0.17877519124259944,nan
1828864.0,0.11988713650651805,0.255685385481183,nan
1830912.0,0.11173771043239815,0.2791075717246623,nan
1832960.0,0.16818846536065846,0.2626809203269099,nan
1835008.0,0.26705315563647963,0.21219169265791438,nan
1837056.0,0.26285102248026115,0.221277499279091,nan
1839104.0,0.18585991225958798,0.2396820410878052,nan
1841152.0,0.15747612606813238,0.2623077417409638,nan
1843200.0,0.2150379580031356,0.23273413515968114,nan
1845248.0,0.10689681642535338,0.2563170136171488,nan
1847296.0,0.2185654815740383,0.2278861869550617,nan
1849344.0,0.30639561738797505,0.17973265256183574,nan
1851392.0,0.08326965925149546,0.25751522385844916,nan
1853440.0,0.26798670690591614,0.21268138736776843,nan
1855488.0,0.22271550294753945,0.2313790258074629,nan
1857536.0,0.14380214232072558,0.24919422601386396,nan
1859584.0,0.2379938411632486,0.19524569651625748,nan
1861632.0,0.3267389265361699,0.12998019942928965,nan
1863680.0,0.058547875327244606,0.24077601995779804,nan
1865728.0,0.18679345112128448,0.2396020161727444,nan
1867776.0,0.11262175752882211,0.2595205534455168,nan
1869824.0,0.09150886057861615,0.2542325098944596,nan
1871872.0,0.18549706204312194,0.2547349211395296,nan
1873920.0,0.3690737549433641,0.06547503011816636,nan
1875968.0,0.31025648902316916,0.17934183930108274,nan
1878016.0,0.1397357840928281,0.2509307497424817,nan
1880064.0,0.296050303816587,0.1671279965857292,nan
1882112.0,0.1852000233168592,0.22485799221446143,nan
1884160.0,0.28046686119862363,0.20106246001587427,nan
1886208.0,0.12252385959936718,0.24804186255868643,nan
1888256.0,0.16021371344033586,0.2477236940352668,nan
1890304.0,0.18192542480544582,0.2283367073544708,nan
1892352.0,0.2420615752648117,0.20322036251277903,nan
1894400.0,0.07764665586734701,0.22310161474026183,nan
1896448.0,0.19228587086328758,0.23580342374517568,nan
1898496.0,0.10294133032093869,0.25919272288214174,nan
1900544.0,0.1839004695563078,0.24795818390877641,nan
1902592.0,0.08349159374545548,0.25576932556009596,nan
1904640.0,0.31067082594585216,0.164562222367274,nan
1906688.0,0.1290077538456199,0.2598413658626222,43.409563409563404
1908736.0,0.1853135380432756,0.2549732932502438,nan
1910784.0,0.18163604317002202,0.2540205039313829,nan
1912832.0,0.1604052562444675,0.2532012150704783,nan
1914880.0,0.09928293170678291,0.2760892511091165,nan
1916928.0,0.22373922315811004,0.22876024269737402,nan
1918976.0,0.20826826548961577,0.25500820029260807,nan
1921024.0,0.12409923099058628,0.27058916505845365,nan
1923072.0,0.26390637608560596,0.2145818523936638,nan
1925120.0,0.25850943080911687,0.22253043098749434,nan
1927168.0,0.23936324438915432,0.22791339010774353,nan
1929216.0,0.2681984210662347,0.21532357085395462,nan
1931264.0,0.3225525951217324,0.14705161323037494,nan
1933312.0,0.17990144673837413,0.2545413073426227,nan
1935360.0,0.05875405436565337,0.1821762044040904,nan
1937408.0,0.15561128822041462,0.21361873816404972,nan
1939456.0,0.30750616472728887,0.1614078816857887,nan
1941504.0,0.24561307357547632,0.2111031807958215,nan
1943552.0,0.3256540199669227,0.10128175430154507,nan
1945600.0,0.33412211355206994,0.11214060496775509,nan
1947648.0,0.18885479016037154,0.22270333878998988,nan
1949696.0,0.2250083042224419,0.22780605658633057,nan
1951744.0,0.24157401177770713,0.2223756990915646,nan
1953792.0,0.15355415817063955,0.23896479604991466,nan
1955840.0,0.22254995761607355,0.2183767150781852,nan
1957888.0,0.1935696356809037,0.24925778828538606,nan
1959936.0,0.24710208678356904,0.21645534179374482,nan
1961984.0,0.17688562300089908,0.2485835032862453,nan
1964032.0,0.25036478743867896,0.22165462944748385,nan
1966080.0,0.23557281881977093,0.19990844767040522,nan
1968128.0,0.2519778548990304,0.20039594982153433,nan
1970176.0,0.2506908847969051,0.190539059134426,nan
1972224.0,0.32030132346547524,0.16987251369863604,nan
1974272.0,0.2551898407776001,0.20111096366935724,nan
1976320.0,0.31531741760685617,0.1482022151250327,nan
1978368.0,0.26089386283097316,0.19478785369846421,nan
1980416.0,0.19919096771984957,0.25399902089024756,nan
1982464.0,0.24178049418490338,0.2185038816216895,nan
1984512.0,0.28384862365572194,0.17925590815565784,nan
1986560.0,0.1762818170610399,0.2513645025437648,nan
1988608.0,0.23693719784595565,0.20750451128908687,nan
1990656.0,0.24265323938133823,0.19512798027328196,nan
1992704.0,0.14441919245452656,0.2347926314042501,nan
1994752.0,0.251613563200333,0.20793582226669935,nan
1996800.0,0.18387958785620118,0.25396601092536153,nan
1998848.0,0.2304877800934921,0.21798407095412853,nan
2000896.0,0.19467320318084794,0.25818198494116956,nan
2002944.0,0.296707225503485,0.15318006205756518,nan
2004992.0,0.252051045414342,0.23227913137530787,nan
2007040.0,0.2920678751254205,0.19600732046190805,74.8960498960499
2009088.0,0.2875929154205895,0.16379959860449592,nan
2011136.0,0.2813544051381604,0.17542774293068958,nan
2013184.0,0.12372882057973945,0.258316648939685,nan
2015232.0,0.30890657552221845,0.1707533860387746,nan
2017280.0,0.27672325914060925,0.20362895164982261,nan
2019328.0,0.15165068717334002,0.2018846210727179,nan
2021376.0,0.25851826370833236,0.1657886640174127,nan
2023424.0,0.20551090528485416,0.2288995323293376,nan
2025472.0,0.35350411248762104,0.10668354697016905,nan
2027520.0,0.10273131492289256,0.27114629380821564,nan
2029568.0,0.0858077322745519,0.2646299750240211,nan
2031616.0,0.3380387149871191,0.12411791394637385,nan
2033664.0,0.11281713496291529,0.2511688422440609,nan
2035712.0,0.027931951531957676,0.19552726250315763,nan
2037760.0,0.20232625811930594,0.2267052763958687,nan
2039808.0,0.06986486695105237,0.25146378027295163,nan
2041856.0,0.19701286031287257,0.23702826596572316,nan
2043904.0,0.07360999982791769,0.24630655840707877,nan
2045952.0,0.12324510262633012,0.2610511600466851,nan
2048000.0,0.1530462092548418,0.23999497773039521,nan
2050048.0,0.18861375715892084,0.2549821407264649,nan
2052096.0,0.21491737626748164,0.2287153524326222,nan
2054144.0,0.07707888511943725,0.24687621749175287,nan
2056192.0,0.2862576240748288,0.20079522805589972,nan
2058240.0,0.2732988251297243,0.18960638996688062,nan
2060288.0,0.22150116796653596,0.2411609581361685,nan
2062336.0,0.1244933847566635,0.2692962165324955,nan
2064384.0,0.2938616168896612,0.2093690461144651,nan
2066432.0,0.2640418016333763,0.18113299315897066,nan
2068480.0,0.2059010488438305,0.2298651900537964,nan
2070528.0,0.2686948152349345,0.20639677210358306,nan
2072576.0,0.24972474677020276,0.2240115024155313,nan
2074624.0,0.30955360679635263,0.16459177196011246,nan
2076672.0,0.3362934316677385,0.07549282685605999,nan
2078720.0,0.35811471250719007,0.10213373625238541,nan
2080768.0,0.1507079947218029,0.25769032971790207,nan
2082816.0,0.2555861283512072,0.21656520209485378,nan
2084864.0,0.24405052127056176,0.19894164088931654,nan
2086912.0,0.0381910936532313,0.1797444855909286,nan
2088960.0,0.21326122997793504,0.21232953925409456,nan
2091008.0,0.11936290424037642,0.26573092085627265,nan
2093056.0,0.0781593955150596,0.20916574673624194,nan
2095104.0,0.1158447443503173,0.2087174284281072,nan
2097152.0,0.11508247701132282,0.2224108686395409,nan
2099200.0,0.3023997184244652,0.15617680762683356,nan
2101248.0,0.16394017438900482,0.27091730266977215,nan
2103296.0,0.17022798484068546,0.23550224620480892,nan
2105344.0,0.27007977628631863,0.1994198204368943,nan
2107392.0,0.24440465477528506,0.2224590663456144,71.41014061322547
2109440.0,0.13593262622644056,0.24064737164723832,nan
2111488.0,0.2383382650659882,0.22470662864154287,nan
2113536.0,0.2633123903002733,0.19011651776964622,nan
2115584.0,0.19450035283693032,0.24188768814891004,nan
2117632.0,0.2781554211650509,0.1872674433634872,nan
2119680.0,0.24904834690035865,0.23737154136628916,nan
2121728.0,0.26704457628405587,0.18718057639909144,nan
2123776.0,0.277961555926563,0.17930783817583848,nan
2125824.0,0.16337793435466297,0.24985244889069289,nan
2127872.0,0.20596834293640365,0.24658465708154076,nan
2129920.0,0.13651318141992405,0.25797035909239374,nan
2131968.0,0.2480640388998017,0.1978871595872838,nan
2134016.0,0.24478889036291362,0.22483621057964187,nan
2136064.0,0.23343722069028475,0.2134977634007885,nan
2138112.0,0.08061263736714161,0.22964483198108213,nan
2140160.0,0.06937378248615089,0.22025784009696708,nan
2142208.0,0.24154139268982536,0.22619196735178435,nan
2144256.0,0.2931430640081393,0.16680124797561374,nan
2146304.0,0.23332448924959978,0.22707234784493552,nan
2148352.0,0.22521631465083672,0.21536032376556105,nan
2150400.0,0.19575654295005998,0.25327420827335234,nan
2152448.0,0.24991872666606832,0.22510633564528768,nan
2154496.0,0.34397047135070946,0.13177067693829164,nan
2156544.0,0.20920088483189456,0.21858912104552333,nan
2158592.0,0.14323789136125997,0.24871891725996706,nan
2160640.0,0.01620086916352892,0.2226392403565308,nan
2162688.0,0.1648259330758015,0.2678418931682575,nan
2164736.0,0.09829060681349114,0.26474957254481285,nan
2166784.0,0.1976557658213175,0.2339508255039514,nan
2168832.0,0.13580011062464664,0.22836220726454848,nan
2170880.0,0.25433847395098247,0.23454734973115213,nan
2172928.0,0.3600051764954869,0.07336412094611618,nan
2174976.0,0.16682663280545737,0.27021476619417945,nan
2177024.0,0.31900449578664447,0.13778664954678174,nan
2179072.0,0.21548468574521068,0.2293324690983213,nan
2181120.0,0.2885815882240886,0.1733078332437942,nan
2183168.0,0.10064158634322462,0.2810457475312674,nan
2185216.0,0.08749104709316088,0.26731762110067386,nan
2187264.0,0.06593832602550641,0.23893587834819635,nan
2189312.0,0.23873973181181518,0.2298114260900479,nan
2191360.0,0.2664984915193554,0.20241745457649357,nan
2193408.0,0.13547862368750754,0.2789669351127225,nan
2195456.0,0.270889594966361,0.21475622636883288,nan
2197504.0,0.22618573873092992,0.2438011738917971,nan
2199552.0,0.21955363297956998,0.22683934161398717,nan
2201600.0,0.22377761002234925,0.2162822797878045,nan
2203648.0,0.2262652242937307,0.20504351630112494,nan
2205696.0,0.08750449340206459,0.2510101717810555,nan
2207744.0,0.2659901113723399,0.22288312872659913,67.55717255717256
2209792.0,0.077738381465186,0.24904515434691982,nan
2211840.0,0.003977992830901771,0.2371084682182662,nan
2213888.0,0.31082554705321813,0.16744783251926307,nan
2215936.0,0.2544285226359524,0.23338924700710204,nan
2217984.0,0.26934235139160173,0.18341284799410074,nan
2220032.0,0.1891425177655823,0.22687114833568334,nan
2222080.0,0.2413451001819141,0.23199062840953372,nan
2224128.0,0.17578980985751022,0.21357315521412384,nan
2226176.0,0.07476786810393164,0.2358532994554011,nan
2228224.0,0.13956194737520655,0.22518620320756863,nan
2230272.0,0.29730589114013295,0.17599312009484105,nan
2232320.0,0.18485749808955948,0.20379837032703665,nan
2234368.0,0.24400768356743308,0.21304336492898102,nan
2236416.0,0.09190547275559871,0.2289519360022117,nan
2238464.0,0.25928675747828167,0.19522176420970042,nan
2240512.0,0.084849368566853,0.22689407409128073,nan
2242560.0,0.21884499977336597,0.2435815880940231,nan
2244608.0,0.17827314739855227,0.26759288151754107,nan
2246656.0,0.24456918723888058,0.21097055119751018,nan
2248704.0,0.13608365637571135,0.21621486276076954,nan
2250752.0,0.3037794061112868,0.16594935426558066,nan
2252800.0,0.2837105139758982,0.18155822648075523,nan
2254848.0,0.26766880507560553,0.19492924647428084,nan
2256896.0,0.24600716186262564,0.21435617279645824,nan
2258944.0,0.3264185073658326,0.136177497116198,nan
2260992.0,0.26527726763343074,0.1872089653720469,nan
2263040.0,0.30485225154953255,0.16194630242031025,nan
2265088.0,0.3328813646906865,0.1339572033370932,nan
2267136.0,0.1713435290027748,0.21409700542830423,nan
2269184.0,0.10984340668591433,0.24481200316420795,nan
2271232.0,0.18368006775986057,0.2373633111798339,nan
2273280.0,0.12455791833089483,0.24594495758789248,nan
2275328.0,0.3508492518790471,0.09448171029206386,nan
2277376.0,0.24066759618567987,0.2063309564049722,nan
2279424.0,0.2480750029959311,0.23035061758191733,nan
2281472.0,0.30917187360357723,0.16289843126583206,nan
2283520.0,0.14074811048584404,0.2147200495796304,nan
2285568.0,0.2962026016249361,0.16362480674753077,nan
2287616.0,0.23827491804739165,0.23586071049707866,nan
2289664.0,0.15750881448872492,0.24105761766010214,nan
2291712.0,0.3002340042255479,0.19756868883569048,nan
2293760.0,0.1834868750966888,0.22776913691802014,nan
2295808.0,0.27425958079154716,0.21080798291860695,nan
2297856.0,0.13560749037678343,0.2144129341958216,nan
2299904.0,0.07851866204704197,0.24477001880831406,nan
2301952.0,0.1867862421551914,0.24994528300303107,nan
2304000.0,0.0962960632109717,0.23264323280422705,nan
2306048.0,0.30780098410657336,0.16732908803382435,nan
2308096.0,0.2670247716446068,0.19952482161212554,49.25155925155924
2310144.0,0.0979897353151322,0.2626727758354616,nan
2312192.0,0.30842995309243215,0.15321970268252788,nan
2314240.0,0.2900757860617518,0.15517609351270809,nan
2316288.0,0.31703055306175354,0.13849696582361334,nan
2318336.0,0.11856425208932103,0.2710670246418506,nan
2320384.0,0.2400098112750615,0.2339527497779097,nan
2322432.0,0.3108415088817545,0.15859677471727252,nan
2324480.0,0.32326823265954296,0.14955033293704617,nan
2326528.0,0.13022893914446795,0.2746596968010437,nan
2328576.0,0.26701615145580954,0.2085571520708362,nan
2330624.0,0.3225252814440103,0.15499768793306376,nan
2332672.0,0.2881202469464066,0.1746331195539394,nan
2334720.0,0.28524909896578754,0.20530890680453934,nan
2336768.0,0.29728300641705296,0.16064621854692457,nan
2338816.0,0.2574971994582036,0.22697612971745557,nan
2340864.0,0.3197451785437554,0.14238962206105707,nan
2342912.0,0.19126384486158093,0.25126495670830945,nan
2344960.0,0.12746252138137876,0.225426402002514,nan
2347008.0,0.24919874810262535,0.2126267773242528,nan
2349056.0,0.341921454806726,0.11557770095093373,nan
2351104.0,0.20024787097046715,0.22775188693098136,nan
2353152.0,0.07826895913526986,0.20986203488757743,nan
2355200.0,0.15787054503537,0.22619688193803483,nan
2357248.0,0.10798272888766867,0.27617413720257444,nan
2359296.0,0.19851740752253022,0.23419707474472448,nan
2361344.0,0.15833768760575279,0.2728361745360461,nan
2363392.0,0.26089413757365076,0.20887898289756396,nan
2365440.0,0.2724793388349459,0.2102096739163343,nan
2367488.0,0.16872862334777355,0.21177746837547604,nan
2369536.0,0.12211808500567208,0.24703590130991246,nan
2371584.0,0.25491775412574946,0.2262532917386891,nan
2373632.0,0.20022569458964545,0.26184649534945376,nan
2375680.0,0.3113922570543326,0.1668312691587107,nan
2377728.0,0.08996672415810061,0.26068021122425195,nan
2379776.0,0.22490445541335025,0.23956295790054669,nan
2381824.0,0.26616980464786943,0.2108286811816096,nan
2383872.0,0.2938649552908648,0.1985623139887484,nan
2385920.0,0.2061922698014901,0.21450006621403386,nan
2387968.0,0.2164827377218429,0.24752431607987335,nan
2390016.0,0.2659451662860148,0.1967094975709343,nan
2392064.0,0.2661816209691152,0.2175122307056369,nan
2394112.0,0.2836071219002124,0.20597340837405428,nan
2396160.0,0.2451532130489082,0.20665730772436094,nan
2398208.0,0.35790147914993736,0.04158207009391042,nan
2400256.0,0.14841375212466873,0.2630600378973917,nan
2402304.0,0.2557475824009057,0.20068907327190558,nan
2404352.0,0.2698810010272329,0.21570228066151417,nan
2406400.0,0.2937573074526886,0.17800527379742873,nan
2408448.0,0.3374697197567559,0.11778637802614977,71.25779625779627
2410496.0,0.24406715997087308,0.2134935858548948,nan
2412544.0,0.22702476218088305,0.2356170702568551,nan
2414592.0,0.2278854487535379,0.197207838000523,nan
2416640.0,0.2502548115246576,0.19375103028841054,nan
2418688.0,0.20967112839804763,0.2119704487735678,nan
2420736.0,0.0335993705890194,0.21701926950188336,nan
2422784.0,0.30827374815455477,0.17416832974160426,nan
2424832.0,0.14432224601550342,0.2600208393580437,nan
2426880.0,-0.007454344469162755,0.22577655977092953,nan
2428928.0,0.19172598314371952,0.23179750815205127,nan
2430976.0,0.10788393513751598,0.2556568063381624,nan
2433024.0,0.12392340287994627,0.26232182331378523,nan
2435072.0,0.28993737561490196,0.20810135798929494,nan
2437120.0,0.28837786249044517,0.16217793953042248,nan
2439168.0,0.1571406769859323,0.2576123517041602,nan
2441216.0,0.21232173522541692,0.23693054805787242,nan
2443264.0,0.2519820612357172,0.22687362190453808,nan
2445312.0,0.24898603018289658,0.19869580744188126,nan
2447360.0,0.1700261340780437,0.2492317901367104,nan
2449408.0,0.12964446517962458,0.241753227353634,nan
2451456.0,0.11254121480695145,0.26013034958990955,nan
2453504.0,0.07702205174205082,0.27202722793230116,nan
2455552.0,0.09033418912293449,0.2540507231279587,nan
2457600.0,0.23063220191567096,0.24484310942878157,nan
2459648.0,0.1616079229915914,0.2415273368399173,nan
2461696.0,0.1779046094645098,0.2215496045286492,nan
2463744.0,0.20777504951443626,0.23252307515548643,nan
2465792.0,0.16242808892745958,0.20098515840586578,nan
2467840.0,0.05997225528158142,0.20979043034940456,nan
2469888.0,0.1405091937038658,0.25401606147964584,nan
2471936.0,0.15886138815105547,0.22579110098402821,nan
2473984.0,0.15396097120686086,0.2560867388969832,nan
2476032.0,0.16476647228199104,0.2158666106379821,nan
2478080.0,0.1796781969130545,0.21999071506091059,nan
2480128.0,0.20685606847553922,0.22128063498284176,nan
2482176.0,0.1986157147712728,0.23504799910261628,nan
2484224.0,0.2913199392047449,0.18770878184275078,nan
2486272.0,0.34055897515974975,0.1138258817613764,nan
2488320.0,0.2787691436596462,0.17675443984390596,nan
2490368.0,0.31727088991987223,0.15065686692017838,nan
2492416.0,0.19675181162476893,0.2399680973881548,nan
2494464.0,0.2473559795340234,0.2063599816960818,nan
2496512.0,0.1424159607575154,0.2035973247880587,nan
2498560.0,-0.025665380581295073,0.21572842454773525,nan
2500608.0,0.1224431936808778,0.20127326480459173,nan
2502656.0,0.24016587092125558,0.20989977884614544,nan
2504704.0,0.2794225682153386,0.2079933799242759,nan
2506752.0,0.35742878598116545,0.09869583416592992,nan
2508800.0,0.13182207961802522,0.26981951912159435,79.97920997920997
2510848.0,0.21507619630058675,0.242144864202,nan
2512896.0,0.29656715190412,0.17158929472183773,nan
2514944.0,0.23868549928620322,0.19607860790783158,nan
2516992.0,0.2729014997242263,0.20080303201000033,nan
2519040.0,0.19879683913291202,0.24159025549399088,nan
2521088.0,0.23080527251806568,0.24729530147317746,nan
2523136.0,0.22092113899375157,0.23773994664116294,nan
2525184.0,0.28107428557414416,0.17474698782790984,nan
2527232.0,0.27668465274539966,0.18318859235310864,nan
2529280.0,0.1436621286757568,0.2560560070501223,nan
2531328.0,0.08537587045200327,0.2768270444944386,nan
2533376.0,0.3476161132961112,0.07243350347209815,nan
2535424.0,0.10846828977344783,0.24720006221483887,nan
2537472.0,-0.01569643066473004,0.22310437794501659,nan
2539520.0,0.01980946644439969,0.21295862856155592,nan
2541568.0,0.10204456897793215,0.22229907328396087,nan
2543616.0,0.23667577939086815,0.22301392301333375,nan
2545664.0,0.1994688311742182,0.22344696896877028,nan
2547712.0,0.07733937596937802,0.2704150001290267,nan
2549760.0,0.2943848030650828,0.19011272024578701,nan
2551808.0,0.2366708517013762,0.21012473537632867,nan
2553856.0,0.15553084112482943,0.2557080870135458,nan
2555904.0,0.18437612889927976,0.22884318470133932,nan
2557952.0,0.1327777838019582,0.26995811786743285,nan
2560000.0,0.23194260799642152,0.21281636136764728,nan
2562048.0,0.298195179235183,0.1854274996156648,nan
2564096.0,0.2055338312758158,0.22590757089070354,nan
2566144.0,0.2643503750363159,0.18197606190127458,nan
2568192.0,0.2964600025356421,0.17545025369497336,nan
2570240.0,0.2839027381853466,0.16776383505690168,nan
2572288.0,0.3369047353111083,0.11690525625556561,nan
2574336.0,0.2111059576535929,0.23831747366430456,nan
2576384.0,0.3461065887094007,0.11514503488532993,nan
2578432.0,0.3212620767311587,0.14577786125335257,nan
2580480.0,0.14280111876240004,0.26646427564639563,nan
2582528.0,0.35232379222296245,0.10297493174551234,nan
2584576.0,0.21785032505283458,0.21307243901846437,nan
2586624.0,0.32543398284865616,0.16382719029026643,nan
2588672.0,0.355615721299874,0.09376008586461833,nan
2590720.0,0.3615874958447534,0.10624949685104768,nan
2592768.0,0.264834439606893,0.20976288262462367,nan
2594816.0,0.1697052881571801,0.23031977079854654,nan
2596864.0,0.24574890877858346,0.2014690857937867,nan
2598912.0,0.30563443284863406,0.17137135046918966,nan
2600960.0,0.30017892547073477,0.19468023118022382,nan
2603008.0,0.2255660018751109,0.2083603087149366,nan
2605056.0,0.22903587166867373,0.21054826727484818,nan
2607104.0,0.2115122637341699,0.24884337870950027,nan
2609152.0,0.2802627209991212,0.18118664661781583,53.970893970893975
2611200.0,0.23136164425932498,0.23192953309947573,nan
2613248.0,0.2876680782826505,0.19188179513921536,nan
2615296.0,0.3526728819818983,0.1137712952672177,nan
2617344.0,0.16795136316391604,0.23580771650436097,nan
2619392.0,0.18435962338693984,0.2378521281759393,nan
2621440.0,0.15787022696786135,0.2458156172551507,nan
2623488.0,0.21043399864973922,0.23741212506766618,nan
2625536.0,0.31135036554933165,0.18021113955065227,nan
2627584.0,0.18504021723254271,0.25957386571509344,nan
2629632.0,0.27582376999062574,0.20489140283675392,nan
2631680.0,0.298312450537263,0.18100584217001148,nan
2633728.0,0.3220669108013754,0.16462454603647692,nan
2635776.0,0.2734450806777759,0.180201888816053,nan
2637824.0,0.2527632001989556,0.21553469738581008,nan
2639872.0,0.12693616699566923,0.21308115597518426,nan
2641920.0,0.3473676729238528,0.10886529289802081,nan
2643968.0,0.2911698362850236,0.174138189757223,nan
2646016.0,0.25433194002823367,0.23344697868390676,nan
2648064.0,0.18020316194145222,0.22302398921747357,nan
2650112.0,0.19379952027683917,0.25337940275619814,nan
2652160.0,0.1935808942457744,0.2141610127587395,nan
2654208.0,0.07886174615860891,0.26692452351218987,nan
2656256.0,0.2961362352542297,0.1708017822813254,nan
2658304.0,0.2614395328519958,0.2198400825801184,nan
2660352.0,0.21370152502084883,0.2522764731731688,nan
2662400.0,0.3143083658333799,0.16538814284309206,nan
2664448.0,0.3378409951779744,0.13912764746475215,nan
2666496.0,0.31893357969386005,0.15998442627854365,nan
2668544.0,0.24158897309985838,0.2207465271254223,nan
2670592.0,0.2536977200823366,0.20913520350068368,nan
2672640.0,0.2593334071749547,0.21841795418193832,nan
2674688.0,0.155166139987923,0.2738618164377703,nan
2676736.0,0.22898130002943762,0.20399238634613803,nan
2678784.0,0.1394576738146506,0.25137661993425175,nan
2680832.0,0.04201583296682822,0.24423813343412695,nan
2682880.0,0.19249259727799514,0.24413980515238834,nan
2684928.0,0.24491280794601566,0.22126121327265377,nan
2686976.0,0.1774602271802702,0.2660666911479442,nan
2689024.0,0.20701564023949864,0.22492980334708193,nan
2691072.0,0.2530910061473438,0.19170329425065344,nan
2693120.0,0.0852772532307251,0.16949863970448073,nan
2695168.0,0.26992361677273813,0.1802396039655223,nan
2697216.0,0.19605820900617937,0.21033676392076267,nan
2699264.0,0.27814851312149846,0.17676100277253076,nan
2701312.0,0.1875916381479325,0.2254337038675871,nan
2703360.0,0.1925650807463683,0.2208263898269068,nan
2705408.0,0.1529204214460772,0.2640598648831553,nan
2707456.0,0.2344801695094087,0.20783624206572124,nan
2709504.0,0.1833733696740134,0.24554250390783486,82.75467775467776
2711552.0,0.32838790964389597,0.11366741551182,nan
2713600.0,0.20604764988360358,0.2333053677088915,nan
2715648.0,0.16314060811958564,0.24708037573751535,nan
2717696.0,0.25035374064302895,0.22201397119821698,nan
2719744.0,0.29353886775144716,0.1770036032738551,nan
2721792.0,0.2872102342742664,0.1794785099430185,nan
2723840.0,0.1651402183132295,0.24597661357844955,nan
2725888.0,0.153564185092642,0.22001662145825931,nan
2727936.0,0.1518547500115674,0.2184858376008846,nan
2729984.0,0.07564541394438998,0.2612216935267403,nan
2732032.0,0.294685584191152,0.16701245151094246,nan
2734080.0,0.2338928412536839,0.22470722491645856,nan
2736128.0,0.009201168381389138,0.22255683229646758,nan
2738176.0,0.10244129274584651,0.23465857897187875,nan
2740224.0,0.19019550779001265,0.256176832808592,nan
2742272.0,0.14136013971246045,0.21482638354604663,nan
2744320.0,0.1388401392609862,0.2593299871281365,nan
2746368.0,0.35928919587796626,0.060459992880808076,nan
2748416.0,0.25513447249833177,0.23132570166595057,nan
2750464.0,0.2269828698850126,0.22171814904037274,nan
2752512.0,0.175818218604973,0.1852810326440437,nan
2754560.0,0.27713966297343273,0.166619501552232,nan
2756608.0,0.2767825764720494,0.20569461241914977,nan
2758656.0,0.13773304405118028,0.20152352131396478,nan
2760704.0,0.15393811628292725,0.20161358821201095,nan
2762752.0,0.22619125814343602,0.1817912438294021,nan
2764800.0,0.12401278750654929,0.22349494780296936,nan
2766848.0,0.19793692750320926,0.2593008307245004,nan
2768896.0,0.19070197797494332,0.24941733990083684,nan
2770944.0,0.26740833675711195,0.18389820606869972,nan
2772992.0,0.19870339856274352,0.22781478143926712,nan
2775040.0,0.12225282019813738,0.27684329608478764,nan
2777088.0,0.23222573340295583,0.21644397506636967,nan
2779136.0,0.3059479823375777,0.17638463263874046,nan
2781184.0,0.24859009949568261,0.1924386460256321,nan
2783232.0,0.2616104214549317,0.20703155737886628,nan
2785280.0,0.31279418383432767,0.17074487042722591,nan
2787328.0,0.04932108478473395,0.1953635504759384,nan
2789376.0,0.06483099799495726,0.26745962122595535,nan
2791424.0,0.23526909838610108,0.244951238710356,nan
2793472.0,0.13948459603345398,0.23919192698931635,nan
2795520.0,0.23641592246904933,0.2158737509262955,nan
2797568.0,0.31162002825137924,0.16052146217105082,nan
2799616.0,0.3067585099214326,0.1575006413283698,nan
2801664.0,0.2506329027549605,0.21458181759146958,nan
2803712.0,0.30421539945900433,0.17511397627784822,nan
2805760.0,0.20570826816713672,0.22560347621653967,nan
2807808.0,0.15850089223097558,0.22684541328699662,nan
2809856.0,0.3113412557927596,0.1351917310746873,63.139293139293144
2811904.0,0.19480817075203805,0.22250314040403957,nan
2813952.0,0.19628237986077446,0.22771097693393008,nan
2816000.0,0.2673284131600936,0.21345586542384581,nan
2818048.0,0.023186228119455823,0.23524820678952144,nan
2820096.0,0.27126598534575386,0.19242268308541272,nan
2822144.0,0.12823719747668416,0.20118363500716466,nan
2824192.0,0.3074175950025633,0.1573145774632318,nan
2826240.0,0.28350768605042376,0.19239542775822302,nan
2828288.0,0.12500027102014827,0.23328983495915587,nan
2830336.0,0.21440797509660342,0.24570793438368577,nan
2832384.0,0.2459135324544971,0.2192302752778952,nan
2834432.0,0.10483800941227,0.25392929875673226,nan
2836480.0,0.22022480763153093,0.2136015792164068,nan
2838528.0,0.26651278364255593,0.20288793305104924,nan
2840576.0,0.34392524954107884,0.07966052922934562,nan
2842624.0,0.21645578864652484,0.2382038947947283,nan
2844672.0,0.2318517548159641,0.2037983163550771,nan
2846720.0,0.3304583622383642,0.14464044099904294,nan
2848768.0,0.24912629375976195,0.21199886088830217,nan
2850816.0,0.23997784747663803,0.2149688644233473,nan
2852864.0,0.15296592663908387,0.244356195599953,nan
2854912.0,0.2248552835164147,0.21650672630376167,nan
2856960.0,0.17446951837679528,0.21921973884134718,nan
2859008.0,0.18904737739281746,0.22826384787173584,nan
2861056.0,0.24526824453102983,0.21722197123638487,nan
2863104.0,0.13538593443961044,0.2726384778419631,nan
2865152.0,0.22743627595884444,0.2355009327363398,nan
2867200.0,0.16713920988049968,0.2285436633265864,nan
2869248.0,0.23413641554930792,0.24239714356072053,nan
2871296.0,0.11908153156471962,0.21283631496293146,nan
2873344.0,0.17140441218374064,0.21253164083247897,nan
2875392.0,0.15447456943462012,0.24150027527069454,nan
2877440.0,0.20328243239509516,0.24626977280159373,nan
2879488.0,0.10033973519384007,0.26146087246901756,nan
2881536.0,0.2132238928003774,0.21269476613067717,nan
2883584.0,0.026695842565660106,0.1620000514507899,nan
2885632.0,0.2605424867268692,0.19504485310198627,nan
2887680.0,0.13477023599306548,0.2648376932650425,nan
2889728.0,0.16601140301467315,0.23732597207604028,nan
2891776.0,0.12374375630060838,0.26222059001264647,nan
2893824.0,0.2655996853646398,0.1928962456710642,nan
2895872.0,0.3279580406086631,0.14353493794282604,nan
2897920.0,0.2274813133966484,0.2087813872803485,nan
2899968.0,0.2927023723432972,0.1663530673043564,nan
2902016.0,0.1918005449762185,0.2249128619738949,nan
2904064.0,0.18221959437638208,0.24805815590878771,nan
2906112.0,0.15351634446041937,0.2262186246345422,nan
2908160.0,0.15004669216612138,0.2670661883786281,nan
2910208.0,0.09438800452729135,0.25360208984848276,47.49480249480249
2912256.0,0.1610743303917998,0.2644594094949908,nan
2914304.0,0.22952237542893122,0.22877171407704475,nan
2916352.0,0.25747413671216823,0.20929140906651716,nan
2918400.0,0.21729813336733805,0.22523822502308685,nan
2920448.0,0.311086932586915,0.1442493264114991,nan
2922496.0,0.16761650009766849,0.24145800913311252,nan
2924544.0,0.13762604621042754,0.2554177741530629,nan
2926592.0,0.21688185443496863,0.23983721237322464,nan
2928640.0,0.16758324822544654,0.2505324814720937,nan
2930688.0,0.2037386402558701,0.2275866708989092,nan
2932736.0,0.14992697095502952,0.2185679907998629,nan
2934784.0,0.3045922382228271,0.15771293378756246,nan
2936832.0,0.10652510984840863,0.2541746980278995,nan
2938880.0,0.2934885037191209,0.18815783661103355,nan
2940928.0,0.28933254003118014,0.12541722304473857,nan
2942976.0,0.07097165415796754,0.1969419380935965,nan
2945024.0,0.06665305495083884,0.25923155874896764,nan
2947072.0,0.31169534031060553,0.16246503523141334,nan
2949120.0,0.2346608711527229,0.20302570899644934,nan
2951168.0,0.2170117922030596,0.1946175984400968,nan
2953216.0,0.22491480534564323,0.23254121993287669,nan
2955264.0,0.2397811049141073,0.22059697904293268,nan
2957312.0,0.2653754477669085,0.1977368003123705,nan
2959360.0,0.27581671382511525,0.16909263761392282,nan
2961408.0,0.2560065640807527,0.22152386672398183,nan
2963456.0,0.15917058060031913,0.24775715960338462,nan
2965504.0,0.14923606186254113,0.25303955873159084,nan
2967552.0,0.1409851293153,0.2487543437333299,nan
2969600.0,0.1999732846333088,0.263567542516919,nan
2971648.0,0.1900721117190378,0.22778037152225042,nan
2973696.0,0.11999844732077253,0.2569264648670239,nan
2975744.0,0.19977776273546693,0.2234639180929049,nan
2977792.0,0.2708195933084879,0.18556599423787865,nan
2979840.0,0.19508697370507014,0.25434615508529845,nan
2981888.0,0.1523340042796869,0.23548057849361093,nan
2983936.0,0.12447862558341663,0.2019399993296796,nan
2985984.0,0.10314557249565594,0.27397674174547637,nan
2988032.0,0.256187572008759,0.20469672839674444,nan
2990080.0,0.19371484792158086,0.24514148727226484,nan
2992128.0,0.19914979346735046,0.22183455976278682,nan
2994176.0,0.20675217865928242,0.23044434133423866,nan
2996224.0,0.2861653085016505,0.17043912339274941,nan
2998272.0,0.2128844952414506,0.24466998579265847,nan
3000320.0,0.29955789125812105,0.1604502836638052,nan
3002368.0,0.3234564117205003,0.14920452567855638,nan
3004416.0,0.3398526345766625,0.09311559206891756,nan
3006464.0,0.17937499177637967,0.2241304244636114,nan
3008512.0,0.20057448286886403,0.24282107863254454,nan
3010560.0,0.13640113506493495,0.2454634569940598,45.821205821205815
3012608.0,0.1660915627842488,0.2277270077256555,nan
3014656.0,0.05308642617200657,0.25843657339103215,nan
3016704.0,0.2995736325180229,0.17781883329155068,nan
3018752.0,0.22775803658632315,0.2152449951302827,nan
3020800.0,-0.03231441964228318,0.19913755266773336,nan
3022848.0,0.11429292363037624,0.25647471965769864,nan
3024896.0,0.1682590141074034,0.2277428541696147,nan
3026944.0,0.04231730782831463,0.18857242888943804,nan
3028992.0,-0.01935741874605435,0.13267755566520967,nan
3031040.0,0.25516797116005435,0.18586191098330251,nan
3033088.0,0.21336312265003649,0.23766872411844472,nan
3035136.0,0.16151942991929163,0.23250050873900574,nan
3037184.0,0.10891837384726744,0.2437008072453707,nan
3039232.0,0.3113634847595684,0.15592165957182,nan
3041280.0,0.13988656456444223,0.22145533110990337,nan
3043328.0,0.16688159784169945,0.20404756645211616,nan
3045376.0,0.2923580322720455,0.1873223568099537,nan
3047424.0,0.08398014337736845,0.2769419945109249,nan
3049472.0,0.10799010625701919,0.2442196387665494,nan
3051520.0,0.2556220326779285,0.17155356880684405,nan
3053568.0,0.3485754515697333,0.07833208762207501,nan
3055616.0,0.20647010071382216,0.21314354996456242,nan
3057664.0,0.31762337668878754,0.15457161185787538,nan
3059712.0,0.3066579366531288,0.14099534992935897,nan
3061760.0,0.3158155780252944,0.1435175571455615,nan
3063808.0,0.1918228203677241,0.2242959962527723,nan
3065856.0,0.23804524895577134,0.2113255824050668,nan
3067904.0,0.29418409563599035,0.1657935377901927,nan
3069952.0,0.33547952742154097,0.07658037359114739,nan
3072000.0,0.2473498819233095,0.19766556313483108,nan
3074048.0,0.2683974940822362,0.22657168840264746,nan
3076096.0,0.2494786235640502,0.23262559249680362,nan
3078144.0,0.21154093679254718,0.23134104376517886,nan
3080192.0,0.2026010475499106,0.21428976536754366,nan
3082240.0,0.12739542880876348,0.26223565500820156,nan
3084288.0,0.10501400447440451,0.2524666586850474,nan
3086336.0,0.1474786917195895,0.22456114011795442,nan
3088384.0,0.2658299610157767,0.16662730091952718,nan
3090432.0,0.20102197559148044,0.18062135796508091,nan
3092480.0,0.10795133787210813,0.20095184392672663,nan
3094528.0,0.08592475354140017,0.20071917416829904,nan
3096576.0,0.06746223484651513,0.17996411920658065,nan
3098624.0,0.15256373432615133,0.1854420548160683,nan
3100672.0,0.16066650122040685,0.20745385148214773,nan
3102720.0,0.11859265820360766,0.19718401714923936,nan
3104768.0,0.21296107881601906,0.22887922217102438,nan
3106816.0,0.09747023798373824,0.18393927504922544,nan
3108864.0,0.10347525295885962,0.2428275411124862,nan
3110912.0,0.27377762166668496,0.19002008966725975,62.18295218295219
3112960.0,0.15077100196081314,0.25116488690585603,nan
3115008.0,0.23062776757437226,0.24463694504932165,nan
3117056.0,0.2686411026861937,0.23018367248845545,nan
3119104.0,0.23557399383852468,0.23381431742180606,nan
3121152.0,0.23963214209402295,0.19578007551210141,nan
3123200.0,0.3291948637459205,0.11377114605189413,nan
3125248.0,0.2449755056989556,0.21504615138847866,nan
3127296.0,0.2066508768970517,0.2472082298943209,nan
3129344.0,0.12035710720150958,0.22429048515150785,nan
3131392.0,0.23090203218750271,0.2300719768006064,nan
3133440.0,0.19415292777098794,0.22944166975252442,nan
3135488.0,0.21976517395140868,0.19725067567294713,nan
3137536.0,0.21256681213454795,0.2101945638938894,nan
3139584.0,0.3039244812673795,0.16562295508520256,nan
3141632.0,0.2742500937789333,0.18513283095762528,nan
3143680.0,0.25679778136176273,0.21334790825966643,nan
3145728.0,0.20219312412714052,0.22651336706346306,nan
3147776.0,0.2690699951290376,0.21571920329468663,nan
3149824.0,0.22025135195755277,0.22691008957938902,nan
3151872.0,0.2301893660634095,0.24432144559934016,nan
3153920.0,0.25641056511309807,0.18447608685882264,nan
3155968.0,0.21460345057186242,0.2473818756217473,nan
3158016.0,0.18903132453868968,0.2536305418748334,nan
3160064.0,0.22895232643106744,0.2170759993876719,nan
3162112.0,0.25628656947301875,0.1943796885125825,nan
3164160.0,0.1082738092251424,0.23091696327067324,nan
3166208.0,0.2684282509227922,0.16520259564640657,nan
3168256.0,0.33196247882149843,0.13944766384438398,nan
3170304.0,0.20635176792105775,0.213698099973674,nan
3172352.0,0.126835931764903,0.2387443141967448,nan
3174400.0,0.11331168240839956,0.24190272718965836,nan
3176448.0,0.1893285173952413,0.23035342378644724,nan
3178496.0,0.1327997204734673,0.2453464552940121,nan
3180544.0,0.22577313287034756,0.2286233970059689,nan
3182592.0,0.20409240429178865,0.2514571047410304,nan
3184640.0,0.20575269270415597,0.20972035760955865,nan
3186688.0,0.18706466520747736,0.2440440837389695,nan
3188736.0,0.3231100965221581,0.14812708798196822,nan
3190784.0,0.07173281361566738,0.18557200902702783,nan
3192832.0,0.18649296264919385,0.20593298823386702,nan
3194880.0,0.2656816960442036,0.18183685272331868,nan
3196928.0,0.3374641679896685,0.1154817106433298,nan
3198976.0,0.23387196377278233,0.18415866055352115,nan
3201024.0,0.23471839208994155,0.1973114159692006,nan
3203072.0,0.2340969739808399,0.2329509939204903,nan
3205120.0,0.25536616745321594,0.2064677249113518,nan
3207168.0,0.28556885993450015,0.186893464008187,nan
3209216.0,0.1485531805924642,0.21694213041163576,nan
3211264.0,0.12238992925145072,0.2196902741937185,66.6112266112266
3213312.0,0.15085603842900905,0.19148887733639702,nan
3215360.0,0.3162824858183509,0.12045246969579707,nan
3217408.0,0.10982774840052305,0.2517211724821709,nan
3219456.0,0.2549645883671079,0.18000587698512457,nan
3221504.0,0.16940735883066452,0.2584026876678112,nan
3223552.0,0.33341392932288316,0.13687510417622864,nan
3225600.0,0.26735610524033454,0.1839850141310555,nan
3227648.0,0.10169848380648441,0.19985560105943084,nan
3229696.0,0.09547945093374188,0.2121850514975828,nan
3231744.0,0.22994925895796553,0.19946600436322798,nan
3233792.0,0.24794323834259463,0.18098616157556296,nan
3235840.0,0.26505432491069403,0.2097768085087832,nan
3237888.0,0.11580496322635583,0.23776886523009114,nan
3239936.0,0.28170381006276024,0.20699470611505907,nan
3241984.0,0.19400361274448763,0.23007235118065114,nan
3244032.0,0.20971641487696968,0.19874623426258348,nan
3246080.0,0.329327732981461,0.1241433514464695,nan
3248128.0,0.17135122060116093,0.24274531886946735,nan
3250176.0,0.030335062233847243,0.23274384873401896,nan
3252224.0,0.23469551211308823,0.18837597741499829,nan
3254272.0,0.03336748007334986,0.21680126506902672,nan
3256320.0,0.3079061801344545,0.155939829037253,nan
3258368.0,0.31687104617622175,0.12664646020748713,nan
3260416.0,0.1832455779876228,0.25974224532565204,nan
3262464.0,0.3282423583545521,0.13451834555512873,nan
3264512.0,0.03767100977148963,0.18702387101537776,nan
3266560.0,0.16732821873275733,0.21011102582959187,nan
3268608.0,0.21862988958933183,0.1519673043678188,nan
3270656.0,0.29290639140094676,0.16138628822744192,nan
3272704.0,0.11272749368702996,0.23338144450066464,nan
3274752.0,0.2076000150035668,0.2199956802191096,nan
3276800.0,0.055365126424857886,0.26182433264001126,nan
3278848.0,0.147684249440033,0.25958272927574794,nan
3280896.0,0.13695282473533257,0.2493050114859404,nan
3282944.0,0.16287779298449762,0.252597873312824,nan
3284992.0,0.18002176658933733,0.19438584390415234,nan
3287040.0,0.0441956203556995,0.22509719241321283,nan
3289088.0,0.2703126705764986,0.1755420545611773,nan
3291136.0,0.1892164886524028,0.1885952733610707,nan
3293184.0,0.2417586757350379,0.22630479272049484,nan
3295232.0,0.20481534782642075,0.2070583085399979,nan
3297280.0,0.167363690713548,0.24206206513860767,nan
3299328.0,0.14128867040410195,0.24044276686008764,nan
3301376.0,0.1773123816659723,0.22247625296182935,nan
3303424.0,0.2635730680049846,0.19862452390027238,nan
3305472.0,0.2227358582200188,0.23541110677577304,nan
3307520.0,0.26547666138015297,0.20266756382518533,nan
3309568.0,0.30325547540424297,0.15435424347100338,nan
3311616.0,0.2919712545873659,0.1690903160494987,70.77962577962577
3313664.0,0.21427513385078173,0.22541728552465173,nan
3315712.0,0.08171367547950262,0.21861776302507652,nan
3317760.0,0.2705216192553,0.20164077974453154,nan
3319808.0,0.2359081818943029,0.22224684679856216,nan
3321856.0,0.2709646658877526,0.1977556003413353,nan
3323904.0,0.29059609983079604,0.1717910051328768,nan
3325952.0,0.2983366411159668,0.1736091789112399,nan
3328000.0,0.18119322730537663,0.21266623096630763,nan
3330048.0,0.30403598556315725,0.14452422653601887,nan
3332096.0,0.018615604794650475,0.20041669636189244,nan
3334144.0,0.2736241883752736,0.16872076246225656,nan
3336192.0,0.24043705050607062,0.2181586800634492,nan
3338240.0,0.17021868544435936,0.19999877885895473,nan
3340288.0,0.08983441507222874,0.2329965958433364,nan
3342336.0,0.20105274939518597,0.23328520530325864,nan
3344384.0,0.3081856099054625,0.1540240213366791,nan
3346432.0,0.16921215057053557,0.20938496781634733,nan
3348480.0,0.23769844937623866,0.21341720042814977,nan
3350528.0,0.20017281564688455,0.2479885851503895,nan
3352576.0,0.21685370767455808,0.2302997088965454,nan
3354624.0,0.09456746996716248,0.26139463739084456,nan
3356672.0,0.22767562192523008,0.2200629525591215,nan
3358720.0,0.17297850132009318,0.24673683552236114,nan
3360768.0,0.28112068797838696,0.18301051536589652,nan
3362816.0,0.1601637950553045,0.2391577450185016,nan
3364864.0,0.1800059787684452,0.24761382509360086,nan
3366912.0,0.23153161837359137,0.21471135428080151,nan
3368960.0,0.28220176728511714,0.1786096200826127,nan
3371008.0,0.2923331608661104,0.1693777021119169,nan
3373056.0,0.07230046245325937,0.2101980858216208,nan
3375104.0,0.1191490337042716,0.21582917681368363,nan
3377152.0,0.32914738993908854,0.10976907646139739,nan
3379200.0,0.22943591658908585,0.21313039202943335,nan
3381248.0,0.25596243741114116,0.21179696281094193,nan
3383296.0,0.36145349225946466,0.05637992255909624,nan
3385344.0,0.20786685928104037,0.21192772349283168,nan
3387392.0,0.15165582905954345,0.25698725715855175,nan
3389440.0,0.21729183247812894,0.24756953787712888,nan
3391488.0,0.28095447199008106,0.15997306938526654,nan
3393536.0,0.23891464653612435,0.20573269041742379,nan
3395584.0,0.3053754670827481,0.16185344807704174,nan
3397632.0,0.1960589632327187,0.2209535731321789,nan
3399680.0,0.09397750847174834,0.23019174042364118,nan
3401728.0,0.04768790258610291,0.19955805628805837,nan
3403776.0,0.1780559467669867,0.19826141894800037,nan
3405824.0,0.18186727822321253,0.17276792208952851,nan
3407872.0,0.2881570303892093,0.1736901938005934,nan
3409920.0,0.22329967849702445,0.22626953108130368,nan
3411968.0,0.3316126139243731,0.14761861881357063,55.84694694582309
3414016.0,0.18114443479857542,0.206997926033508,nan
3416064.0,0.2060397786539951,0.2098695012801937,nan
3418112.0,0.1287674683879074,0.21025167379526888,nan
3420160.0,0.20743204578821792,0.2117182307232833,nan
3422208.0,0.24028828008066927,0.21565347246510166,nan
3424256.0,0.2234024386705153,0.19404500805998573,nan
3426304.0,0.30819672907792717,0.1392319926394537,nan
3428352.0,0.2676981668012818,0.16295503515157864,nan
3430400.0,0.14035356959234974,0.24204510498661316,nan
3432448.0,0.25313145219908123,0.21916088602412281,nan
3434496.0,0.1928666057439155,0.26001177854621077,nan
3436544.0,0.18380735903760098,0.2034658476627659,nan
3438592.0,0.27892863375521076,0.15465389074116823,nan
3440640.0,0.2324317773174191,0.19801875921895498,nan
3442688.0,0.19192452535919652,0.25058017454244,nan
3444736.0,0.30340713859506246,0.13776324606283843,nan
3446784.0,0.33196120339560353,0.14036008814411066,nan
3448832.0,0.09274324329740917,0.2666834638215427,nan
3450880.0,0.14489163603458619,0.24615136361320494,nan
3452928.0,0.16960244428814292,0.24034524110344274,nan
3454976.0,0.248751556646965,0.22215636055320706,nan
3457024.0,0.3058262787839038,0.18825705617722016,nan
3459072.0,0.2464096343502522,0.18110384053136774,nan
3461120.0,0.23201270347222455,0.23150874484076422,nan
3463168.0,0.29866377337900374,0.16913492846322536,nan
3465216.0,0.3409595532581935,0.08171060433157411,nan
3467264.0,0.3702225449765991,0.01613011266331549,nan
3469312.0,0.2052590749484659,0.19385898250015574,nan
3471360.0,0.2031072345045395,0.23410069204642775,nan
3473408.0,0.2545816775062898,0.17078179953910527,nan
3475456.0,0.25534671425142547,0.1411617775388876,nan
3477504.0,0.18715629945822454,0.2040472255971166,nan
3479552.0,0.13425149704778833,0.22828560974409234,nan
3481600.0,0.2567537007574953,0.20975998451437708,nan
3483648.0,0.24648272939723453,0.21032811315388975,nan
3485696.0,0.2633285202007807,0.20363376345024645,nan
3487744.0,0.25715805217534426,0.1973233160941914,nan
3489792.0,0.3196319868699636,0.15033282656464092,nan
3491840.0,0.2103767682755026,0.21401756932310081,nan
3493888.0,0.0034128748401303956,0.19939089467908838,nan
3495936.0,0.2791836964362416,0.1551097741592343,nan
3497984.0,0.23757700135526943,0.18962947464604157,nan
3500032.0,0.28833234164719324,0.18211344676875968,nan
3502080.0,0.24405667404319348,0.19188034107022722,nan
3504128.0,0.1975149216179945,0.23130454827556438,nan
3506176.0,0.18231467932074402,0.19919175172066406,nan
3508224.0,0.21340244831402794,0.19825498459377455,nan
3510272.0,0.17808508025735947,0.25572291474470044,nan
3512320.0,0.20169412560667305,0.24505741468738618,73.89812889812889
3514368.0,0.28430394263722947,0.2078949633023219,nan
3516416.0,0.2614700045090005,0.1934344956628995,nan
3518464.0,0.3240817241273386,0.16324712087683538,nan
3520512.0,0.16308959138496426,0.19568327816249037,nan
3522560.0,0.13529351342079407,0.2401417875019726,nan
3524608.0,0.19566375010700454,0.23490779972186202,nan
3526656.0,0.23640747620278005,0.2506872751644496,nan
3528704.0,0.07815938643963445,0.2254060499286108,nan
3530752.0,0.2655760495077272,0.20011638722817698,nan
3532800.0,0.24155506314286584,0.18963261186167776,nan
3534848.0,0.25719145035024604,0.23342334351366287,nan
3536896.0,0.030523545713603877,0.22672349328008293,nan
3538944.0,0.31659148200006904,0.12617207252379645,nan
3540992.0,0.0379821788785099,0.18222184884468604,nan
3543040.0,0.10919578190972752,0.24872220695673306,nan
3545088.0,0.14867927143420928,0.2404180485785998,nan
3547136.0,0.02404811256512325,0.16459570874590188,nan
3549184.0,0.21306322035175107,0.2045987870091766,nan
3551232.0,0.1918933954822445,0.2187499947834603,nan
3553280.0,0.333762366383779,0.1278320520781959,nan
3555328.0,0.1366078713984057,0.22905524213851935,nan
3557376.0,0.21089056388682276,0.19106080375698,nan
3559424.0,0.24261515807334938,0.1664510004286205,nan
3561472.0,0.2993177791105627,0.17203099812255082,nan
3563520.0,0.28730928820341073,0.19353590503125742,nan
3565568.0,0.2872838301826105,0.15772659267492029,nan
3567616.0,0.12703490777292042,0.23590182596761575,nan
3569664.0,0.0011862555639692018,0.1895019597730352,nan
3571712.0,0.10876924049476835,0.23808067574709224,nan
3573760.0,0.11824428588400054,0.2083471991106168,nan
3575808.0,0.1274574279785265,0.2349482342964724,nan
3577856.0,0.201770415098399,0.2174912048494487,nan
3579904.0,0.18747970496732919,0.24388990895004553,nan
3581952.0,0.2489427073418979,0.2076984754973398,nan
3584000.0,0.31046967701727324,0.17170948743206696,nan
3586048.0,0.328937749294251,0.0787505989882407,nan
3588096.0,0.2610170367617294,0.20029859776412853,nan
3590144.0,0.22140837131551047,0.21347066300861625,nan
3592192.0,0.27178884846334783,0.18508972087247763,nan
3594240.0,0.21577459487687317,0.21368850549825927,nan
3596288.0,0.2517506675878614,0.20206431809963207,nan
3598336.0,0.14057961894593807,0.2503056117037147,nan
3600384.0,0.34168765791482997,0.12148277927912932,nan
3602432.0,0.15834460707130474,0.23794216980119523,nan
3604480.0,0.23162567195663666,0.22182535419103927,nan
3606528.0,0.11241670592286472,0.20738612383214025,nan
3608576.0,0.1778744857084995,0.21752952095303207,nan
3610624.0,0.07148595128677603,0.22665090525314582,nan
3612672.0,0.12904763210371317,0.20374790510117172,82.64033264033263
3614720.0,0.3095127863414655,0.1062825325344716,nan
3616768.0,0.16658577871555313,0.24531209468261975,nan
3618816.0,0.23753200727764787,0.19227087988641034,nan
3620864.0,0.18098393914413702,0.2363309953465161,nan
3622912.0,0.3226183651771024,0.09603190826220714,nan
3624960.0,0.3151366152227816,0.13706546958409974,nan
3627008.0,0.12564402956004161,0.2424588818262443,nan
3629056.0,0.18836567995077913,0.2095135220691331,nan
3631104.0,0.09132681804598822,0.19911896175736168,nan
3633152.0,0.05043551076072534,0.22920190065490564,nan
3635200.0,0.039527896308343406,0.22714200664688144,nan
3637248.0,0.27621707322832795,0.18939406126342614,nan
3639296.0,0.26697551899231353,0.21429514484558937,nan
3641344.0,0.12920281487084834,0.24010999790461235,nan
3643392.0,0.18731437021551428,0.2555711839151119,nan
3645440.0,0.34160899361390173,0.11445429210185075,nan
3647488.0,0.1358362847998532,0.26336236950034625,nan
3649536.0,0.26047428732948785,0.15284211881325988,nan
3651584.0,0.1809994966161912,0.2355199827424984,nan
3653632.0,0.2637437655655809,0.20162115185382834,nan
3655680.0,0.28321148301960786,0.1611026809806312,nan
3657728.0,0.1941566639224746,0.19800826736700727,nan
3659776.0,0.28475179772709924,0.185366626712964,nan
3661824.0,0.3393125071238233,0.10813445656180405,nan
3663872.0,0.2998184346339805,0.14383112256187827,nan
3665920.0,0.27830711808423336,0.16997141854963177,nan
3667968.0,0.11805017843705189,0.2588699290388571,nan
3670016.0,0.23231701903264618,0.19950509643835687,nan
3672064.0,0.30790391925595645,0.18060457426972154,nan
3674112.0,0.25352920097871917,0.18340581561650512,nan
3676160.0,0.2669989716891006,0.19528912382126123,nan
3678208.0,0.22196564532661878,0.22284234400561884,nan
3680256.0,0.15009023700681806,0.2417554528673267,nan
3682304.0,0.13999977111633247,0.25424315407787396,nan
3684352.0,0.24787541104512387,0.20973555407884029,nan
3686400.0,0.11692073481432656,0.25168024175685666,nan
3688448.0,0.3002093959220359,0.16639837941126567,nan
3690496.0,0.21214347020797453,0.23338417962082195,nan
3692544.0,0.27191626436124455,0.1675826846913991,nan
3694592.0,0.0978765559320649,0.27019423628951905,nan
3696640.0,0.2247919910965048,0.19814697628078373,nan
3698688.0,0.044645248574079505,0.24605899917456583,nan
3700736.0,0.1330528132874219,0.207638854160134,nan
3702784.0,0.17611433613838987,0.20531762501039877,nan
3704832.0,0.0010946039575990552,0.24462838813218374,nan
3706880.0,0.11727174660673804,0.2439712662373231,nan
3708928.0,0.16572197652931,0.2634988557389621,nan
3710976.0,0.3060416431133264,0.1773990802398952,nan
3713024.0,0.14390764824604388,0.224546124471583,80.66528066528068
3715072.0,0.1294995972543259,0.22942675030233298,nan
3717120.0,0.11679168504074341,0.23300519066069642,nan
3719168.0,0.11753718622659182,0.255453207176277,nan
3721216.0,0.26208867091818633,0.20774567443264833,nan
3723264.0,0.2548861503542972,0.17481498157932573,nan
3725312.0,0.261237121337594,0.2047852604496441,nan
3727360.0,0.12193852354906748,0.20249757819551267,nan
3729408.0,0.19452188467977333,0.23505102957887514,nan
3731456.0,0.20297567202937547,0.2310863221672265,nan
3733504.0,0.15938029420444128,0.2404973202878121,nan
3735552.0,0.058172484263558796,0.21115217426985208,nan
3737600.0,0.13691446530089613,0.1998111318729249,nan
3739648.0,0.02987012109271308,0.17315398936694487,nan
3741696.0,0.1764604113324582,0.22687249947845228,nan
3743744.0,0.22933243051954436,0.1618316049882935,nan
3745792.0,0.1570853318863563,0.21306630898332624,nan
3747840.0,0.19862831089815558,0.24050619696180164,nan
3749888.0,0.24530270934343792,0.17355408493183966,nan
3751936.0,0.34167964266695255,0.10793500478683725,nan
3753984.0,0.26394882025347777,0.22644901236980086,nan
3756032.0,0.24657104509319705,0.1778441233957601,nan
3758080.0,0.2489767277786652,0.1896459497730288,nan
3760128.0,0.15141845759077394,0.23975190214335412,nan
3762176.0,0.305953976889038,0.13509092137084625,nan
3764224.0,0.13446783637461704,0.24237049090093699,nan
3766272.0,0.256042825906854,0.13647814356431376,nan
3768320.0,0.1259968866393367,0.2304426038871155,nan
3770368.0,0.11391166898620156,0.2512063580811313,nan
3772416.0,0.2262847894443848,0.2139201220879467,nan
3774464.0,0.22637106166779103,0.23969987682238117,nan
3776512.0,0.15715156708577088,0.24129030166462317,nan
3778560.0,0.11033964260737723,0.25152770079381276,nan
3780608.0,0.0641281112227569,0.2462181655324535,nan
3782656.0,0.17935980356187298,0.2441692332372069,nan
3784704.0,0.21247840853088493,0.22922302073510886,nan
3786752.0,0.12128737417961709,0.246480824920768,nan
3788800.0,0.1561932984897267,0.22626924199270868,nan
3790848.0,0.2129327129336019,0.20054681386437215,nan
3792896.0,0.1559122362687866,0.23334906814358936,nan
3794944.0,0.15288773602550546,0.2373411136310199,nan
3796992.0,0.2240923056063753,0.256281383871668,nan
3799040.0,0.2718483139601886,0.1869416187563286,nan
3801088.0,0.250385919012295,0.15263760115851538,nan
3803136.0,0.3211653292310621,0.15289401574106667,nan
3805184.0,0.26252792895717736,0.18253683647805788,nan
3807232.0,0.19065582833079858,0.17665564806895984,nan
3809280.0,0.22519361058988727,0.24001743245466942,nan
3811328.0,0.15227299794437507,0.2209084636556725,nan
3813376.0,0.04604003053094323,0.23824558323396122,80.69646569646571
3815424.0,0.2474530341557987,0.2139469329660122,nan
3817472.0,0.28802052316131294,0.14290499642023252,nan
3819520.0,0.17660641753820017,0.19410474122456708,nan
3821568.0,0.15126219260898643,0.2561096173798833,nan
3823616.0,0.2675883883411417,0.22540045536896106,nan
3825664.0,0.3262633150828026,0.11422331486839607,nan
3827712.0,0.3147436039773828,0.11813660252940351,nan
3829760.0,0.027516277359415975,0.24980888055693212,nan
3831808.0,0.2891526356940423,0.1374533048934966,nan
3833856.0,0.33394313251850277,0.1164219369177008,nan
3835904.0,0.21734084239211307,0.20172753572898067,nan
3837952.0,0.095334391620948,0.2424916370535577,nan
3840000.0,0.2322532523959136,0.21674960039828228,nan
3842048.0,0.2021624379401215,0.24969522976180467,nan
3844096.0,0.24518727356932873,0.20179757714378382,nan
3846144.0,0.20849016533757136,0.21347741749780672,nan
3848192.0,0.22467336796843404,0.2166308493401376,nan
3850240.0,0.3444763713677536,0.09749263928800057,nan
3852288.0,0.3297375609126883,0.16086487223522355,nan
3854336.0,0.2764822673659876,0.17904690918989855,nan
3856384.0,0.21517947900810708,0.19274319534121767,nan
3858432.0,0.17292233238509555,0.19196942299068417,nan
3860480.0,0.10645875135353396,0.19344711878272783,nan
3862528.0,0.2037148518250183,0.20956766772819868,nan
3864576.0,0.2747233587100606,0.1589712742811996,nan
3866624.0,0.1985336844005274,0.22111215903925846,nan
3868672.0,0.11445270681092867,0.20120677273913215,nan
3870720.0,0.2616433595741067,0.17310120856960934,nan
3872768.0,0.2532178085345937,0.1792098723944896,nan
3874816.0,0.30743676596212965,0.1499724522202602,nan
3876864.0,0.3092346510551516,0.15462261377438422,nan
3878912.0,0.26572050916229617,0.21219774585727197,nan
3880960.0,0.23368804731525689,0.2379451599468469,nan
3883008.0,0.18118502969575256,0.23598600252914043,nan
3885056.0,0.20146802226942326,0.22053235949124878,nan
3887104.0,0.1782254998937766,0.23060399228535372,nan
3889152.0,0.29881994494917063,0.14210658068438423,nan
3891200.0,0.3108883229417084,0.16490182122635533,nan
3893248.0,0.21696142386168504,0.24033419750697205,nan
3895296.0,0.19703555892657681,0.2436249209057553,nan
3897344.0,0.2687713874319637,0.16739633750864996,nan
3899392.0,0.3048831839224104,0.14712242956009877,nan
3901440.0,0.23877339487143642,0.20014380677884444,nan
3903488.0,0.21044382846520082,0.22329865464218676,nan
3905536.0,0.11067858949920611,0.24639915529916093,nan
3907584.0,0.1560058515820432,0.27141671151203345,nan
3909632.0,0.27412303253147846,0.2126971538650678,nan
3911680.0,0.31066047548926823,0.12143036454221706,nan
3913728.0,0.22575269649898316,0.22247042950344936,82.85862785862786
3915776.0,0.28183066891972736,0.18195620010091135,nan
3917824.0,0.27970862377945227,0.18187548752529983,nan
3919872.0,0.3146650795947795,0.15115605820121075,nan
3921920.0,0.3192396625944999,0.16128550261449737,nan
3923968.0,0.21273099990160638,0.20980557157707352,nan
3926016.0,0.32024985123496047,0.09705196519681396,nan
3928064.0,0.330647388954074,0.11136960388440009,nan
3930112.0,0.20916134668426045,0.2228294127331072,nan
3932160.0,0.34357553769518556,0.11269767832315869,nan
3934208.0,0.11699284083553144,0.19750971999201003,nan
3936256.0,0.2019152937129477,0.1910599180213354,nan
3938304.0,0.21134716216429397,0.2239388577489976,nan
3940352.0,0.29024334276842645,0.15644535210273847,nan
3942400.0,0.26049607969717675,0.17929984566382093,nan
3944448.0,0.20184736709898746,0.21175286288450107,nan
3946496.0,0.2654474357060796,0.16436816075558078,nan
3948544.0,0.24058427177893632,0.2166955271897786,nan
3950592.0,0.308467594006908,0.16891096350099324,nan
3952640.0,0.35469319999519755,0.05605443234721314,nan
3954688.0,0.23467733788179107,0.23434716483576595,nan
3956736.0,0.3373864387785328,0.1406046111690982,nan
3958784.0,0.3269687414360856,0.1457842434230945,nan
3960832.0,0.11534838509036835,0.23860750116179388,nan
3962880.0,0.142592543189068,0.23386705557936419,nan
3964928.0,0.2080924603983133,0.22027432491764837,nan
3966976.0,0.18104908351293805,0.2525659782864278,nan
3969024.0,0.2497069631687232,0.2116844980690952,nan
3971072.0,0.2955898367123848,0.1725131951095632,nan
3973120.0,0.3063227679564387,0.16670622594157425,nan
3975168.0,0.3626384527937584,0.0268727413935242,nan
3977216.0,0.29336834959347036,0.17629376153912332,nan
3979264.0,0.32995019171940754,0.15168174969396725,nan
3981312.0,0.27731751898241563,0.18976400290775533,nan
3983360.0,0.25004147702503177,0.21082645758501664,nan
3985408.0,0.30663901381589925,0.1681539049975326,nan
3987456.0,0.3458249890962245,0.06396071036556045,nan
3989504.0,0.2505046922500222,0.20559074311876152,nan
3991552.0,0.2988085174370292,0.1782403142034111,nan
3993600.0,0.3170514247823564,0.13547874645715877,nan
3995648.0,0.2844756845095889,0.1836983971740094,nan
3997696.0,0.2785399566206823,0.18734933660356684,nan
3999744.0,0.310290924644416,0.14053485578613273,nan
4001792.0,0.15313838400761237,0.25873858162010865,nan
4003840.0,0.1890996940685547,0.23374637753261251,nan
4005888.0,0.3324408702200432,0.13953389612454534,nan
4007936.0,0.2884802455325469,0.1666350327508665,nan
4009984.0,0.2470464413952138,0.17231289549125284,nan
4012032.0,0.28515417669119564,0.20364760661605646,nan
4014080.0,0.3013798243491967,0.1571359198654792,96.1954261954262
4016128.0,0.3502178639396729,0.0375953032610105,nan
4018176.0,0.27717185021856,0.16641359708562645,nan
4020224.0,0.2522143113021979,0.20663953857893694,nan
4022272.0,0.22392881331793713,0.2215381316899349,nan
4024320.0,0.3286363210804583,0.13122586572328254,nan
4026368.0,0.2716903505983105,0.20628924113389224,nan
4028416.0,0.17773642398656553,0.21361774137456904,nan
4030464.0,0.2620362329005277,0.1919714016873596,nan
4032512.0,0.29489705862773286,0.1358079296128195,nan
4034560.0,0.3175587810446967,0.12197194784519062,nan
4036608.0,0.29772217549944513,0.18737543427640477,nan
4038656.0,0.26226483195381434,0.20420006153137263,nan
4040704.0,0.2823616198988883,0.1612807717818315,nan
4042752.0,0.3340324953510413,0.06458778652652294,nan
4044800.0,0.32940640644018676,0.12162793169174729,nan
4046848.0,0.2316746842925258,0.21479451671748845,nan
4048896.0,0.3406577779883511,0.0972273512824165,nan
4050944.0,0.2759249511185503,0.17946338902132938,nan
4052992.0,0.260922728934176,0.19083301590503793,nan
4055040.0,0.26822231195458557,0.1981754238440731,nan
4057088.0,0.2977332451311468,0.15419320657675958,nan
4059136.0,0.29905209412107303,0.19793971753285314,nan
4061184.0,0.24855138177805403,0.23537317614659423,nan
4063232.0,0.31711593314380393,0.1569776943610882,nan
4065280.0,0.3506326491982382,0.08056103987095967,nan
4067328.0,0.35112539868096015,0.03275308902302248,nan
4069376.0,0.3164692057213479,0.12198705125439337,nan
4071424.0,0.3096826244251034,0.14073994956259675,nan
4073472.0,0.21327030775257938,0.19459411116190856,nan
4075520.0,0.2805107677484899,0.15256703381967726,nan
4077568.0,0.05000523813537894,0.21940875013065264,nan
4079616.0,0.26813192175825173,0.19417026230688228,nan
4081664.0,0.09890450938371753,0.20978879985945476,nan
4083712.0,0.18364701187967225,0.2278830027115442,nan
4085760.0,0.12269301985122201,0.24643735775313966,nan
4087808.0,0.26529042188036833,0.22572344368289518,nan
4089856.0,0.15543800157964258,0.22517388068610883,nan
4091904.0,0.27039063804653973,0.1594409163746044,nan
4093952.0,0.25613448791175586,0.18886599882314273,nan
4096000.0,0.2738522985945293,0.16193526784889192,nan
4098048.0,0.3537437231613008,0.09207566201277306,nan
4100096.0,0.334578003480385,0.1200087336130006,nan
4102144.0,0.20822386224068645,0.23249263404767267,nan
4104192.0,0.29857952403400545,0.19352713831260376,nan
4106240.0,0.24621895145627037,0.184678301731114,nan
4108288.0,0.30630246137147077,0.16546979796664266,nan
4110336.0,0.24855312942252641,0.18727686450513323,nan
4112384.0,0.2691504035806051,0.1491829141162372,nan
4114432.0,0.15391273949575168,0.17378060900099596,54.00687127805772
4116480.0,0.1544867302482161,0.19505257960637792,nan
4118528.0,0.03908835815048107,0.17486443102531138,nan
4120576.0,0.2785188181202913,0.1711234526451719,nan
4122624.0,0.15746925664338646,0.2040093445097921,nan
4124672.0,0.19109334576701512,0.2256954085664375,nan
4126720.0,0.3256649294580408,0.11344654861716935,nan
4128768.0,0.1082146824504272,0.2296861657349914,nan
4130816.0,0.2622893161618754,0.20159065445276306,nan
4132864.0,0.24123189118325544,0.20765251801928494,nan
4134912.0,0.326884815084292,0.14273836602276416,nan
4136960.0,0.3294466000171301,0.07836062070175824,nan
4139008.0,0.2153037395094466,0.18763899304856455,nan
4141056.0,0.3337495284955644,0.09118763016523054,nan
4143104.0,0.28973854770348495,0.14543442597956144,nan
4145152.0,0.3014001122432268,0.14189683219335997,nan
4147200.0,0.30709997482620205,0.15521389739978536,nan
4149248.0,0.3675942097584203,0.06932899435737826,nan
4151296.0,0.33035905140043237,0.13667867232266737,nan
4153344.0,0.2778564652361165,0.20232667853339942,nan
4155392.0,0.16660147613607643,0.2518436475775205,nan
4157440.0,0.20811162680746642,0.24975036130823985,nan
4159488.0,0.22088732360639785,0.22561270816000187,nan
4161536.0,0.28048425771587915,0.17785595735066956,nan
4163584.0,0.1530169223463099,0.2265982788940984,nan
4165632.0,0.2569215906399678,0.21324026044156125,nan
4167680.0,0.16780448228190112,0.2277767812290073,nan
4169728.0,0.2589900396665252,0.17491013767434618,nan
4171776.0,0.20499438856306812,0.24132182134659647,nan
4173824.0,0.3572418666266568,0.04191080869419267,nan
4175872.0,0.30313217925997044,0.12727696061172225,nan
4177920.0,0.12390170326648094,0.24551892539523942,nan
4179968.0,0.31555539155717294,0.09077644616748526,nan
4182016.0,0.3406603786208079,0.07773241428092983,nan
4184064.0,0.3454135153424278,0.039272706428274386,nan
4186112.0,0.06327962152812289,0.24674303892871968,nan
4188160.0,0.2868935918549042,0.15344625761355027,nan
4190208.0,0.22340134628311983,0.18817974114425523,nan
4192256.0,0.3186643001766811,0.15213666700445982,nan
4194304.0,0.27651610790351033,0.19620259651752545,nan
4196352.0,0.2067377230419558,0.23134661835141915,nan
4198400.0,0.2596046042840493,0.21700475798564403,nan
4200448.0,0.31483213689267536,0.11654930026293255,nan
4202496.0,0.2535520977005905,0.18179471243778594,nan
4204544.0,0.30687854977909224,0.17560422881724033,nan
4206592.0,0.2938492708522799,0.17815706897154926,nan
4208640.0,0.21811652750669816,0.20379210963310337,nan
4210688.0,0.100998679933195,0.2334827641676343,nan
4212736.0,0.29237263856037843,0.15903424031818006,nan
4214784.0,0.20460157597955522,0.21416028984184068,86.1954261954262
4216832.0,0.317867541898074,0.10875725605368257,nan
4218880.0,0.2624854946668764,0.20685682716553622,nan
4220928.0,0.3157689935940391,0.13169728448820384,nan
4222976.0,0.24854831604479058,0.20319931362323354,nan
4225024.0,0.22684282820977858,0.19088031483325843,nan
4227072.0,0.278896092798622,0.1911187602707908,nan
4229120.0,0.2678216428238157,0.1957858728407838,nan
4231168.0,0.27725562773065004,0.1594879177250628,nan
4233216.0,0.3505084695059986,0.08092663491557224,nan
4235264.0,0.21279301323158842,0.24220130255372915,nan
4237312.0,0.3156116292480002,0.09996810297264745,nan
4239360.0,0.24631983881794423,0.18064193933025335,nan
4241408.0,0.2729261884894896,0.18254625049742013,nan
4243456.0,0.1529839901669683,0.22835692422073775,nan
4245504.0,0.35632696492290394,0.04872460614146295,nan
4247552.0,0.32591881862617905,0.10737572229507013,nan
4249600.0,0.1928937780569635,0.2230719741123398,nan
4251648.0,0.22660081070165128,0.19538468253187374,nan
4253696.0,0.18061489517255144,0.18562698092632923,nan
4255744.0,0.06662733827404434,0.20394921827591894,nan
4257792.0,0.312134869440528,0.08771835957974904,nan
4259840.0,0.13362499631356478,0.20907244643154438,nan
4261888.0,0.3460604599287157,0.06134141157954777,nan
4263936.0,0.20875404680956805,0.2142942548950286,nan
4265984.0,0.2575817784540085,0.22178488878256544,nan
4268032.0,0.1654636571255311,0.19677105771476092,nan
4270080.0,0.18326976808157336,0.23437514047788016,nan
4272128.0,0.2762249469544287,0.18799920156013472,nan
4274176.0,0.3338824584404584,0.124499581700157,nan
4276224.0,-0.0071896986803774016,0.22774839953773293,nan
4278272.0,0.2922679185788314,0.18466412631469006,nan
4280320.0,0.25677581253684634,0.22783229342788636,nan
4282368.0,0.299535784669579,0.1446628366844538,nan
4284416.0,0.2232401609394313,0.1985337084288371,nan
4286464.0,0.227684307670488,0.20920228625870332,nan
4288512.0,0.33926814101319397,0.1059874936676966,nan
4290560.0,0.19416409861163283,0.20853838925231727,nan
4292608.0,0.3465651519310534,0.11986163569737154,nan
4294656.0,0.1769678892210536,0.22866897660221588,nan
4296704.0,0.2796754574098218,0.20385734312242057,nan
4298752.0,0.11070522582245132,0.25252176738336696,nan
4300800.0,0.2829714531388614,0.15649715143272241,nan
4302848.0,0.21967108228711357,0.23213391678356352,nan
4304896.0,0.2695442212964274,0.16048363742576305,nan
4306944.0,0.24683522248591278,0.1812936522812154,nan
4308992.0,0.3186970466020895,0.11290128589736059,nan
4311040.0,0.24640426908512147,0.21299623466180648,nan
4313088.0,0.25428981786939275,0.19630982998712038,nan
4315136.0,0.017375308059146735,0.22111187047255054,76.51767151767152
4317184.0,0.2641373449574365,0.18786702358728988,nan
4319232.0,0.20782784976391414,0.2455362923000441,nan
4321280.0,0.0884732336827227,0.267504674028342,nan
4323328.0,0.22708119052130848,0.20905107686126198,nan
4325376.0,0.29527426155558123,0.18478496689100737,nan
4327424.0,0.22656514175682074,0.2016763417760381,nan
4329472.0,0.3169980550032774,0.11155420111943351,nan
4331520.0,0.20329413099564064,0.21064779468995898,nan
4333568.0,0.3369082545320546,0.09017782595611311,nan
4335616.0,0.30925701065464545,0.1755877462386085,nan
4337664.0,0.35051917561886925,0.057707085764024675,nan
4339712.0,0.2057537357454306,0.21676583008318537,nan
4341760.0,0.3439884757381698,0.07716746714827873,nan
4343808.0,0.2645639661526158,0.14419344938054848,nan
4345856.0,0.22277244655939027,0.2084482236857144,nan
4347904.0,0.21975801616733387,0.23374333108070036,nan
4349952.0,0.19919250736099078,0.2003741202788703,nan
4352000.0,0.2115326439898031,0.21462491932831773,nan
4354048.0,0.30347823277275565,0.16738436942593066,nan
4356096.0,0.29773490691793253,0.19031880495579026,nan
4358144.0,0.3478651673144827,0.10089917224489585,nan
4360192.0,0.26754456689563216,0.16498402722391814,nan
4362240.0,0.2249884840286676,0.22004020921093362,nan
4364288.0,0.3117063864820616,0.13477632294544792,nan
4366336.0,0.1789988609536339,0.263659830686105,nan
4368384.0,0.26295955164560847,0.18588611960217666,nan
4370432.0,0.10142112642093976,0.17032043267733987,nan
4372480.0,0.25078716301212156,0.20265365985241238,nan
4374528.0,0.3320220317057559,0.15670714155129112,nan
4376576.0,0.21425709805075593,0.19819541649383035,nan
4378624.0,0.14422627040705138,0.21097624635488768,nan
4380672.0,0.22846151807821388,0.20361948971230176,nan
4382720.0,0.25070263258255704,0.20543796592108887,nan
4384768.0,0.28044963333885176,0.16881570377614602,nan
4386816.0,0.3300907484559499,0.08091249880369036,nan
4388864.0,0.3476791047127633,0.054609674857786644,nan
4390912.0,0.34779257529082586,0.08840687542223462,nan
4392960.0,0.3077071415973629,0.1521307420081813,nan
4395008.0,0.3180680660033065,0.1143567620638569,nan
4397056.0,0.19012185135138865,0.21375728722189993,nan
4399104.0,0.2549209460791182,0.19968575428981536,nan
4401152.0,0.3025797280079552,0.13677556220449769,nan
4403200.0,0.3376601441818873,0.023960326204069314,nan
4405248.0,0.24712654454314387,0.17773561880640154,nan
4407296.0,0.2565310878768907,0.18594420620663205,nan
4409344.0,0.26336117096055356,0.15793422256454226,nan
4411392.0,0.22589690950803157,0.20896813022330873,nan
4413440.0,0.3323696088844895,0.14074104304902624,nan
4415488.0,0.21947934751025794,0.2070464088116564,86.30977130977132
4417536.0,0.13404339826254064,0.2410279777834319,nan
4419584.0,0.3154003561254214,0.13818260062091064,nan
4421632.0,0.19134397249116336,0.234759385943385,nan
4423680.0,0.3233036625083736,0.10098418680427995,nan
4425728.0,0.2754546993927062,0.16420279971818472,nan
4427776.0,0.30696147840075044,0.14060807002558176,nan
4429824.0,0.2557710744046846,0.1885796879479778,nan
4431872.0,0.2401454957371827,0.2007301439804201,nan
4433920.0,0.28945588661561705,0.15256344933255028,nan
4435968.0,0.28485837805145875,0.16326375801340448,nan
4438016.0,0.33601432122268005,0.08894704260124486,nan
4440064.0,0.3370644735218798,0.11152888273395256,nan
4442112.0,0.3231008725433536,0.12481849900162237,nan
4444160.0,0.21921701349416906,0.23724865694069233,nan
4446208.0,0.1221378922120657,0.22831997943922178,nan
4448256.0,0.15697648952378374,0.25025027207978334,nan
4450304.0,0.2702695263226826,0.18513669838392316,nan
4452352.0,0.3075196376582442,0.13545758410330114,nan
4454400.0,0.31926203135201403,0.1212867534270045,nan
4456448.0,0.3063414269907419,0.13347151286560194,nan
4458496.0,0.2680403261747666,0.1919580574715483,nan
4460544.0,0.3280683459323398,0.09165157194817121,nan
4462592.0,0.14447443121993253,0.22562228245116855,nan
4464640.0,0.2548837805009987,0.18734345672346642,nan
4466688.0,0.26341056409143004,0.18499285805587565,nan
4468736.0,0.35221749673904185,0.02777139963669308,nan
4470784.0,0.3270171539124951,0.09006476752414669,nan
4472832.0,0.19155233314719478,0.22451587345665022,nan
4474880.0,0.2557386039358559,0.1954791546780852,nan
4476928.0,0.2852076795669416,0.16356763471268282,nan
4478976.0,0.29491772276310957,0.1796739313856252,nan
4481024.0,0.21311436910335382,0.21195792330462535,nan
4483072.0,0.3297102544499273,0.12104214724758937,nan
4485120.0,0.21475155565463616,0.2100954328827785,nan
4487168.0,0.32050112287869514,0.1387575639713344,nan
4489216.0,0.21889000115903035,0.2123635308628081,nan
4491264.0,0.22737657042726128,0.2205676199551056,nan
4493312.0,0.3204548191873269,0.10758771486295607,nan
4495360.0,0.2210222113244991,0.1783377193659321,nan
4497408.0,0.274572420745438,0.19878955280032448,nan
4499456.0,0.2786952269313261,0.1435556181832877,nan
4501504.0,0.2945948971867056,0.14535561471219724,nan
4503552.0,0.2995472296692435,0.11062294831889848,nan
4505600.0,0.255019050045169,0.18044245427281466,nan
4507648.0,0.3260985944824,0.06058451947674903,nan
4509696.0,0.2505568979637891,0.1758915058793001,nan
4511744.0,0.3165951794276147,0.10940384806371871,nan
4513792.0,0.3029131858956669,0.1322450968569538,nan
4515840.0,0.31926649411222763,0.1089459266490212,88.75259875259876
4517888.0,0.21171182570091254,0.20146716578242188,nan
4519936.0,0.3309286333647068,0.13438797986586445,nan
4521984.0,0.2641335822492944,0.18580913278043049,nan
4524032.0,0.3240559396094274,0.09404950278986411,nan
4526080.0,0.32920723013852005,0.06495150152892988,nan
4528128.0,0.31299326133224864,0.07501554862290291,nan
4530176.0,0.2776410729670298,0.161280156468633,nan
4532224.0,0.21553225586563607,0.20769336007088107,nan
4534272.0,0.3286364741315688,0.06531977965352567,nan
4536320.0,0.30707427648531116,0.1446730255829954,nan
4538368.0,0.30572135666844635,0.1341592880531237,nan
4540416.0,0.2945080182386235,0.13084822818302058,nan
4542464.0,0.33964832029324277,0.024807303396083013,nan
4544512.0,0.3365776254570473,0.11210555337439618,nan
4546560.0,0.279454011337058,0.15920419780266704,nan
4548608.0,0.32067954762634404,0.13145702179347676,nan
4550656.0,0.03327206302461375,0.21842327563413474,nan
4552704.0,0.32843829113329526,0.09298496610268166,nan
4554752.0,0.2782860837013948,0.20476623783512285,nan
4556800.0,0.021567948280553383,0.25022052273494316,nan
4558848.0,0.16845640553908928,0.2256252571863323,nan
4560896.0,0.20890775743544882,0.2388446146285603,nan
4562944.0,0.1555226227051295,0.2208612282245581,nan
4564992.0,0.27838484066653113,0.177073736982245,nan
4567040.0,0.17575409803817318,0.2084976741503615,nan
4569088.0,0.22064537817556146,0.1952437736129058,nan
4571136.0,0.17805294743323408,0.24602307791227176,nan
4573184.0,0.21066189135643568,0.23420149155231984,nan
4575232.0,0.18677554361123416,0.2389587542069567,nan
4577280.0,0.2814196750812352,0.1514138479865226,nan
4579328.0,0.3091289160481213,0.1525685632513341,nan
4581376.0,0.3241467229339964,0.13553546189737195,nan
4583424.0,0.1311588167067236,0.23031283561066387,nan
4585472.0,0.19286787618917622,0.21672133821154244,nan
4587520.0,0.24493923819322108,0.21363297471868786,nan
4589568.0,0.2863205841104309,0.1641731918224707,nan
4591616.0,0.14849214621451473,0.2648936455897172,nan
4593664.0,0.2769737577335616,0.15800014871916743,nan
4595712.0,0.28798036136203453,0.16901364724044807,nan
4597760.0,0.2487628051962782,0.17078914826647726,nan
4599808.0,0.25732051982403553,0.15478293542922844,nan
4601856.0,0.33523745176683056,0.08591690168469367,nan
4603904.0,0.3490794066340818,0.0829031466980432,nan
4605952.0,0.2152564509771581,0.2078337131912395,nan
4608000.0,0.24308147785336293,0.2072889948697894,nan
4610048.0,0.20939188265075967,0.20311504143965045,nan
4612096.0,0.21338251270222602,0.21571062818354603,nan
4614144.0,0.3084405355805931,0.15401541190521228,nan
4616192.0,0.1664134274492639,0.22112210617808536,84.36590436590437
4618240.0,0.31318825684324103,0.12648185540688106,nan
4620288.0,0.3069918291052346,0.12629711358498782,nan
4622336.0,0.3276470373256778,0.07632315336400743,nan
4624384.0,0.32604650873145546,0.10196383953586323,nan
4626432.0,0.2814787985205002,0.16705728674720016,nan
4628480.0,0.25998311936150725,0.181561388789506,nan
4630528.0,0.20243914953536657,0.2192285546028727,nan
4632576.0,0.11349914145635571,0.242140616228586,nan
4634624.0,0.2546978519140908,0.19024644881183048,nan
4636672.0,0.29748717261159,0.14857313519219162,nan
4638720.0,0.28216617949521944,0.16065579471192823,nan
4640768.0,0.15769715111991878,0.2187572037731963,nan
4642816.0,0.28724968886036983,0.14957825776725098,nan
4644864.0,0.34217532264198847,0.06615849264431425,nan
4646912.0,0.2879541122557162,0.1541358394738117,nan
4648960.0,0.3224064789919454,0.07402595635249713,nan
4651008.0,0.27176956219690834,0.15396089403317215,nan
4653056.0,0.31856384548000816,0.08692546722211125,nan
4655104.0,0.24682941614045448,0.1614622797140922,nan
4657152.0,0.27372420779870993,0.1438121966361853,nan
4659200.0,0.2956877087175369,0.16402890688733285,nan
4661248.0,0.1821709478600813,0.20333601381255137,nan
4663296.0,0.21387057689643918,0.1957908762008582,nan
4665344.0,0.3331608859833171,0.09008902635751947,nan
4667392.0,0.27305369078171665,0.15084341534561377,nan
4669440.0,0.29820091656715153,0.14937410572820103,nan
4671488.0,0.27507280971585313,0.15100188810522683,nan
4673536.0,0.3325273957963264,0.023016837223196317,nan
4675584.0,0.26775934400389423,0.1550516141975923,nan
4677632.0,0.2895201880144656,0.14548516303668219,nan
4679680.0,0.24940472416735193,0.18119403179047247,nan
4681728.0,0.23423780801888383,0.17954917693924566,nan
4683776.0,0.3234021507892002,0.07040502887620098,nan
4685824.0,0.1595555290593702,0.21986271080781197,nan
4687872.0,0.2571910092886472,0.17131342214496242,nan
4689920.0,0.28897652479315195,0.11882508454576973,nan
4691968.0,0.22847694600975665,0.19270554326467665,nan
4694016.0,0.3241248876754877,0.019623201412109166,nan
4696064.0,0.2521061623893752,0.15909794011278885,nan
4698112.0,0.23623081905147908,0.19138589101269224,nan
4700160.0,0.13162840133704695,0.2052418256449625,nan
4702208.0,0.3147867433148846,0.10982660163546114,nan
4704256.0,0.3121282177322593,0.08404664139567514,nan
4706304.0,0.24783443738566605,0.16993626593798974,nan
4708352.0,0.2115198939952711,0.20197764642414387,nan
4710400.0,0.31497221840196377,0.08263080163035623,nan
4712448.0,0.23046252095047778,0.1829006198851987,nan
4714496.0,0.2691753945632439,0.14644158846588723,nan
4716544.0,0.3278669740578404,0.09214265064654001,82.57796257796258
4718592.0,0.1347293554094866,0.20400631747167358,nan
4720640.0,0.26037917676871575,0.1653487778172066,nan
4722688.0,0.19203892206036732,0.18250367701938752,nan
4724736.0,0.29483645139761605,0.12227694241974436,nan
4726784.0,0.28281481730496694,0.12678066105166663,nan
4728832.0,0.25982582118159936,0.17618924853635928,nan
4730880.0,0.32322478136192695,0.024480096821752832,nan
4732928.0,0.23950841559571334,0.16066800945637405,nan
4734976.0,0.2672284348385453,0.17696959182743763,nan
4737024.0,0.312877452075,0.13383057332993956,nan
4739072.0,0.2846837877532278,0.14781764986298512,nan
4741120.0,0.17263262943236424,0.1937165758418534,nan
4743168.0,0.3043203502957872,0.11234236170811386,nan
4745216.0,0.3244332544309346,0.12004231318823853,nan
4747264.0,0.18532193758435023,0.20673954629239066,nan
4749312.0,0.32019211747407195,0.09285282438238078,nan
4751360.0,0.26087947280673773,0.17982315730189188,nan
4753408.0,0.23333504982602232,0.19550772141109446,nan
4755456.0,0.2718383108399441,0.16089632624259756,nan
4757504.0,0.25588978017904584,0.1820219741621467,nan
4759552.0,0.22478916746800973,0.1873362800843527,nan
4761600.0,0.3143760121347201,0.10850256756625444,nan
4763648.0,0.23026598827307937,0.19531251141502368,nan
4765696.0,0.1756705631316317,0.20827189014532665,nan
4767744.0,0.1497018021762624,0.2190999317687645,nan
4769792.0,0.28945305641197416,0.18613616062908342,nan
4771840.0,0.18518116445386404,0.21803296518642712,nan
4773888.0,0.29688240042371916,0.12712505409601582,nan
4775936.0,0.3113976109329255,0.09546156477015057,nan
4777984.0,0.12821869515024686,0.18738752470857398,nan
4780032.0,0.19993911564817554,0.19809494790312948,nan
4782080.0,0.3317646200433686,0.07283593019328348,nan
4784128.0,0.31959657105395095,0.10093669602580659,nan
4786176.0,0.33629233121733393,0.01841391440389983,nan
4788224.0,0.3336912232654345,0.0318203110133238,nan
4790272.0,0.31943957483755975,0.10161949660110128,nan
4792320.0,0.3329639187105222,0.11368324038704813,nan
4794368.0,0.3374006633572614,0.04197687632223642,nan
4796416.0,0.3295834226988479,0.10438097962999832,nan
4798464.0,0.16380594309051436,0.21212310314900332,nan
4800512.0,0.3162350072769245,0.0629445062890766,nan
4802560.0,0.31632834098217605,0.06774219421182508,nan
4804608.0,0.13069316985929194,0.2200412096098464,nan
4806656.0,0.2610813198575509,0.19980878261236243,nan
4808704.0,0.2399779648814552,0.2093631723283489,nan
4810752.0,0.27889200406330833,0.17220170367671442,nan
4812800.0,0.22878580745073443,0.17535307256743585,nan
4814848.0,0.23607089688718358,0.17091936706215627,nan
4816896.0,0.31861258578007423,0.07632415402382482,63.10810810810809
4818944.0,0.3390393367914434,0.032706218259753506,nan
4820992.0,0.32406792179367827,0.03867572469162992,nan
4823040.0,0.22919275660535665,0.14734858474266183,nan
4825088.0,0.23110862521248507,0.1755466206343648,nan
4827136.0,0.3218103485448821,0.09343012525056255,nan
4829184.0,0.26572586824760736,0.16825365715616347,nan
4831232.0,0.33451346656188785,0.02953347639665495,nan
4833280.0,0.17396583838370827,0.2585310981347346,nan
4835328.0,0.029270630344598366,0.20781341045965604,nan
4837376.0,0.13216654421997537,0.21459323523836477,nan
4839424.0,0.15539510452561753,0.2074564936419436,nan
4841472.0,0.19489453866766981,0.18595562893857934,nan
4843520.0,0.280456533736379,0.16795071389292357,nan
4845568.0,0.2671746758029815,0.14177981864601405,nan
4847616.0,0.2773055347477029,0.1390468404149032,nan
4849664.0,0.2904335051617254,0.11458718508176188,nan
4851712.0,0.31384663954864733,0.10196465145659979,nan
4853760.0,0.33780027139954694,0.06658211492088435,nan
4855808.0,0.14297546487876386,0.22639078961805414,nan
4857856.0,0.21403026403546488,0.1996336658328834,nan
4859904.0,0.12156859235868343,0.1949029994946874,nan
4861952.0,0.09843239297859316,0.2094261412515983,nan
4864000.0,0.21348019523886416,0.23364766323708444,nan
4866048.0,0.20174370482745585,0.23630959218938127,nan
4868096.0,0.2883211993820175,0.13872706968455292,nan
4870144.0,0.14338303237632655,0.2492828511393429,nan
4872192.0,0.1793076260649068,0.2236844194941931,nan
4874240.0,0.2538812311696677,0.16443275752466224,nan
4876288.0,0.3377771921239888,0.037971991729839664,nan
4878336.0,0.3278951011887723,0.04069913832596966,nan
4880384.0,0.23345010534356075,0.19388281175971095,nan
4882432.0,0.2151736858708304,0.19262641132501596,nan
4884480.0,0.3080605115802779,0.09332202444866675,nan
4886528.0,0.280514747561796,0.14124234657895324,nan
4888576.0,0.2978235544973637,0.13304328052214706,nan
4890624.0,0.34252258020555637,0.04182014264806508,nan
4892672.0,0.10193789147310356,0.24765874972263463,nan
4894720.0,0.2693635592794358,0.1642488992960402,nan
4896768.0,0.1346607218390608,0.2138856744082388,nan
4898816.0,0.272182658730623,0.1758040847177135,nan
4900864.0,0.32757908403867037,0.08596554936249362,nan
4902912.0,0.34096598004943457,0.033930308589340416,nan
4904960.0,0.25718234401574047,0.1636150340147741,nan
4907008.0,0.19537224583610116,0.19455671472866745,nan
4909056.0,0.34000783366100634,0.029471740367450705,nan
4911104.0,0.29823006010597275,0.1450345013082334,nan
4913152.0,0.3148328555973896,0.14848599924961006,nan
4915200.0,0.22043279702183718,0.21669820857164404,nan
4917248.0,0.20881336350436444,0.21327779509252606,93.61746361746361
4919296.0,0.2457539732444931,0.21250128489717407,nan
4921344.0,0.30770017909089187,0.12993492053739927,nan
4923392.0,0.3038538944444725,0.1131999058606105,nan
4925440.0,0.3398492973453998,0.02624132325182075,nan
4927488.0,0.1819142576826129,0.1766896172538139,nan
4929536.0,0.3374715378828428,0.05591078273450476,nan
4931584.0,0.3430687216709032,0.06485078900775255,nan
4933632.0,0.31693777199254203,0.11906695179869083,nan
4935680.0,0.2691683536161804,0.1690137402814048,nan
4937728.0,0.3002112027899622,0.1260673857082064,nan
4939776.0,0.31017869030522605,0.10937963720698822,nan
4941824.0,0.34020925805187757,0.07130861603027466,nan
4943872.0,0.3040099200673535,0.09122574810903018,nan
4945920.0,0.335489201973716,0.04173873510288822,nan
4947968.0,0.29560902948643464,0.13511970988186978,nan
4950016.0,0.32379473834122247,0.0872688632331448,nan
4952064.0,0.32294133540314635,0.06692643222570656,nan
4954112.0,0.3304234113672708,0.05651072634330986,nan
4956160.0,0.2732106558012706,0.14953578178875657,nan
4958208.0,0.32457055630173337,0.05814922410802292,nan
4960256.0,0.2708239659609424,0.16048963774930086,nan
4962304.0,0.29893670079933343,0.1297197353773628,nan
4964352.0,0.33617902371533936,0.04529258233700712,nan
4966400.0,0.3198334902092029,0.049790801422613135,nan
4968448.0,0.32009277710794537,0.12114996598441678,nan
4970496.0,0.31919640521845655,0.09918696537129842,nan
4972544.0,0.32015083099335967,0.12167414813752309,nan
4974592.0,0.3026360226780509,0.11436092809537278,nan
4976640.0,0.22423177921531626,0.18065505119960085,nan
4978688.0,0.3124894930642684,0.11968183130288794,nan
4980736.0,0.3432719304867716,0.056469989903392956,nan
4982784.0,0.275390727754945,0.1691801802529186,nan
4984832.0,0.3050707990185561,0.11911456617365464,nan
4986880.0,0.29585432878059703,0.15717118764077373,nan
4988928.0,0.32483482620475695,0.06889688828537865,nan
4990976.0,0.32601493452389474,0.10381454761996002,nan
4993024.0,0.3110163291927639,0.10750848919736514,nan
4995072.0,0.3018727408647529,0.14406265218974687,nan
4997120.0,0.2652233012213002,0.17383276894894278,nan
4999168.0,0.2664261006679347,0.11629151295587373,nan
5000000.0,0.3447466069346949,0.01637282825305755,86.22661122661123
