step,rollout_reward_mean,rollout_reward_std,eval_dcr_mean
2048.0,0.07897699004910179,0.20770334389392825,nan
4096.0,0.08248194189859993,0.21621689317947212,nan
6144.0,0.0621818470166873,0.18367118323997725,nan
8192.0,0.04353525165906298,0.1897546974542155,nan
10240.0,0.08326131473499046,0.2028976667489189,nan
12288.0,0.06683583663245672,0.2073679961717396,nan
14336.0,0.06358510253623303,0.2072772383882689,nan
16384.0,0.04616327003672892,0.15369379656380783,nan
18432.0,0.09378547407918204,0.19077977766726226,nan
20480.0,0.05460200058675049,0.17687427301110895,nan
22528.0,0.08526869298437222,0.17684672737853513,nan
24576.0,0.07182738567236882,0.18550636726572217,nan
26624.0,0.09587804626493748,0.19111090848632242,nan
28672.0,0.06341137630349772,0.20488679854707226,nan
30720.0,0.07950588855880955,0.22199371942656984,nan
32768.0,0.08238775205875601,0.1794474122375154,nan
34816.0,0.10638772718865701,0.20839683453091915,nan
36864.0,0.06750406081995362,0.20398592732984544,nan
38912.0,0.04408199435716332,0.1479023583162295,nan
40960.0,0.07119527941714734,0.22483485223354624,nan
43008.0,0.0632576940773786,0.15502698883194244,nan
45056.0,0.07765207054530741,0.2170526921261189,nan
47104.0,0.06565730653021205,0.1705444882381773,nan
49152.0,0.062373710789725006,0.150685453824038,nan
51200.0,0.09114397417071882,0.20551890088456162,nan
53248.0,0.09322778827281117,0.17639467380409019,nan
55296.0,0.05730404970794711,0.17926001381365989,nan
57344.0,0.07226737206994377,0.18537343578585802,nan
59392.0,0.0855198240676861,0.18847021076565665,nan
61440.0,0.06330915623421085,0.20912441675770396,nan
63488.0,0.06131396841324718,0.13441605222818484,nan
65536.0,0.04473109354616167,0.16340591171647206,nan
67584.0,0.05763291404254724,0.16908498369406252,nan
69632.0,0.06161380445269442,0.16228032410207835,nan
71680.0,0.08358708573748497,0.19800761980453996,nan
73728.0,0.07785414825798301,0.17818344346959009,nan
75776.0,0.07714238502089346,0.13997739514638072,nan
77824.0,0.09520151132876425,0.1770260732990863,nan
79872.0,0.061484621928970445,0.14855501995230233,nan
81920.0,0.09278443786202462,0.17595333977090072,nan
83968.0,0.09763590186819976,0.1694457570174351,nan
86016.0,0.07334797750552688,0.1749402353812183,nan
88064.0,0.07901014175972351,0.14081251223112748,nan
90112.0,0.05888193992567381,0.14465563072416698,nan
92160.0,0.0748460589194634,0.13435694399494238,nan
94208.0,0.0705848612520486,0.1714696267242383,nan
96256.0,0.07412407765688506,0.13386730614679618,nan
98304.0,0.10271828448228447,0.15432820629789307,nan
100352.0,0.09152580696965702,0.16867352231980579,15.20790020790021
102400.0,0.0929844459924811,0.17285469981079757,nan
104448.0,0.07534445877022203,0.16177207750268377,nan
106496.0,0.09127584710552922,0.17837913117086387,nan
108544.0,0.0653402589356781,0.17015749179683093,nan
110592.0,0.06448411962016837,0.1506036902523686,nan
112640.0,0.08803253251060383,0.1513050766381743,nan
114688.0,0.07482695873252668,0.14318408514776235,nan
116736.0,0.07092806194959977,0.18286119276766458,nan
118784.0,0.07125285917118526,0.16098342338115018,nan
120832.0,0.09451933594803737,0.1478767122309417,nan
122880.0,0.0809960366880569,0.17692486703594998,nan
124928.0,0.06892523961386066,0.19610502809292782,nan
126976.0,0.08761512383757096,0.17537234838952248,nan
129024.0,0.08371423677790354,0.1437133752128614,nan
131072.0,0.061901383482734613,0.16619030330393408,nan
133120.0,0.07280938179323639,0.1914576951634068,nan
135168.0,0.08626833824493166,0.13139223759566507,nan
137216.0,0.07237860688074192,0.18837664865489986,nan
139264.0,0.07349912036981468,0.15566795696048774,nan
141312.0,0.07116595172963881,0.16130303485564076,nan
143360.0,0.07095321721768937,0.15496663502189686,nan
145408.0,0.0663218563625238,0.17393318741551025,nan
147456.0,0.0925910380405885,0.14903617090544993,nan
149504.0,0.0669049903323837,0.1389377698583838,nan
151552.0,0.08889383566345417,0.18164605901614547,nan
153600.0,0.08120959033098722,0.12246159250606008,nan
155648.0,0.09244132438451802,0.11588138344604544,nan
157696.0,0.0740029946578277,0.11577240597302094,nan
159744.0,0.08493243664748479,0.131624099925335,nan
161792.0,0.09304186516173481,0.12109521456081389,nan
163840.0,0.08847504767814328,0.11995633751105016,nan
165888.0,0.09146857725092851,0.13878839008756952,nan
167936.0,0.08923662188301876,0.1340737851543439,nan
169984.0,0.09367799741123051,0.1428416987916102,nan
172032.0,0.08151583545632679,0.127283533031467,nan
174080.0,0.09099358762022489,0.13543149466777454,nan
176128.0,0.09699189103754488,0.12600766435814623,nan
178176.0,0.10208208511334603,0.1494459351420978,nan
180224.0,0.10122394087663655,0.16238836491914416,nan
182272.0,0.08826858907222412,0.11437408785088336,nan
184320.0,0.09921044265702969,0.16390709552861085,nan
186368.0,0.09004382296272717,0.13464332577968186,nan
188416.0,0.09429057410487451,0.14716612370615773,nan
190464.0,0.08558601894165108,0.1294420392149957,nan
192512.0,0.09493198036738398,0.14527459879916033,nan
194560.0,0.09051839595472978,0.1479766016228901,nan
196608.0,0.09715354834032247,0.15453268215893107,nan
198656.0,0.08557136358718981,0.12972675985582088,nan
200704.0,0.09865232734055289,0.11752972667004011,12.744282744282746
202752.0,0.09664326370894558,0.1581427226171486,nan
204800.0,0.0995414380771841,0.14583438901300858,nan
206848.0,0.09129860906919726,0.13132239038787255,nan
208896.0,0.10215616739850034,0.16967242417498068,nan
210944.0,0.08514981454924225,0.15763271869775505,nan
212992.0,0.09660116182612119,0.14639418918475797,nan
215040.0,0.08675350822889609,0.15724250126052425,nan
217088.0,0.084021009332606,0.12164107473456692,nan
219136.0,0.085241273727732,0.16487379996365342,nan
221184.0,0.08827567196670544,0.16072009273355525,nan
223232.0,0.09045280161795116,0.15984621668772075,nan
225280.0,0.08963738734357701,0.1322424731495645,nan
227328.0,0.08447588840311272,0.1690294105377628,nan
229376.0,0.09051841631637723,0.152619547207431,nan
231424.0,0.09377276107634072,0.13573607882875957,nan
233472.0,0.09845607452631974,0.13963991201360557,nan
235520.0,0.09246352107303635,0.1255201087222719,nan
237568.0,0.09696287133186896,0.1304462649848359,nan
239616.0,0.08850522778935285,0.12098902135747716,nan
241664.0,0.09159166438690779,0.1376033851543981,nan
243712.0,0.0947353932147906,0.13249921758253252,nan
245760.0,0.08658406297543536,0.14195731293667327,nan
247808.0,0.08104213329706472,0.13945813927810893,nan
249856.0,0.09631314539564281,0.1470135728632579,nan
251904.0,0.09261896139551654,0.1457629537257446,nan
253952.0,0.09307393281847656,0.11697192930711893,nan
256000.0,0.09817777857232134,0.13817817405658536,nan
258048.0,0.10524467592582509,0.1393329409815717,nan
260096.0,0.09914779335306445,0.1435623475371772,nan
262144.0,0.10535101924867854,0.14591871406531115,nan
264192.0,0.09672077969396398,0.15404346425058657,nan
266240.0,0.09014537807677425,0.1597065497284661,nan
268288.0,0.09973843204863603,0.13828555780753887,nan
270336.0,0.08991433384498747,0.15909435952139064,nan
272384.0,0.08689332719446725,0.16687548905843166,nan
274432.0,0.09776004099537305,0.16893954015842458,nan
276480.0,0.08769601279891795,0.15628835596112042,nan
278528.0,0.09302794220237284,0.15142444292216112,nan
280576.0,0.09805660948329456,0.1373809239000731,nan
282624.0,0.10292870043037786,0.15514998142276787,nan
284672.0,0.09474183595482275,0.15202544531237042,nan
286720.0,0.10659958644752113,0.1258286368018728,nan
288768.0,0.0948513898943944,0.17187428372165026,nan
290816.0,0.10915071412859348,0.15782546948670786,nan
292864.0,0.0824214862833136,0.15606616298958076,nan
294912.0,0.09297042002132005,0.15482476951555788,nan
296960.0,0.10490474604963104,0.1632230569723098,nan
299008.0,0.09164521643396477,0.15374184397578652,nan
301056.0,0.09823102276591686,0.13417716013250897,16.07068607068607
303104.0,0.07633724630806427,0.17894706871483415,nan
305152.0,0.099258552925922,0.15608138743672814,nan
307200.0,0.09559160643162332,0.15028565049282863,nan
309248.0,0.11062593157504617,0.1639480202223461,nan
311296.0,0.09573819035329492,0.14320401799617172,nan
313344.0,0.10665087007551927,0.1712730775418768,nan
315392.0,0.1006519365444185,0.14262363111433388,nan
317440.0,0.08103343371872163,0.16914181478393692,nan
319488.0,0.09685001139868707,0.14567656271741722,nan
321536.0,0.0768590028737755,0.17884337798409491,nan
323584.0,0.09865893066393452,0.15032153591931116,nan
325632.0,0.08708456862776733,0.16412189151777196,nan
327680.0,0.08002812090574651,0.1659867762774355,nan
329728.0,0.09079943210559865,0.16811486156954145,nan
331776.0,0.08729423602699513,0.16260677816966496,nan
333824.0,0.08916988345068352,0.18973714214561785,nan
335872.0,0.0929191713808543,0.17200989378322196,nan
337920.0,0.10807269053396458,0.14877548291662204,nan
339968.0,0.0880554547682621,0.17253093678718606,nan
342016.0,0.0768518703441462,0.18795699101187852,nan
344064.0,0.09833766406121099,0.15548585936692394,nan
346112.0,0.09357787991071952,0.17479480573409842,nan
348160.0,0.08985994737435629,0.17162250707721857,nan
350208.0,0.09546314192083546,0.1549639514470969,nan
352256.0,0.09790728092982548,0.16269962050316367,nan
354304.0,0.08987209985951328,0.1572840557407957,nan
356352.0,0.06302328163778903,0.15955373106556628,nan
358400.0,0.1062680744838782,0.1702561334302802,nan
360448.0,0.10598256589739555,0.16030386424177318,nan
362496.0,0.08736854680424955,0.16115622056820925,nan
364544.0,0.09429219735882666,0.1449337702987342,nan
366592.0,0.10341503419903751,0.16347321364586462,nan
368640.0,0.08364690256331662,0.17693930408605332,nan
370688.0,0.10033855376620923,0.17811029660378663,nan
372736.0,0.1057120346721404,0.10778681272329997,nan
374784.0,0.0900548246388105,0.1850895751197069,nan
376832.0,0.10765838338828604,0.15598224980708067,nan
378880.0,0.09067473091099375,0.16581908157354494,nan
380928.0,0.10083860703143246,0.15267226201110332,nan
382976.0,0.07980624040896495,0.19089018432344562,nan
385024.0,0.0877375529123666,0.1839699726498374,nan
387072.0,0.09081120282044798,0.1569524862542288,nan
389120.0,0.09462735019648752,0.18951082593620977,nan
391168.0,0.10954111040152331,0.1685702356136253,nan
393216.0,0.08640700494299486,0.18938072004053144,nan
395264.0,0.09404765349584912,0.15292353849596052,nan
397312.0,0.09630048261211216,0.14061205094578463,nan
399360.0,0.08742503830870613,0.1938413132473495,nan
401408.0,0.08852306466107981,0.17738227192632264,13.045738045738045
403456.0,0.10191613418944578,0.13723125540642983,nan
405504.0,0.09002139614241352,0.15617922024169642,nan
407552.0,0.09975692568077946,0.18454025537133004,nan
409600.0,0.08300593994234468,0.19930960382038754,nan
411648.0,0.09879027819667424,0.17271086228225582,nan
413696.0,0.1125779753713518,0.16948623252024905,nan
415744.0,0.09786633948331262,0.1597293889095665,nan
417792.0,0.08680238946389962,0.16161658222114958,nan
419840.0,0.08486554202910263,0.16831325556585777,nan
421888.0,0.09049667606280443,0.16206961199682526,nan
423936.0,0.09014489868563275,0.1684743517185124,nan
425984.0,0.09230878147393998,0.15354316266267723,nan
428032.0,0.10236143497326296,0.13652166257539328,nan
430080.0,0.09641759562271217,0.1655132242886508,nan
432128.0,0.08261398336164373,0.16236722929419034,nan
434176.0,0.07237278542807243,0.1948201330023476,nan
436224.0,0.10061045115989042,0.17159017122550058,nan
438272.0,0.08445057842770351,0.14039313345002338,nan
440320.0,0.07386737589138398,0.16176282434893735,nan
442368.0,0.0971514760233232,0.14073845921990888,nan
444416.0,0.09908258318364478,0.15901346347127268,nan
446464.0,0.09160789729454766,0.14288007271313824,nan
448512.0,0.10294323842185871,0.1667739746370993,nan
450560.0,0.08352862925055128,0.1458009712062051,nan
452608.0,0.08401669097229639,0.18965760192640976,nan
454656.0,0.08790474035183832,0.18136631728233366,nan
456704.0,0.0894368637644954,0.19060454303538207,nan
458752.0,0.0737913317403157,0.17209849128955623,nan
460800.0,0.08158519906914977,0.1850246119516475,nan
462848.0,0.09211488717005535,0.14723949002908898,nan
464896.0,0.08682854845222154,0.14357648810680557,nan
466944.0,0.09321629419412134,0.1489818766723503,nan
468992.0,0.10813348706051282,0.16859260611328727,nan
471040.0,0.09075777940723996,0.17421114626480738,nan
473088.0,0.1030585635236593,0.16793221228284885,nan
475136.0,0.08927413289331701,0.22047128885233835,nan
477184.0,0.060364152131407806,0.1839232112511842,nan
479232.0,0.0790524219706701,0.1835184072230333,nan
481280.0,0.09707498230340213,0.18287407504970188,nan
483328.0,0.08814121994374022,0.170653041942253,nan
485376.0,0.07971453638464071,0.19511469330240297,nan
487424.0,0.08477821322494003,0.16752375678707113,nan
489472.0,0.09153606073284423,0.20355250571839495,nan
491520.0,0.09220645202107891,0.17153773203899864,nan
493568.0,0.07641755495671103,0.18303638875630307,nan
495616.0,0.06903113796747132,0.1856509883901887,nan
497664.0,0.09491098255304456,0.1829896801965438,nan
499712.0,0.09716362559751564,0.18365484454177222,nan
501760.0,0.07618461797411534,0.16542717369476234,18.991683991683992
503808.0,0.08345491725366234,0.1754475579526435,nan
505856.0,0.10913090765436777,0.15896298596914962,nan
507904.0,0.08063731324361062,0.17243338817108472,nan
509952.0,0.09381534397793398,0.20211085747786772,nan
512000.0,0.08916760356052263,0.19412780797373874,nan
514048.0,0.08915070551919775,0.19499738586266838,nan
516096.0,0.09158456890114551,0.16544792493711769,nan
518144.0,0.07790897068202787,0.18518103250849471,nan
520192.0,0.10030317949452502,0.18637689967692805,nan
522240.0,0.0884776827054079,0.16641314759175382,nan
524288.0,0.0965044865384797,0.1430189046629692,nan
526336.0,0.09420065103953686,0.14991568469402902,nan
528384.0,0.09636732390226971,0.19755691664000546,nan
530432.0,0.08087724956027648,0.14610806010430527,nan
532480.0,0.09197049904643084,0.1595640801264762,nan
534528.0,0.0860751235472943,0.18189386037039626,nan
536576.0,0.0992255997123071,0.1981657505228612,nan
538624.0,0.08798692406405664,0.13856524796829955,nan
540672.0,0.09397266251429062,0.1878884312960582,nan
542720.0,0.09366839169118481,0.17504411940608744,nan
544768.0,0.08994514564381123,0.1699840801323533,nan
546816.0,0.06139375721483743,0.17043281970210286,nan
548864.0,0.08177376433445942,0.1784936254075152,nan
550912.0,0.092500014214694,0.18613920673042345,nan
552960.0,0.09874884667763448,0.17262353817426054,nan
555008.0,0.09016875091801696,0.1827175105955233,nan
557056.0,0.08052663022121107,0.16377994570228233,nan
559104.0,0.07746981441913975,0.19307771831083506,nan
561152.0,0.09058384561544987,0.15547809157311124,nan
563200.0,0.10726876510608223,0.1726859162823858,nan
565248.0,0.09038527319460565,0.1583336116384043,nan
567296.0,0.10188541447863109,0.16199757685327149,nan
569344.0,0.08872668734037044,0.1498757973495493,nan
571392.0,0.08874873074105709,0.1803018185960403,nan
573440.0,0.08420608773570387,0.17990414612633443,nan
575488.0,0.07686682257303196,0.1508366833637344,nan
577536.0,0.08558188039896863,0.160512656884439,nan
579584.0,0.08182302192373758,0.1744860797781656,nan
581632.0,0.07906061697714734,0.16563678260394765,nan
583680.0,0.08534313924501999,0.17214100680102573,nan
585728.0,0.08691949200669505,0.1641175817837219,nan
587776.0,0.09492262988409644,0.18463751979525417,nan
589824.0,0.07161185207182275,0.16135969889690818,nan
591872.0,0.0808669491100873,0.17027924494668656,nan
593920.0,0.10337105916632816,0.1733152610630711,nan
595968.0,0.05607420671691077,0.17738476345529725,nan
598016.0,0.09655245588576343,0.16835925122240922,nan
600064.0,0.06523897640670248,0.1759525106200321,nan
602112.0,0.09780443961649732,0.17792949396046528,15.602910602910603
604160.0,0.09884490549523697,0.18775179853017573,nan
606208.0,0.06611113030622116,0.18437583760437837,nan
608256.0,0.0924423519598119,0.1577095006968136,nan
610304.0,0.0830274152230561,0.179490194761236,nan
612352.0,0.08727639879450691,0.18776935615914891,nan
614400.0,0.08368775436758036,0.16765884219070518,nan
616448.0,0.09631427305760477,0.17574277662122623,nan
618496.0,0.09025809224079928,0.17481358624043558,nan
620544.0,0.09079001521438858,0.17829356644869698,nan
622592.0,0.059170011966643205,0.17571385759996208,nan
624640.0,0.09295726091024202,0.13463292279249905,nan
626688.0,0.08824453108489563,0.15775552887574806,nan
628736.0,0.07623802659515211,0.18157428649607538,nan
630784.0,0.09397923080323595,0.1510081716745986,nan
632832.0,0.07057973004262937,0.18902118771433096,nan
634880.0,0.09369855480864107,0.1774912654613546,nan
636928.0,0.08620741221043382,0.17192930426640937,nan
638976.0,0.07703375216971861,0.1423593718413938,nan
641024.0,0.09099069208346698,0.1847716242932301,nan
643072.0,0.08506514874234494,0.20153485561217185,nan
645120.0,0.09138300534902521,0.161829529595338,nan
647168.0,0.1080429378689916,0.18041385628812778,nan
649216.0,0.09276516281457053,0.19092091324247237,nan
651264.0,0.08395459391235932,0.17999028311320567,nan
653312.0,0.07987858257680538,0.19529140829197258,nan
655360.0,0.08571482798352076,0.1602499277469991,nan
657408.0,0.08651323045829436,0.19282274560476897,nan
659456.0,0.09314525519514906,0.17161846358613772,nan
661504.0,0.08608522452466677,0.17996395021020978,nan
663552.0,0.0946518910284347,0.194161541112633,nan
665600.0,0.06300879183176603,0.17783341740442304,nan
667648.0,0.09282530014302866,0.1513251198642083,nan
669696.0,0.07464390709296279,0.18353348706848507,nan
671744.0,0.09696497904151477,0.1514134960280352,nan
673792.0,0.0758818403158274,0.16198720560595425,nan
675840.0,0.0887447721138495,0.1824020046763627,nan
677888.0,0.08475817251557624,0.13428412697515346,nan
679936.0,0.0907985872619391,0.16837053715475778,nan
681984.0,0.09574628002530908,0.14083008430165256,nan
684032.0,0.0780826872614852,0.16943068405412898,nan
686080.0,0.08276020229981529,0.15629182096429867,nan
688128.0,0.09353328831451292,0.1487388689071297,nan
690176.0,0.08494890742827355,0.16413707131186228,nan
692224.0,0.07995678028932389,0.17069053688656274,nan
694272.0,0.08651683224516606,0.1474240410565614,nan
696320.0,0.08531390862627672,0.16711747798943752,nan
698368.0,0.10152207192211632,0.16493306000713523,nan
700416.0,0.07167680812944435,0.1750882039622618,nan
702464.0,0.09054373248171213,0.16674698262018714,20.498960498960503
704512.0,0.07033282994193663,0.15916863253997807,nan
706560.0,0.0874200142316142,0.13825260714579216,nan
708608.0,0.0677604135296655,0.14975281035969823,nan
710656.0,0.1042230650396145,0.18147966829183906,nan
712704.0,0.09805929031072019,0.16272786952614166,nan
714752.0,0.08304928768511959,0.1635037057327883,nan
716800.0,0.0737666153842339,0.18658505256402894,nan
718848.0,0.09949908665557101,0.17028869878033573,nan
720896.0,0.10189872170847758,0.1828944887449446,nan
722944.0,0.08238521935523976,0.17585376350060658,nan
724992.0,0.07277042032638746,0.17118922403137687,nan
727040.0,0.08365800323127134,0.15095531980247842,nan
729088.0,0.07970187113263283,0.14830000881043842,nan
731136.0,0.09494875950881844,0.16611036919453545,nan
733184.0,0.06664956013565762,0.15751277735799635,nan
735232.0,0.07871782658174326,0.18285765012528363,nan
737280.0,0.07436287987135715,0.17491652811432232,nan
739328.0,0.09973017633530643,0.17337280821116122,nan
741376.0,0.06261125269778887,0.1951927584810484,nan
743424.0,0.06667493360522833,0.19048917319700776,nan
745472.0,0.07707502664139483,0.19326802299086854,nan
747520.0,0.09187034717341892,0.15006513604953978,nan
749568.0,0.0897242251211359,0.15883858192324027,nan
751616.0,0.09344564917918716,0.17927848059477394,nan
753664.0,0.10684398249135257,0.19394522714630638,nan
755712.0,0.0657602035187135,0.18047334521671307,nan
757760.0,0.07766970633642731,0.16612336798172034,nan
759808.0,0.09335792192242184,0.1590530383825574,nan
761856.0,0.09906627096592077,0.17865364637414977,nan
763904.0,0.08280545733924857,0.17172868764792215,nan
765952.0,0.11178395821081274,0.15664976244710266,nan
768000.0,0.07101127629309771,0.18300283997328923,nan
770048.0,0.08254009620019163,0.16228966391119243,nan
772096.0,0.0710997016504886,0.1877807300155157,nan
774144.0,0.09198794583310799,0.17958508918594485,nan
776192.0,0.06400638658542285,0.16508866890443716,nan
778240.0,0.08194714837886424,0.1600050485857886,nan
780288.0,0.08422833677383113,0.1607092375516981,nan
782336.0,0.07197025657049777,0.19423600825600737,nan
784384.0,0.09736892660864944,0.1726246530516162,nan
786432.0,0.0909452628385211,0.16024196419708395,nan
788480.0,0.10679982512735856,0.1749361340606904,nan
790528.0,0.07987744096131075,0.17634794391225744,nan
792576.0,0.08679175006867931,0.14459376010377714,nan
794624.0,0.09675868719552935,0.16315562362165018,nan
796672.0,0.08706699291373249,0.15529335006573414,nan
798720.0,0.08205203001796159,0.17588743655448716,nan
800768.0,0.08934121806093195,0.15780709895428033,nan
802816.0,0.09133916855045787,0.16391287866262486,17.182952182952185
804864.0,0.08664570235589072,0.16814322795983694,nan
806912.0,0.079612535631481,0.1662154591012291,nan
808960.0,0.10064112578745445,0.17729694349229766,nan
811008.0,0.0686077735182471,0.18703391118703774,nan
813056.0,0.08358130703589273,0.1729043807628179,nan
815104.0,0.08224250297565244,0.1441724452633829,nan
817152.0,0.09349460446715227,0.1682566112633661,nan
819200.0,0.08712763093723994,0.15655682003383375,nan
821248.0,0.08407513044921815,0.16266730613339453,nan
823296.0,0.08029969199286624,0.16641262065387655,nan
825344.0,0.09006319153389249,0.1544440564093375,nan
827392.0,0.10740205831804808,0.1505583141127242,nan
829440.0,0.1016234637087532,0.13618437113389567,nan
831488.0,0.09179946454394841,0.18591778014664648,nan
833536.0,0.07031743494466831,0.16397234899926613,nan
835584.0,0.10039767170874828,0.15571080963977207,nan
837632.0,0.08409693441700589,0.17307607760245589,nan
839680.0,0.08234944937066509,0.15967508725650867,nan
841728.0,0.09053846224309031,0.1512167171367159,nan
843776.0,0.08836624580980863,0.16712228093708054,nan
845824.0,0.07720094075454564,0.19973620110643553,nan
847872.0,0.08667713401424068,0.16833324682179923,nan
849920.0,0.0837456039524502,0.14388440724390233,nan
851968.0,0.08266970497250081,0.14942583204263746,nan
854016.0,0.08314115388723817,0.14324774867092746,nan
856064.0,0.09516385705864999,0.1852747494203089,nan
858112.0,0.09542549197794988,0.15981074594587508,nan
860160.0,0.09357534620958244,0.1653274733843844,nan
862208.0,0.08297208549059604,0.15408089954124812,nan
864256.0,0.09067472064350296,0.18924602648038039,nan
866304.0,0.09327555010364806,0.14920729770067884,nan
868352.0,0.09231773466737994,0.16241897132491576,nan
870400.0,0.08988924069037554,0.16227675635978564,nan
872448.0,0.09128131355453914,0.15828237054022362,nan
874496.0,0.08429085290306992,0.1760567868745453,nan
876544.0,0.0986688791290107,0.17440402087214896,nan
878592.0,0.08961699503943882,0.1820359452560028,nan
880640.0,0.06352717795884583,0.17405182502212432,nan
882688.0,0.08659121630394807,0.16721619328244053,nan
884736.0,0.07487479146121093,0.17059712752853676,nan
886784.0,0.09831338193794793,0.16209195307696678,nan
888832.0,0.09264374815791633,0.20261519986035983,nan
890880.0,0.10529688355602349,0.1583093205137977,nan
892928.0,0.0803369653570119,0.17832427298498862,nan
894976.0,0.08111078309029932,0.17351606834599095,nan
897024.0,0.10098765289608144,0.1576196012399487,nan
899072.0,0.10034030564867122,0.18444120761058536,nan
901120.0,0.08194915851634435,0.1997479601445366,nan
903168.0,0.08604272803089283,0.14512744617273782,17.85862785862786
905216.0,0.07035771509257012,0.17180270052191812,nan
907264.0,0.08857797008410015,0.18623003963566254,nan
909312.0,0.09045829626734456,0.1386336719383803,nan
911360.0,0.09869110886003053,0.15348308567936683,nan
913408.0,0.08235387754309312,0.16926149076970876,nan
915456.0,0.09654475231272865,0.19083951880760036,nan
917504.0,0.08169956749131214,0.16524288832887993,nan
919552.0,0.08994578882321075,0.1815786727073013,nan
921600.0,0.07479093795241279,0.1714406596521387,nan
923648.0,0.07466654046506839,0.13009537697015244,nan
925696.0,0.08341252293716159,0.16944016797755018,nan
927744.0,0.09382680089965707,0.1970123177243888,nan
929792.0,0.09575932575214088,0.17351789321806493,nan
931840.0,0.0675780613583489,0.17230128269800232,nan
933888.0,0.10458365558862384,0.18645851034353478,nan
935936.0,0.09393618066202043,0.18341699357679403,nan
937984.0,0.08308441598710967,0.17150013991228458,nan
940032.0,0.11072590816022682,0.18624040862023505,nan
942080.0,0.09720796832843115,0.1755430020456399,nan
944128.0,0.11043948756580409,0.14182612573758727,nan
946176.0,0.09929286468420001,0.16009816602653948,nan
948224.0,0.08662966010039523,0.17295790406495465,nan
950272.0,0.08359077528315101,0.18354018962026628,nan
952320.0,0.09128209201082507,0.16576275115081612,nan
954368.0,0.08851650474905912,0.1678387537311928,nan
956416.0,0.08824318986879844,0.1648735496633345,nan
958464.0,0.09017297093241686,0.1818220116639678,nan
960512.0,0.08027418458361577,0.1955153366953355,nan
962560.0,0.09415421675193254,0.17470490629781632,nan
964608.0,0.09126095415085667,0.20078527341651162,nan
966656.0,0.10598330514936859,0.1896926499795561,nan
968704.0,0.08868543508577537,0.17244790618153458,nan
970752.0,0.09599409706638543,0.14219183206991837,nan
972800.0,0.07514890561097816,0.1525420502992398,nan
974848.0,0.0893310743771413,0.17620127285929357,nan
976896.0,0.07608251735846179,0.1662593529540466,nan
978944.0,0.08823984636118246,0.183595142723941,nan
980992.0,0.08711709245168811,0.16604990853582782,nan
983040.0,0.09689816886420007,0.157389119341042,nan
985088.0,0.10678695470517835,0.17308145467725525,nan
987136.0,0.07922215334487875,0.15764913855637291,nan
989184.0,0.0878421432973473,0.18982646815836707,nan
991232.0,0.09343960032475646,0.1563732879483681,nan
993280.0,0.09088412332866816,0.1559154185404069,nan
995328.0,0.08136633270733645,0.20802611474273108,nan
997376.0,0.114669212438716,0.16297743456946234,nan
999424.0,0.09054334936461904,0.2016341318610354,nan
1001472.0,0.09796030574234053,0.16585674807487605,nan
1003520.0,0.08364732413930476,0.17367430169837017,19.20997920997921
1005568.0,0.09892035875182427,0.15004597478423806,nan
1007616.0,0.09505483505032652,0.17788724572867368,nan
1009664.0,0.09638582356334699,0.19351011012479294,nan
1011712.0,0.08632254706201328,0.17707989066506932,nan
1013760.0,0.0808511237101911,0.16684146102416772,nan
1015808.0,0.09540308176666124,0.13440696773034666,nan
1017856.0,0.08294853348462276,0.19316076734847198,nan
1019904.0,0.09949698917965316,0.16580761786601886,nan
1021952.0,0.0813167323636796,0.17231517098835084,nan
1024000.0,0.08563667238020023,0.16863656392153223,nan
1026048.0,0.09506872891817561,0.17893054430404773,nan
1028096.0,0.08000761615502269,0.15534246791073109,nan
1030144.0,0.10275661849287399,0.16770689963107216,nan
1032192.0,0.09998680156516039,0.16401133365089354,nan
1034240.0,0.097074216358274,0.18155817223045378,nan
1036288.0,0.10983991635197697,0.15360687877841545,nan
1038336.0,0.09709254702141001,0.18568958809609165,nan
1040384.0,0.10518790373655335,0.17037370220742315,nan
1042432.0,0.09651204196524399,0.16696062629009006,nan
1044480.0,0.08197388528351982,0.17630179487474254,nan
1046528.0,0.09791192322302592,0.18657700429539925,nan
1048576.0,0.10202242634004759,0.16272688755981068,nan
1050624.0,0.10424024867039354,0.15147087273368529,nan
1052672.0,0.09606345042165018,0.17123833109527095,nan
1054720.0,0.09614215882417831,0.17653986224688126,nan
1056768.0,0.0902157739517598,0.15029361067211217,nan
1058816.0,0.10779845409299157,0.14683915128442213,nan
1060864.0,0.07699458343363297,0.19124664025903776,nan
1062912.0,0.11014845540992621,0.20515980087000918,nan
1064960.0,0.09140277322746987,0.1706882864688391,nan
1067008.0,0.08643117732112984,0.16370657106568784,nan
1069056.0,0.1013350959535101,0.14678366325142939,nan
1071104.0,0.10256213015477497,0.17524523484373664,nan
1073152.0,0.08707171013277844,0.1937555199529948,nan
1075200.0,0.08956715677373,0.16522007125453766,nan
1077248.0,0.08660468821980871,0.20207482008935412,nan
1079296.0,0.111350015681056,0.1766745727848166,nan
1081344.0,0.08315952004009777,0.18617603730642573,nan
1083392.0,0.09264682009563488,0.16808290386572544,nan
1085440.0,0.08912725494593557,0.1785236695323968,nan
1087488.0,0.06809984198488744,0.1921415736112289,nan
1089536.0,0.0940980753206316,0.15511877586563375,nan
1091584.0,0.10264769011511105,0.1603733398982018,nan
1093632.0,0.11599303043964568,0.17863904114175,nan
1095680.0,0.1171045466524993,0.17695463310752088,nan
1097728.0,0.09691197724185435,0.18823624385544824,nan
1099776.0,0.09942582793741186,0.14233092070138406,nan
1101824.0,0.08967124305837218,0.17789723021628273,nan
1103872.0,0.09295850786273677,0.16708964604894308,19.231084231084232
1105920.0,0.09911945244020379,0.12692496979283593,nan
1107968.0,0.10821699118230411,0.16096683257756872,nan
1110016.0,0.08725292226914057,0.17442196838482057,nan
1112064.0,0.09058102438820195,0.17780550846761561,nan
1114112.0,0.10013953962320339,0.18608680209900663,nan
1116160.0,0.08672465580690959,0.20427165059838612,nan
1118208.0,0.08670659761274108,0.18364168071776163,nan
1120256.0,0.09365993782675511,0.18295747653218464,nan
1122304.0,0.08302098520792947,0.16297571943711958,nan
1124352.0,0.0965954940045611,0.1527983203999456,nan
1126400.0,0.08916703829428148,0.15986970008247497,nan
1128448.0,0.10186369818715321,0.183566862869177,nan
1130496.0,0.08872417153413745,0.18391778539771914,nan
1132544.0,0.10561994680852486,0.16984168249237358,nan
1134592.0,0.0717851634193181,0.19944173709730156,nan
1136640.0,0.10100132081604613,0.17267334006120116,nan
1138688.0,0.11011492721915533,0.1820253640686363,nan
1140736.0,0.09995451750081619,0.16852670092326952,nan
1142784.0,0.08426262019449893,0.17033428574261805,nan
1144832.0,0.09606157812636439,0.1562451407755386,nan
1146880.0,0.09710612092520879,0.1824230055873765,nan
1148928.0,0.08122288297402969,0.15810655616788755,nan
1150976.0,0.0894672576202424,0.1754212154223166,nan
1153024.0,0.09065512885053989,0.17864517664879823,nan
1155072.0,0.10704587560409046,0.174400620983831,nan
1157120.0,0.09697703145411873,0.18990612481885158,nan
1159168.0,0.09445060582427757,0.17558534088839967,nan
1161216.0,0.11289377192047623,0.1721889579751191,nan
1163264.0,0.09513973592563374,0.18754360210459975,nan
1165312.0,0.10388266316532684,0.19089435457690082,nan
1167360.0,0.09537678519279372,0.18793523501021628,nan
1169408.0,0.09792604636878753,0.1741115646680614,nan
1171456.0,0.08762363789052148,0.15076590063545647,nan
1173504.0,0.10823470165496786,0.17689716508185777,nan
1175552.0,0.10255472513079125,0.1742816118627135,nan
1177600.0,0.10277655636320766,0.19282613255783315,nan
1179648.0,0.08121631230126425,0.19208298789603034,nan
1181696.0,0.09473987291388833,0.20318640120312464,nan
1183744.0,0.10191536962980899,0.177379658834092,nan
1185792.0,0.09903309585757969,0.2025535803338773,nan
1187840.0,0.07379889024279654,0.17832294392147593,nan
1189888.0,0.09512704623848264,0.1359692906428354,nan
1191936.0,0.09242923119250201,0.16737867789166747,nan
1193984.0,0.103167900548,0.16330655842187386,nan
1196032.0,0.11178609421178129,0.1843790244758504,nan
1198080.0,0.10007790479945128,0.1906556703509717,nan
1200128.0,0.09273691909064206,0.16573789554078946,nan
1202176.0,0.09980677476700855,0.1971129602457038,nan
1204224.0,0.08601734186056083,0.19170594199698326,21.912681912681915
1206272.0,0.08926881431943991,0.1921583090566932,nan
1208320.0,0.10423445410907164,0.17123321837265978,nan
1210368.0,0.11719784476861395,0.19216673981852492,nan
1212416.0,0.11197982113511137,0.1582156013562137,nan
1214464.0,0.10405636562423223,0.1813394653914439,nan
1216512.0,0.08589569792262677,0.20708176145101215,nan
1218560.0,0.08735807146872349,0.15828751875687833,nan
1220608.0,0.08751192747274378,0.2039830217302583,nan
1222656.0,0.11525154593718853,0.1797061064248351,nan
1224704.0,0.09179083700892471,0.1762261704185664,nan
1226752.0,0.0942211333252878,0.1725753615707104,nan
1228800.0,0.09252542045058465,0.1846915136577307,nan
1230848.0,0.0915955306146084,0.17604831492400402,nan
1232896.0,0.08150420627316557,0.18076056658026526,nan
1234944.0,0.08608558803745286,0.17189788276084916,nan
1236992.0,0.11027717090919599,0.18474345653359456,nan
1239040.0,0.09498469101373427,0.17509582222605197,nan
1241088.0,0.10645417983056286,0.15384179333205447,nan
1243136.0,0.0841481096161108,0.16881202812408894,nan
1245184.0,0.10663410845057092,0.152316141882169,nan
1247232.0,0.11052195094892392,0.18544087758785413,nan
1249280.0,0.10880795058913108,0.16207087805445866,nan
1251328.0,0.10503507716280205,0.1797775619961373,nan
1253376.0,0.0980456127379391,0.18747585268207537,nan
1255424.0,0.08703777026065823,0.18267159376003803,nan
1257472.0,0.08993307875499812,0.15352832529257612,nan
1259520.0,0.07990221561378233,0.1930299798451641,nan
1261568.0,0.09010353753568842,0.17132187913911345,nan
1263616.0,0.09153086133821504,0.16980598281940576,nan
1265664.0,0.09595641357306446,0.16271436205867348,nan
1267712.0,0.10441700914052945,0.15194325575519907,nan
1269760.0,0.09431192731317004,0.18509690692981776,nan
1271808.0,0.1153316908772565,0.17195207130604565,nan
1273856.0,0.12208513101743723,0.1674214280998238,nan
1275904.0,0.109302413006418,0.1703642478430663,nan
1277952.0,0.11408068652292824,0.1864461892054312,nan
1280000.0,0.11080002316482845,0.19092860815470297,nan
1282048.0,0.11614413575194144,0.17743415399803494,nan
1284096.0,0.10605875149104724,0.18332169852866756,nan
1286144.0,0.10763169581993731,0.19099043781184052,nan
1288192.0,0.1013621516128991,0.16867805175647313,nan
1290240.0,0.0985206579230076,0.1941209467401678,nan
1292288.0,0.0921789945896,0.18584584561321535,nan
1294336.0,0.10467595912595691,0.1319435248889123,nan
1296384.0,0.10311916965576395,0.18246299120775764,nan
1298432.0,0.11597454586452653,0.1604485885364568,nan
1300480.0,0.08793646518854789,0.17101101923782072,nan
1302528.0,0.10707712330712471,0.19610442487855922,nan
1304576.0,0.10676517732615737,0.18528669624039243,21.41372141372141
1306624.0,0.09446245999971184,0.16310395901860128,nan
1308672.0,0.09027331906368054,0.1762594231561748,nan
1310720.0,0.11969819732863862,0.199414281336368,nan
1312768.0,0.10061483113850903,0.20374407959533633,nan
1314816.0,0.12026804941370217,0.18457014016817183,nan
1316864.0,0.09975978327123056,0.1922290901165186,nan
1318912.0,0.10844816742794178,0.17310400259389516,nan
1320960.0,0.11460853072200246,0.19498824657487077,nan
1323008.0,0.10000642371160524,0.17182343234007535,nan
1325056.0,0.09252519089840444,0.18865569660613232,nan
1327104.0,0.0952754815551296,0.1724005354001321,nan
1329152.0,0.08461634962464207,0.17506495156382137,nan
1331200.0,0.08536711494677394,0.17938878402274958,nan
1333248.0,0.09747837380335797,0.16915956034503069,nan
1335296.0,0.09423357537846072,0.17584629820242204,nan
1337344.0,0.10740577830431783,0.17856134273143004,nan
1339392.0,0.10915670482748072,0.19935435487740255,nan
1341440.0,0.1028498430031783,0.18761055398410306,nan
1343488.0,0.10237267659148916,0.18480433657253129,nan
1345536.0,0.1067357989500064,0.17591771728466693,nan
1347584.0,0.09174651727392433,0.18959144126711222,nan
1349632.0,0.11607428182419224,0.17684340773256532,nan
1351680.0,0.11439110212591772,0.19546972599241788,nan
1353728.0,0.11184077586941041,0.17521268581950392,nan
1355776.0,0.09856558790904509,0.20760590517183322,nan
1357824.0,0.1257386372325973,0.1652428928832233,nan
1359872.0,0.10010327341458938,0.17037930281151936,nan
1361920.0,0.10108682191708293,0.17218475936096164,nan
1363968.0,0.10800201798164755,0.17251679153248858,nan
1366016.0,0.09305564487892046,0.19548897208708785,nan
1368064.0,0.12446338196309512,0.19614886469486206,nan
1370112.0,0.10850110282104254,0.1887445038910054,nan
1372160.0,0.11931115436455786,0.16308801929170005,nan
1374208.0,0.10651263289236697,0.16050486252398596,nan
1376256.0,0.1030310033412194,0.1823378872575633,nan
1378304.0,0.10265682797060088,0.17985799937213212,nan
1380352.0,0.1109476633512593,0.15973048876828805,nan
1382400.0,0.10278187930465346,0.1671129004819177,nan
1384448.0,0.11060616838327968,0.16320878048192053,nan
1386496.0,0.1175833972940788,0.1780227347964138,nan
1388544.0,0.11164796052638834,0.1788783839678444,nan
1390592.0,0.11742932104174436,0.17918156763454082,nan
1392640.0,0.11711922122878354,0.16386497988895515,nan
1394688.0,0.10654898580670405,0.1759528202870394,nan
1396736.0,0.1050734142385634,0.17794696952817252,nan
1398784.0,0.10844449228988033,0.16046235519709737,nan
1400832.0,0.11407854715386362,0.16201493573123465,nan
1402880.0,0.12028358678274767,0.15607350575651574,nan
1404928.0,0.11392405068514355,0.15082453822505865,17.162162162162165
1406976.0,0.1148701150008899,0.14429088560859943,nan
1409024.0,0.11121362439699459,0.16360899799976053,nan
1411072.0,0.10076908938145432,0.19350802793084407,nan
1413120.0,0.09717613450799853,0.18736434180386521,nan
1415168.0,0.11126833958983574,0.19255623432878197,nan
1417216.0,0.09083680183068152,0.18034324803823043,nan
1419264.0,0.12040324485108181,0.2177608924471344,nan
1421312.0,0.12226646959878026,0.20153740525829164,nan
1423360.0,0.10258658504823287,0.19360897021970988,nan
1425408.0,0.1342167659236716,0.19252216142547002,nan
1427456.0,0.08131060050735937,0.22014865550835694,nan
1429504.0,0.0993443810591599,0.19449399558570726,nan
1431552.0,0.0974645209055727,0.2089377759145092,nan
1433600.0,0.13165307936361403,0.2156046266636619,nan
1435648.0,0.10988187294408844,0.21876138024399266,nan
1437696.0,0.1063014700632346,0.1934719814501677,nan
1439744.0,0.10877830731767998,0.22748909075281887,nan
1441792.0,0.10162948282834201,0.20174392667814098,nan
1443840.0,0.09689988354961152,0.21823560822676827,nan
1445888.0,0.11976361670090185,0.2079100861164023,nan
1447936.0,0.11885559233726388,0.22389040603039218,nan
1449984.0,0.11438651619123583,0.20996775569501575,nan
1452032.0,0.12024905665018348,0.2252258563867304,nan
1454080.0,0.10488372238248314,0.2215942770465896,nan
1456128.0,0.134202852329349,0.2192549151498816,nan
1458176.0,0.13752222658531385,0.21712614045963313,nan
1460224.0,0.1005802896135134,0.22382997661421472,nan
1462272.0,0.12901782454079908,0.2278483106749802,nan
1464320.0,0.12167040464401774,0.22435974788921345,nan
1466368.0,0.12149071121350624,0.21213683157472396,nan
1468416.0,0.12657674529673715,0.20897189771373956,nan
1470464.0,0.13562291590240746,0.21438726912357253,nan
1472512.0,0.15638834317121092,0.22821620137998502,nan
1474560.0,0.13528445611075704,0.23299996871916362,nan
1476608.0,0.14593539283155335,0.21297576264448878,nan
1478656.0,0.11290372750246642,0.22670072080728318,nan
1480704.0,0.12461011833223111,0.23869949546632435,nan
1482752.0,0.16193363169414898,0.23653542937809102,nan
1484800.0,0.1416312569098961,0.22351007821107488,nan
1486848.0,0.17513802674360945,0.2266623527384215,nan
1488896.0,0.16722424340673242,0.23168793363886792,nan
1490944.0,0.15120566570785182,0.2253824406397311,nan
1492992.0,0.11057184373643733,0.22864639643792342,nan
1495040.0,0.162267766141161,0.22850527649239413,nan
1497088.0,0.19944564898531986,0.22240373633578867,nan
1499136.0,0.1460328940180299,0.22550596321507252,nan
1501184.0,0.1284535660308594,0.22894605982008226,nan
1503232.0,0.11360736786077841,0.22653104130475046,nan
1505280.0,0.167081391623242,0.23079648565896188,46.12266112266112
1507328.0,0.1555514679863572,0.22968755084372658,nan
1509376.0,0.22505667813068378,0.21057296432047132,nan
1511424.0,0.12140781489761666,0.21645244611136003,nan
1513472.0,0.1488678947421896,0.2230895514418878,nan
1515520.0,0.11908980093053767,0.22084196591700675,nan
1517568.0,0.13466011983337084,0.22827036259800965,nan
1519616.0,0.16980645408760436,0.23093433851521722,nan
1521664.0,0.12395254134088857,0.21221114025922025,nan
1523712.0,0.19327215667568964,0.22852588949334907,nan
1525760.0,0.11814411408121835,0.22899568412045476,nan
1527808.0,0.13131950216373411,0.23857663486569908,nan
1529856.0,0.19547364786104127,0.21501429653887288,nan
1531904.0,0.11053637505451716,0.2172668099367285,nan
1533952.0,0.10422591547971222,0.2264037068583953,nan
1536000.0,0.12812492484899543,0.23505472297622032,nan
1538048.0,0.14880663910545058,0.2342109847340125,nan
1540096.0,0.12257418253520594,0.22899438441529302,nan
1542144.0,0.16989343138024543,0.22759022591559055,nan
1544192.0,0.11605568150640644,0.23156110007247144,nan
1546240.0,0.10773005523812894,0.23777472629872135,nan
1548288.0,0.13667740647081006,0.2271337672470184,nan
1550336.0,0.09250587462727321,0.2297566425827628,nan
1552384.0,0.1623328847658948,0.24156361124797934,nan
1554432.0,0.15623854097747622,0.24435650368662584,nan
1556480.0,0.15667913584675455,0.23895108820175434,nan
1558528.0,0.1598801886462927,0.2286547266282058,nan
1560576.0,0.16260187496228776,0.23390901441931955,nan
1562624.0,0.17375759608096672,0.24002398515249626,nan
1564672.0,0.12063261417834076,0.23316543330312622,nan
1566720.0,0.1627662345799788,0.21878814304403846,nan
1568768.0,0.17407054506596037,0.2221007737465623,nan
1570816.0,0.13200761748048978,0.23578206124410953,nan
1572864.0,0.14156994582982468,0.24472886229748567,nan
1574912.0,0.13651088367591563,0.24264504759586353,nan
1576960.0,0.2207787935220819,0.2175624855573781,nan
1579008.0,0.1697939806093801,0.23219153043125967,nan
1581056.0,0.1756569599498461,0.23025970897662587,nan
1583104.0,0.16892725174277257,0.24403185702637334,nan
1585152.0,0.11562398435673153,0.23065195856248238,nan
1587200.0,0.12383415893283298,0.23193517983573564,nan
1589248.0,0.11806813847930635,0.23203840345630522,nan
1591296.0,0.16841471542786174,0.21674053065305593,nan
1593344.0,0.1625211638865528,0.23111098364302038,nan
1595392.0,0.16868303441693597,0.22527959816957357,nan
1597440.0,0.1585276779873189,0.23185807255024243,nan
1599488.0,0.1500052643060032,0.22956996618566178,nan
1601536.0,0.1594483782651943,0.23046819576460345,nan
1603584.0,0.1384556966958037,0.2233987342428572,nan
1605632.0,0.11437371870817734,0.22821772461604592,42.72349272349272
1607680.0,0.13177122188704246,0.21635299540227812,nan
1609728.0,0.13722946888168652,0.2309687453623001,nan
1611776.0,0.12053833490881728,0.22743611323774104,nan
1613824.0,0.14787093516123395,0.23741193026491167,nan
1615872.0,0.10799083714822588,0.22673769698686128,nan
1617920.0,0.16636688066539618,0.2269511612271337,nan
1619968.0,0.18382930097882683,0.21978785566431502,nan
1622016.0,0.14441126021162778,0.22989497453600996,nan
1624064.0,0.1115737049212776,0.21742279623679994,nan
1626112.0,0.1307208607925433,0.22903439258808556,nan
1628160.0,0.11513813827522261,0.23640351031391857,nan
1630208.0,0.11419133325625125,0.22543304955534063,nan
1632256.0,0.13072071333721952,0.22689112861186722,nan
1634304.0,0.12623409205319916,0.23125401841915877,nan
1636352.0,0.1405721316675885,0.2348029550684624,nan
1638400.0,0.15978850059815147,0.22922383113742167,nan
1640448.0,0.14966590359692333,0.23091492081119275,nan
1642496.0,0.11073193164472958,0.2314397163219654,nan
1644544.0,0.16323109457085327,0.23001238249841163,nan
1646592.0,0.13151900801974897,0.23481881181984132,nan
1648640.0,0.1745046106293926,0.22753805167211852,nan
1650688.0,0.1110852225359257,0.228466181077485,nan
1652736.0,0.14958166034970474,0.22113935981889982,nan
1654784.0,0.17836921282476886,0.23017170103927523,nan
1656832.0,0.21810327274384284,0.2224255499699689,nan
1658880.0,0.11334150319852737,0.23679357579082091,nan
1660928.0,0.18830636279648877,0.22452656665580642,nan
1662976.0,0.11971516162756263,0.23830872052113836,nan
1665024.0,0.14570102772631013,0.2244793553027378,nan
1667072.0,0.17475140609010928,0.23095798717318608,nan
1669120.0,0.1433668541065407,0.23186525820974363,nan
1671168.0,0.09541610426914424,0.2303953939319637,nan
1673216.0,0.17286884598626776,0.21814912945783974,nan
1675264.0,0.1104704781760637,0.221772365729585,nan
1677312.0,0.16682518761233814,0.23154788552401262,nan
1679360.0,0.11292549406996616,0.22985894964910253,nan
1681408.0,0.15333860543577837,0.22993601760488075,nan
1683456.0,0.13914141527262347,0.23451274838641473,nan
1685504.0,0.17257776872901887,0.23038193007126384,nan
1687552.0,0.12484675641013433,0.2327370118567067,nan
1689600.0,0.10657555185890819,0.22022818257680568,nan
1691648.0,0.12244057189713982,0.22352800659355346,nan
1693696.0,0.12272827325671355,0.22282224193545616,nan
1695744.0,0.09969268953879626,0.2220537336637997,nan
1697792.0,0.14232127772816344,0.2214094746138944,nan
1699840.0,0.15197219188462185,0.23393022353555715,nan
1701888.0,0.10947849582828968,0.22698738857843073,nan
1703936.0,0.1391693011639335,0.2296792877930308,nan
1705984.0,0.14673642698496403,0.23005696926661498,46.36174636174637
1708032.0,0.2190024164307412,0.20833172373987605,nan
1710080.0,0.14005387377619116,0.22317419877845449,nan
1712128.0,0.11850219490006009,0.23193093176183854,nan
1714176.0,0.14685648798157164,0.23264528743493554,nan
1716224.0,0.13486931935096722,0.22717601389005418,nan
1718272.0,0.1433139595835391,0.22854082752623403,nan
1720320.0,0.13850821788944764,0.2419282873048357,nan
1722368.0,0.13839725954594612,0.23290115703202358,nan
1724416.0,0.1335595829230206,0.2338666850050194,nan
1726464.0,0.1859729807585807,0.2197766237992207,nan
1728512.0,0.15162731940002208,0.22477385153904578,nan
1730560.0,0.16087482187930197,0.22969541793929324,nan
1732608.0,0.14405119285766055,0.22643449384558537,nan
1734656.0,0.0708347316555052,0.22269674818578547,nan
1736704.0,0.19642165811283724,0.2266603379204527,nan
1738752.0,0.15063838823463732,0.2304145711212661,nan
1740800.0,0.153906454452608,0.22525011404060621,nan
1742848.0,0.15606501830713607,0.23147506175733015,nan
1744896.0,0.10398876807614439,0.23182574955183827,nan
1746944.0,0.12711414121462133,0.22215224917229848,nan
1748992.0,0.18345821248805572,0.21531524717311645,nan
1751040.0,0.16564918525507183,0.20981951269425386,nan
1753088.0,0.09769837003712241,0.20743574687867228,nan
1755136.0,0.11176365843795175,0.2149993851751144,nan
1757184.0,0.1716785148134909,0.22902806922617486,nan
1759232.0,0.12740214395427504,0.2200752364329483,nan
1761280.0,0.16438163325761201,0.22783299758266035,nan
1763328.0,0.12664402896484955,0.20922852378512016,nan
1765376.0,0.14007152163826164,0.2101547289563671,nan
1767424.0,0.1967251677544857,0.22132758542212944,nan
1769472.0,0.12540608038934106,0.20447135719596027,nan
1771520.0,0.19005269135294928,0.22099106977450497,nan
1773568.0,0.16505515913048235,0.21856322800789463,nan
1775616.0,0.149948945567628,0.2284523374957969,nan
1777664.0,0.13602627944005274,0.22175733819977694,nan
1779712.0,0.1398848110312175,0.20723127958936918,nan
1781760.0,0.06721435637399292,0.21788486546060534,nan
1783808.0,0.09572399055708924,0.23441058121491373,nan
1785856.0,0.15504446433227984,0.22767070538837497,nan
1787904.0,0.11613602305325431,0.22772916374046134,nan
1789952.0,0.11933886575760976,0.2336909933014006,nan
1792000.0,0.1363871086394052,0.22487248016880038,nan
1794048.0,0.17076613823942416,0.23000455574253237,nan
1796096.0,0.12431031792175576,0.22314992059098374,nan
1798144.0,0.20354096110937536,0.22261886138009626,nan
1800192.0,0.1308520280180636,0.2169229092230292,nan
1802240.0,0.1587096916887827,0.21310838529087472,nan
1804288.0,0.08487489871698645,0.22028303107455066,nan
1806336.0,0.15309748254403555,0.23337306816005304,44.407484407484404
1808384.0,0.1945036776857181,0.21803752483573413,nan
1810432.0,0.11843376562235414,0.23766258278999483,nan
1812480.0,0.10752645468633884,0.233700458709268,nan
1814528.0,0.13985897658241442,0.23941564430405424,nan
1816576.0,0.16054132557680942,0.24090598896105705,nan
1818624.0,0.1611348250501065,0.22823644441224228,nan
1820672.0,0.15482124622499366,0.23321856145827077,nan
1822720.0,0.19967100006651756,0.22562732130416197,nan
1824768.0,0.15611711112016324,0.23918626486637312,nan
1826816.0,0.14478215099557085,0.24357045966706437,nan
1828864.0,0.11348021889810009,0.23165432268680056,nan
1830912.0,0.17474260138366254,0.2254153736768644,nan
1832960.0,0.21738241971046282,0.21480063552535378,nan
1835008.0,0.2197969135441732,0.2185291676944366,nan
1837056.0,0.20086271798876987,0.21710990491426782,nan
1839104.0,0.14324711263112044,0.2276747996710764,nan
1841152.0,0.14176297733823123,0.23115386189615672,nan
1843200.0,0.12262722420142884,0.22425419791930104,nan
1845248.0,0.12534832460951897,0.23811877768517406,nan
1847296.0,0.12086548383158169,0.23072320355802192,nan
1849344.0,0.15327693736685824,0.2272201242434014,nan
1851392.0,0.12445641785298393,0.22605983183492548,nan
1853440.0,0.09844990307743248,0.22455628579245568,nan
1855488.0,0.15551382716303175,0.2174501707555606,nan
1857536.0,0.09569267357021839,0.23327268956910238,nan
1859584.0,0.17510352448050737,0.22580579419126223,nan
1861632.0,0.15440793013032822,0.2260544255135682,nan
1863680.0,0.12236050361035627,0.2363517420087293,nan
1865728.0,0.21163729069929246,0.22227806101014938,nan
1867776.0,0.19745900228118585,0.22189346832537246,nan
1869824.0,0.14864130762457242,0.2346093836352017,nan
1871872.0,0.16977937797939874,0.23007030321299715,nan
1873920.0,0.18099178544968447,0.22574530388575542,nan
1875968.0,0.17670658544796775,0.22841121808602377,nan
1878016.0,0.16978404875774386,0.22550676486216806,nan
1880064.0,0.1711880132788472,0.22709055078493112,nan
1882112.0,0.172935806579508,0.22247208493620513,nan
1884160.0,0.16039107030263156,0.2316345758592242,nan
1886208.0,0.18403574967197656,0.2288154896495455,nan
1888256.0,0.20818164985232523,0.2248631041639463,nan
1890304.0,0.18069952862599015,0.2324293739290966,nan
1892352.0,0.14560258380815813,0.23193945588729872,nan
1894400.0,0.1816020096745476,0.23317776891017417,nan
1896448.0,0.18930802378973682,0.22465333539650206,nan
1898496.0,0.13141696304008427,0.23275276537644268,nan
1900544.0,0.1473589989259393,0.23594870246655342,nan
1902592.0,0.1670628383968959,0.2140878483173052,nan
1904640.0,0.1254627643265003,0.22377568738370826,nan
1906688.0,0.14765076231229693,0.21846321044070394,48.222453222453225
1908736.0,0.15797266600956728,0.2187915146877001,nan
1910784.0,0.13756294522823448,0.220519151631565,nan
1912832.0,0.22086422285417143,0.21692791188215724,nan
1914880.0,0.11795027127240457,0.21823994156856097,nan
1916928.0,0.20892089991278137,0.22524222499080457,nan
1918976.0,0.14204080365200006,0.24474587896824193,nan
1921024.0,0.13984701129314067,0.23191201446195908,nan
1923072.0,0.15912507860062697,0.23184065827409195,nan
1925120.0,0.10016374669067994,0.21807765230650175,nan
1927168.0,0.12146768914900449,0.22522662953567016,nan
1929216.0,0.21608626089642818,0.2127854500761065,nan
1931264.0,0.13800357776857114,0.22174195794435275,nan
1933312.0,0.17323365490380327,0.21543476979676848,nan
1935360.0,0.07489851232477876,0.23131264591395062,nan
1937408.0,0.12183296407769018,0.2290115461885246,nan
1939456.0,0.10884392479408689,0.22187374574533913,nan
1941504.0,0.21982985318027648,0.2200937179887585,nan
1943552.0,0.14199050807212216,0.2231779282191833,nan
1945600.0,0.1573974602784895,0.231142535588599,nan
1947648.0,0.1450057306534732,0.2342168594333879,nan
1949696.0,0.15518300528377202,0.23644571811222914,nan
1951744.0,0.2034204098948989,0.22715907657220707,nan
1953792.0,0.19678175600536385,0.22384813668052178,nan
1955840.0,0.18134235955313516,0.23656769245415618,nan
1957888.0,0.15811978621601708,0.21699372438155218,nan
1959936.0,0.16292266350026374,0.2274598737268771,nan
1961984.0,0.13636369326084238,0.23454884334092058,nan
1964032.0,0.16161190256551933,0.23095553974330044,nan
1966080.0,0.17481695021868288,0.23162138816860672,nan
1968128.0,0.27322134892927097,0.187562519464461,nan
1970176.0,0.2686065527212713,0.18642647141926347,nan
1972224.0,0.21727141466830263,0.21109487107915934,nan
1974272.0,0.1340783471140786,0.22364177612160338,nan
1976320.0,0.22325005658443703,0.19786193536130087,nan
1978368.0,0.19560892643421135,0.22520453784568312,nan
1980416.0,0.12316636237909998,0.2348573401733553,nan
1982464.0,0.10786923730901454,0.23384174989704967,nan
1984512.0,0.18369832515795828,0.21976239854050267,nan
1986560.0,0.19696229303042997,0.20946961981791842,nan
1988608.0,0.12358545171310939,0.22604440823738775,nan
1990656.0,0.17270078381330833,0.2242599396244043,nan
1992704.0,0.1859749783262338,0.21752451934730668,nan
1994752.0,0.17795066195877154,0.21855446538472093,nan
1996800.0,0.175854437510772,0.2276180857908052,nan
1998848.0,0.15714297895132473,0.22650556918539105,nan
2000896.0,0.1293567063780183,0.24214688165522594,nan
2002944.0,0.15346264607396773,0.23348987870873145,nan
2004992.0,0.18404477115765078,0.23338136717296737,nan
2007040.0,0.25566064259760973,0.19978189955273534,43.21205821205821
2009088.0,0.21381494529156594,0.2203960738702988,nan
2011136.0,0.1743912717300873,0.2336680024498564,nan
2013184.0,0.18620381174035,0.23005972416223608,nan
2015232.0,0.16470808195794764,0.22773250915603788,nan
2017280.0,0.16427575956124485,0.22749428887884368,nan
2019328.0,0.12527328620366984,0.2187366503222437,nan
2021376.0,0.23050116860768188,0.21723434555112872,nan
2023424.0,0.1718513855967203,0.21301239774612343,nan
2025472.0,0.18668387073283949,0.21689797137956793,nan
2027520.0,0.17152040469662322,0.21694353337753414,nan
2029568.0,0.15082875340483065,0.23022940729713298,nan
2031616.0,0.12268792102565418,0.2300426149771445,nan
2033664.0,0.1359139742677288,0.23340796516042217,nan
2035712.0,0.24044479187925333,0.20961755440656077,nan
2037760.0,0.20083680560274475,0.2072243504529304,nan
2039808.0,0.044224611326932804,0.20924570439402942,nan
2041856.0,0.1882424408788378,0.22332433697582932,nan
2043904.0,0.2236962986757673,0.20539538280628344,nan
2045952.0,0.11954268427620668,0.21124750193552908,nan
2048000.0,0.1693012151805504,0.2203263150897455,nan
2050048.0,0.15824310657398627,0.21845059096808914,nan
2052096.0,0.15217539471727476,0.21982790638171337,nan
2054144.0,0.15977102098404095,0.20575765615481625,nan
2056192.0,0.14602456089158042,0.21247254320355838,nan
2058240.0,0.15719115248211413,0.20932088576201757,nan
2060288.0,0.15396646272164155,0.20739673376689935,nan
2062336.0,0.1430060715652433,0.2100088395241456,nan
2064384.0,0.1340266249558486,0.20138600165540108,nan
2066432.0,0.13513201285160398,0.21236792962098025,nan
2068480.0,0.20258816538844257,0.21743122593450448,nan
2070528.0,0.12440483846010969,0.21864655714422873,nan
2072576.0,0.1673226176395881,0.21446306172797114,nan
2074624.0,0.11841851784566075,0.23736787442132443,nan
2076672.0,0.1393585899737663,0.23788707863873526,nan
2078720.0,0.1654127942685208,0.23685884652005407,nan
2080768.0,0.1751058222985264,0.23062087852502525,nan
2082816.0,0.10668919351926329,0.22469491301887745,nan
2084864.0,0.1199314181529734,0.22215035941766084,nan
2086912.0,0.181644618302859,0.23098837897167115,nan
2088960.0,0.1999947896823993,0.22899355318578787,nan
2091008.0,0.10218377430953617,0.22325232523558458,nan
2093056.0,0.10013717558891366,0.23588091545185347,nan
2095104.0,0.1255262968321681,0.23389444644302945,nan
2097152.0,0.16215035102438669,0.24258937873849837,nan
2099200.0,0.13322021909766227,0.23594400780521677,nan
2101248.0,0.18054190393545988,0.22999178742630177,nan
2103296.0,0.17529662189332051,0.22834943957388074,nan
2105344.0,0.15081850591592788,0.23384938173374892,nan
2107392.0,0.21756976360481636,0.22365550966780645,54.584199584199574
2109440.0,0.1359088091511275,0.23301001975955582,nan
2111488.0,0.2268022160282052,0.2152521754223024,nan
2113536.0,0.1803401058511707,0.2206163461251623,nan
2115584.0,0.13534467158927532,0.2135069025859903,nan
2117632.0,0.14682641042712424,0.2179395300970937,nan
2119680.0,0.1402730712493604,0.20085584639962759,nan
2121728.0,0.13355341068533602,0.23635391232585976,nan
2123776.0,0.16446547400256079,0.23250105394612733,nan
2125824.0,0.1367361698078548,0.21067371311650135,nan
2127872.0,0.11850961059042979,0.21914071015550496,nan
2129920.0,0.12565681464052225,0.22248402377976365,nan
2131968.0,0.0871153530418145,0.21833497920738412,nan
2134016.0,0.15342092850798922,0.2272547092030113,nan
2136064.0,0.14497072077462417,0.21811401365840768,nan
2138112.0,0.08948139257300687,0.2067279297645118,nan
2140160.0,0.1494312013950835,0.23034095330189885,nan
2142208.0,0.17673815371903423,0.23039108455854984,nan
2144256.0,0.1486768025622371,0.21935623637152946,nan
2146304.0,0.1653490362045183,0.23077850108415948,nan
2148352.0,0.12695059001698014,0.23274037942117035,nan
2150400.0,0.11923341605409152,0.23034234132197223,nan
2152448.0,0.1333755180830737,0.22843932292447444,nan
2154496.0,0.1205631426026189,0.23086434045577303,nan
2156544.0,0.14587973566877033,0.23306273855011297,nan
2158592.0,0.1301807505663067,0.23954261739985874,nan
2160640.0,0.16669464582908336,0.2360937731847924,nan
2162688.0,0.16868832869510125,0.23755684194403126,nan
2164736.0,0.1423903000377647,0.2296747036374531,nan
2166784.0,0.14435809480809972,0.22200266415667347,nan
2168832.0,0.15037308213873385,0.23406695554668963,nan
2170880.0,0.18831321741546042,0.22363876509732328,nan
2172928.0,0.169751354481312,0.22405317364798835,nan
2174976.0,0.14416457071904176,0.23134346487366347,nan
2177024.0,0.1735064562945051,0.21994631481161642,nan
2179072.0,0.172976264201986,0.22702113047136033,nan
2181120.0,0.13323235533187955,0.21934340929169374,nan
2183168.0,0.11516176928240197,0.2296822678734166,nan
2185216.0,0.15202335097051126,0.23553773197615963,nan
2187264.0,0.12843607879886182,0.21778055540742863,nan
2189312.0,0.17041714106823855,0.23232758336394768,nan
2191360.0,0.16124634487898282,0.22640401864909374,nan
2193408.0,0.18678843963123037,0.22238751032111304,nan
2195456.0,0.1348044818560406,0.21756220138796573,nan
2197504.0,0.12898878000347144,0.24819679270403722,nan
2199552.0,0.11804828232585973,0.22799437161576763,nan
2201600.0,0.1979874736388632,0.2251311583779372,nan
2203648.0,0.20969071663699151,0.2145840590645458,nan
2205696.0,0.1922958893361758,0.2175984723332073,nan
2207744.0,0.17989595590029023,0.22453005020147415,54.906444906444904
2209792.0,0.17055540417716342,0.21858690923397267,nan
2211840.0,0.21251757993846984,0.21539786718597898,nan
2213888.0,0.18686093260685127,0.223905557654904,nan
2215936.0,0.15653030362048032,0.2337932492385034,nan
2217984.0,0.20180930119038185,0.21427213401515463,nan
2220032.0,0.1242618811964624,0.21613565467860502,nan
2222080.0,0.13663739367468125,0.23158492918644233,nan
2224128.0,0.14097777555142207,0.23567918934866783,nan
2226176.0,0.15691201569877106,0.2284661933044691,nan
2228224.0,0.15679736817703954,0.22862685867028767,nan
2230272.0,0.20065899440545476,0.21740740398890673,nan
2232320.0,0.12276018388048267,0.2239764708195505,nan
2234368.0,0.24085677871177702,0.21730616529348293,nan
2236416.0,0.18272064819690784,0.22811151191526036,nan
2238464.0,0.19987614692823968,0.22673305829965373,nan
2240512.0,0.21604228129791947,0.21833717935542782,nan
2242560.0,0.1527372256618153,0.23198217719488864,nan
2244608.0,0.16747777842017977,0.23221661440239463,nan
2246656.0,0.15103300570967643,0.22175749024193114,nan
2248704.0,0.16858077322563156,0.2282400606280715,nan
2250752.0,0.13798284947481332,0.22222838787070007,nan
2252800.0,0.19476367554165003,0.21392679882609603,nan
2254848.0,0.1360448208128826,0.22790546789174662,nan
2256896.0,0.1725322869205699,0.2000691990700684,nan
2258944.0,0.1359516431346118,0.21257059978663978,nan
2260992.0,0.11557572025151386,0.22316285181672804,nan
2263040.0,0.1451223170427674,0.22477907729559232,nan
2265088.0,0.17512855486894927,0.20735787664286032,nan
2267136.0,0.15182752792770232,0.21668509609011447,nan
2269184.0,0.16052317903507116,0.21757119897726587,nan
2271232.0,0.10166548154005974,0.20253101558429837,nan
2273280.0,0.1179963823138475,0.19964167314393846,nan
2275328.0,0.18499769009916656,0.22783631097548787,nan
2277376.0,0.10241876458766129,0.22154317035549023,nan
2279424.0,0.15888725434627463,0.21564006725171772,nan
2281472.0,0.1084003042025441,0.2029861166917865,nan
2283520.0,0.16163363041330508,0.22344192657068812,nan
2285568.0,0.13656033629181474,0.20207723626709095,nan
2287616.0,0.14269789069611788,0.22666105560238992,nan
2289664.0,0.1762760336518076,0.2210941650356241,nan
2291712.0,0.13611215390257583,0.22221929322305126,nan
2293760.0,0.11546532553626807,0.22485443341999822,nan
2295808.0,0.18696168393969687,0.22141998757395293,nan
2297856.0,0.10744122817161131,0.226844215360441,nan
2299904.0,0.15958693735291687,0.23728992227149037,nan
2301952.0,0.18696024648876153,0.23091369828080024,nan
2304000.0,0.1824598447861803,0.22923587642980656,nan
2306048.0,0.126925983062123,0.22520264901657547,nan
2308096.0,0.14066515109086203,0.22205532860814134,41.38253638253637
2310144.0,0.10479772230334386,0.2195140644888677,nan
2312192.0,0.13470618599592526,0.21272533328723278,nan
2314240.0,0.12649859888976486,0.2182165922911862,nan
2316288.0,0.11880972600018219,0.22930716711671073,nan
2318336.0,0.1644377462670324,0.23039489688432888,nan
2320384.0,0.15776879600032426,0.2246630115814038,nan
2322432.0,0.11567093959221444,0.21010059433158415,nan
2324480.0,0.13877617080476284,0.20325642047995918,nan
2326528.0,0.12458722512188276,0.20189684659470342,nan
2328576.0,0.11275411959804972,0.19606419266655525,nan
2330624.0,0.09134328047447063,0.2127400164014639,nan
2332672.0,0.1430006805893007,0.22286578532926932,nan
2334720.0,0.1345598909985986,0.20357455400358565,nan
2336768.0,0.08593164752246249,0.1957274695842068,nan
2338816.0,0.11748578609808409,0.19530263451165886,nan
2340864.0,0.20107062546777033,0.20258649590085814,nan
2342912.0,0.1182157214475005,0.1968478814825543,nan
2344960.0,0.14645797717444714,0.21438883505013748,nan
2347008.0,0.173040162153042,0.21641892745575647,nan
2349056.0,0.12090605596123115,0.1762094503747106,nan
2351104.0,0.11772873926645591,0.18706701306166046,nan
2353152.0,0.12151302629051222,0.1724321878993665,nan
2355200.0,0.11129834337841538,0.18045722116351468,nan
2357248.0,0.1558162338583248,0.16427170848176892,nan
2359296.0,0.1726149771909925,0.20763327377558052,nan
2361344.0,0.11506852381621363,0.17625622060654828,nan
2363392.0,0.15206507626499408,0.18736153717475462,nan
2365440.0,0.11534241085087474,0.16932335091210113,nan
2367488.0,0.1373457955300235,0.21740389648566819,nan
2369536.0,0.1310325159488358,0.15246999635517675,nan
2371584.0,0.12836480825580832,0.1473461722207102,nan
2373632.0,0.1539041425385575,0.16545148120276368,nan
2375680.0,0.1301815538786068,0.1282323193510975,nan
2377728.0,0.10579970499666773,0.15107646587945306,nan
2379776.0,0.17063919721672038,0.1733596880462511,nan
2381824.0,0.14573659669383252,0.13716635922278225,nan
2383872.0,0.1542069478272103,0.19061683449955935,nan
2385920.0,0.11936665129014945,0.17428939583927866,nan
2387968.0,0.12278376532552739,0.18337438907500672,nan
2390016.0,0.1134600076094171,0.17477180152423546,nan
2392064.0,0.16144390371061268,0.1671007380961258,nan
2394112.0,0.12669212805151078,0.1274298374801194,nan
2396160.0,0.16496561024228154,0.14862048442904396,nan
2398208.0,0.14184616492264823,0.15581481709674433,nan
2400256.0,0.15428443098190525,0.1092865301568424,nan
2402304.0,0.14267696213037723,0.15796612698347737,nan
2404352.0,0.11848918797774496,0.18770147904452186,nan
2406400.0,0.12522175218258802,0.13694438030778333,nan
2408448.0,0.14006633555848036,0.11392639780855818,15.363825363825365
2410496.0,0.12420130694573925,0.14843243363505446,nan
2412544.0,0.13276492158679765,0.13833023077988213,nan
2414592.0,0.1522602237658111,0.18264610028916098,nan
2416640.0,0.13155455227431975,0.09480018338992234,nan
2418688.0,0.13432717094420268,0.16117280938792458,nan
2420736.0,0.10556900384750502,0.14169904722075977,nan
2422784.0,0.13013554729960636,0.12800681001339353,nan
2424832.0,0.13217913987986876,0.11828812042890989,nan
2426880.0,0.12453793444834778,0.13784932718509552,nan
2428928.0,0.11809279367879347,0.14608500883920456,nan
2430976.0,0.13991514722646514,0.14757775570121853,nan
2433024.0,0.12842116125040196,0.12278393356892092,nan
2435072.0,0.13099311970424712,0.10809940069797011,nan
2437120.0,0.12573170174969972,0.14940790950995875,nan
2439168.0,0.12690625925183235,0.15960765411791517,nan
2441216.0,0.1274931571814899,0.1250080519940966,nan
2443264.0,0.1610254174029283,0.14518637895649994,nan
2445312.0,0.12269803755322611,0.15711117646848793,nan
2447360.0,0.1200562842800932,0.16679796664175123,nan
2449408.0,0.12480123089939557,0.17329362749715307,nan
2451456.0,0.11638701234886227,0.20287991914135697,nan
2453504.0,0.17036825267863281,0.21696538612572275,nan
2455552.0,0.11717111552412551,0.21209413350904863,nan
2457600.0,0.17017142768443183,0.22187235042336706,nan
2459648.0,0.10798902226804238,0.20243463265799727,nan
2461696.0,0.11825493053561223,0.19583604059506907,nan
2463744.0,0.11107442492453544,0.18801059930021985,nan
2465792.0,0.11976388369932173,0.17823168590134478,nan
2467840.0,0.12984382848279974,0.17537596831612967,nan
2469888.0,0.11296623535646805,0.19043016060191403,nan
2471936.0,0.12391364136364696,0.17307636793089373,nan
2473984.0,0.12908211609908798,0.20108199384417078,nan
2476032.0,0.11944462585146899,0.21439715537595203,nan
2478080.0,0.15713662217467272,0.21798470957190547,nan
2480128.0,0.19767676099602507,0.20175890807406607,nan
2482176.0,0.11936164848471817,0.19431663842269734,nan
2484224.0,0.16059838644993155,0.20105516204186757,nan
2486272.0,0.1584564887524033,0.20171621295977657,nan
2488320.0,0.12333725508925178,0.20400241047294326,nan
2490368.0,0.1687963800527728,0.1834120129893328,nan
2492416.0,0.15522122799782997,0.18611622393290408,nan
2494464.0,0.14380863721418766,0.19670643761005424,nan
2496512.0,0.168305614364804,0.1886478064040644,nan
2498560.0,0.1450877113549079,0.19568784152468868,nan
2500608.0,0.17083333689859562,0.19278730317066214,nan
2502656.0,0.1140705516343264,0.17592686787770553,nan
2504704.0,0.1271069221348149,0.13993357945798307,nan
2506752.0,0.13089789439661054,0.19604883808253643,nan
2508800.0,0.20291068249777156,0.1539779808659458,34.38669438669439
2510848.0,0.1823070429296667,0.17071542352414965,nan
2512896.0,0.17577671547335422,0.14172686182335129,nan
2514944.0,0.15008705033687164,0.1812098293322508,nan
2516992.0,0.13374897442199268,0.1845453130079374,nan
2519040.0,0.13475564129131284,0.1784635722167004,nan
2521088.0,0.12279820500331949,0.1758081300761549,nan
2523136.0,0.14745297537289662,0.15871987265560983,nan
2525184.0,0.2109882102279405,0.1998943604585608,nan
2527232.0,0.13325062497110965,0.1778772946883975,nan
2529280.0,0.10072728557089557,0.1784888299370828,nan
2531328.0,0.10679585838729552,0.18372516550720722,nan
2533376.0,0.11076664396998677,0.20118173558450964,nan
2535424.0,0.12430095657337553,0.22009288690504628,nan
2537472.0,0.1320369972050265,0.14743990062313214,nan
2539520.0,0.12830946404712362,0.17715642859439132,nan
2541568.0,0.12238463273931234,0.13596293920006913,nan
2543616.0,0.12101799556805518,0.12244986240706728,nan
2545664.0,0.19261972146137935,0.2123924306149658,nan
2547712.0,0.15096964413763306,0.20629167865225662,nan
2549760.0,0.20573888474517787,0.17564217370538854,nan
2551808.0,0.18424183518092466,0.17711524441909562,nan
2553856.0,0.13759167384159515,0.19163836974012985,nan
2555904.0,0.15649657876524542,0.19209251453551499,nan
2557952.0,0.12339489932630894,0.13472942702611557,nan
2560000.0,0.1264967191849996,0.1283698187296572,nan
2562048.0,0.1307687443741108,0.11458304053981437,nan
2564096.0,0.12629636733030938,0.12692677628466842,nan
2566144.0,0.12363908983404316,0.13038034657683933,nan
2568192.0,0.14737678447397276,0.16276980486229983,nan
2570240.0,0.12672187916879374,0.11333255019135052,nan
2572288.0,0.12734543911873028,0.1238175490738273,nan
2574336.0,0.12793697922561287,0.14792159312695347,nan
2576384.0,0.12650076441890545,0.11658196051703672,nan
2578432.0,0.1380054046346636,0.1350517148550178,nan
2580480.0,0.12486611958161907,0.10333641328070556,nan
2582528.0,0.1255641468818537,0.11627330439732378,nan
2584576.0,0.12586085718021162,0.12100792294773098,nan
2586624.0,0.17486279716277256,0.16530743412507326,nan
2588672.0,0.14186649256585002,0.12832470917669864,nan
2590720.0,0.1692014210408041,0.18398802103719097,nan
2592768.0,0.15034370022879595,0.16816295896278877,nan
2594816.0,0.12196142091316482,0.13893332693799051,nan
2596864.0,0.13379962521785074,0.17418961567472935,nan
2598912.0,0.12336355817628332,0.1511178635595668,nan
2600960.0,0.1931039021850285,0.1722005325404152,nan
2603008.0,0.12559578801024132,0.1368146853113068,nan
2605056.0,0.12125797957382697,0.1419674770772253,nan
2607104.0,0.12108568306656836,0.1500502222803142,nan
2609152.0,0.11586095246267177,0.1629266965546168,26.382536382536387
2611200.0,0.2157053506779584,0.1653430612084779,nan
2613248.0,0.11714229360499848,0.18384720820730788,nan
2615296.0,0.14875445047862357,0.1649655146385704,nan
2617344.0,0.15051091102351116,0.14649582350359724,nan
2619392.0,0.12189197586025574,0.10561443508760482,nan
2621440.0,0.12375510299817559,0.12852463200098035,nan
2623488.0,0.12878265308230774,0.1440798059721203,nan
2625536.0,0.12681285500375838,0.09011069791337133,nan
2627584.0,0.12880355065187665,0.12475572326119737,nan
2629632.0,0.1265614876434956,0.10650488790827385,nan
2631680.0,0.12468122132666268,0.1500109460777912,nan
2633728.0,0.12788924838414978,0.11298580465791216,nan
2635776.0,0.1341633981298242,0.1670127439377757,nan
2637824.0,0.12424723888532746,0.15497444241146807,nan
2639872.0,0.13245789653401294,0.16423711177903433,nan
2641920.0,0.13008434289445686,0.2029249919420828,nan
2643968.0,0.11991191521627076,0.1476555373215089,nan
2646016.0,0.14046203372226215,0.1830995985796328,nan
2648064.0,0.15722209332879922,0.14128505271622122,nan
2650112.0,0.15069016420426679,0.1775781097465909,nan
2652160.0,0.17377824350470777,0.18783673324577593,nan
2654208.0,0.1392315880313036,0.17754848526549824,nan
2656256.0,0.13850173391615506,0.1648643967907871,nan
2658304.0,0.15691103138287293,0.22473980258054796,nan
2660352.0,0.130200400967725,0.21204238760541852,nan
2662400.0,0.15735616225043303,0.20757532967920628,nan
2664448.0,0.11109877180271337,0.18156749046247153,nan
2666496.0,0.18342760689014392,0.22360218379238145,nan
2668544.0,0.16385197894575154,0.20526652807172444,nan
2670592.0,0.16961197785673268,0.19518236325734892,nan
2672640.0,0.16197210218482772,0.2025922493007948,nan
2674688.0,0.14543849438935305,0.2101103602693931,nan
2676736.0,0.16478697520597063,0.1749684800299735,nan
2678784.0,0.14699057557719905,0.19579809709992163,nan
2680832.0,0.17287220001962203,0.18765435461070867,nan
2682880.0,0.26571424334567273,0.16166379644185466,nan
2684928.0,0.16548366758239602,0.1991256567911735,nan
2686976.0,0.14319550309790857,0.17988341440494557,nan
2689024.0,0.15025185918530026,0.2004073610869456,nan
2691072.0,0.22163666569414286,0.1760954999192725,nan
2693120.0,0.18822627048416712,0.17169697348805626,nan
2695168.0,0.2300002176099472,0.17053819413188126,nan
2697216.0,0.2107948814503639,0.18637232218276684,nan
2699264.0,0.15880047998957258,0.19391682105133817,nan
2701312.0,0.13141540035381877,0.18354199876549696,nan
2703360.0,0.20099391097265046,0.21089210591988045,nan
2705408.0,0.18424662133794945,0.19326733942512947,nan
2707456.0,0.16719035346322308,0.19039921477178148,nan
2709504.0,0.15908236768149148,0.215844237221624,47.91060291060292
2711552.0,0.20300222370438642,0.18906850483757623,nan
2713600.0,0.24531759747950693,0.19096906472405603,nan
2715648.0,0.14619944229514137,0.1691562722730783,nan
2717696.0,0.21992080018366528,0.17242292373938456,nan
2719744.0,0.14697326309147707,0.15705003570582868,nan
2721792.0,0.13549906637262815,0.17696269683447796,nan
2723840.0,0.1566789509689234,0.20750797218783948,nan
2725888.0,0.20257440480605055,0.20381637019338364,nan
2727936.0,0.1805324032054306,0.19108910270557802,nan
2729984.0,0.15283934557159926,0.2199433421992553,nan
2732032.0,0.20704630664720663,0.2011076253359991,nan
2734080.0,0.2124034111180481,0.20755972278073553,nan
2736128.0,0.17679834718651855,0.18837301754055985,nan
2738176.0,0.18574442583743503,0.2209995339941918,nan
2740224.0,0.1126331382137511,0.1703432979973151,nan
2742272.0,0.20342872429871944,0.1639023123930528,nan
2744320.0,0.16660149373384775,0.22147871686074885,nan
2746368.0,0.0565994082944869,0.20603291990228814,nan
2748416.0,0.09350453273872818,0.18029328214516074,nan
2750464.0,0.12764539441260067,0.18082745281068532,nan
2752512.0,0.14432170994932353,0.1975413535465715,nan
2754560.0,0.1375799652699187,0.19614149146582205,nan
2756608.0,0.14360965414510052,0.19589147733527593,nan
2758656.0,0.12051755694932179,0.16918412924999757,nan
2760704.0,0.187428540351452,0.15836257951000757,nan
2762752.0,0.11650285981417041,0.14038571600135188,nan
2764800.0,0.12035186071197693,0.17822072487425464,nan
2766848.0,0.14120007716572644,0.15552810426388228,nan
2768896.0,0.18136343277225392,0.19299652042098409,nan
2770944.0,0.19664500099145588,0.17327966849784224,nan
2772992.0,0.16505470062983402,0.16953624388566646,nan
2775040.0,0.1268156604608971,0.17110246787770297,nan
2777088.0,0.13546538173706799,0.14202898939844422,nan
2779136.0,0.13143194143026732,0.1284797990402172,nan
2781184.0,0.16095215345594116,0.20258775148555472,nan
2783232.0,0.17529306039223577,0.2043395456674906,nan
2785280.0,0.12163285857862172,0.164159683446091,nan
2787328.0,0.16520902470451976,0.19314196457003693,nan
2789376.0,0.13125177731171128,0.1620648329162718,nan
2791424.0,0.17961696005605177,0.1616321398867035,nan
2793472.0,0.1310004038926096,0.16601026611182831,nan
2795520.0,0.12060916742842062,0.15979248848241942,nan
2797568.0,0.131285351336013,0.1856957366451096,nan
2799616.0,0.12252230430517258,0.17976562070579563,nan
2801664.0,0.1252297964370257,0.20951744337100897,nan
2803712.0,0.16313108912258703,0.2010063112720927,nan
2805760.0,0.14238370799256517,0.20565801795385918,nan
2807808.0,0.13374833624126772,0.20369100614636984,nan
2809856.0,0.13552734847050324,0.2198312458098518,40.24948024948026
2811904.0,0.12782201257476522,0.2163952306154056,nan
2813952.0,0.1413076960999085,0.217772116038895,nan
2816000.0,0.19418419022370706,0.19238614772540796,nan
2818048.0,0.15848238479453952,0.20319926740415398,nan
2820096.0,0.16103016916455642,0.21688980893458715,nan
2822144.0,0.13069802093174188,0.1924206041527483,nan
2824192.0,0.18366271340735152,0.1895004978801143,nan
2826240.0,0.13683487842171688,0.17685863590258769,nan
2828288.0,0.19190804117622506,0.19211298175527,nan
2830336.0,0.1574762310723722,0.2083661309983202,nan
2832384.0,0.23161795938517848,0.18622860183325723,nan
2834432.0,0.2063995203045252,0.1888351427361794,nan
2836480.0,0.19518014075142606,0.20225390976961966,nan
2838528.0,0.14226619897865053,0.19904825895157072,nan
2840576.0,0.1743474626323783,0.187356485628999,nan
2842624.0,0.24105146293350377,0.19028445478106118,nan
2844672.0,0.18751579928415613,0.18171333993389369,nan
2846720.0,0.16335178638113632,0.17491348843472337,nan
2848768.0,0.22224606670522506,0.19736443513054266,nan
2850816.0,0.10709585683077777,0.18881865590231767,nan
2852864.0,0.07828788430137291,0.1623466391922291,nan
2854912.0,0.03616598420550299,0.1327576299784341,nan
2856960.0,0.12907567291276797,0.21802034861150565,nan
2859008.0,0.1184430884730063,0.18475382190519937,nan
2861056.0,0.14651564897589248,0.16840538638368907,nan
2863104.0,0.15397203664905723,0.20355924394782302,nan
2865152.0,0.13456998423550612,0.17768050495682697,nan
2867200.0,0.15628246702293486,0.2001479375646337,nan
2869248.0,0.1275337627249083,0.2029207316282224,nan
2871296.0,0.1747160049825882,0.19724739091876545,nan
2873344.0,0.20136438870909443,0.18292827066934378,nan
2875392.0,0.19583307735328045,0.2091260533935086,nan
2877440.0,0.21298141211434413,0.18521631284430887,nan
2879488.0,0.1647572739930517,0.19006519437408448,nan
2881536.0,0.21173932931315792,0.2064489874730779,nan
2883584.0,0.1640946947256659,0.18330380932033896,nan
2885632.0,0.16310557552199972,0.2100676938686473,nan
2887680.0,0.18346970497507387,0.18310573859055967,nan
2889728.0,0.17964890411016596,0.2002635471585128,nan
2891776.0,0.17185562470988297,0.16449688320830919,nan
2893824.0,0.13478204475187877,0.1959989597509813,nan
2895872.0,0.1753237056963651,0.16566950119854956,nan
2897920.0,0.21617046795432154,0.172464395933073,nan
2899968.0,0.12639582499727448,0.1967810249534132,nan
2902016.0,0.11839091263086468,0.18024518599580264,nan
2904064.0,0.13459909681820814,0.210201631170919,nan
2906112.0,0.19512824906034243,0.17502483362456128,nan
2908160.0,0.1257355447257869,0.1873984605915813,nan
2910208.0,0.12500181094369905,0.18622246568599193,30.582120582120588
2912256.0,0.12549289869120359,0.2042445639957709,nan
2914304.0,0.23358619304130304,0.1747519818112015,nan
2916352.0,0.1884579642060363,0.20854248609651824,nan
2918400.0,0.23270985840396646,0.18311387957527323,nan
2920448.0,0.12611996548154558,0.169816969587385,nan
2922496.0,0.14470248249034315,0.15517617834801112,nan
2924544.0,0.214445759723262,0.16983775579754454,nan
2926592.0,0.12787525413121711,0.17248300487428295,nan
2928640.0,0.1802560124906908,0.1826416498118285,nan
2930688.0,0.17214141421615944,0.15403054588515064,nan
2932736.0,0.17846241940567714,0.18323601885498042,nan
2934784.0,0.13726969946510262,0.12214012055579593,nan
2936832.0,0.1317183382133964,0.20588330620107756,nan
2938880.0,0.14917992069657363,0.15973108374488607,nan
2940928.0,0.18763251731694106,0.1928657631580538,nan
2942976.0,0.13601113815556398,0.15357525236372785,nan
2945024.0,0.03660658264468841,0.15218359333130266,nan
2947072.0,0.13587073955851292,0.12926693101867615,nan
2949120.0,0.17004202383044037,0.11605465736948882,nan
2951168.0,0.2189583483032299,0.18177636121880944,nan
2953216.0,0.15935428857371597,0.19736120508562224,nan
2955264.0,0.17385073748718716,0.20535751296126611,nan
2957312.0,0.16687825936223294,0.202410566436632,nan
2959360.0,0.11590977225422577,0.16239701034000245,nan
2961408.0,0.13451896747719733,0.13035711425464178,nan
2963456.0,0.13305582035684077,0.12425496682929775,nan
2965504.0,0.12849347098040728,0.1374240699085965,nan
2967552.0,0.12626684966270602,0.12327312148240396,nan
2969600.0,0.23600860254709422,0.16881522061726684,nan
2971648.0,0.18932467996965202,0.13942115655730405,nan
2973696.0,0.14026553384229215,0.13390302206336688,nan
2975744.0,0.16580871810469694,0.14982331675590227,nan
2977792.0,0.13209227074284371,0.0957164119558541,nan
2979840.0,0.14852906664829774,0.13312741224147015,nan
2981888.0,0.12864940534846148,0.12159642534917785,nan
2983936.0,0.12953795274498428,0.133301528958647,nan
2985984.0,0.13364250697642868,0.1377741976256339,nan
2988032.0,0.129633242310774,0.1643764538946987,nan
2990080.0,0.1491919234372018,0.1430059662500446,nan
2992128.0,0.11097457732670295,0.16806070775520865,nan
2994176.0,0.13668037429231591,0.12941661047437977,nan
2996224.0,0.178399328970558,0.19318364084867143,nan
2998272.0,0.19525462166885177,0.1648665094078893,nan
3000320.0,0.154523602574002,0.15108831032176004,nan
3002368.0,0.22139131589678887,0.1738725568006647,nan
3004416.0,0.2250357380555296,0.17870055726682324,nan
3006464.0,0.08759039327004842,0.1703077651439126,nan
3008512.0,0.241350964531051,0.20833554235408494,nan
3010560.0,0.1449721920560921,0.17633318433764444,53.13929313929314
3012608.0,0.1472984328505672,0.20387723040073694,nan
3014656.0,0.2112559601165504,0.20858036096569588,nan
3016704.0,0.1655737664019635,0.18862625048852003,nan
3018752.0,0.08376263005028617,0.18662657808415734,nan
3020800.0,0.15178352326177147,0.19391624128757384,nan
3022848.0,0.08250078644610456,0.2000681844541233,nan
3024896.0,0.18836228359074522,0.1923037588991544,nan
3026944.0,0.18799541841454182,0.19018661085154887,nan
3028992.0,0.10010850864762037,0.18632614865724323,nan
3031040.0,0.12787335925846552,0.15937520601646998,nan
3033088.0,0.13125126478281623,0.1977579850547714,nan
3035136.0,0.12623624422727012,0.14612609231579826,nan
3037184.0,0.17695668292763306,0.1555641296524356,nan
3039232.0,0.17093926569059364,0.17405637956654743,nan
3041280.0,0.16585449197438035,0.2111261249169732,nan
3043328.0,0.14079098552851232,0.20271739300992775,nan
3045376.0,0.20188642185770195,0.17593952441356892,nan
3047424.0,0.1333920492753407,0.18174104107763422,nan
3049472.0,0.21830070529310075,0.18285273217013184,nan
3051520.0,0.1581701282915695,0.15295183949724817,nan
3053568.0,0.12335767801293017,0.18647671443417052,nan
3055616.0,0.1766128638998579,0.20761900914620243,nan
3057664.0,0.25624669620486423,0.16512138478383126,nan
3059712.0,0.12815344825193142,0.1853603281434544,nan
3061760.0,0.1648328003090464,0.21171481383015364,nan
3063808.0,0.0947599445923904,0.17177246032119833,nan
3065856.0,0.15881812529097333,0.19651370166033463,nan
3067904.0,0.1887739052766567,0.17069320365051044,nan
3069952.0,0.08245821830920663,0.17434797159460225,nan
3072000.0,0.14740987169557393,0.1637544959930742,nan
3074048.0,0.1904974265650402,0.19813035465230344,nan
3076096.0,0.15890221091479234,0.1646778308630818,nan
3078144.0,0.1347089171674778,0.154563893262005,nan
3080192.0,0.15567105546329418,0.194373610255449,nan
3082240.0,0.12387325471063847,0.18231041132823692,nan
3084288.0,0.182316390349406,0.18942114457767736,nan
3086336.0,0.2321544606443326,0.15987763127819066,nan
3088384.0,0.14495702678458183,0.1543461408826709,nan
3090432.0,0.13688384965788247,0.17521036695622783,nan
3092480.0,0.13922670231320855,0.21516933614271758,nan
3094528.0,0.17426694242787938,0.17668593044160982,nan
3096576.0,0.14064749868445586,0.19971005350818982,nan
3098624.0,0.16068612250319195,0.22188971776709,nan
3100672.0,0.11974025046772338,0.21812386982734802,nan
3102720.0,0.1554437611620378,0.19759507437365625,nan
3104768.0,0.17316760022964806,0.21259079838263295,nan
3106816.0,0.16198761564169228,0.16792602229726578,nan
3108864.0,0.14907975755809677,0.20241167455925763,nan
3110912.0,0.12198727857266388,0.20302730870935987,31.216216216216218
3112960.0,0.17866848236186428,0.14917319892611366,nan
3115008.0,0.12804927445418732,0.2166322133026978,nan
3117056.0,0.12239205795143979,0.23900056605161618,nan
3119104.0,0.19744718213531948,0.19558523182446252,nan
3121152.0,0.125228899560311,0.13006204238401783,nan
3123200.0,0.11451801056157332,0.19582729406075722,nan
3125248.0,0.15758024224469525,0.1681453002122184,nan
3127296.0,0.13207815215498045,0.13487262585662038,nan
3129344.0,0.12684524756618087,0.1675908112614545,nan
3131392.0,0.13372213399482985,0.13337284220623538,nan
3133440.0,0.1345382000420964,0.16133567348562863,nan
3135488.0,0.13248852207652098,0.17565805894702188,nan
3137536.0,0.1954376916691763,0.18909411591169786,nan
3139584.0,0.1328388086376186,0.18840115118856635,nan
3141632.0,0.18414440214103456,0.1904640624370231,nan
3143680.0,0.12316346565289198,0.14759000884220164,nan
3145728.0,0.14794335576137352,0.185134095031595,nan
3147776.0,0.1209354915498866,0.17871862747616962,nan
3149824.0,0.1246377367685357,0.16275405177110505,nan
3151872.0,0.1362064035909254,0.2180996514454035,nan
3153920.0,0.1393577653652222,0.1815924401199988,nan
3155968.0,0.15081526169319437,0.17420014557635433,nan
3158016.0,0.15211452806640885,0.19758757817104144,nan
3160064.0,0.14449484825875558,0.17884741859538344,nan
3162112.0,0.13391577537474608,0.12833788625053885,nan
3164160.0,0.16059338430393308,0.1619542279172364,nan
3166208.0,0.1815086827693158,0.17049681295064553,nan
3168256.0,0.17766731782630288,0.173110849987584,nan
3170304.0,0.1601773316697172,0.17396203154274067,nan
3172352.0,0.12028381713348982,0.15676935883741616,nan
3174400.0,0.10977272293391482,0.14477509181804987,nan
3176448.0,0.11657437359839931,0.18989125133844653,nan
3178496.0,0.11466732927559387,0.21660464489330936,nan
3180544.0,0.12045266609618713,0.18083799808032697,nan
3182592.0,0.16287375341461252,0.1898181473689866,nan
3184640.0,0.15381829855757376,0.20332631032727244,nan
3186688.0,0.17569923083135144,0.19558197551451562,nan
3188736.0,0.17420536037018666,0.20375209282252094,nan
3190784.0,0.17152669252567054,0.15899101605886476,nan
3192832.0,0.18518323035322656,0.18905066051388023,nan
3194880.0,0.1836991973709772,0.15401210528879156,nan
3196928.0,0.1775728592956053,0.23185725183012254,nan
3198976.0,0.18865711063397111,0.1709792653780262,nan
3201024.0,0.20369076025587732,0.14306829301739646,nan
3203072.0,0.1780127756193649,0.17223390389478752,nan
3205120.0,0.11943196710845087,0.20246384489346597,nan
3207168.0,0.2150703129432366,0.20055298655258444,nan
3209216.0,0.1757896808544595,0.15198387531417074,nan
3211264.0,0.18538965039986638,0.18979749297888812,35.08316008316008
3213312.0,0.1676965347058077,0.17567426058211497,nan
3215360.0,0.23328373049463785,0.1850518018546888,nan
3217408.0,0.1164199766978812,0.20193509893715353,nan
3219456.0,0.0949119575942502,0.16375141624471456,nan
3221504.0,0.13593133943304606,0.1894100643422365,nan
3223552.0,0.16787188366080003,0.15660094733911387,nan
3225600.0,0.13542448404265328,0.14848543925020657,nan
3227648.0,0.2605254757232568,0.1791119809641751,nan
3229696.0,0.14189622770128396,0.18016586145849559,nan
3231744.0,0.13204131969514643,0.17838145533180128,nan
3233792.0,0.09548453342059801,0.2234567395758127,nan
3235840.0,0.13769426426370263,0.17595843156802188,nan
3237888.0,0.1637978314683284,0.19263649081270587,nan
3239936.0,0.13492963703081157,0.17234409590641084,nan
3241984.0,0.12263662478658156,0.14163508663818866,nan
3244032.0,0.1622651360212244,0.15542836763388868,nan
3246080.0,0.1322404398505221,0.1829369907391693,nan
3248128.0,0.1621056872348367,0.17571718096988378,nan
3250176.0,0.24148887960553247,0.187787657188367,nan
3252224.0,0.1414088996911631,0.18464077215788852,nan
3254272.0,0.19025809627769222,0.19471793875908025,nan
3256320.0,0.17388658047835706,0.1426692710404167,nan
3258368.0,0.12806595614111876,0.1244759579861953,nan
3260416.0,0.13193524485437752,0.061092983489630014,nan
3262464.0,0.1171619228823458,0.11363974889753893,nan
3264512.0,0.13540779497106764,0.11345345074374553,nan
3266560.0,0.14190146385845157,0.14030209964856483,nan
3268608.0,0.13185554405486458,0.09360625090670864,nan
3270656.0,0.12930506196189967,0.10454422678801158,nan
3272704.0,0.16069429229635127,0.11672177259699477,nan
3274752.0,0.1319864166723011,0.10339457088746379,nan
3276800.0,0.12798193887732084,0.0863619711349244,nan
3278848.0,0.13140243746605276,0.06817847800549055,nan
3280896.0,0.21212566629248297,0.16615248103543342,nan
3282944.0,0.12919524404295246,0.15364310547734147,nan
3284992.0,0.13520042571394603,0.21677944969230592,nan
3287040.0,0.14357010944107645,0.1874662302927573,nan
3289088.0,0.127737161377544,0.14962108237589888,nan
3291136.0,0.1265737554456819,0.14335601487168415,nan
3293184.0,0.13588799305006105,0.14458738804796786,nan
3295232.0,0.1306741032347176,0.14095059372498978,nan
3297280.0,0.13106936647285472,0.15894810509838758,nan
3299328.0,0.17887075028371432,0.18569856431966206,nan
3301376.0,0.13432333059649518,0.1645996981497255,nan
3303424.0,0.08202821063942942,0.1707495003293833,nan
3305472.0,0.12560888348202692,0.13686071458470614,nan
3307520.0,0.1589977277857512,0.15365679935320484,nan
3309568.0,0.18204802703259876,0.21005246934126623,nan
3311616.0,0.09041358585657618,0.1726158938846058,30.1975051975052
3313664.0,0.13582695305976428,0.19895515287864712,nan
3315712.0,0.1436562319075323,0.20335550953352308,nan
3317760.0,0.12256783564467078,0.2052939789565761,nan
3319808.0,0.16402493551396852,0.1958717133649633,nan
3321856.0,0.1282199406468285,0.1802695106456541,nan
3323904.0,0.13143730728811379,0.21918558713008937,nan
3325952.0,0.16666077288163067,0.20112932201282868,nan
3328000.0,0.13664342404765764,0.21530438758550244,nan
3330048.0,0.12966028935703047,0.19997358728960316,nan
3332096.0,0.08456539284806783,0.1822714492328002,nan
3334144.0,0.12485624432263717,0.14199957689995196,nan
3336192.0,0.14794932581942455,0.18671961671529164,nan
3338240.0,0.20655753512200073,0.2231072940826352,nan
3340288.0,0.22227979991794272,0.15584904945835218,nan
3342336.0,0.1977516373054287,0.20421210071065224,nan
3344384.0,0.20333380490302833,0.20288063808795406,nan
3346432.0,0.14663734164478875,0.2262851396483473,nan
3348480.0,0.19796492236449012,0.2314693779543579,nan
3350528.0,0.2806013569849958,0.14982623926270186,nan
3352576.0,0.15771570276979066,0.1729419365361222,nan
3354624.0,0.1607169478471609,0.18732350516885046,nan
3356672.0,0.2836093001252913,0.13329730624697333,nan
3358720.0,0.18449139393217784,0.1765487892460268,nan
3360768.0,0.12126299469615004,0.21783878425474454,nan
3362816.0,0.14153093240672576,0.1712531303013736,nan
3364864.0,0.08842879375721477,0.2021874904510008,nan
3366912.0,0.21424723464208872,0.18945184919853858,nan
3368960.0,0.2460393248104203,0.17980626995575374,nan
3371008.0,0.20377774676646834,0.16279207304063958,nan
3373056.0,0.20518486077153966,0.1720881346536809,nan
3375104.0,0.1710748028725932,0.14272295164590781,nan
3377152.0,0.17696971904882147,0.17707360397293428,nan
3379200.0,0.2088577841566532,0.1780494675273592,nan
3381248.0,0.19076592035955814,0.21678648045065455,nan
3383296.0,0.16191336502853004,0.20245235693494304,nan
3385344.0,0.14857410745598165,0.16643260856750244,nan
3387392.0,0.18343386262715305,0.21121746407620864,nan
3389440.0,0.14757332913017046,0.18849417400441343,nan
3391488.0,0.2387388074864933,0.18352120424762627,nan
3393536.0,0.15209581322004204,0.1907991194506002,nan
3395584.0,0.12849263471378777,0.16600459895356828,nan
3397632.0,0.17690633792956473,0.18038340820822646,nan
3399680.0,0.2599834498393843,0.2058929476099419,nan
3401728.0,0.19088028157484796,0.22967378942176794,nan
3403776.0,0.12648262225076742,0.14517249222925033,nan
3405824.0,0.15728929029626793,0.20044696342083224,nan
3407872.0,0.12371955303684289,0.18737391357188016,nan
3409920.0,0.13158984877746926,0.17741600111420677,nan
3411968.0,0.12349568769541476,0.17240326182889498,22.67151767151767
3414016.0,0.15410544020637834,0.18014204881420173,nan
3416064.0,0.13322611752062347,0.1775755444843624,nan
3418112.0,0.1301678420305065,0.11729659592616451,nan
3420160.0,0.1359131599079825,0.1759080858629509,nan
3422208.0,0.14499640354031595,0.19309656690457766,nan
3424256.0,0.1292451450285712,0.1787979451898267,nan
3426304.0,0.12242189574098492,0.2000090082265838,nan
3428352.0,0.08785447564631818,0.22336736282138106,nan
3430400.0,0.11229251139671895,0.20037995789031943,nan
3432448.0,0.16968912648217566,0.2041962359434212,nan
3434496.0,0.13511363554335992,0.2069257803045253,nan
3436544.0,0.1667464288317735,0.20466750388350297,nan
3438592.0,0.1909799683230235,0.20249545386629766,nan
3440640.0,0.21489942138293633,0.21718719136800393,nan
3442688.0,0.1460472786990049,0.1977100924006248,nan
3444736.0,0.1698466097545247,0.23068705205747053,nan
3446784.0,0.16661787786481805,0.211829195926939,nan
3448832.0,0.1666243403155998,0.20292043768739235,nan
3450880.0,0.12267386812052578,0.16895027323301076,nan
3452928.0,0.13298525214976356,0.22063562823376398,nan
3454976.0,0.17667701596076069,0.21817434359244767,nan
3457024.0,0.22990953215611276,0.21165743605126747,nan
3459072.0,0.17761415536961989,0.2203599876539337,nan
3461120.0,0.20806805012086488,0.19964628738437648,nan
3463168.0,0.23231361070845222,0.1759121686881902,nan
3465216.0,0.15536348898447044,0.21200841567920983,nan
3467264.0,0.19309705164746827,0.22283546907114246,nan
3469312.0,0.20744028043241677,0.21350547278252288,nan
3471360.0,0.13507246316781352,0.1901494831426709,nan
3473408.0,0.17442103389790903,0.2301880398683921,nan
3475456.0,0.13286414365144295,0.16304997632290585,nan
3477504.0,0.14445334037540747,0.1817476021835775,nan
3479552.0,0.15472267595579847,0.19837642490953553,nan
3481600.0,0.162037860512872,0.22373504460244967,nan
3483648.0,0.14706570801719906,0.1613968249732303,nan
3485696.0,0.13098629064125983,0.1987631964025909,nan
3487744.0,0.17219510221511028,0.16389485390309458,nan
3489792.0,0.20056410699283367,0.20599202691306,nan
3491840.0,0.07445750338467212,0.2054893261671654,nan
3493888.0,0.17331640643922033,0.19090131717877262,nan
3495936.0,0.20487274001737266,0.20509716314140536,nan
3497984.0,0.19164110915697102,0.22093836997448582,nan
3500032.0,0.19740713971283197,0.20907226642237572,nan
3502080.0,0.18727768632800995,0.1889239412607944,nan
3504128.0,0.15669216340252634,0.15756688360582405,nan
3506176.0,0.17617738779748493,0.2143416159999646,nan
3508224.0,0.23916562497750715,0.16073864222989456,nan
3510272.0,0.1535258410682131,0.19744323400224795,nan
3512320.0,0.16274302943287736,0.19878440964138389,40.436590436590436
3514368.0,0.150769467935493,0.18612868047933784,nan
3516416.0,0.124226572287398,0.156637560465972,nan
3518464.0,0.07466862320819348,0.15811592084809092,nan
3520512.0,0.11303544563136235,0.18105133526607783,nan
3522560.0,0.17026132185471782,0.19815640534343157,nan
3524608.0,0.13697112520209392,0.20060955730632277,nan
3526656.0,0.1527056800719626,0.1666575925975349,nan
3528704.0,0.13713546707253127,0.19551354015716926,nan
3530752.0,0.18968612838379875,0.20040198031015366,nan
3532800.0,0.13431474315106137,0.14125531072252162,nan
3534848.0,0.1447807062495392,0.22577734555597392,nan
3536896.0,0.19526075920217154,0.19982490297722097,nan
3538944.0,0.18150204101727907,0.17333057438186242,nan
3540992.0,0.17543219948699937,0.1571134256109237,nan
3543040.0,0.14070932304053424,0.20119501567102896,nan
3545088.0,0.1341124427860565,0.1606839135432387,nan
3547136.0,0.1342701591644304,0.11956917224916666,nan
3549184.0,0.20818544301741268,0.1788117931997967,nan
3551232.0,0.15692705114204156,0.19205815279873178,nan
3553280.0,0.16424239191164502,0.17281280258532966,nan
3555328.0,0.17913885866267257,0.20021787709467964,nan
3557376.0,0.21596573150670656,0.17412302010243375,nan
3559424.0,0.11621276122396507,0.18382803243820273,nan
3561472.0,0.19247366104449967,0.18671748696551477,nan
3563520.0,0.1827928523046756,0.1615420754358201,nan
3565568.0,0.2239085373721994,0.21668097107522208,nan
3567616.0,0.15503528242961437,0.2140839484147495,nan
3569664.0,0.1706228672376367,0.21961633103786507,nan
3571712.0,0.1488928657134051,0.22730137455271818,nan
3573760.0,0.21289722367292624,0.220795337848286,nan
3575808.0,0.1562141070019572,0.23232634835554922,nan
3577856.0,0.18405593854002972,0.2161118866773455,nan
3579904.0,0.20229179396135777,0.21876590327251808,nan
3581952.0,0.1771102641124032,0.20868091168325176,nan
3584000.0,0.15939732973705167,0.22203401094503475,nan
3586048.0,0.21278648462984523,0.1951686626638965,nan
3588096.0,0.17422869544960945,0.2090471319888433,nan
3590144.0,0.1754879888839277,0.2131606478887957,nan
3592192.0,0.19520684464894802,0.21197000091932552,nan
3594240.0,0.17904613734757985,0.21384547933834766,nan
3596288.0,0.2638490603800483,0.16144651394934464,nan
3598336.0,0.09146306065066753,0.23858950799595285,nan
3600384.0,0.18976231539697558,0.1605660254442675,nan
3602432.0,0.24907219126079339,0.1715893070968296,nan
3604480.0,0.15596552062914437,0.17428042845766123,nan
3606528.0,0.2036773115530431,0.15356132794727675,nan
3608576.0,0.13239808310356452,0.21067559413168774,nan
3610624.0,0.23877471920851934,0.17933962490087854,nan
3612672.0,0.23640479177045476,0.19500745456508817,52.49480249480249
3614720.0,0.15965814391817446,0.15326211974466677,nan
3616768.0,0.21420369177251986,0.18622699203755175,nan
3618816.0,0.23473922858606655,0.20525117345354987,nan
3620864.0,0.27161122610104455,0.16980591357305375,nan
3622912.0,0.1875470343930458,0.17696766637804534,nan
3624960.0,0.21714730036310417,0.16685896580778647,nan
3627008.0,0.10797199997952539,0.1848510215691765,nan
3629056.0,0.07852126280588677,0.14785201111215482,nan
3631104.0,0.13062109694970667,0.15751167946000696,nan
3633152.0,0.09300092329123523,0.1569720079486863,nan
3635200.0,0.10603398434013427,0.18455791074578287,nan
3637248.0,0.16496414877857116,0.16486641836583213,nan
3639296.0,0.19487763449496853,0.22669777002493346,nan
3641344.0,0.2299973860578855,0.18446771133340858,nan
3643392.0,0.15558014328959674,0.16125083685163982,nan
3645440.0,0.16886107671975342,0.1773856096460102,nan
3647488.0,0.17783912297822133,0.1640378965183193,nan
3649536.0,0.22932996604251116,0.14112179285271179,nan
3651584.0,0.22816148248016974,0.12427489624482344,nan
3653632.0,0.2764736441904888,0.15558377582376134,nan
3655680.0,0.1831212853709975,0.15177732076977005,nan
3657728.0,0.15946895492126908,0.19256490638405957,nan
3659776.0,0.14005145684921225,0.16566945569398364,nan
3661824.0,0.10120035411594225,0.190903168761518,nan
3663872.0,0.16677936256926224,0.20616320146553788,nan
3665920.0,0.2108456610373246,0.14796463454178732,nan
3667968.0,0.1600487200077773,0.1003048517814973,nan
3670016.0,0.19155681404321756,0.18330003276964874,nan
3672064.0,0.12833263185008026,0.1968029413913199,nan
3674112.0,0.21725049583217698,0.211302721223684,nan
3676160.0,0.1476906074526262,0.21889426148917115,nan
3678208.0,0.14702747353443002,0.2046631929512874,nan
3680256.0,0.17994462525326255,0.21610960057082837,nan
3682304.0,0.13527508042064007,0.22464539031465874,nan
3684352.0,0.13633709238891875,0.21572946966026607,nan
3686400.0,0.20024107394144242,0.21704071178107354,nan
3688448.0,0.19884920697756903,0.20300819489328933,nan
3690496.0,0.21568472021142387,0.20253122396473586,nan
3692544.0,0.18157502009189888,0.21960996186507795,nan
3694592.0,0.25251365539088494,0.19897235076642086,nan
3696640.0,0.2218352119369148,0.20650017421598088,nan
3698688.0,0.17578105749381606,0.1892050123586739,nan
3700736.0,0.153430656682052,0.2167967600363428,nan
3702784.0,0.18692958844314678,0.20351547244754226,nan
3704832.0,0.18595253897429614,0.2222300932553646,nan
3706880.0,0.10002436427941372,0.22039665426472071,nan
3708928.0,0.1537506105888269,0.22038065964889272,nan
3710976.0,0.16467872539820178,0.21670705679366345,nan
3713024.0,0.2030030534889108,0.2106224301587179,61.4968814968815
3715072.0,0.1620279935185523,0.21060753688603304,nan
3717120.0,0.20216597160168637,0.20555925750586507,nan
3719168.0,0.13050029086226966,0.17754038529425104,nan
3721216.0,0.06583266152047607,0.1832645102060853,nan
3723264.0,0.1334884971433124,0.21540203722494639,nan
3725312.0,0.1326289994304517,0.21260076731705216,nan
3727360.0,0.15373913561911562,0.20676190414173048,nan
3729408.0,0.23459674448572565,0.1978222240175421,nan
3731456.0,0.17491172063508664,0.21972529456228768,nan
3733504.0,0.27334839387155757,0.1829105011857369,nan
3735552.0,0.2696513820431291,0.168903532621929,nan
3737600.0,0.1338740215088218,0.19296584901588057,nan
3739648.0,0.18485524447304452,0.20763802278833435,nan
3741696.0,0.21845464848183926,0.19111286689453177,nan
3743744.0,0.21256936740661186,0.18169622929935283,nan
3745792.0,0.19027791462130111,0.2099031715912549,nan
3747840.0,0.1707436061423526,0.1993097307758292,nan
3749888.0,0.26082924267155294,0.18777463433899824,nan
3751936.0,0.2277262593994644,0.1766104916691385,nan
3753984.0,0.193694172277694,0.1905677026961752,nan
3756032.0,0.22458007203585834,0.20344961085517943,nan
3758080.0,0.2233541799562809,0.2050561125180107,nan
3760128.0,0.16112156696041022,0.2000278849144905,nan
3762176.0,0.20103204972066116,0.22177848151531127,nan
3764224.0,0.26836184235540483,0.18383685491307425,nan
3766272.0,0.15478708422702298,0.20199436802565798,nan
3768320.0,0.20425913734960283,0.2177823337215274,nan
3770368.0,0.23201375847198222,0.20910885280504254,nan
3772416.0,0.21243043290408853,0.2126615155067266,nan
3774464.0,0.25474420705637346,0.1800122235118078,nan
3776512.0,0.20696843254169728,0.20486221643731525,nan
3778560.0,0.15136597128573714,0.211110212035711,nan
3780608.0,0.16824943772266998,0.21418560379862228,nan
3782656.0,0.21075407812229874,0.2050040843316883,nan
3784704.0,0.30059850618123457,0.15018118459464014,nan
3786752.0,0.2325185133191999,0.20864428052367712,nan
3788800.0,0.16254252664500654,0.22416828394268837,nan
3790848.0,0.12387245350336043,0.2352867823424997,nan
3792896.0,0.14482238109615375,0.23822964021996137,nan
3794944.0,0.2134601105873235,0.21105232263792906,nan
3796992.0,0.12595903151004867,0.23600553599153115,nan
3799040.0,0.16999125095063752,0.22954064568451807,nan
3801088.0,0.20248046947371393,0.20794838974420105,nan
3803136.0,0.1533543645563833,0.2175830022632302,nan
3805184.0,0.19546960345324954,0.2219605993539519,nan
3807232.0,0.18454628241914173,0.20577337314191962,nan
3809280.0,0.20057032542471803,0.21535841299162012,nan
3811328.0,0.14973001062522145,0.22463942782869434,nan
3813376.0,0.21742458693762534,0.21086405594861152,56.19542619542621
3815424.0,0.1388790767216609,0.2331495906386976,nan
3817472.0,0.18141001369389204,0.21719324292063943,nan
3819520.0,0.12230364879337341,0.22529896756365753,nan
3821568.0,0.1862557244454529,0.23178032648737742,nan
3823616.0,0.21772603733195,0.20232923766177296,nan
3825664.0,0.15539402963850163,0.22681481934098638,nan
3827712.0,0.12904505310365055,0.22842516959778647,nan
3829760.0,0.1889902865994284,0.23388920680132858,nan
3831808.0,0.21076114174999933,0.2318323527521415,nan
3833856.0,0.20114575403738066,0.22922737227023723,nan
3835904.0,0.21671813175136243,0.2214356359060589,nan
3837952.0,0.21725466366028617,0.2235186399249637,nan
3840000.0,0.28158261498639636,0.17577881458131875,nan
3842048.0,0.26738171359216206,0.18710971056391937,nan
3844096.0,0.19296442458466212,0.22901042161773721,nan
3846144.0,0.20963120352644612,0.21325169106238204,nan
3848192.0,0.15585476710632676,0.2317813814587291,nan
3850240.0,0.17637165011401493,0.22148179275172494,nan
3852288.0,0.17306078756643772,0.1968626012829034,nan
3854336.0,0.20382518967266283,0.16188008340319285,nan
3856384.0,0.16478004008954567,0.2174536871427009,nan
3858432.0,0.240456169394245,0.17939876868050025,nan
3860480.0,0.23565444235782387,0.21002365956234934,nan
3862528.0,0.18398716908786159,0.20565591319665155,nan
3864576.0,0.17464810468762565,0.2073998839550422,nan
3866624.0,0.2077236241929345,0.20733208047656496,nan
3868672.0,0.15844903550028133,0.2123176375588681,nan
3870720.0,0.18784188267780783,0.20879344398494415,nan
3872768.0,0.1882006584411851,0.213535721777749,nan
3874816.0,0.23183271396830868,0.2048260238727466,nan
3876864.0,0.20074678412518232,0.18238935326040331,nan
3878912.0,0.21569968144400672,0.19447450131433094,nan
3880960.0,0.23713942481171246,0.1922153173539221,nan
3883008.0,0.1459333519982564,0.18042808170118882,nan
3885056.0,0.20022066720209553,0.1605197748928852,nan
3887104.0,0.18086717660889143,0.20374121083105057,nan
3889152.0,0.24356066375762342,0.17958924091692344,nan
3891200.0,0.22822615377184705,0.1803968770931191,nan
3893248.0,0.3003772753914626,0.15177053122542786,nan
3895296.0,0.23353912662376364,0.1771947191662677,nan
3897344.0,0.15224899020977128,0.18630070016659908,nan
3899392.0,0.18158276009586205,0.17646246620844108,nan
3901440.0,0.1671733416521971,0.21382550798977035,nan
3903488.0,0.22844905243480557,0.19183035981717816,nan
3905536.0,0.20358699580864853,0.16862319074331605,nan
3907584.0,0.1700604537345901,0.19656414516475038,nan
3909632.0,0.1453650064268761,0.18674681434611592,nan
3911680.0,0.20200093488867632,0.17539959138523514,nan
3913728.0,0.16905651754502993,0.2124428568411683,53.4927234927235
3915776.0,0.22280502802710322,0.19574815458927225,nan
3917824.0,0.20976969567254788,0.19897764183894953,nan
3919872.0,0.25820576445218024,0.1930268119234845,nan
3921920.0,0.21481549762435334,0.19810751089497428,nan
3923968.0,0.1856667550936811,0.20493501396818975,nan
3926016.0,0.18477350622803534,0.20431294034713124,nan
3928064.0,0.21411110881619727,0.21087668417866895,nan
3930112.0,0.15962430924642407,0.22956512593738793,nan
3932160.0,0.22159647538946578,0.20004483554628827,nan
3934208.0,0.23396932637464563,0.20040960226447924,nan
3936256.0,0.2772772683119916,0.172278307144238,nan
3938304.0,0.2422615893899827,0.20142188174668502,nan
3940352.0,0.19521211764339153,0.20209424485723385,nan
3942400.0,0.271693909776226,0.1788003381821801,nan
3944448.0,0.18979797659554606,0.17690933580423557,nan
3946496.0,0.18170898900610355,0.21251455256234325,nan
3948544.0,0.18079392210569198,0.212927012225005,nan
3950592.0,0.16646159202858804,0.21729535477516784,nan
3952640.0,0.17053780673548935,0.20260724091335405,nan
3954688.0,0.16800814443740475,0.22294194613981835,nan
3956736.0,0.20390806078504214,0.20882205652386462,nan
3958784.0,0.2901532204117297,0.153143026276033,nan
3960832.0,0.23904001750575482,0.1985274766314667,nan
3962880.0,0.1962090164740719,0.2089971566723459,nan
3964928.0,0.23875050059707964,0.1960009504827585,nan
3966976.0,0.09442438434227515,0.17625854329826682,nan
3969024.0,0.14980318679316657,0.22637304973199054,nan
3971072.0,0.15763573359145666,0.22738458713911408,nan
3973120.0,0.212658859871748,0.21815185725224726,nan
3975168.0,0.16778391061074824,0.23683509650061907,nan
3977216.0,0.17523506805907574,0.22422577474413713,nan
3979264.0,0.1450939724467716,0.2381719230430964,nan
3981312.0,0.2325996578421914,0.21780170137590216,nan
3983360.0,0.21406313459539802,0.21035696214377578,nan
3985408.0,0.19294815881510952,0.22040136384053008,nan
3987456.0,0.25675422807433584,0.19693464371659586,nan
3989504.0,0.025218865409688207,0.1739487305504832,nan
3991552.0,0.17706673795561256,0.23529129405256605,nan
3993600.0,0.286136965828398,0.15736729552572049,nan
3995648.0,0.1858154443389055,0.22589084587449051,nan
3997696.0,0.21817285297448075,0.21508531375833476,nan
3999744.0,0.2517339773052151,0.18163994597941205,nan
4001792.0,0.19769924345358153,0.22070286839322306,nan
4003840.0,0.22940692345197952,0.20578063541835134,nan
4005888.0,0.25270896053491965,0.19241435767063284,nan
4007936.0,0.27069466378424845,0.177166876382832,nan
4009984.0,0.1548585004267494,0.2227459526913548,nan
4012032.0,0.22158186437162275,0.21219941283032828,nan
4014080.0,0.18801339091777045,0.2102221053118373,53.180873180873185
4016128.0,0.10168017935947261,0.2314944810851235,nan
4018176.0,0.11302151091476542,0.22141481680928807,nan
4020224.0,0.1932082604017885,0.22252126638890624,nan
4022272.0,0.14103656163764078,0.23669999534131386,nan
4024320.0,0.2267829100506855,0.20786721062099583,nan
4026368.0,0.2017534098857235,0.2276141449510848,nan
4028416.0,0.2044832384686988,0.2227860040404181,nan
4030464.0,0.24605518602602794,0.1948400136982195,nan
4032512.0,0.22095170558361837,0.20856352814503584,nan
4034560.0,0.25881523003073675,0.18809194622137795,nan
4036608.0,0.2706253724147874,0.18171570904770298,nan
4038656.0,0.21731223942143713,0.20530572478580197,nan
4040704.0,0.24050366236892373,0.19338512487812384,nan
4042752.0,0.24690514830210822,0.21156197807827395,nan
4044800.0,0.24965231180736408,0.19912057001891284,nan
4046848.0,0.2769911788128302,0.1704248305338724,nan
4048896.0,0.06682538259541415,0.21280664941843122,nan
4050944.0,0.24405717165572105,0.21217660479519918,nan
4052992.0,0.26290462746789256,0.18833357309450627,nan
4055040.0,0.17295110477545533,0.20921518701193495,nan
4057088.0,0.21875205426744998,0.21376918922570481,nan
4059136.0,0.2785483063805219,0.17324894980593328,nan
4061184.0,0.25499557089721153,0.18895213290507937,nan
4063232.0,0.28676369205152463,0.16561080679930507,nan
4065280.0,0.2846144505372523,0.17381172658440758,nan
4067328.0,0.24294275835289159,0.18870228664546554,nan
4069376.0,0.26014675899071676,0.18146600190326415,nan
4071424.0,0.3055631866837026,0.13579286022188783,nan
4073472.0,0.31645016962088474,0.13872267162655674,nan
4075520.0,0.1944867963768224,0.17269939864662165,nan
4077568.0,0.1708190182863301,0.18270611140379778,nan
4079616.0,0.20700969238827532,0.2037575169128107,nan
4081664.0,0.17678277896524444,0.20091067342084964,nan
4083712.0,0.21936427129394084,0.20258075453379656,nan
4085760.0,0.16196368123801724,0.2072737393100682,nan
4087808.0,0.19216041972837472,0.1996937145967972,nan
4089856.0,0.21591886771938268,0.1921919220937822,nan
4091904.0,0.23595970585266218,0.19813821295165993,nan
4093952.0,0.17885324432383326,0.206760695586562,nan
4096000.0,0.17575567732150585,0.19805514435576857,nan
4098048.0,0.27971119452747867,0.17420783630612716,nan
4100096.0,0.2030495788628406,0.1838068705144237,nan
4102144.0,0.22935904956069436,0.17607102092052884,nan
4104192.0,0.22991681438569983,0.18867088229944373,nan
4106240.0,0.20919717436897187,0.18057164153674413,nan
4108288.0,0.24575239418657435,0.17785121467244125,nan
4110336.0,0.12317232662924649,0.2006044688133203,nan
4112384.0,0.08465391697491201,0.1950147777404223,nan
4114432.0,0.1972469253025299,0.13552468525140077,21.340956340956343
4116480.0,0.20580029170764724,0.17841512406313112,nan
4118528.0,0.19579454428686857,0.22317190335915024,nan
4120576.0,0.21964858114010533,0.19008116813781853,nan
4122624.0,0.2461186958397789,0.16869486875875592,nan
4124672.0,0.19644445090337367,0.19397500400318127,nan
4126720.0,0.21585586860775735,0.18349087631987374,nan
4128768.0,0.18233168694893542,0.18421495635924906,nan
4130816.0,0.21131904368760476,0.19659578432357816,nan
4132864.0,0.22942177612919457,0.18184610886276578,nan
4134912.0,0.20495729512181887,0.19160698932956105,nan
4136960.0,0.16916737597655607,0.1819770250103194,nan
4139008.0,0.22411466569733657,0.20033369136188472,nan
4141056.0,0.1444062105205494,0.22815895488778476,nan
4143104.0,0.22201881968491244,0.20589586955551073,nan
4145152.0,0.2652100147432855,0.19575425055399623,nan
4147200.0,0.23270368418270615,0.18822927800695213,nan
4149248.0,0.217495465074676,0.2152947241452058,nan
4151296.0,0.24172433866723844,0.19518525719946483,nan
4153344.0,0.2970188345669008,0.15380109027285496,nan
4155392.0,0.2034617251375687,0.23093037679879105,nan
4157440.0,0.2702406989131408,0.17318036904113304,nan
4159488.0,0.28146660111789457,0.17693316474321918,nan
4161536.0,0.20500269086472248,0.20933629300899023,nan
4163584.0,0.16202391242978176,0.22963494705278145,nan
4165632.0,0.25608806275257767,0.18183709330697545,nan
4167680.0,0.27886135595044176,0.1494745863626194,nan
4169728.0,0.22135742725148327,0.20643680202479683,nan
4171776.0,0.23935927460550138,0.20842280459236942,nan
4173824.0,0.2104791234761592,0.1760005915681322,nan
4175872.0,0.17795808901763677,0.1820767639406396,nan
4177920.0,0.19967690773721114,0.20104571952356826,nan
4179968.0,0.22265290557965822,0.19877305094732853,nan
4182016.0,0.1602389438480171,0.18598914890583765,nan
4184064.0,0.18589329225765627,0.2044044504780723,nan
4186112.0,0.19569754107087386,0.1690384372770354,nan
4188160.0,0.2090466592321828,0.18179714136004102,nan
4190208.0,0.18427004441137398,0.1390732540177237,nan
4192256.0,0.23451968563486353,0.1979123140777798,nan
4194304.0,0.19185999026742287,0.20010250844412672,nan
4196352.0,0.14530913671696224,0.14716062584816064,nan
4198400.0,0.26550798077093796,0.1400786473910279,nan
4200448.0,0.2159959519829658,0.17913344451701524,nan
4202496.0,0.2708529538759934,0.14794638353765774,nan
4204544.0,0.30199306283786986,0.14089001909384324,nan
4206592.0,0.1641726629503241,0.12173188220719157,nan
4208640.0,0.2766236966537512,0.12121865592226394,nan
4210688.0,0.13448364081163078,0.09738269355135229,nan
4212736.0,0.17961845260889714,0.12995417601141412,nan
4214784.0,0.16458700546876093,0.11183863721239372,21.66320166320166
4216832.0,0.24247235008402743,0.1424034677249176,nan
4218880.0,0.20090187142896004,0.13094113686692158,nan
4220928.0,0.288534303511377,0.12582582869190015,nan
4222976.0,0.1418038167538449,0.10273491732287382,nan
4225024.0,0.22702362174734486,0.12599472829022232,nan
4227072.0,0.14083648780516114,0.16608892898595143,nan
4229120.0,0.22475130822252554,0.19707697266341126,nan
4231168.0,0.27888685696169896,0.15380779998122543,nan
4233216.0,0.2167474376320082,0.12566622231649513,nan
4235264.0,0.17501873085020336,0.1334426430690701,nan
4237312.0,0.2742780519900273,0.1342403451203231,nan
4239360.0,0.18232617476101753,0.14494332122916673,nan
4241408.0,0.21982526093467988,0.13246618292666537,nan
4243456.0,0.12869666843657956,0.16896428368444807,nan
4245504.0,0.17598702101872885,0.13347520648768943,nan
4247552.0,0.19939699124385885,0.1251843236254533,nan
4249600.0,0.15611287154974718,0.1248211281312304,nan
4251648.0,0.1638204792357746,0.1704355371370039,nan
4253696.0,0.2296294915582067,0.15017252685543955,nan
4255744.0,0.2524085946988267,0.15384693436853053,nan
4257792.0,0.10357134774343024,0.23252423301898587,nan
4259840.0,0.2352725275285903,0.15141303439673454,nan
4261888.0,0.1780492643235119,0.1017448780611669,nan
4263936.0,0.16473992894766953,0.10782996614961876,nan
4265984.0,0.2502183134989395,0.14107618391213742,nan
4268032.0,0.26114277927098295,0.17170304016845012,nan
4270080.0,0.16272095129953204,0.1855270390523599,nan
4272128.0,0.24627633219394474,0.1689848259424889,nan
4274176.0,0.23045016154798897,0.14608728633268245,nan
4276224.0,0.1868990344905766,0.18291053879748123,nan
4278272.0,0.24211279034216024,0.15053127827277718,nan
4280320.0,0.20572780343337865,0.21431616449867835,nan
4282368.0,0.18003289294998998,0.17117701722876602,nan
4284416.0,0.19132484279401146,0.1810119429515998,nan
4286464.0,0.24344502833354317,0.17947475812272942,nan
4288512.0,0.2077006448883443,0.20034073387604012,nan
4290560.0,0.25295162478767774,0.17213600449613528,nan
4292608.0,0.23756371281213734,0.15584787648797654,nan
4294656.0,0.2393221325900397,0.16308422184176333,nan
4296704.0,0.19650136208806057,0.18581255625692222,nan
4298752.0,0.09470124990899867,0.2046525248703886,nan
4300800.0,0.2012733185185408,0.19425754191899244,nan
4302848.0,0.2351031164108739,0.19070778376484812,nan
4304896.0,0.15743881246850958,0.19496302661328888,nan
4306944.0,0.10846293702535978,0.17998734818558879,nan
4308992.0,0.23354724087224357,0.16667059020829764,nan
4311040.0,0.21012037210988355,0.17593963900052656,nan
4313088.0,0.3031026436869575,0.14302590638051765,nan
4315136.0,0.2956672260011777,0.13181838091602094,52.82744282744284
4317184.0,0.23365934249744164,0.18163709113184992,nan
4319232.0,0.23574504483278697,0.1772846049150036,nan
4321280.0,0.1975752303656083,0.17965595208328622,nan
4323328.0,0.2128053345458707,0.19031505854988248,nan
4325376.0,0.21186849081802062,0.19065560244422333,nan
4327424.0,0.27845736571543694,0.1503495525772153,nan
4329472.0,0.24862020310461952,0.15647598171312363,nan
4331520.0,0.20527454324094208,0.15042324052206466,nan
4333568.0,0.1706054594879936,0.1363231730186787,nan
4335616.0,0.21107834170376263,0.21415429470329642,nan
4337664.0,0.2546270682075461,0.19172316344228804,nan
4339712.0,0.19845770999843415,0.21831721418504343,nan
4341760.0,0.13715909028074252,0.24722455590279696,nan
4343808.0,0.1648358789752506,0.21611981339707606,nan
4345856.0,0.21974705357544003,0.16143525334120779,nan
4347904.0,0.23422858681184172,0.1590883947036897,nan
4349952.0,0.18480300934269897,0.17062331824900454,nan
4352000.0,0.23924960222825006,0.16770048508812244,nan
4354048.0,0.2605687178032051,0.1472868385426422,nan
4356096.0,0.171917107775711,0.16787866311829502,nan
4358144.0,0.20629206034808328,0.174323477814868,nan
4360192.0,0.24912387919795087,0.1202421508229886,nan
4362240.0,0.19950033335080208,0.1482970087518638,nan
4364288.0,0.2298682814863068,0.11240820869404011,nan
4366336.0,0.15162156469867155,0.14428225380583398,nan
4368384.0,0.22685746959622685,0.15522483358859737,nan
4370432.0,0.23761646741625575,0.18462057300517543,nan
4372480.0,0.21645146207822138,0.17311501918735078,nan
4374528.0,0.23500503332823697,0.16041239892506357,nan
4376576.0,0.25979004176878495,0.15656270088801338,nan
4378624.0,0.22581672904549502,0.17406114661617603,nan
4380672.0,0.1627994116069837,0.18045730880276356,nan
4382720.0,0.17600603512128582,0.1562181069124409,nan
4384768.0,0.30570670395881494,0.13713117747456008,nan
4386816.0,0.23345888992332425,0.16104047276620945,nan
4388864.0,0.21244130373264117,0.15406776678320874,nan
4390912.0,0.23289991911421792,0.1744548009051325,nan
4392960.0,0.17642560984037303,0.2349237237945585,nan
4395008.0,0.17535304519486966,0.17749191107377,nan
4397056.0,0.18727509700527284,0.20322677350763016,nan
4399104.0,0.24890633481596752,0.15816137998242563,nan
4401152.0,0.17962197381915915,0.2162853536122018,nan
4403200.0,0.23956213901883802,0.19236578980648017,nan
4405248.0,0.2205942904620869,0.2018437165771635,nan
4407296.0,0.2878728710559607,0.14493752804599247,nan
4409344.0,0.18267388969552595,0.1906265156352096,nan
4411392.0,0.20881449953106362,0.19261664131029974,nan
4413440.0,0.23424739405291722,0.17788783608463604,nan
4415488.0,0.15930531949048296,0.20130437679508406,43.86694386694386
4417536.0,0.23688475011097804,0.19238756642961352,nan
4419584.0,0.14151587471845944,0.20664244267895998,nan
4421632.0,0.23853557140653245,0.1859518179805795,nan
4423680.0,0.13897440225373658,0.18175311292035598,nan
4425728.0,0.24490885059484882,0.1612658891515375,nan
4427776.0,0.16970510619215978,0.15469415110486068,nan
4429824.0,0.14270944775174044,0.19716072150619174,nan
4431872.0,0.1994112046712668,0.15625045541266036,nan
4433920.0,0.20185040832098877,0.18289295300251934,nan
4435968.0,0.23840003928204806,0.17795658322108143,nan
4438016.0,0.2431753170863391,0.2117445909618267,nan
4440064.0,0.21081601892389745,0.14782000156775332,nan
4442112.0,0.1464141289689676,0.10646394491379703,nan
4444160.0,0.26559931101394507,0.15010495686384306,nan
4446208.0,0.23662263947354611,0.17914658822227336,nan
4448256.0,0.26572287553061746,0.1461270072580799,nan
4450304.0,0.33899529601597456,0.09917370924589797,nan
4452352.0,0.1383770392513304,0.22632287739905113,nan
4454400.0,0.21810805599170568,0.18025743134713726,nan
4456448.0,0.21447155195434675,0.1720859842751525,nan
4458496.0,0.2719712540673224,0.13603040277561956,nan
4460544.0,0.24481549035607825,0.15825249562536514,nan
4462592.0,0.23078342736049767,0.18329653719485306,nan
4464640.0,0.13853479509969463,0.16398091440253065,nan
4466688.0,0.30752327398391843,0.14392594934495173,nan
4468736.0,0.1931746016633614,0.1773390603879843,nan
4470784.0,0.21774482720609176,0.16185521152647248,nan
4472832.0,0.23639339453085478,0.1605418597036954,nan
4474880.0,0.18923565771295525,0.16437797866929235,nan
4476928.0,0.12866389846413778,0.11403725681616267,nan
4478976.0,0.22256165783953707,0.16249945808561017,nan
4481024.0,0.22404344496295323,0.14648736957803618,nan
4483072.0,0.18141698743961832,0.11039187181422554,nan
4485120.0,0.19521519644559865,0.11784388269092187,nan
4487168.0,0.14812350690889575,0.08090557617304941,nan
4489216.0,0.17904452477390986,0.11406667452614652,nan
4491264.0,0.1315820459906839,0.12188599632520182,nan
4493312.0,0.13071205947449666,0.13349720725040692,nan
4495360.0,0.13516052184389882,0.06225728695217027,nan
4497408.0,0.1968078655972884,0.12271945186400017,nan
4499456.0,0.20563865594363348,0.13424090926603982,nan
4501504.0,0.13431790416234954,0.05673645526654587,nan
4503552.0,0.1329932599154785,0.10391012693494389,nan
4505600.0,0.17279083924275002,0.1303334422373463,nan
4507648.0,0.21751564364482923,0.1347421088685529,nan
4509696.0,0.1319674451268537,0.10855615105827757,nan
4511744.0,0.1331354083908549,0.08452354191545673,nan
4513792.0,0.15946709621041355,0.14914587361437204,nan
4515840.0,0.12654326756836942,0.15620493692381243,28.51351351351351
4517888.0,0.14225131382261924,0.157463395845536,nan
4519936.0,0.13187260565615963,0.13318136892351154,nan
4521984.0,0.13305354452355356,0.15738290508188987,nan
4524032.0,0.15267552443654944,0.17291060296810223,nan
4526080.0,0.13160950862382098,0.11684166514936334,nan
4528128.0,0.12980780874482675,0.14482598095357035,nan
4530176.0,0.13477757747669583,0.11947417898955984,nan
4532224.0,0.12777986790023269,0.12611916443889373,nan
4534272.0,0.19234080783181826,0.16495846786367793,nan
4536320.0,0.10201666717966178,0.11696662846598463,nan
4538368.0,0.13329174812942612,0.10141888780494328,nan
4540416.0,0.10800976955783977,0.1446214634411868,nan
4542464.0,0.22500086877451297,0.15233167303688777,nan
4544512.0,0.14416445378384207,0.08131697918754667,nan
4546560.0,0.12685689935372696,0.12860135873675824,nan
4548608.0,0.13090738839419644,0.1019360986527764,nan
4550656.0,0.14145225772890888,0.10596882006471074,nan
4552704.0,0.1920990105055331,0.15293853741077065,nan
4554752.0,0.15978551075833683,0.13783452849448602,nan
4556800.0,0.13169214994892298,0.07443012977999078,nan
4558848.0,0.16534239667605827,0.1112335595839729,nan
4560896.0,0.15235470691445815,0.09571204773656464,nan
4562944.0,0.17330649870220802,0.1536862903842058,nan
4564992.0,0.12651108305043926,0.08843261472458205,nan
4567040.0,0.18229617262210823,0.12377581310227301,nan
4569088.0,0.12136818811089181,0.11504045517224835,nan
4571136.0,0.23533121927023806,0.1450894177653798,nan
4573184.0,0.14203396240575628,0.14426594603064122,nan
4575232.0,0.15627733411540895,0.17276365456605733,nan
4577280.0,0.11865692557297644,0.1687724543057356,nan
4579328.0,0.19476640950766533,0.15701887137465692,nan
4581376.0,0.17196276690363138,0.1765285972392592,nan
4583424.0,0.16460552384846966,0.17371991742992574,nan
4585472.0,0.12891959267142405,0.11165753575643528,nan
4587520.0,0.14084933878144834,0.12344695176366774,nan
4589568.0,0.12415080335130624,0.18267331190783057,nan
4591616.0,0.14883962222160213,0.13620076109654908,nan
4593664.0,0.1986549865948277,0.16073213696581784,nan
4595712.0,0.12854845164893636,0.11647819248912158,nan
4597760.0,0.116844195263862,0.17585110697598302,nan
4599808.0,0.12423286543491568,0.16038378221028798,nan
4601856.0,0.13784976522152648,0.16204768749383278,nan
4603904.0,0.12883975428248473,0.14453007790013633,nan
4605952.0,0.19378951146773726,0.1810911682816873,nan
4608000.0,0.19293708048627267,0.18490202035176373,nan
4610048.0,0.14089447608922706,0.16716186221441773,nan
4612096.0,0.10583043210736048,0.15410503731199948,nan
4614144.0,0.07924810622609331,0.17436374256242723,nan
4616192.0,0.1278497216646254,0.19161072991860953,41.21621621621621
4618240.0,0.12312282719478204,0.23149024433802765,nan
4620288.0,0.18241323357476388,0.16499178705837375,nan
4622336.0,0.1263637591528501,0.18436984338193096,nan
4624384.0,0.19128841157182905,0.1497994412702933,nan
4626432.0,0.1784750606396453,0.12666336288082003,nan
4628480.0,0.17592120319389554,0.2154759948829134,nan
4630528.0,0.21611837222708408,0.19722018765466123,nan
4632576.0,0.14453897478808975,0.14310552565429668,nan
4634624.0,0.21496327131960488,0.17986789468722067,nan
4636672.0,0.1070069764754099,0.24742697332291894,nan
4638720.0,0.263599574288698,0.1520604913351512,nan
4640768.0,0.21232882986256585,0.15683853881776844,nan
4642816.0,0.2565895685803975,0.19709156571092254,nan
4644864.0,0.11967094670384724,0.19467244193901573,nan
4646912.0,0.14170617407267827,0.17952527229747797,nan
4648960.0,0.27463553718861333,0.133489592453085,nan
4651008.0,0.1981682877551055,0.18338522101975674,nan
4653056.0,0.16974658140315363,0.12479896236570256,nan
4655104.0,0.23250966839927256,0.12993873802088063,nan
4657152.0,0.22230124667143888,0.14742981846780978,nan
4659200.0,0.16773028446955796,0.18778486426923557,nan
4661248.0,0.13541244063806643,0.1925785724817081,nan
4663296.0,0.25172174128768965,0.1399265616639843,nan
4665344.0,0.16320335499519323,0.1728659894019303,nan
4667392.0,0.24108957334412962,0.1348748544066795,nan
4669440.0,0.16844224437008712,0.12126300911667773,nan
4671488.0,0.18268658060850354,0.2025749292744179,nan
4673536.0,0.18649610247309667,0.15837618630782194,nan
4675584.0,0.22692687401967782,0.14784479938172715,nan
4677632.0,0.22978264709674012,0.14818387406962433,nan
4679680.0,0.22621830872063176,0.1374769315174608,nan
4681728.0,0.2431318386801538,0.11837998029487873,nan
4683776.0,0.21118474560928174,0.127744521415414,nan
4685824.0,0.23096459217629,0.13238669170633424,nan
4687872.0,0.22058806494617123,0.1302284382959781,nan
4689920.0,0.20725998893155195,0.12339801013979164,nan
4691968.0,0.1701945685874321,0.15308987447164943,nan
4694016.0,0.14937764156162325,0.12442307932846852,nan
4696064.0,0.11888849524065853,0.13081248142887866,nan
4698112.0,0.22832510443697013,0.14490554442034886,nan
4700160.0,0.17900207543216481,0.13095059692803004,nan
4702208.0,0.15760807401542148,0.09891218592072205,nan
4704256.0,0.14881625934585885,0.11284776495387518,nan
4706304.0,0.1613560649592477,0.11387239457501044,nan
4708352.0,0.15653725370178545,0.12044770553043815,nan
4710400.0,0.16975742199257515,0.15846797218857844,nan
4712448.0,0.21043666343748485,0.1483752412233232,nan
4714496.0,0.25526343076101343,0.16058105222574742,nan
4716544.0,0.1097905090446745,0.12074955240555937,34.49064449064449
4718592.0,0.14059811183577484,0.08059464260950149,nan
4720640.0,0.2272791018408063,0.13905234384240328,nan
4722688.0,0.17943154069078743,0.1866198079345771,nan
4724736.0,0.23673162753518906,0.13887184458526933,nan
4726784.0,0.13145194203414118,0.11408390604101583,nan
4728832.0,0.17655069207909452,0.15683333935562455,nan
4730880.0,0.20920108849296257,0.1575508320353139,nan
4732928.0,0.15618678407179337,0.19694589981234537,nan
4734976.0,0.1727836606702553,0.130874757257,nan
4737024.0,0.20589981221638104,0.1582784038003448,nan
4739072.0,0.19471158024130264,0.1625418964305301,nan
4741120.0,0.19179220107293543,0.16580035692999467,nan
4743168.0,0.19755402122792687,0.19052982152297232,nan
4745216.0,0.2176424643886577,0.1642792851689565,nan
4747264.0,0.24829715351057835,0.1652257629222678,nan
4749312.0,0.17700902077667158,0.1846065312530337,nan
4751360.0,0.13157468887719426,0.0883587993787252,nan
4753408.0,0.1618573616347896,0.12072649367956309,nan
4755456.0,0.18398530721786865,0.16144534499533522,nan
4757504.0,0.12202536200012676,0.1705119755617129,nan
4759552.0,0.17276671661504517,0.1782854210570668,nan
4761600.0,0.1664327973056596,0.1821857191693123,nan
4763648.0,0.0809092605923745,0.16401453074459482,nan
4765696.0,0.1274079794963667,0.18894566906468768,nan
4767744.0,0.15311244530062468,0.20969722738526747,nan
4769792.0,0.17399969840729596,0.16717071392216554,nan
4771840.0,0.17999182484983883,0.19653460141437576,nan
4773888.0,0.1282838314851923,0.18377913742793667,nan
4775936.0,0.18553927935549358,0.16765702574440547,nan
4777984.0,0.2108351055147451,0.2063502839097695,nan
4780032.0,0.19750606795773112,0.20547802161943818,nan
4782080.0,0.08553752352825764,0.2178928157657646,nan
4784128.0,0.161756965018033,0.22377897626374518,nan
4786176.0,0.19948878447217716,0.21178736293160558,nan
4788224.0,0.13570420975484393,0.23960657425478363,nan
4790272.0,0.2153212891542921,0.22185210984471812,nan
4792320.0,0.19506159675990767,0.20899811502284177,nan
4794368.0,0.1666461021589442,0.22213609861117634,nan
4796416.0,0.2246862846440571,0.212822247615959,nan
4798464.0,0.1980000134077941,0.2143085972319032,nan
4800512.0,0.2626270331889025,0.1812227813325546,nan
4802560.0,0.24142945662900572,0.196034007743922,nan
4804608.0,0.2709726875466798,0.15826059800959527,nan
4806656.0,0.17408843686600417,0.20791894266135114,nan
4808704.0,0.243572857077139,0.1759187202582513,nan
4810752.0,0.2473192910311684,0.16405808920527323,nan
4812800.0,0.16222552180548627,0.1689451948842006,nan
4814848.0,0.23757829527903254,0.1698504616675025,nan
4816896.0,0.21257325435073643,0.1707924489478035,42.900207900207896
4818944.0,0.1746398828990235,0.15951744527665962,nan
4820992.0,0.20084985837476527,0.15666271131376056,nan
4823040.0,0.2431880226999366,0.17393344659004562,nan
4825088.0,0.18861488477563326,0.1765717508112072,nan
4827136.0,0.21996068375627864,0.13825271690939892,nan
4829184.0,0.2441536103455152,0.16717287788876853,nan
4831232.0,0.18770604190665333,0.1397629567983858,nan
4833280.0,0.17699600928378342,0.13049519159741563,nan
4835328.0,0.21896809953061633,0.14587156571226306,nan
4837376.0,0.17690366505318061,0.14955227654729195,nan
4839424.0,0.2251257259259781,0.13766085598530622,nan
4841472.0,0.22675989381524708,0.17199112964802085,nan
4843520.0,0.25367207844898065,0.1514593965877282,nan
4845568.0,0.1527144037482253,0.17482434418422219,nan
4847616.0,0.24781275820533294,0.15164160374219024,nan
4849664.0,0.30237070287110834,0.14141199691584636,nan
4851712.0,0.27922619688813755,0.14625133336182777,nan
4853760.0,0.20772859869493682,0.17103855312959695,nan
4855808.0,0.22745143365089604,0.1494104634115872,nan
4857856.0,0.17983374138784608,0.13576834230490015,nan
4859904.0,0.17288260052752352,0.13501755148624386,nan
4861952.0,0.11442847354170288,0.23012565457284945,nan
4864000.0,0.25446461092285966,0.16659316800474308,nan
4866048.0,0.22885286013222994,0.18569496174419914,nan
4868096.0,0.20921844892904712,0.1792297458574345,nan
4870144.0,0.20308979359923507,0.14537556997777878,nan
4872192.0,0.22754813601983973,0.16621009888654995,nan
4874240.0,0.22333884691609415,0.15048370765316363,nan
4876288.0,0.12882781615076588,0.12713254930816517,nan
4878336.0,0.1851619972243112,0.15202157580083134,nan
4880384.0,0.21065720674262958,0.158667765778913,nan
4882432.0,0.210546984166955,0.1644753961890504,nan
4884480.0,0.22727872218743603,0.12881759576657328,nan
4886528.0,0.18266496976583133,0.1452660527896076,nan
4888576.0,0.22440982474916032,0.15793424241248832,nan
4890624.0,0.1496781556810879,0.183283273160405,nan
4892672.0,0.20902615545126213,0.19083258990380503,nan
4894720.0,0.23421981719318863,0.16775736141001935,nan
4896768.0,0.1472417340173177,0.18300316325886906,nan
4898816.0,0.2397645969382623,0.1807365296648874,nan
4900864.0,0.19431272383573267,0.19188217744129155,nan
4902912.0,0.2452704630965381,0.17525475107150382,nan
4904960.0,0.2347611602580638,0.17559218063327098,nan
4907008.0,0.31324466849354415,0.09283419924021757,nan
4909056.0,0.23030043039698245,0.18515246017752318,nan
4911104.0,0.16680416258775643,0.22538067243338522,nan
4913152.0,0.20667182955106664,0.1912756902742724,nan
4915200.0,0.16304478431523337,0.2057737106894757,nan
4917248.0,0.25615991375309966,0.16583313056045065,53.160083160083175
4919296.0,0.18460066742703096,0.2154993404568929,nan
4921344.0,0.3071954983618371,0.11327843634450516,nan
4923392.0,0.26772816453924514,0.16618670530905785,nan
4925440.0,0.2106783218582826,0.2054620178884121,nan
4927488.0,0.17835348180757257,0.19523037349740527,nan
4929536.0,0.24223393547653035,0.17423442190302524,nan
4931584.0,0.2908219973166343,0.13122570870723563,nan
4933632.0,0.312356244275826,0.11323356148763299,nan
4935680.0,0.2917698721045393,0.14261536638261124,nan
4937728.0,0.22835799147029,0.21488863909187075,nan
4939776.0,0.282409324385019,0.16351538425313408,nan
4941824.0,0.2942354208835996,0.14823033721354875,nan
4943872.0,0.23489733577878003,0.1759807547649058,nan
4945920.0,0.21991294992299235,0.17943720658490978,nan
4947968.0,0.22281270203697684,0.19372055805401034,nan
4950016.0,0.2457085465717911,0.18034446449532346,nan
4952064.0,0.2236693185956249,0.17499187067378427,nan
4954112.0,0.18228650404364224,0.18989170777638398,nan
4956160.0,0.1930273132216932,0.20179940009139197,nan
4958208.0,0.19846245326230663,0.21234647017611066,nan
4960256.0,0.18867703305614214,0.22016229821160624,nan
4962304.0,0.2354854655976574,0.19868593993362438,nan
4964352.0,0.2563880392791913,0.18203303763337053,nan
4966400.0,0.2559437222466662,0.18703299415633765,nan
4968448.0,0.2745148080733813,0.15730410541933534,nan
4970496.0,0.3164704093525864,0.1074035665544072,nan
4972544.0,0.22126671662742914,0.1991381363530073,nan
4974592.0,0.28708375692850446,0.17116935781988396,nan
4976640.0,0.2944006724990064,0.14598946723024067,nan
4978688.0,0.32720805783554074,0.12912822428017495,nan
4980736.0,0.29861603772481726,0.1422699693017211,nan
4982784.0,0.18249814991157126,0.22363205366655425,nan
4984832.0,0.23893239840430086,0.1787477322388564,nan
4986880.0,0.1320034743880888,0.25465998361126224,nan
4988928.0,0.28587498719303117,0.15337327773478254,nan
4990976.0,0.21811584370780926,0.2038547549066343,nan
4993024.0,0.27734658617452473,0.19098780912117613,nan
4995072.0,0.22538696137759065,0.19146757001389592,nan
4997120.0,0.16360771424881365,0.23331880650954626,nan
4999168.0,0.24059401343465314,0.1874582779054564,nan
5000000.0,0.3384679317051972,0.07060158178150974,70.38461538461539
