step,rollout_reward_mean,rollout_reward_std,eval_dcr_mean
2048.0,0.07441580344432969,0.2228052240794088,nan
4096.0,0.03189164503684519,0.21753499941632348,nan
6144.0,0.1012063250069739,0.21548338498312228,nan
8192.0,0.011232568610949007,0.18723289437361698,nan
10240.0,0.07245364997002396,0.226951760201024,nan
12288.0,0.025754607412434648,0.21010285306046575,nan
14336.0,0.13026623712178603,0.2032860196968747,nan
16384.0,0.08404500011883478,0.2297038762127756,nan
18432.0,0.09149521527505974,0.2153530182314769,nan
20480.0,0.0545723200989017,0.21617916743433485,nan
22528.0,0.07158042131403117,0.22614299725880976,nan
24576.0,0.04076934587637319,0.19926237679322847,nan
26624.0,0.06209752846033566,0.21899420600436767,nan
28672.0,0.05621677828196513,0.21984058876401422,nan
30720.0,0.09881291203675607,0.23137151306294174,nan
32768.0,0.08559762205216792,0.1992878973547226,nan
34816.0,0.024735449036094766,0.17491906946613264,nan
36864.0,0.07371523595110607,0.19419521255540337,nan
38912.0,0.10883144715131106,0.22256039885366566,nan
40960.0,0.055892326951399916,0.2072856901876873,nan
43008.0,0.0834672136534293,0.20692534499094456,nan
45056.0,0.08495373516535079,0.21818495325173415,nan
47104.0,0.09677656362486899,0.2114749164144034,nan
49152.0,0.060860940595241456,0.19845783755266458,nan
51200.0,0.08551888739102251,0.22207583678370502,nan
53248.0,0.05276955657768824,0.2044981179852452,nan
55296.0,0.06746503709106227,0.199101313548389,nan
57344.0,0.09380372743618365,0.2192247445108183,nan
59392.0,0.05620605894042511,0.21784520476360095,nan
61440.0,0.08852570657032108,0.21002576505222345,nan
63488.0,0.08059320667657197,0.21660467036966438,nan
65536.0,0.1061791075012292,0.23172289736896537,nan
67584.0,0.07300458182734329,0.19251065748094634,nan
69632.0,0.07129234941072,0.19327949325782476,nan
71680.0,0.13605716992482678,0.20789962616347746,nan
73728.0,0.08542936450848845,0.1926146816930935,nan
75776.0,0.09759864070324643,0.21341293760032626,nan
77824.0,0.08681284476600654,0.23610653305458082,nan
79872.0,0.07304689080326379,0.21622023720490866,nan
81920.0,0.07775407505220396,0.20266652804688706,nan
83968.0,0.07386461905895539,0.21958325337556134,nan
86016.0,0.11262381619143494,0.23244358620556993,nan
88064.0,0.06146284889877319,0.18356733788448615,nan
90112.0,0.09483699493575501,0.20878129687636138,nan
92160.0,0.09964156237663208,0.22901119386002983,nan
94208.0,0.04737170366234221,0.22427765732094404,nan
96256.0,0.06966984025558762,0.20563265575584094,nan
98304.0,0.11063646962430335,0.22179249027026735,nan
100352.0,0.07863389399095105,0.22479370243843907,28.544698544698548
102400.0,0.09408331092965036,0.2070309868922544,nan
104448.0,0.07204546572846482,0.22265157025357735,nan
106496.0,0.053947674189161576,0.22754563624526414,nan
108544.0,0.11919094993282495,0.21310266716345455,nan
110592.0,0.055243385867896844,0.1940816219005421,nan
112640.0,0.08426583400154497,0.20175169752207925,nan
114688.0,0.06476733332222814,0.2005290085000823,nan
116736.0,0.0973400207663136,0.22115234666497316,nan
118784.0,0.09102967516188418,0.21508243444375025,nan
120832.0,0.0705312568512158,0.176096411419206,nan
122880.0,0.039192177821179716,0.1809881078637194,nan
124928.0,0.10199857159347306,0.22130554188650164,nan
126976.0,0.06446664991909297,0.21960876612486602,nan
129024.0,0.07037276104921004,0.16008448544582546,nan
131072.0,0.10132048698747226,0.2259200254169291,nan
133120.0,0.07871291926320262,0.2207098017053658,nan
135168.0,0.05329178337266019,0.20941166485992208,nan
137216.0,0.062302991793839496,0.21081374888287446,nan
139264.0,0.08953919218923859,0.19871776972697672,nan
141312.0,0.07301434198978832,0.22472201710988868,nan
143360.0,0.07004271103621895,0.1939131762059207,nan
145408.0,0.09916084699412016,0.23306302025567707,nan
147456.0,0.07166108850516545,0.21979227093592316,nan
149504.0,0.10718835230198363,0.21106432662077565,nan
151552.0,0.09258900010313487,0.2412876563378839,nan
153600.0,0.059573146870439686,0.2223382071505444,nan
155648.0,0.06544837212679995,0.2171118995564732,nan
157696.0,0.07664798632369449,0.20020701671204538,nan
159744.0,0.04602226790394658,0.21725952696223141,nan
161792.0,0.10636215396899035,0.22527421539893974,nan
163840.0,0.0682213245576618,0.23842558992776572,nan
165888.0,0.09398285564178499,0.20646576554659118,nan
167936.0,0.08596501447000965,0.2120783462327578,nan
169984.0,0.13219332994018532,0.22463300286130644,nan
172032.0,0.06614160229458962,0.211358605562966,nan
174080.0,0.08539884632596714,0.2334881434898914,nan
176128.0,0.0830184929646758,0.22414209936233565,nan
178176.0,0.09886559556199044,0.223979847139475,nan
180224.0,0.09293274080412184,0.20205300351750483,nan
182272.0,0.05699627012724792,0.1786521541475199,nan
184320.0,0.10742697049050406,0.2129208298045898,nan
186368.0,0.07172002945294823,0.22408682832440252,nan
188416.0,0.07865806141999912,0.23113064542561496,nan
190464.0,0.09400719048374065,0.22171410536434258,nan
192512.0,0.07722436110920566,0.22348226568513005,nan
194560.0,0.10717336594416926,0.21439328888176426,nan
196608.0,0.10590487294661324,0.22154425231559746,nan
198656.0,0.05353729863183483,0.1903737162366224,nan
200704.0,0.10047951250872628,0.23269023465259797,35.74844074844075
202752.0,0.06064383605043362,0.21750638449413803,nan
204800.0,0.10350178165619311,0.21466485108441513,nan
206848.0,0.07759056467297462,0.21722096620270553,nan
208896.0,0.09027709846274035,0.22696377941275409,nan
210944.0,0.03548857152804154,0.18571321809443064,nan
212992.0,0.06916541348083326,0.20107722276757317,nan
215040.0,0.1079859087613051,0.22905764038472318,nan
217088.0,0.08342987043738181,0.21295894860373257,nan
219136.0,0.09435692559365323,0.22951873921835422,nan
221184.0,0.0677905203162692,0.20332930072863267,nan
223232.0,0.10978056443172225,0.23239715218194254,nan
225280.0,0.1117764111916191,0.23961699041083703,nan
227328.0,0.061362942690281815,0.2031395304863384,nan
229376.0,0.08417318348875247,0.21211649416020792,nan
231424.0,0.03288923396434199,0.22068762232220177,nan
233472.0,0.061527784593321935,0.2251345846098149,nan
235520.0,0.043192449777711334,0.21416713124774464,nan
237568.0,0.07901113137507035,0.22558602635131145,nan
239616.0,0.06194938327282483,0.21066451165176006,nan
241664.0,0.11092466910345755,0.2362724074349235,nan
243712.0,0.051253373463697016,0.23048663054503465,nan
245760.0,0.06130039374026156,0.20163938503475112,nan
247808.0,0.07907581126501641,0.21095262969856765,nan
249856.0,0.03999291139297454,0.18952295792168092,nan
251904.0,0.06324818939760164,0.20125951721331442,nan
253952.0,0.07888600026107567,0.19574065277884364,nan
256000.0,0.10706486714964802,0.2362562821078021,nan
258048.0,0.09572054167551039,0.21566227660593237,nan
260096.0,0.110378161396975,0.21105006437300686,nan
262144.0,0.031289608860513844,0.18107744429855213,nan
264192.0,0.06359260822941774,0.19890831663257943,nan
266240.0,0.0858126733586796,0.20748797594540183,nan
268288.0,0.061572961709282274,0.2040130578109453,nan
270336.0,0.0913855262405171,0.22986529400849873,nan
272384.0,0.06769563552019536,0.21884926025262408,nan
274432.0,0.10515639405665865,0.2009288605699431,nan
276480.0,0.017216906934415452,0.19374105543615208,nan
278528.0,0.04613210888979198,0.23558018423910848,nan
280576.0,0.0812358250178623,0.21477155582119245,nan
282624.0,0.095339571564551,0.2194173807245751,nan
284672.0,0.11935555443239512,0.22186148060881183,nan
286720.0,0.09305960667363648,0.23450936053818913,nan
288768.0,0.08719815831409031,0.22272750532927799,nan
290816.0,0.0596858674703453,0.21280211403164737,nan
292864.0,0.056527202300152804,0.22710894878011165,nan
294912.0,0.08817772204984932,0.21145113992852246,nan
296960.0,0.07189713379516036,0.22690639065429916,nan
299008.0,0.05788023200142421,0.20267928202266333,nan
301056.0,0.061369513135186876,0.20719320452171772,31.070686070686072
303104.0,0.10028543182879611,0.24005888884628832,nan
305152.0,0.1011361450407286,0.23492256237393971,nan
307200.0,0.09182335183063237,0.2369030732248201,nan
309248.0,0.05519960009688412,0.20600596013656722,nan
311296.0,0.0846812275924576,0.24608266511855484,nan
313344.0,0.09357274232221265,0.2181227163664299,nan
315392.0,0.07237031736853655,0.21822472227711703,nan
317440.0,0.016153458310824396,0.1978375873658175,nan
319488.0,0.1043843018399702,0.22884744690658623,nan
321536.0,0.08219785773411076,0.21373663927309935,nan
323584.0,0.08698825663942489,0.21562570201163841,nan
325632.0,0.11510619178478079,0.2180239325391723,nan
327680.0,0.0822750802279754,0.21622174402558458,nan
329728.0,0.11570157188560738,0.22886197712399747,nan
331776.0,0.06014532263757104,0.21266721574868114,nan
333824.0,0.09112633181735441,0.22527681757437876,nan
335872.0,0.0849051060699172,0.21526147158876466,nan
337920.0,0.06589132155715308,0.2179672740421087,nan
339968.0,0.06597771156566477,0.22351001321391017,nan
342016.0,0.08213200112266326,0.20857780441040039,nan
344064.0,0.05029654134589381,0.20180503057145288,nan
346112.0,0.0829560346435799,0.2294103102325419,nan
348160.0,0.07747811383853492,0.20008059602550127,nan
350208.0,0.10775311150383823,0.20061252123713413,nan
352256.0,0.09735770991812974,0.22093409230709932,nan
354304.0,0.10586194342312413,0.20013973024637208,nan
356352.0,0.07892562546844814,0.20649548101354678,nan
358400.0,0.06415476756413746,0.17276720362326928,nan
360448.0,0.07283973555248996,0.21326675055500743,nan
362496.0,0.07576895874621883,0.2197094111661023,nan
364544.0,0.07615345679992554,0.21896029695232203,nan
366592.0,0.07363497326959727,0.22223629898100955,nan
368640.0,0.0884435935086183,0.2258360138888559,nan
370688.0,0.10010266887223486,0.23003011000378207,nan
372736.0,0.06398494502396378,0.21748256797118326,nan
374784.0,0.03502633302375642,0.21365274502817988,nan
376832.0,0.08497757721821222,0.1857255973177573,nan
378880.0,0.05759391601353662,0.22429466958152794,nan
380928.0,0.08879923633465715,0.240203024191932,nan
382976.0,0.07375648536010856,0.21864602503802438,nan
385024.0,0.042110581237412306,0.1635175785694062,nan
387072.0,0.08635864154767144,0.22471864264989636,nan
389120.0,0.06092261041073677,0.20779691757219268,nan
391168.0,0.08013813402426512,0.22483984224803283,nan
393216.0,0.08494072458659246,0.23415015953859492,nan
395264.0,0.05839896198673425,0.23277439866403568,nan
397312.0,0.03951675373987066,0.20276139218195816,nan
399360.0,0.0639737827493603,0.20189891889889386,nan
401408.0,0.03347046085742334,0.19674546786132807,34.428274428274435
403456.0,0.07485522397987121,0.18215174454657765,nan
405504.0,0.06981441906070493,0.19038133233549706,nan
407552.0,0.09982826262505032,0.22031724983456,nan
409600.0,0.09033790905279865,0.22226668578709477,nan
411648.0,0.05459861119746714,0.23068020965135602,nan
413696.0,0.09233026737584896,0.2103641366388012,nan
415744.0,0.07828018213279601,0.21318118651746523,nan
417792.0,0.07112753518906352,0.21957714999514918,nan
419840.0,0.06479712971145456,0.2187430334547144,nan
421888.0,0.07569897303631892,0.2097125165820223,nan
423936.0,0.0725714002472386,0.21047734781264765,nan
425984.0,0.05373821200210238,0.2056206803221995,nan
428032.0,0.13534965414393746,0.23170253684611017,nan
430080.0,0.12818487180555532,0.22870959882228628,nan
432128.0,0.09037479259764912,0.21027204360217105,nan
434176.0,0.021230664213394628,0.2078833375233675,nan
436224.0,0.09791433735892413,0.22858302696214206,nan
438272.0,0.05699361455054623,0.2067629908781672,nan
440320.0,0.10979112762601748,0.22916964137966542,nan
442368.0,0.09584344655196475,0.22849955175256842,nan
444416.0,0.10633159886245035,0.22724502890940526,nan
446464.0,0.0990789434218669,0.20568334028971766,nan
448512.0,0.10252505872016705,0.2269664086027782,nan
450560.0,0.07067947652209773,0.20143848503357667,nan
452608.0,0.08137364214037834,0.2079298932463567,nan
454656.0,0.06273014505645456,0.22469632934751801,nan
456704.0,0.07468444335259375,0.20614208137534606,nan
458752.0,0.03199848120601202,0.19940164465187407,nan
460800.0,0.030239653642241196,0.16629695469044786,nan
462848.0,0.07295829116765826,0.236961915693399,nan
464896.0,0.14437969368956804,0.21730056141573154,nan
466944.0,0.08248263367019448,0.23648915803620577,nan
468992.0,0.07631667843076038,0.24023153311984013,nan
471040.0,0.08742763954555373,0.22753489708553337,nan
473088.0,0.09312975512866999,0.2296733381514713,nan
475136.0,0.08428705969569228,0.2281893333773653,nan
477184.0,0.06901840101699172,0.1932042128383924,nan
479232.0,0.05880339399887404,0.2200040701356743,nan
481280.0,0.09052168726935492,0.23323206109777225,nan
483328.0,0.04111673122934699,0.19765361971967801,nan
485376.0,0.09869423003028686,0.23373077124939357,nan
487424.0,0.05276699124744346,0.2250188551252068,nan
489472.0,0.08386505543655762,0.22308392402041927,nan
491520.0,0.07899706613127609,0.23270038301588253,nan
493568.0,0.07858086175839693,0.23103144580429844,nan
495616.0,0.07000077566181812,0.21733020138694203,nan
497664.0,0.07442684368874507,0.19676909105365328,nan
499712.0,0.07914639166291768,0.22388309108142646,nan
501760.0,0.06061089271769496,0.20660081927990667,29.459459459459463
503808.0,0.06196838775156753,0.22232291861962086,nan
505856.0,0.08584649449864537,0.2295544338161526,nan
507904.0,0.0672331217359719,0.21011089878323824,nan
509952.0,0.09514643438057227,0.20600263495777257,nan
512000.0,0.07321487055822942,0.1933626649824085,nan
514048.0,0.0693623032365227,0.1920888972087094,nan
516096.0,0.08662600101708484,0.2247028588430842,nan
518144.0,0.056085642154285645,0.2283645494867437,nan
520192.0,0.08423101045637696,0.1940028851183208,nan
522240.0,0.09569501975998522,0.23604314667189608,nan
524288.0,0.09142987335627589,0.21419308074570426,nan
526336.0,0.07134288287157597,0.20834303594975945,nan
528384.0,0.1563785248829231,0.22231773851830913,nan
530432.0,0.06170667717287727,0.21685965014672812,nan
532480.0,0.0794664970801651,0.2227940669079708,nan
534528.0,0.05370341646720248,0.21920186001222847,nan
536576.0,0.03796773657910629,0.20607682033610358,nan
538624.0,0.07785098893174931,0.2268515974525574,nan
540672.0,0.0417435422629634,0.20352871171176556,nan
542720.0,0.10148004923028432,0.22059357070479446,nan
544768.0,0.10765499988207589,0.21329102036784034,nan
546816.0,0.07515675580660569,0.21241452350740753,nan
548864.0,0.06051123024605001,0.22533924547055836,nan
550912.0,0.04944298949511631,0.19275144584557724,nan
552960.0,0.06439219825382043,0.22630312584661366,nan
555008.0,0.0823327540670595,0.22310858338062214,nan
557056.0,0.07530883967266666,0.20932711697109627,nan
559104.0,0.08364049662030741,0.21301659477650564,nan
561152.0,0.08285995355779738,0.22072618030034744,nan
563200.0,0.11387306572834806,0.20986119133966372,nan
565248.0,0.06938065732813854,0.2269924931883289,nan
567296.0,0.05425556489273666,0.20959846073642865,nan
569344.0,0.049616199148197884,0.21387033427361352,nan
571392.0,0.09027168217610093,0.23928979570230605,nan
573440.0,0.06131394679782734,0.2067071979422708,nan
575488.0,0.08709783000910308,0.22072478259615064,nan
577536.0,0.07119959864099527,0.2201568125014622,nan
579584.0,0.06204401136608824,0.2135854042653229,nan
581632.0,0.04265669775879357,0.22247147933602396,nan
583680.0,0.053131182927216566,0.21355902681348765,nan
585728.0,0.0938615163179686,0.22250343235682654,nan
587776.0,0.07109293406687957,0.22378459332580888,nan
589824.0,0.1094944494026553,0.22362833310686933,nan
591872.0,0.09327853763592384,0.22401258319358205,nan
593920.0,0.08485833594318087,0.1739200318689474,nan
595968.0,0.0822651060859699,0.2151279632140905,nan
598016.0,0.1051899101543565,0.2303758207018582,nan
600064.0,0.09795726960787948,0.22001112296007486,nan
602112.0,0.0653870012278297,0.225996743712109,35.92515592515593
604160.0,0.12012883147473183,0.22582473521846774,nan
606208.0,0.09023281670409583,0.23736735922647137,nan
608256.0,0.11091553954804151,0.21136297611562122,nan
610304.0,0.09159232312706138,0.21597462768699255,nan
612352.0,0.0678943494666469,0.20701525640243704,nan
614400.0,0.09057452852600512,0.24097740322589456,nan
616448.0,0.06490383668570687,0.22474283039077714,nan
618496.0,0.051283932542870794,0.2113730142822049,nan
620544.0,0.10742391240990658,0.2297851959133149,nan
622592.0,0.07514730485535717,0.22667194109087993,nan
624640.0,0.09467144192623364,0.23184573181456394,nan
626688.0,0.08988620206209887,0.21022043256783068,nan
628736.0,0.08950315780306951,0.2254360914855891,nan
630784.0,0.09159352755909625,0.22063156162177236,nan
632832.0,0.07757604289009451,0.2171664707335959,nan
634880.0,0.0444689953173482,0.19617273681908176,nan
636928.0,0.07114499404383126,0.20529768293800674,nan
638976.0,0.04394153305180239,0.202262086147295,nan
641024.0,0.11359951150238962,0.2381848353662279,nan
643072.0,0.11510575257106606,0.219938130676728,nan
645120.0,0.08188440918589303,0.22890977535992124,nan
647168.0,0.06941957259409541,0.22043379285330447,nan
649216.0,0.05706759310831759,0.23603334742211618,nan
651264.0,0.09365830620136094,0.2156863765459234,nan
653312.0,0.06435743067720723,0.20835126699125187,nan
655360.0,0.07459020544139253,0.21234528030796831,nan
657408.0,0.05294838377196164,0.20336049522165564,nan
659456.0,0.047356691630132876,0.22060217666950663,nan
661504.0,0.1030153435032711,0.220958973332505,nan
663552.0,0.1043388625922797,0.22890380079669376,nan
665600.0,0.1030032927674922,0.23465904405505852,nan
667648.0,0.12748437635568563,0.22601768497754454,nan
669696.0,0.09496013709673543,0.22874270937410068,nan
671744.0,0.054887360630382104,0.20634946982141383,nan
673792.0,0.0681790832099701,0.23226455665417187,nan
675840.0,0.03893695756620948,0.17999715079896075,nan
677888.0,0.04970845284903721,0.21749171647389137,nan
679936.0,0.09134098344747386,0.20459828471527078,nan
681984.0,0.12990800626799143,0.2047063263295529,nan
684032.0,0.08158556478211042,0.21565040902789,nan
686080.0,0.09738831460886725,0.22261443650508772,nan
688128.0,0.09598898963573171,0.22982654580205636,nan
690176.0,0.11743630878599376,0.23683949991133146,nan
692224.0,0.0699157450091241,0.19659978522108798,nan
694272.0,0.09343145505985602,0.2015604225650601,nan
696320.0,0.03783566908754531,0.20004768757674152,nan
698368.0,0.08223615015164572,0.21781508547047596,nan
700416.0,0.07449748792484279,0.2265318699691969,nan
702464.0,0.06488732736437741,0.2028226610848285,32.88981288981289
704512.0,0.0905837674258648,0.22595636229081442,nan
706560.0,0.09038332935168604,0.20012266531834577,nan
708608.0,0.0692357248711168,0.22185214536332296,nan
710656.0,0.06735425817292132,0.2290344301077325,nan
712704.0,0.08476055627247873,0.22449108419027547,nan
714752.0,0.05379965433937119,0.2262773450949265,nan
716800.0,0.09283555274277629,0.22063794993726746,nan
718848.0,0.07851904012118646,0.22384091049754531,nan
720896.0,0.09356214265789038,0.2366529599967541,nan
722944.0,0.06903252651577962,0.21135719092597455,nan
724992.0,0.1272537192778632,0.21054880763457506,nan
727040.0,0.0923880627737825,0.22031732351196978,nan
729088.0,0.12774747656949725,0.2124367190589966,nan
731136.0,0.07467252244822166,0.21952551982440086,nan
733184.0,0.1115903244615335,0.20851701382555204,nan
735232.0,0.09034853864679825,0.2130345764668303,nan
737280.0,0.09286639451479864,0.2194313907164762,nan
739328.0,0.06738812075640274,0.21938345033854054,nan
741376.0,0.09103874616271587,0.21978154098533656,nan
743424.0,0.058329396956794816,0.2244005137709006,nan
745472.0,0.12162769181352491,0.22085412276412889,nan
747520.0,0.0993013410980052,0.22311050213591044,nan
749568.0,0.1323864435519887,0.23457494676606302,nan
751616.0,0.08727032277747918,0.2253893943186282,nan
753664.0,0.09615558952773676,0.2255976625645968,nan
755712.0,0.08828456103926871,0.22013393573064424,nan
757760.0,0.048581457857362315,0.2151388472537957,nan
759808.0,0.15728524498649812,0.23116715598579043,nan
761856.0,0.07956923914546452,0.19427387651074438,nan
763904.0,0.07431850304618189,0.21987302533190292,nan
765952.0,0.07100671095059122,0.23452711963872822,nan
768000.0,0.0644785371171124,0.2077384917681519,nan
770048.0,0.0763914461974793,0.22376543721232892,nan
772096.0,0.07711880767154042,0.19515741574182888,nan
774144.0,0.07608365617079516,0.21665003837184377,nan
776192.0,0.09954740071413679,0.23069451378703,nan
778240.0,0.09018470285245667,0.23719536065165686,nan
780288.0,0.046556721960297184,0.20433190162995188,nan
782336.0,0.14740645755056053,0.22870212084213715,nan
784384.0,0.08000739505237534,0.22756696663693465,nan
786432.0,0.07606680469006645,0.21753489385017757,nan
788480.0,0.103568535822829,0.22580749889865884,nan
790528.0,0.09298736535298069,0.22307212005112254,nan
792576.0,0.08210099869377097,0.22865678997646816,nan
794624.0,0.08797865445438631,0.21842990214871688,nan
796672.0,0.1195091187543885,0.23402899734307903,nan
798720.0,0.11449986669877732,0.22286040348172084,nan
800768.0,0.09993274491858747,0.2211559158729612,nan
802816.0,0.12138465667504068,0.23124218347372308,32.182952182952185
804864.0,0.0920150402619486,0.22165951498427236,nan
806912.0,0.1426633679208791,0.24050693776699214,nan
808960.0,0.04802575436239206,0.21002270129660314,nan
811008.0,0.11824810622364185,0.230536392742052,nan
813056.0,0.07190315071164456,0.23672857180303133,nan
815104.0,0.08894714626163717,0.18674110568581842,nan
817152.0,0.10218031090122928,0.21824674591683327,nan
819200.0,0.069654067065031,0.22237212258748193,nan
821248.0,0.06584014663567768,0.23801446634919832,nan
823296.0,0.09789519355212985,0.21191858633567204,nan
825344.0,0.07937129104243336,0.23059383786377075,nan
827392.0,0.08550005917619301,0.2225862268121374,nan
829440.0,0.07789383767983633,0.22196209348889867,nan
831488.0,0.10601222536678412,0.20310964687087196,nan
833536.0,0.03647453615635407,0.20007783052045916,nan
835584.0,0.08527983755396344,0.2285196079564104,nan
837632.0,0.11488522916615612,0.20013252717572128,nan
839680.0,0.1131969640530679,0.20930837962362492,nan
841728.0,0.05159748675773853,0.20301510394075936,nan
843776.0,0.06270095197230674,0.19809154372501608,nan
845824.0,0.14031276261077397,0.24208562191675248,nan
847872.0,0.060857702411770576,0.1972215347870903,nan
849920.0,0.06588611868372894,0.21991139424676287,nan
851968.0,0.09760255485169544,0.23025916281024933,nan
854016.0,0.057631841715782006,0.22366986270156727,nan
856064.0,0.09224921444466233,0.2397064738170122,nan
858112.0,0.1450852530137372,0.2301613798609406,nan
860160.0,0.07885434562657019,0.2009360227956741,nan
862208.0,0.10217438124727171,0.22535718972113167,nan
864256.0,0.11219361225163628,0.2290856896106112,nan
866304.0,0.14319475737600515,0.21955165246119904,nan
868352.0,0.1055195100269342,0.23533150666717348,nan
870400.0,0.07604594883414476,0.22709571150763713,nan
872448.0,0.07426025487250035,0.20869040890364599,nan
874496.0,0.11688011129866929,0.2312561996721674,nan
876544.0,0.13206398585017295,0.23042181117902033,nan
878592.0,0.11176881288818133,0.23878707199035346,nan
880640.0,0.11060393263553664,0.2271261031374822,nan
882688.0,0.06436035657123815,0.21128188348027713,nan
884736.0,0.05092935336874422,0.21772729264512516,nan
886784.0,0.132170924591277,0.21693177851121356,nan
888832.0,0.05620591108562967,0.20229172352267047,nan
890880.0,0.13590319960699648,0.24015032663161467,nan
892928.0,0.03990058570320434,0.21643205176370875,nan
894976.0,0.10608364716373286,0.2100521517450324,nan
897024.0,0.08126800585345412,0.22414029167305438,nan
899072.0,0.0820554755166536,0.21304963930584245,nan
901120.0,0.10402206982141929,0.1943663492804355,nan
903168.0,0.06957949879173869,0.21566477429530165,31.278586278586282
905216.0,0.04703274614288463,0.2107454215472313,nan
907264.0,0.09124094666973612,0.2283644483128949,nan
909312.0,0.12156464116657655,0.2214247550032606,nan
911360.0,0.08154344929718291,0.2402463821513689,nan
913408.0,0.1414465237022595,0.2302981954550694,nan
915456.0,0.050302266477071596,0.20176600104733572,nan
917504.0,0.0958442025933847,0.2228415583307525,nan
919552.0,0.06216740102988241,0.19089776155356297,nan
921600.0,0.09290953329232435,0.2200446450035517,nan
923648.0,0.10621821905650644,0.23812459982299813,nan
925696.0,0.1139984733226044,0.2221845269888371,nan
927744.0,0.09180260353958251,0.21711809477062521,nan
929792.0,0.10302043114065912,0.22320084197201023,nan
931840.0,0.08201173399048742,0.22369240813116834,nan
933888.0,0.0506812153934658,0.21510830582473495,nan
935936.0,0.05697899654406678,0.21009510947711585,nan
937984.0,0.10300912305371895,0.21439399739188875,nan
940032.0,0.086413459206812,0.21400720906505677,nan
942080.0,0.07499006879955167,0.21995279845630736,nan
944128.0,0.06575834536855031,0.23061533100415924,nan
946176.0,0.08577019640482651,0.22542197893209923,nan
948224.0,0.045420732160252844,0.19995920331381747,nan
950272.0,0.09084790560949609,0.21800278804506396,nan
952320.0,0.12449872322426471,0.2247369705199707,nan
954368.0,0.09892692051081742,0.22274462263851438,nan
956416.0,0.06635776216997344,0.21733327872903146,nan
958464.0,0.1015224446895027,0.21446318417919347,nan
960512.0,0.0795039452621708,0.22686798658939575,nan
962560.0,0.10817548541348024,0.21294282734591014,nan
964608.0,0.08665613218633113,0.20726843764035158,nan
966656.0,0.07227780102879691,0.2242422698178657,nan
968704.0,0.06895696082569468,0.21882300849621183,nan
970752.0,0.08224091686796087,0.22194827444885118,nan
972800.0,0.055454966255019215,0.2031283339315093,nan
974848.0,0.11445333663306279,0.23947290710152316,nan
976896.0,0.06135422817479917,0.18983834865406665,nan
978944.0,0.10197203708783736,0.2157158613582097,nan
980992.0,0.08072883628846181,0.2024967461414351,nan
983040.0,0.10643962882772709,0.23143198831600692,nan
985088.0,0.12088040564935817,0.21780003972929463,nan
987136.0,0.10414377210647584,0.21503315297678866,nan
989184.0,0.1046567589282469,0.22832485011457682,nan
991232.0,0.11653560391764368,0.2368615572790147,nan
993280.0,0.1316720304672533,0.23086619543036718,nan
995328.0,0.09264999695890269,0.22907229856712555,nan
997376.0,0.0820766601229518,0.22390777426250144,nan
999424.0,0.07664175997674524,0.21720230308209368,nan
1001472.0,0.02483386511080048,0.186525485569404,nan
1003520.0,0.1012422881285901,0.23036487392219843,35.49896049896051
1005568.0,0.0997998604658381,0.21357435184568563,nan
1007616.0,0.06513930666439707,0.21314338180813527,nan
1009664.0,0.06545454519350331,0.22416817986453227,nan
1011712.0,0.11928730780788764,0.22951949824383935,nan
1013760.0,0.0783754459839494,0.2284031353612638,nan
1015808.0,0.13030794802770174,0.21956086679785972,nan
1017856.0,0.09200474038125046,0.22305093009042648,nan
1019904.0,0.08165774788780672,0.2277270327697218,nan
1021952.0,0.06281072637344232,0.21428308711663577,nan
1024000.0,0.09988507114744458,0.23894803528692876,nan
1026048.0,0.09501449581999,0.22812283061541572,nan
1028096.0,0.12156319856725913,0.23111422847729443,nan
1030144.0,0.06964411156810817,0.20784775257247742,nan
1032192.0,0.08819280585046466,0.20807032121652955,nan
1034240.0,0.12318642330048003,0.23261218537469072,nan
1036288.0,0.06425820921211112,0.2116171992165936,nan
1038336.0,0.053097404952703535,0.21055060838528122,nan
1040384.0,0.11823194423716829,0.22589584513344108,nan
1042432.0,0.12033082576126627,0.20774196317668067,nan
1044480.0,0.10404470715164504,0.21522712346153652,nan
1046528.0,0.09567932582995742,0.22837948073637585,nan
1048576.0,0.02904306029320733,0.2101951704841538,nan
1050624.0,0.0920810408105147,0.22957664021157706,nan
1052672.0,0.09825393858120611,0.21939485338744405,nan
1054720.0,0.0907540654196754,0.20322607626384034,nan
1056768.0,0.08883283797979429,0.21992375864033828,nan
1058816.0,0.06929812217364117,0.2120365932516542,nan
1060864.0,0.09461883944340067,0.21045925150033282,nan
1062912.0,0.09383786844245243,0.20821537297370735,nan
1064960.0,0.09290487897243754,0.19843467985396762,nan
1067008.0,0.07927527256782449,0.20966817600292464,nan
1069056.0,0.09651920068735054,0.21692338332773603,nan
1071104.0,0.050006082018501624,0.2216854663579105,nan
1073152.0,0.08226832576529727,0.2020615604952634,nan
1075200.0,0.08362653042923612,0.22178495765276843,nan
1077248.0,0.10379398955391787,0.2043289724286681,nan
1079296.0,0.09708909016389354,0.22773288071979206,nan
1081344.0,0.12077077006687381,0.22105864807710626,nan
1083392.0,0.07287603300042504,0.20014735649338533,nan
1085440.0,0.11144396811367052,0.21309857854687544,nan
1087488.0,0.09270797645365134,0.20434351201086295,nan
1089536.0,0.08450269512949472,0.22103340453724185,nan
1091584.0,0.14038623200592848,0.2229047125109742,nan
1093632.0,0.09412953190793441,0.21543367076639627,nan
1095680.0,0.13126090368558826,0.17721967632512312,nan
1097728.0,0.10552235213611713,0.22385354870467955,nan
1099776.0,0.1160504988210237,0.233183851714677,nan
1101824.0,0.06933323628208407,0.18396148251971903,nan
1103872.0,0.10925210129548207,0.2166763011068055,36.018711018711016
1105920.0,0.09398323577614179,0.21043966515548276,nan
1107968.0,0.08361232143229946,0.19480420298051657,nan
1110016.0,0.1143098289250551,0.2217740304316132,nan
1112064.0,0.12555572235417603,0.2307466105174518,nan
1114112.0,0.0614822701161012,0.2038594951607982,nan
1116160.0,0.12334545166833125,0.2290534061781518,nan
1118208.0,0.07405149307451778,0.22657480863446117,nan
1120256.0,0.1022059617515902,0.22533305175829457,nan
1122304.0,0.12298926355463587,0.22285997913782585,nan
1124352.0,0.09158574247648435,0.23571495945076812,nan
1126400.0,0.07315013114546398,0.2141350417781218,nan
1128448.0,0.0979154527662858,0.2251416977248126,nan
1130496.0,0.09093224561707139,0.22525679554024922,nan
1132544.0,0.07034457375320025,0.19636788752463555,nan
1134592.0,0.0835736808479082,0.2275057677003692,nan
1136640.0,0.06722088864653848,0.2166541123956174,nan
1138688.0,0.09006231629064554,0.19608684620479877,nan
1140736.0,0.0766850922173002,0.21326985846648852,nan
1142784.0,0.0557383181856573,0.2014787754271712,nan
1144832.0,0.09784969581858152,0.21490870678716176,nan
1146880.0,0.10828107830496941,0.23180396171518322,nan
1148928.0,0.0839388526448697,0.22455158197708164,nan
1150976.0,0.14279493245483005,0.2271939951168506,nan
1153024.0,0.09817487988018372,0.2267490181613484,nan
1155072.0,0.09539629529757568,0.21292966583887735,nan
1157120.0,0.1142823217619097,0.22876394524993166,nan
1159168.0,0.10387856644300511,0.22748237152214407,nan
1161216.0,0.1081621127555267,0.22812729196021064,nan
1163264.0,0.11118679419363081,0.23955989982965067,nan
1165312.0,0.10870871732370566,0.22941229523189455,nan
1167360.0,0.11420991119504957,0.24420619849669092,nan
1169408.0,0.11774379325584196,0.2350181093441906,nan
1171456.0,0.1012864353505431,0.22980913149791796,nan
1173504.0,0.09817774219513514,0.2224926285676748,nan
1175552.0,0.04739493983930212,0.20496906348119237,nan
1177600.0,0.12245752109883778,0.21011865497245663,nan
1179648.0,0.0893643762806535,0.20138496092828748,nan
1181696.0,0.11784843549749728,0.21550214722287356,nan
1183744.0,0.09120192229080289,0.1991638819349424,nan
1185792.0,0.13077090375595157,0.2297492373469519,nan
1187840.0,0.1467414475763394,0.21413380299244394,nan
1189888.0,0.13047850278635298,0.21972901035316428,nan
1191936.0,0.11981527072118162,0.22273646641215575,nan
1193984.0,0.08578034092593075,0.22266421309957318,nan
1196032.0,0.09578226953603776,0.22854230188302815,nan
1198080.0,0.12614954448584093,0.21859390986396923,nan
1200128.0,0.09189711357292982,0.22591429547663566,nan
1202176.0,0.15131457354013783,0.2314889811640556,nan
1204224.0,0.13437383021881932,0.24343040979665376,32.60914760914761
1206272.0,0.07336150849622061,0.21389057538640274,nan
1208320.0,0.09046721317341702,0.2248205405326103,nan
1210368.0,0.055745279925853784,0.20767994313834176,nan
1212416.0,0.10767175003998947,0.22091013278616597,nan
1214464.0,0.11846152677555391,0.23764389035050212,nan
1216512.0,0.09661272115049985,0.22394424403259122,nan
1218560.0,0.1554252485783975,0.21688470605270416,nan
1220608.0,0.06604159682578996,0.2023574320876109,nan
1222656.0,0.080463857014307,0.22108558033171352,nan
1224704.0,0.12156880394662815,0.23694554245434532,nan
1226752.0,0.11988936289037987,0.2275516481795904,nan
1228800.0,0.08163783962117999,0.20901234202347993,nan
1230848.0,0.07731854050740031,0.209424507705434,nan
1232896.0,0.057230742501684,0.21036435407802093,nan
1234944.0,0.0908934541692157,0.23679244502907154,nan
1236992.0,0.06744856687771737,0.21116555113086896,nan
1239040.0,0.08941775073595125,0.21417623197109428,nan
1241088.0,0.08714751184495576,0.22742213041713347,nan
1243136.0,0.096480277162244,0.1977712954517296,nan
1245184.0,0.10496059875387027,0.22527550919837117,nan
1247232.0,0.08972261456851849,0.21848479268868987,nan
1249280.0,0.13684904840985468,0.23211990460297385,nan
1251328.0,0.14740353974701464,0.2401413279532279,nan
1253376.0,0.0501537100104143,0.23519761309297324,nan
1255424.0,0.13486934337696926,0.24183616961089577,nan
1257472.0,0.156796740068428,0.24159293687810918,nan
1259520.0,0.08171028569620728,0.2180021496695117,nan
1261568.0,0.09513718490534613,0.21672806992956659,nan
1263616.0,0.10843673913425067,0.23268071606318627,nan
1265664.0,0.14866436966624064,0.22241183314293442,nan
1267712.0,0.0964675538346789,0.23409076547379304,nan
1269760.0,0.07559369494908484,0.2035550542701181,nan
1271808.0,0.11915509904406077,0.24458012552159472,nan
1273856.0,0.1304489817810352,0.2302799284737904,nan
1275904.0,0.11518835351844549,0.21071848587842845,nan
1277952.0,0.0673117373770672,0.20526930329344767,nan
1280000.0,0.17405559002310544,0.22812419846498783,nan
1282048.0,0.13269481764598,0.23372119861804677,nan
1284096.0,0.08870939879422639,0.2239407015723612,nan
1286144.0,0.18968661037962092,0.2312025374520169,nan
1288192.0,0.043918553030278557,0.2221843051767358,nan
1290240.0,0.1364933633502447,0.24641315809350875,nan
1292288.0,0.06791571727662907,0.22068231625864437,nan
1294336.0,0.1077434857574893,0.22411342206446158,nan
1296384.0,0.06143859446906996,0.2222476359489038,nan
1298432.0,0.1140852167890856,0.21240841923248888,nan
1300480.0,0.06585642624803868,0.21909472758930718,nan
1302528.0,0.09570208201370578,0.22396280055067963,nan
1304576.0,0.12269013866334412,0.21883382262705528,41.7047817047817
1306624.0,0.15032694293553028,0.22955518334831898,nan
1308672.0,0.03888690918887672,0.2163811327992515,nan
1310720.0,0.1259359564311125,0.216768479016291,nan
1312768.0,0.0774148770245989,0.21128676710317454,nan
1314816.0,0.07152841342023752,0.21417543967787078,nan
1316864.0,0.08165514959613684,0.20224138117071835,nan
1318912.0,0.07412832889299165,0.20540105418576549,nan
1320960.0,0.09596591758137893,0.2401638462394956,nan
1323008.0,0.1271085839021824,0.2112381383879219,nan
1325056.0,0.11322036095187404,0.2260566900881683,nan
1327104.0,0.08201531766002405,0.20682978281964068,nan
1329152.0,0.11811865753032859,0.2359137604076009,nan
1331200.0,0.08938042103504877,0.22686014493461823,nan
1333248.0,0.1236707672704346,0.22804492215716088,nan
1335296.0,0.10416624901439672,0.2101157929994796,nan
1337344.0,0.1777995751004169,0.22752898518303533,nan
1339392.0,0.09593600706655331,0.23594663577758426,nan
1341440.0,0.0854863161098411,0.21722551528569842,nan
1343488.0,0.0559859353188122,0.21940579634492618,nan
1345536.0,0.06867129791484199,0.22011649676222383,nan
1347584.0,0.09169241160123964,0.2256598398056034,nan
1349632.0,0.13670843026686216,0.240315474209124,nan
1351680.0,0.08320825716520151,0.22425319008828848,nan
1353728.0,0.07742292320295688,0.224546352168884,nan
1355776.0,0.08423185271261993,0.2194427198809174,nan
1357824.0,0.10267683604929971,0.2237147517452349,nan
1359872.0,0.1395792704941925,0.22643238927065984,nan
1361920.0,0.10982474325920179,0.2332788248578011,nan
1363968.0,0.05559557188958485,0.19265858242504333,nan
1366016.0,0.11328533955806276,0.2294886500156811,nan
1368064.0,0.12150334694797824,0.23735311217913826,nan
1370112.0,0.09799339404105073,0.22577496604113823,nan
1372160.0,0.0855166427808775,0.23374753400132614,nan
1374208.0,0.1040117473377116,0.22671304258850034,nan
1376256.0,0.1272344989980198,0.23592963127460317,nan
1378304.0,0.10539353293175797,0.22382707205335162,nan
1380352.0,0.113994250521989,0.20531716306746836,nan
1382400.0,0.12865960490217143,0.21811672784681632,nan
1384448.0,0.10564758018984188,0.23149074477737072,nan
1386496.0,0.1442403123479123,0.22385651963112022,nan
1388544.0,0.10244005328712322,0.23622399734524163,nan
1390592.0,0.11876588650241598,0.2134967828792143,nan
1392640.0,0.163353542795795,0.22582116890157206,nan
1394688.0,0.10758304190793859,0.24719502332181764,nan
1396736.0,0.11669542879752356,0.22974675536667802,nan
1398784.0,0.13352346803018006,0.24088187857594076,nan
1400832.0,0.13037774232473787,0.2365516237936913,nan
1402880.0,0.16463890624469296,0.2185730145585784,nan
1404928.0,0.13553254261699277,0.22424773415575328,45.55093555093555
1406976.0,0.0874951919301486,0.22919037092496145,nan
1409024.0,0.16927173237203597,0.2204942568344663,nan
1411072.0,0.14151097405114632,0.22901022469340956,nan
1413120.0,0.10734410641941189,0.22579117119291256,nan
1415168.0,0.12984285541050683,0.25079568543171327,nan
1417216.0,0.12936809483744294,0.23052238831147895,nan
1419264.0,0.1505141527872506,0.23296910132089313,nan
1421312.0,0.07966831761765283,0.21566110260355612,nan
1423360.0,0.16106753260491796,0.22790114441636253,nan
1425408.0,0.11245925426616761,0.21830583828708844,nan
1427456.0,0.1075372440608199,0.21860647754122303,nan
1429504.0,0.10153681897631857,0.23531988395273998,nan
1431552.0,0.12631060783652664,0.23618256011301084,nan
1433600.0,0.0864027090127816,0.22044486996500773,nan
1435648.0,0.07658206149917805,0.2149615103654293,nan
1437696.0,0.118756106597942,0.2297774672117487,nan
1439744.0,0.07105300602900161,0.2152914323113832,nan
1441792.0,0.1434848704140967,0.21700611985335327,nan
1443840.0,0.13019965405286152,0.230794693061477,nan
1445888.0,0.18678946716289013,0.22641016721383378,nan
1447936.0,0.09639740170719696,0.20602629349940935,nan
1449984.0,0.15585331295805965,0.2220587745930317,nan
1452032.0,0.11830680809192788,0.2420420936153744,nan
1454080.0,0.13560655651259418,0.22781793979847004,nan
1456128.0,0.13749228573240171,0.22767557687802464,nan
1458176.0,0.12631013236897276,0.20658126629737406,nan
1460224.0,0.09840430642795843,0.1944857996313807,nan
1462272.0,0.10688694260725354,0.21750583911462368,nan
1464320.0,0.09178778531618022,0.2136947967332593,nan
1466368.0,0.0952543410478098,0.20770893425559664,nan
1468416.0,0.14418332793824207,0.22451383634487346,nan
1470464.0,0.17750773733514422,0.2295242863028331,nan
1472512.0,0.12991814831326104,0.2263075912488729,nan
1474560.0,0.09512064512869588,0.2395917322492329,nan
1476608.0,0.13603270314199833,0.23425979812513092,nan
1478656.0,0.13747665339832293,0.2377015895460795,nan
1480704.0,0.1220507121006601,0.23489340610068754,nan
1482752.0,0.16189851108864814,0.23778431742311842,nan
1484800.0,0.15623027564241326,0.22657046554311908,nan
1486848.0,0.1228932637875977,0.21626643562907272,nan
1488896.0,0.08630522494790661,0.22551380700526918,nan
1490944.0,0.18748854112542712,0.23867601902014576,nan
1492992.0,0.12927292978754282,0.2391880020641739,nan
1495040.0,0.12705973217554783,0.2351885230096361,nan
1497088.0,0.1027425011856692,0.22688839152692286,nan
1499136.0,0.08933993243887961,0.22460354838351454,nan
1501184.0,0.12980637563870193,0.21344087088645528,nan
1503232.0,0.11882432275663182,0.21366386091651354,nan
1505280.0,0.12024378706722941,0.23073400331953833,45.914760914760905
1507328.0,0.09566210454499058,0.24321636953889425,nan
1509376.0,0.14290638581867907,0.2258953148930273,nan
1511424.0,0.11434352083091348,0.2141175657614662,nan
1513472.0,0.16505995539409468,0.20727147829388368,nan
1515520.0,0.15132811893263995,0.22086004132417658,nan
1517568.0,0.13983560206244705,0.23356066021597005,nan
1519616.0,0.12178877429886761,0.23548767169306453,nan
1521664.0,0.13828542943924169,0.23061654940199192,nan
1523712.0,0.16764142224468032,0.21990522698293524,nan
1525760.0,0.1324406291630096,0.23976900410469623,nan
1527808.0,0.12931969904091498,0.21387684520239714,nan
1529856.0,0.1554197138590944,0.24385918692275255,nan
1531904.0,0.11742443161640317,0.22609596691107947,nan
1533952.0,0.1755731188088095,0.21482383046040104,nan
1536000.0,0.1463528839360269,0.23195772190112243,nan
1538048.0,0.14424142238318663,0.224747786019622,nan
1540096.0,0.15941050313941457,0.22666801173045797,nan
1542144.0,0.13096020911878536,0.23610813655777052,nan
1544192.0,0.14097172371821423,0.2214458481633122,nan
1546240.0,0.10608862362407334,0.22943846246152658,nan
1548288.0,0.14535486587565435,0.2178512748989679,nan
1550336.0,0.17644269232683213,0.23197318728797567,nan
1552384.0,0.15631003009984323,0.22103608914716483,nan
1554432.0,0.19217908869104788,0.20922348079774938,nan
1556480.0,0.11091331335337715,0.22370439454710966,nan
1558528.0,0.14998250731600057,0.2202337167459498,nan
1560576.0,0.13162341718461368,0.19905894745570815,nan
1562624.0,0.11101095119237393,0.23308178765919327,nan
1564672.0,0.11084882522065972,0.2178706037694451,nan
1566720.0,0.12249219941471669,0.23008549719100452,nan
1568768.0,0.16956701011278005,0.22141595098345318,nan
1570816.0,0.12849112792555292,0.22811294475102464,nan
1572864.0,0.17096847731663992,0.23653681801962215,nan
1574912.0,0.13092504551642198,0.22738488652193284,nan
1576960.0,0.14929931366328747,0.22261799158610585,nan
1579008.0,0.1520066715798028,0.23932106266081413,nan
1581056.0,0.15131829079561476,0.2379621858165739,nan
1583104.0,0.1251479850862272,0.22899588246256977,nan
1585152.0,0.11352377727007121,0.23396746602746868,nan
1587200.0,0.08922795940647192,0.2302349047630779,nan
1589248.0,0.13615427443472208,0.22576482714599885,nan
1591296.0,0.1420995026883319,0.23420853294976424,nan
1593344.0,0.1525181969872687,0.2320862595593323,nan
1595392.0,0.11768526800977323,0.23223145964353809,nan
1597440.0,0.1281313671479819,0.1925984015387621,nan
1599488.0,0.15114198252650748,0.22753684934192295,nan
1601536.0,0.08453226876298361,0.22005240368462634,nan
1603584.0,0.09692518750216828,0.23173890596791102,nan
1605632.0,0.11253078298330382,0.21713062935862862,44.98960498960499
1607680.0,0.12668930753070656,0.22439467443264083,nan
1609728.0,0.14342343139899366,0.23143743362271368,nan
1611776.0,0.09863152312688235,0.21815149490192826,nan
1613824.0,0.16074759926025112,0.22381710115561754,nan
1615872.0,0.15959281413813797,0.22609561344253648,nan
1617920.0,0.14883023004170265,0.21365297385057208,nan
1619968.0,0.08930742194811016,0.22374812158051424,nan
1622016.0,0.10836288162497174,0.22410194724675647,nan
1624064.0,0.16545635198387845,0.22619293377624822,nan
1626112.0,0.1359011682110417,0.2394298201308704,nan
1628160.0,0.12313940125020234,0.23484075987682457,nan
1630208.0,0.1096995987264927,0.21385677085808846,nan
1632256.0,0.149274278860402,0.2358214273772052,nan
1634304.0,0.13976884899473796,0.21985286429012257,nan
1636352.0,0.09793178052517973,0.22396139044114693,nan
1638400.0,0.10813606856955243,0.2186096114131117,nan
1640448.0,0.11784541018117729,0.22120917907770915,nan
1642496.0,0.16462761325896497,0.2298664636739001,nan
1644544.0,0.18776204600702245,0.2343231028208206,nan
1646592.0,0.11984006588789843,0.2359344554082733,nan
1648640.0,0.23424820307961888,0.20528655838383594,nan
1650688.0,0.13581775611007413,0.23570211989537454,nan
1652736.0,0.12799333469638563,0.2245612348895194,nan
1654784.0,0.17176016372197467,0.23226246776479256,nan
1656832.0,0.14630343108871469,0.23043365609254873,nan
1658880.0,0.15614236274861598,0.226595513880151,nan
1660928.0,0.17253667373394843,0.2351297569468313,nan
1662976.0,0.19630559403421943,0.220973851128198,nan
1665024.0,0.15158094921424414,0.23438517802785064,nan
1667072.0,0.1516830869186672,0.2194597389040083,nan
1669120.0,0.1813150804525231,0.21900197669310242,nan
1671168.0,0.14608532430167645,0.22169672508639543,nan
1673216.0,0.08169439160694988,0.22317777628814683,nan
1675264.0,0.1403668187345996,0.21684748437816168,nan
1677312.0,0.14726078346683677,0.2228474618754062,nan
1679360.0,0.14738944622581568,0.23931375961026927,nan
1681408.0,0.18908336336851284,0.2269177357811991,nan
1683456.0,0.13478145204162587,0.22908980853061126,nan
1685504.0,0.1720014070153583,0.22674645406868585,nan
1687552.0,0.15057561173237932,0.2152028501069953,nan
1689600.0,0.0963469493833651,0.211531581693731,nan
1691648.0,0.1339861152425878,0.22729601987626222,nan
1693696.0,0.12161855255127409,0.2346825327999564,nan
1695744.0,0.11522994416689773,0.23080758367850152,nan
1697792.0,0.14555202512766668,0.226272608114166,nan
1699840.0,0.13349085332102612,0.21816143921546077,nan
1701888.0,0.1672273637134291,0.22484564281138233,nan
1703936.0,0.1447072697799442,0.24749769067233324,nan
1705984.0,0.19401596815755762,0.23238100232292105,48.814968814968815
1708032.0,0.14092559696559148,0.23963972274641845,nan
1710080.0,0.174906760691865,0.22822891069864976,nan
1712128.0,0.13397902639077597,0.22966408180506154,nan
1714176.0,0.129769880660481,0.22908764243210225,nan
1716224.0,0.15305108439572485,0.2355140595763196,nan
1718272.0,0.1283141703269533,0.22366894644557825,nan
1720320.0,0.17506735652738897,0.20897765432028714,nan
1722368.0,0.1230551792745246,0.23834464387626844,nan
1724416.0,0.1850826563163359,0.23644881259082354,nan
1726464.0,0.14910972004515655,0.2235102258027783,nan
1728512.0,0.1824453763933871,0.23509266841830492,nan
1730560.0,0.18285873840139105,0.2212545889811138,nan
1732608.0,0.12700426951706992,0.22655369857315297,nan
1734656.0,0.20418111780137901,0.22265355181903046,nan
1736704.0,0.29905882687280816,0.16061954770341438,nan
1738752.0,0.0629960466278596,0.23464140939347447,nan
1740800.0,0.18048502196510513,0.23193881894732749,nan
1742848.0,0.1144605424371361,0.2551928580726605,nan
1744896.0,0.18568771145334056,0.24007813792903,nan
1746944.0,0.20220464197706062,0.22482182383412103,nan
1748992.0,0.2891061166588601,0.1779351028730473,nan
1751040.0,0.16603746251891896,0.22218102491763847,nan
1753088.0,0.15446995201771063,0.2412701184387013,nan
1755136.0,0.21279050925310689,0.2323323337006624,nan
1757184.0,0.10954109966766107,0.2263548302725811,nan
1759232.0,0.17209564453856907,0.22540790958675694,nan
1761280.0,0.14374199058217546,0.23449799532341598,nan
1763328.0,0.1938760991712922,0.22749099228487574,nan
1765376.0,0.12673683264927205,0.21664670570630729,nan
1767424.0,0.18257814556090396,0.20910901333898918,nan
1769472.0,0.15714217560764357,0.2301452601823662,nan
1771520.0,0.22188140254239097,0.22851965279234893,nan
1773568.0,0.1401621646802857,0.2497925366029214,nan
1775616.0,0.11074145651361329,0.21722237964981764,nan
1777664.0,0.18544784940333617,0.23364643501395363,nan
1779712.0,0.19531191955416466,0.22732638910387867,nan
1781760.0,0.17369227939921475,0.23232612010447068,nan
1783808.0,0.20724865471364362,0.2207021508024724,nan
1785856.0,0.11549916588671225,0.23166197104435027,nan
1787904.0,0.20232304684568833,0.21726496989274555,nan
1789952.0,0.1398262858619042,0.22429390719221431,nan
1792000.0,0.20708407799188144,0.22623486846273919,nan
1794048.0,0.22538159538279445,0.21328029993356465,nan
1796096.0,0.22040089368910132,0.2117888872012932,nan
1798144.0,0.18809094562611028,0.22220067132093355,nan
1800192.0,0.26579959134496894,0.20310968357226467,nan
1802240.0,0.15538578683576493,0.23331525306956033,nan
1804288.0,0.3014220473434204,0.17011955395447986,nan
1806336.0,0.1883645300428116,0.2327423020051792,59.78170478170479
1808384.0,0.15193058416123423,0.24065000293574468,nan
1810432.0,0.15689396893503932,0.22847921253268988,nan
1812480.0,0.22233112865519383,0.229159335188966,nan
1814528.0,0.27458745825838615,0.18882081592315944,nan
1816576.0,0.1194625551946466,0.24303832767727798,nan
1818624.0,0.22327874603177478,0.22003458097127856,nan
1820672.0,0.17202813360663538,0.22561533407468828,nan
1822720.0,0.20588081503791023,0.22180536862366337,nan
1824768.0,0.1008855605394493,0.21411550636386736,nan
1826816.0,0.26141536519685243,0.2073890683075627,nan
1828864.0,0.1864629865188404,0.23258148733785025,nan
1830912.0,0.2555103045978713,0.22484084345897892,nan
1832960.0,0.24927689971176747,0.2013182760683403,nan
1835008.0,0.17905529424227606,0.20560913443938791,nan
1837056.0,0.23164025699193508,0.2194454157555985,nan
1839104.0,0.07979528845401743,0.24208575755181494,nan
1841152.0,0.15123275232196784,0.23298753606170647,nan
1843200.0,0.20113021318116553,0.21121579964919496,nan
1845248.0,0.06486474009310336,0.21022112179429336,nan
1847296.0,0.25686696358124805,0.1982156753317519,nan
1849344.0,0.18920472767640983,0.22270029738542269,nan
1851392.0,0.14215586602314376,0.2422336049172543,nan
1853440.0,0.1370881424341992,0.24209420534912832,nan
1855488.0,0.163519432319049,0.23805342059270662,nan
1857536.0,0.2505932070156955,0.19207419897955683,nan
1859584.0,0.20643070350468673,0.23486998425785538,nan
1861632.0,0.27374873432236335,0.19078375130702502,nan
1863680.0,0.20777994515742704,0.2224166743151142,nan
1865728.0,0.21013174598194237,0.22941555256341067,nan
1867776.0,0.18338692014411162,0.23109817094217644,nan
1869824.0,0.17028650229724684,0.2327730326142114,nan
1871872.0,0.2393809066849424,0.22456601300920373,nan
1873920.0,0.25291354058395377,0.20842286353969833,nan
1875968.0,0.21162325171785712,0.2373218095629721,nan
1878016.0,0.19622197629479515,0.24198434239609717,nan
1880064.0,0.13808513594853736,0.2550831160005204,nan
1882112.0,0.12443138773651449,0.25399962969017253,nan
1884160.0,0.20112389748102164,0.2496820257663544,nan
1886208.0,0.1300614914166455,0.23407656953014752,nan
1888256.0,0.19718364123460688,0.22617224736336194,nan
1890304.0,0.15445286201120553,0.2323433446149096,nan
1892352.0,0.17101769133908046,0.23480969792267792,nan
1894400.0,0.2786566284579438,0.20450833972005744,nan
1896448.0,0.28267053572660744,0.18141399191287055,nan
1898496.0,0.12416969457128602,0.22774737140328194,nan
1900544.0,0.14965578519010755,0.2420717512456414,nan
1902592.0,0.2718411102863875,0.1842943174308822,nan
1904640.0,0.17896722953951866,0.2377079479945493,nan
1906688.0,0.15796477717414276,0.2310607285261983,71.9126819126819
1908736.0,0.2825904738536094,0.179570524714713,nan
1910784.0,0.09607964237024041,0.24065636950392336,nan
1912832.0,0.08218879100315829,0.23639860864157913,nan
1914880.0,0.2302490860985508,0.21369380596708612,nan
1916928.0,0.18320447697917203,0.22647764451720118,nan
1918976.0,0.18862004467736282,0.21382373358678078,nan
1921024.0,0.17088881939382966,0.23788689103919602,nan
1923072.0,0.22133462969718704,0.2137464486166807,nan
1925120.0,-0.03590090134999233,0.18569186424897657,nan
1927168.0,0.14025697656927827,0.2542104701952254,nan
1929216.0,0.20776872494939813,0.22357607469493998,nan
1931264.0,0.1699567168804118,0.23425624472260417,nan
1933312.0,0.24674775146624786,0.20445019930310185,nan
1935360.0,0.19317689120986237,0.25078483860419676,nan
1937408.0,0.22949253117206153,0.22493443298580434,nan
1939456.0,0.10647371477404902,0.22946136712219312,nan
1941504.0,0.13730363976063073,0.2082193953197642,nan
1943552.0,0.11272032207002866,0.21258544054407646,nan
1945600.0,0.1838629106129328,0.24441975527187737,nan
1947648.0,0.2140583011675862,0.21723360531157435,nan
1949696.0,0.14236367630619678,0.223833806730287,nan
1951744.0,0.24873859956161518,0.20960110740814555,nan
1953792.0,0.1791597520161117,0.2368097397199115,nan
1955840.0,0.04593363015521855,0.24427643563458365,nan
1957888.0,0.2152265906022257,0.22752740463437932,nan
1959936.0,0.1793781464051269,0.21661849086571297,nan
1961984.0,0.1613122026672208,0.24794030206404002,nan
1964032.0,0.2057424184696148,0.22470986928312361,nan
1966080.0,0.0679583455650421,0.21190122157444394,nan
1968128.0,0.18063371524330765,0.2422549954995746,nan
1970176.0,0.2285236265160006,0.20967163716928644,nan
1972224.0,0.20407621204271365,0.2468512060185716,nan
1974272.0,0.2504606042830869,0.1951272923258853,nan
1976320.0,0.1605384248739346,0.2430812387474657,nan
1978368.0,0.14774405494448561,0.25735425910719095,nan
1980416.0,0.19707145163003512,0.23719097240352485,nan
1982464.0,0.2038527291236858,0.24322732252357984,nan
1984512.0,0.09473746906261205,0.21554004503129423,nan
1986560.0,0.15411679791662847,0.20936711437026911,nan
1988608.0,0.10421101921787598,0.22575113985641196,nan
1990656.0,0.28811902558342006,0.17984203967392848,nan
1992704.0,0.17549127022891634,0.23724394331668203,nan
1994752.0,0.18445574683040553,0.2323419492838059,nan
1996800.0,0.2817112231368725,0.18280379330003613,nan
1998848.0,0.18620977622744828,0.23199598163872404,nan
2000896.0,0.1960394469449381,0.2241136174126647,nan
2002944.0,0.2562372004924549,0.20486091660234243,nan
2004992.0,0.13916169554670282,0.22051045594357235,nan
2007040.0,0.16966401256838273,0.21726573002294625,54.63617463617463
2009088.0,0.20794379754359715,0.21664778674536417,nan
2011136.0,0.13191576695088875,0.24464131800852876,nan
2013184.0,0.16779222818728606,0.2229556496916999,nan
2015232.0,0.10192284257466236,0.2375395745911567,nan
2017280.0,0.19339034783105125,0.2319973557802278,nan
2019328.0,0.1530330515472385,0.22936460901754083,nan
2021376.0,0.1895627980380474,0.22997197242225348,nan
2023424.0,0.1705480512536281,0.23281443534251367,nan
2025472.0,0.22871073438302564,0.22198353251293793,nan
2027520.0,0.21448719714314085,0.23366156107888614,nan
2029568.0,0.23021500641069853,0.18793405455225723,nan
2031616.0,0.22492620674563688,0.22624556133301035,nan
2033664.0,0.04059163502351192,0.22247947156101988,nan
2035712.0,0.1899019866406814,0.22943579032136757,nan
2037760.0,0.27939930416579983,0.2016566788498639,nan
2039808.0,0.29156974533634195,0.16797000491397818,nan
2041856.0,0.23989411933927013,0.2168113863601068,nan
2043904.0,0.23491599158618687,0.20254681418908993,nan
2045952.0,0.16641001807075434,0.21510176099939737,nan
2048000.0,0.024974398779244372,0.2216829523034421,nan
2050048.0,0.14189042855839717,0.22760042536413658,nan
2052096.0,0.11044660198137927,0.2644109139983757,nan
2054144.0,0.2491800236509179,0.1867234054389397,nan
2056192.0,0.23145871148817226,0.217846846417692,nan
2058240.0,0.13897332305472446,0.21498227602679854,nan
2060288.0,0.2868707910112904,0.16934046953201978,nan
2062336.0,0.12670503127837784,0.24223618012920228,nan
2064384.0,0.09255895754700434,0.23993705394932585,nan
2066432.0,0.24288235727398072,0.22362261446171927,nan
2068480.0,0.2116583396387,0.22807073356730756,nan
2070528.0,0.22887894112049723,0.2210944128793859,nan
2072576.0,0.23044977119519788,0.20410409451905975,nan
2074624.0,0.21518141790618553,0.20929720946390346,nan
2076672.0,0.2821486947969691,0.17227659515134935,nan
2078720.0,0.1516692315110882,0.25475066746575753,nan
2080768.0,0.1813477978749465,0.24544372087391192,nan
2082816.0,0.17149683594635937,0.2251228888508653,nan
2084864.0,0.07185039370454457,0.24654084957236905,nan
2086912.0,0.2774359969066358,0.18797023101383076,nan
2088960.0,0.20735047660976602,0.22408505335300136,nan
2091008.0,0.24785741245058518,0.20612088118936286,nan
2093056.0,0.18897274598187677,0.22909115948344635,nan
2095104.0,0.1394875823629595,0.23050282419746695,nan
2097152.0,0.1584061859378622,0.24710411777017294,nan
2099200.0,0.18583415458220104,0.22991762268285565,nan
2101248.0,0.20053820413490414,0.22368063546002023,nan
2103296.0,0.23263501946445553,0.22602870881335405,nan
2105344.0,0.1744012214631111,0.23037446938880765,nan
2107392.0,0.1789174602829734,0.24074177656584336,60.70686070686071
2109440.0,0.15393011945178614,0.25030457926511984,nan
2111488.0,0.2331642640738706,0.20743186225800644,nan
2113536.0,0.17910096711879797,0.24085332149886715,nan
2115584.0,0.2970853647973838,0.1510871607394699,nan
2117632.0,0.14568333335001127,0.24772720509693452,nan
2119680.0,0.27743488339944056,0.18098512029506128,nan
2121728.0,0.2882152815933141,0.16266389362483294,nan
2123776.0,0.13612904084732497,0.2621995670971911,nan
2125824.0,0.2633875512354136,0.20518391102814487,nan
2127872.0,0.19996144596354354,0.2287118736777734,nan
2129920.0,0.20192119800329963,0.22666425550986455,nan
2131968.0,0.16615420846572182,0.20916934044951935,nan
2134016.0,0.16711313509449838,0.2547462698103738,nan
2136064.0,0.2116892118469037,0.21550721341256712,nan
2138112.0,0.21945836665142798,0.22617977852048068,nan
2140160.0,0.07844613054927224,0.2513640368010763,nan
2142208.0,0.18682890178723927,0.23429736975977117,nan
2144256.0,0.29511379034373714,0.16467851178315626,nan
2146304.0,0.2794908101126262,0.17655430084833523,nan
2148352.0,0.25804173019805715,0.2153146908230883,nan
2150400.0,0.1695387683319255,0.24439980299257338,nan
2152448.0,0.2780332877253374,0.16849885665670733,nan
2154496.0,0.18791462007873436,0.2427848337714702,nan
2156544.0,0.2674022083494182,0.19262202646630674,nan
2158592.0,0.2264917185398468,0.2176648279095659,nan
2160640.0,0.1834872056576342,0.25445337539017915,nan
2162688.0,0.10140408464022968,0.21274495747694355,nan
2164736.0,0.2301571770537779,0.22943634890293924,nan
2166784.0,0.16307386392959156,0.25278487242976416,nan
2168832.0,0.27203204592061864,0.19439704412297817,nan
2170880.0,0.10496694219656087,0.24867518267217703,nan
2172928.0,0.29262938435369634,0.16456730459202,nan
2174976.0,0.11841754338841125,0.2170886479205047,nan
2177024.0,0.28622912115015825,0.20773743200406652,nan
2179072.0,0.23807236669553855,0.22280960684617332,nan
2181120.0,0.2339247281071241,0.21361342991046003,nan
2183168.0,0.2999255868853823,0.16302747979925453,nan
2185216.0,0.2806573442006539,0.189918111083753,nan
2187264.0,0.26295757866063935,0.21360018041814494,nan
2189312.0,0.23068792518587627,0.2247584059231289,nan
2191360.0,0.18236043673348248,0.24473426585728955,nan
2193408.0,0.16680804471330168,0.2543094760944666,nan
2195456.0,0.3031460340757891,0.15020991735182457,nan
2197504.0,0.25979542506545084,0.20989735681147514,nan
2199552.0,0.2138984144744881,0.2138348747579986,nan
2201600.0,0.28279596846560884,0.1963330002320518,nan
2203648.0,0.28312597134159045,0.18828407180006854,nan
2205696.0,0.27882018853977125,0.20423204282239715,nan
2207744.0,0.237945450070992,0.21314808273872568,65.75883575883577
2209792.0,0.11395007719813216,0.243463621711466,nan
2211840.0,0.16366846908006247,0.24610203403029807,nan
2213888.0,0.2114435788629609,0.22882666722373665,nan
2215936.0,0.13756320676428516,0.2379362507033841,nan
2217984.0,0.3158493421735358,0.15548924002554512,nan
2220032.0,0.10844098613829958,0.1949554883676775,nan
2222080.0,0.14758507104788224,0.22573938890994383,nan
2224128.0,0.14973591475749726,0.2620694788802123,nan
2226176.0,0.17750711533963337,0.21364382637400617,nan
2228224.0,0.08349724646311564,0.2208365029910291,nan
2230272.0,0.21477152788577408,0.20233210816404745,nan
2232320.0,0.17200562431234317,0.22840679251295057,nan
2234368.0,0.28053685003212864,0.19145365503720777,nan
2236416.0,0.24198432128738706,0.21933992182418194,nan
2238464.0,0.1646952089935115,0.25425327577258516,nan
2240512.0,0.22991980015434205,0.22049438419327325,nan
2242560.0,0.2307592492728166,0.2360187464187082,nan
2244608.0,0.20866157731105298,0.2536636900457516,nan
2246656.0,0.21074701909300678,0.21697628429617202,nan
2248704.0,0.21362509457191292,0.24313499778313494,nan
2250752.0,0.17732635978051153,0.24259698822891568,nan
2252800.0,0.21795684152951306,0.2323765267566723,nan
2254848.0,0.14567387105431584,0.2707789492018235,nan
2256896.0,0.23960184613116525,0.22450936754295284,nan
2258944.0,0.25498547807773986,0.2118773138151048,nan
2260992.0,0.29425813392125644,0.1758193406986962,nan
2263040.0,0.27627621323887785,0.20460777558806204,nan
2265088.0,0.30001793458777865,0.18498818891136395,nan
2267136.0,0.2057518973540479,0.23621907663492245,nan
2269184.0,0.08687441267780772,0.24868281575759155,nan
2271232.0,0.3131856206753276,0.1640317366934346,nan
2273280.0,0.23628654287187334,0.2068787507862463,nan
2275328.0,0.1825431788984662,0.22572451134726368,nan
2277376.0,0.20795857357523584,0.22396178574538722,nan
2279424.0,0.17423273639955772,0.23189907542101826,nan
2281472.0,0.12021517746163957,0.20717574730867136,nan
2283520.0,0.0055514398593593875,0.16802211209716014,nan
2285568.0,0.09417671785265834,0.24655059945817473,nan
2287616.0,0.27733740886203606,0.15087865824391775,nan
2289664.0,0.14939565124203757,0.24491655296397913,nan
2291712.0,0.13689948118121759,0.26553519886351784,nan
2293760.0,0.12581288169600544,0.2193143311622016,nan
2295808.0,0.17146463653879204,0.26336341454510515,nan
2297856.0,0.20519866475349285,0.22641393517646152,nan
2299904.0,0.3000625442348859,0.17761039322950006,nan
2301952.0,0.0725645447758222,0.2115423674642576,nan
2304000.0,0.20646673944830626,0.21541365195482165,nan
2306048.0,0.3003785480726354,0.1779601152216575,nan
2308096.0,0.1780678684299429,0.24213889597683416,88.04573804573805
2310144.0,0.2986921601329776,0.17667729354201034,nan
2312192.0,0.210697923668087,0.23820106629872476,nan
2314240.0,0.13113531200348627,0.22872086669308278,nan
2316288.0,0.26754683001289803,0.17815471545863476,nan
2318336.0,0.29333662770811453,0.16965903471461505,nan
2320384.0,0.2581810082306819,0.19511230590159012,nan
2322432.0,0.3469679874306302,0.0973348820495011,nan
2324480.0,0.27302096950628063,0.18300253759732263,nan
2326528.0,0.23025459092149494,0.20146890872455664,nan
2328576.0,0.2849524197379575,0.18915916036763214,nan
2330624.0,0.30791610859835417,0.17605945123847686,nan
2332672.0,0.15992837073363786,0.2539101303690077,nan
2334720.0,0.11476415836051859,0.2389128652449167,nan
2336768.0,0.235164027115832,0.2238964391651536,nan
2338816.0,0.23325293577706885,0.2135271326567171,nan
2340864.0,0.3307215760507682,0.13466075604944716,nan
2342912.0,0.11121624867580959,0.2392735954348105,nan
2344960.0,0.1408122511812142,0.23245258363282886,nan
2347008.0,0.12878585798218806,0.20767244775616636,nan
2349056.0,0.16364110037683932,0.20680102157392788,nan
2351104.0,0.06785812458879181,0.23160213925536363,nan
2353152.0,0.055601234524736504,0.1822854309834547,nan
2355200.0,0.11888161259194563,0.21275506118178344,nan
2357248.0,0.12962621814069525,0.22301324648941778,nan
2359296.0,0.20772879777514514,0.21583402939185903,nan
2361344.0,0.06288390566227195,0.18086981862983845,nan
2363392.0,0.2911755579175498,0.18912921646452818,nan
2365440.0,0.2332305476436669,0.2138122283221319,nan
2367488.0,0.19473141450217824,0.22422353222887947,nan
2369536.0,0.1812961766945122,0.24488131737081026,nan
2371584.0,0.1888454455577005,0.21206764717368842,nan
2373632.0,0.23449736591588172,0.20064715250400328,nan
2375680.0,0.254709764935449,0.20105239583404344,nan
2377728.0,0.28391278808854764,0.17419857161825592,nan
2379776.0,0.30781766830264473,0.14841515126235974,nan
2381824.0,0.011786183075320287,0.1932032948929801,nan
2383872.0,0.2345430717885808,0.23778710487676571,nan
2385920.0,0.25415860963474024,0.21520826160602952,nan
2387968.0,0.1367339633408327,0.2544324667977562,nan
2390016.0,0.054976998919459244,0.26161839570443357,nan
2392064.0,0.23202673165937554,0.2473476356535607,nan
2394112.0,0.2686183587739692,0.20242865551865535,nan
2396160.0,0.23179650037097396,0.22092710278479402,nan
2398208.0,0.27907188743871547,0.19471259469268967,nan
2400256.0,0.11474748107455587,0.2783461935920992,nan
2402304.0,0.21732673823023468,0.20653668684526427,nan
2404352.0,0.13933099849265812,0.21371114534718977,nan
2406400.0,0.2635834435431497,0.19582343626358856,nan
2408448.0,0.26008065674846714,0.21292893174149294,74.67775467775468
2410496.0,0.29836247550756,0.15116172085291424,nan
2412544.0,0.19230070968771956,0.24912319834969449,nan
2414592.0,0.10870173371108988,0.2314760515603034,nan
2416640.0,0.14850695477021478,0.2608327675214487,nan
2418688.0,0.13320627777403976,0.23319142439539947,nan
2420736.0,0.12472035126599021,0.22166087751649804,nan
2422784.0,0.2856422725153933,0.16840343985740108,nan
2424832.0,0.15978222871893366,0.22836122471832415,nan
2426880.0,0.2889395552986423,0.17470789315741167,nan
2428928.0,0.09767383865209874,0.2606123260501394,nan
2430976.0,0.30354115393233244,0.152290738538498,nan
2433024.0,0.18612049671744202,0.2637503576030105,nan
2435072.0,0.16889741982253312,0.25556644149891367,nan
2437120.0,0.09719293349790045,0.2629375513808162,nan
2439168.0,0.23515179079449633,0.21370729884847184,nan
2441216.0,0.16901873938823433,0.25685629370480184,nan
2443264.0,0.1160687645120718,0.23029165052197687,nan
2445312.0,0.1406486353013734,0.25209181435587413,nan
2447360.0,0.28972126687744204,0.19353556234333547,nan
2449408.0,0.2978826361776034,0.19099533642743957,nan
2451456.0,0.2800545419140256,0.16849965981499085,nan
2453504.0,0.015326242433494442,0.17793702825133664,nan
2455552.0,0.23761886348920033,0.19606690369814478,nan
2457600.0,0.2679779321469654,0.20247048368342016,nan
2459648.0,0.08913696745164407,0.2502457722104054,nan
2461696.0,0.15037705341140287,0.2281389263739445,nan
2463744.0,0.3116708564037717,0.1754132728545944,nan
2465792.0,0.2707182257073528,0.1947429954223153,nan
2467840.0,0.08304647798119566,0.20191117301010242,nan
2469888.0,0.16527194622005037,0.22353732707915241,nan
2471936.0,0.17574650701609124,0.23276318816825003,nan
2473984.0,0.25439600609034774,0.20892547340965015,nan
2476032.0,0.26591491652816424,0.17603864130182748,nan
2478080.0,0.270784286399269,0.18103241525971703,nan
2480128.0,0.2709366646982477,0.22694862133396893,nan
2482176.0,0.23635686151701907,0.20368939269391967,nan
2484224.0,0.021364095874389467,0.2390340040985877,nan
2486272.0,0.024003977537327168,0.21068461743389924,nan
2488320.0,0.16627894920139644,0.26185995586798105,nan
2490368.0,0.22507050322686822,0.2175400085132437,nan
2492416.0,0.2627126297224709,0.22489583748672906,nan
2494464.0,0.20067413338246987,0.2321480978486703,nan
2496512.0,0.3399124856027337,0.11603104949346751,nan
2498560.0,0.23065098518741525,0.23039823362683862,nan
2500608.0,0.3275713049569111,0.13391484746023632,nan
2502656.0,0.20149511633471584,0.21801968375253394,nan
2504704.0,0.259921622112928,0.18545421123976272,nan
2506752.0,0.22840599306576267,0.19735838890611124,nan
2508800.0,0.2857599640591144,0.20875684303894623,80.8108108108108
2510848.0,0.2591807308437126,0.19721951766317164,nan
2512896.0,0.23441387822269003,0.2299888181243619,nan
2514944.0,0.20966163643254188,0.2584943783522546,nan
2516992.0,0.23595637848212075,0.2186725959945275,nan
2519040.0,0.10421087538711785,0.2658882668024969,nan
2521088.0,0.0964454625775362,0.2661296129222835,nan
2523136.0,0.2235395217883662,0.2258724377748895,nan
2525184.0,0.22670108461694535,0.21441685952163114,nan
2527232.0,0.20262586997577967,0.2637402821955415,nan
2529280.0,0.15471551593500787,0.24419692352037806,nan
2531328.0,0.28576810585115225,0.19770012741776816,nan
2533376.0,0.23126460945670757,0.23861496435474994,nan
2535424.0,0.06375494791768942,0.18787504185317025,nan
2537472.0,0.03988834713019166,0.1743778196615855,nan
2539520.0,0.18462043155896002,0.21235151365337557,nan
2541568.0,0.11299773153568314,0.21878358855743654,nan
2543616.0,0.24779100944388655,0.2002506499727845,nan
2545664.0,0.28688828587063436,0.16965157570576897,nan
2547712.0,0.20674451655047632,0.1916477128536541,nan
2549760.0,0.21664399615592211,0.19302548844718276,nan
2551808.0,0.08911042548846637,0.25791472418580563,nan
2553856.0,0.3108931424172414,0.11894188807209387,nan
2555904.0,0.2589516302026239,0.21820776864623131,nan
2557952.0,0.26778725875303844,0.19586440277235262,nan
2560000.0,0.2600011421924216,0.19523340632687813,nan
2562048.0,0.2803141493992185,0.20921981088763247,nan
2564096.0,0.05717394575283613,0.2495093050022007,nan
2566144.0,0.19871223216903253,0.23310977067808422,nan
2568192.0,0.22196916388957866,0.19435809106076696,nan
2570240.0,0.24174932832749846,0.21794937451534035,nan
2572288.0,0.23589015270505154,0.21029962069056096,nan
2574336.0,0.16149036489668467,0.25868833645430783,nan
2576384.0,0.22174620838081574,0.22070613861470142,nan
2578432.0,0.31385381588655437,0.15542276663987245,nan
2580480.0,0.2107518462483911,0.23252462833739207,nan
2582528.0,0.22131029487460602,0.21200021724701515,nan
2584576.0,0.2807471205721916,0.1588501630047159,nan
2586624.0,0.3576657021791961,0.0937055835978864,nan
2588672.0,0.32704450362809223,0.11882236625067014,nan
2590720.0,0.2284838559931647,0.2031987244202115,nan
2592768.0,0.3260733862827132,0.10790660962478126,nan
2594816.0,0.24806523894462792,0.21045667757783826,nan
2596864.0,0.30570374484881535,0.17435208430173862,nan
2598912.0,0.16455852147605074,0.21908489286597854,nan
2600960.0,0.2653878386854465,0.20520686334601734,nan
2603008.0,0.2397549512316788,0.2097048763187083,nan
2605056.0,0.252721787305482,0.19717704070674588,nan
2607104.0,0.18742091032317176,0.23151008423100955,nan
2609152.0,0.2593840350344866,0.21104796288481298,80.83160083160084
2611200.0,0.3188903469699992,0.14485869107929525,nan
2613248.0,0.14091134340992523,0.2456200657262107,nan
2615296.0,0.1978726974823806,0.23563787997508673,nan
2617344.0,0.14390777719664505,0.21973426377453378,nan
2619392.0,0.28992985323150383,0.17383325272422465,nan
2621440.0,0.35057881361066867,0.1040128923504343,nan
2623488.0,0.32690174969308494,0.13352175598638488,nan
2625536.0,0.2899351251786798,0.17838614605547254,nan
2627584.0,0.2681987448732333,0.1850721214094157,nan
2629632.0,0.15917635966323102,0.22442819753495064,nan
2631680.0,0.18934960512224955,0.2532556668776451,nan
2633728.0,0.03871979698742371,0.18786871069339298,nan
2635776.0,0.308921611659345,0.16551001401624182,nan
2637824.0,0.12797276867268204,0.21618432815828606,nan
2639872.0,0.1588408470412969,0.22393848781243242,nan
2641920.0,0.2108255684166308,0.2143801113626297,nan
2643968.0,0.15474202862571718,0.22848434632295822,nan
2646016.0,0.2735226883448596,0.1737986672494929,nan
2648064.0,0.2156174717113204,0.20037836869723427,nan
2650112.0,0.2272092105315314,0.20722490008952632,nan
2652160.0,0.13703782763458086,0.25862146246904416,nan
2654208.0,0.3000959794796254,0.1594143323855873,nan
2656256.0,0.23756948517847357,0.1991734397148577,nan
2658304.0,0.3170990798665102,0.10336862180016679,nan
2660352.0,0.1962788443702138,0.22761562156785117,nan
2662400.0,0.27294991192764195,0.19841274307433457,nan
2664448.0,0.1472341346391104,0.23815638891055527,nan
2666496.0,0.2653471152093082,0.20150702056741873,nan
2668544.0,0.24556911530275172,0.20213166678745545,nan
2670592.0,0.24988196803936893,0.20873023953586498,nan
2672640.0,0.2555607194246643,0.1857985428962039,nan
2674688.0,0.3219604292357793,0.09370671240711628,nan
2676736.0,0.27077682219059085,0.1730809934190023,nan
2678784.0,0.11757996285030159,0.24480832917138784,nan
2680832.0,0.2608731964228978,0.19941909021157014,nan
2682880.0,0.2853127972054861,0.17430007565889638,nan
2684928.0,0.22632851921755875,0.2045373342640172,nan
2686976.0,0.19982379255279845,0.24528432585199367,nan
2689024.0,0.09744505341370527,0.26267638897560774,nan
2691072.0,0.21542508260652882,0.24159343271521977,nan
2693120.0,0.24246115982946345,0.2015211447021578,nan
2695168.0,0.31166612417715045,0.16213048394993304,nan
2697216.0,0.326926619721753,0.1403032799780231,nan
2699264.0,0.33730625101282474,0.11817382830969726,nan
2701312.0,0.283464045385988,0.18189963389251845,nan
2703360.0,0.20000443094922082,0.2101791177281562,nan
2705408.0,0.2524159033399207,0.1956025441991459,nan
2707456.0,0.3426968155928596,0.10827798509579924,nan
2709504.0,0.19848060221930267,0.24962958132354882,89.43866943866945
2711552.0,0.346447566664269,0.10471680630784654,nan
2713600.0,0.16949542995724998,0.2298076056772543,nan
2715648.0,0.25584668440264363,0.20534273345684986,nan
2717696.0,0.2941287377657702,0.1712310701628359,nan
2719744.0,0.22016940020348993,0.21587479469251428,nan
2721792.0,0.3211897076616745,0.14581324273132507,nan
2723840.0,0.26680410109157415,0.19709698348087162,nan
2725888.0,0.2349818400333834,0.21757811637157942,nan
2727936.0,0.22869661730675714,0.21605367510098497,nan
2729984.0,0.27768888696688004,0.17647838578287686,nan
2732032.0,0.3375750834335053,0.08040161307067258,nan
2734080.0,0.25351705984412654,0.1968388657575565,nan
2736128.0,-0.012460653195343452,0.151538209571635,nan
2738176.0,0.21268121692263725,0.22958550622738694,nan
2740224.0,0.15005880988092132,0.22419704075371708,nan
2742272.0,0.28469251728913697,0.1690635740976646,nan
2744320.0,0.3060183426500389,0.1660420025646582,nan
2746368.0,0.32726783869504794,0.14524008375480219,nan
2748416.0,0.11053267669765779,0.2257034755287636,nan
2750464.0,0.21155085446743094,0.20852093880330716,nan
2752512.0,0.2991133046205088,0.1460924138646859,nan
2754560.0,0.22502696097502772,0.22676212322353526,nan
2756608.0,0.22650096286137547,0.2432800179864809,nan
2758656.0,0.14951940469644082,0.25800748063340856,nan
2760704.0,0.03563330329782581,0.2104937035111884,nan
2762752.0,0.2308153441489967,0.24074072461381893,nan
2764800.0,0.312130621746582,0.1397169942635939,nan
2766848.0,0.31579474362736004,0.13157387508764176,nan
2768896.0,0.2794919930182672,0.1670426532335742,nan
2770944.0,0.3298222832247287,0.10900894549935025,nan
2772992.0,0.24913500492956453,0.18635601452325024,nan
2775040.0,0.060852114731606385,0.2135089578953616,nan
2777088.0,0.2111791919853262,0.2165560971072011,nan
2779136.0,0.15279336734325144,0.23231439312348337,nan
2781184.0,0.16703685465056636,0.2244551846373689,nan
2783232.0,0.2646739686452184,0.18044731784313492,nan
2785280.0,0.2661888760400912,0.18114707527817145,nan
2787328.0,0.29872078506848965,0.1917847079994308,nan
2789376.0,0.11290134200943731,0.26494906567243914,nan
2791424.0,0.29822669374726973,0.1731547094194499,nan
2793472.0,0.20888600608880675,0.22946196144458705,nan
2795520.0,0.2654662830552981,0.18534247797023246,nan
2797568.0,0.1165358550799044,0.2554644816601688,nan
2799616.0,0.32623740507209825,0.11509080961041547,nan
2801664.0,0.2537071400420309,0.21141461517496662,nan
2803712.0,0.35969388353443266,0.03296261669231866,nan
2805760.0,0.3436182820135631,0.09321432370986829,nan
2807808.0,0.2970218756241454,0.16266843773767867,nan
2809856.0,0.1599173871920088,0.24886785611332754,72.11018711018711
2811904.0,0.3474803104316432,0.10414973433056642,nan
2813952.0,0.24492947579839164,0.19936703415513837,nan
2816000.0,0.22556399274355815,0.21253291787954945,nan
2818048.0,0.16771458595397143,0.2562840209249101,nan
2820096.0,0.23717468483451887,0.22631482462623354,nan
2822144.0,0.20607024201211369,0.22030459503470468,nan
2824192.0,0.3305976132448652,0.1303235633107788,nan
2826240.0,0.285220494233707,0.18899083893554405,nan
2828288.0,0.2944415753534864,0.15765634655099248,nan
2830336.0,0.2756434697119538,0.18600311795185454,nan
2832384.0,0.32741668641016475,0.1334918350219153,nan
2834432.0,0.27602232206984617,0.19458544813971904,nan
2836480.0,0.29351065115822694,0.15444932879627424,nan
2838528.0,0.23333746440641606,0.23800859367662258,nan
2840576.0,0.302418870304197,0.19138804772531282,nan
2842624.0,0.2386548535002238,0.2121974308388286,nan
2844672.0,0.25282135221586616,0.21170834425935253,nan
2846720.0,0.31709808860376176,0.1600461861598511,nan
2848768.0,0.2067110353384412,0.23690291781118317,nan
2850816.0,0.32251512373012375,0.09974753506459165,nan
2852864.0,0.30144455862994346,0.15365227629062148,nan
2854912.0,0.1907767167688214,0.1637558055987478,nan
2856960.0,0.30850724009996555,0.14961554904741828,nan
2859008.0,0.33967588932345505,0.046194014418827166,nan
2861056.0,0.22225698259371535,0.20920098906550882,nan
2863104.0,0.29765897546741227,0.17906814010328093,nan
2865152.0,0.21107793579332504,0.21466300373295807,nan
2867200.0,0.342601436844284,0.1252501441378609,nan
2869248.0,0.26984724307601193,0.18157782652773286,nan
2871296.0,0.22202999019740427,0.22132831022759378,nan
2873344.0,0.32858760224563,0.12785524548899846,nan
2875392.0,0.22378505380507732,0.24811930474457383,nan
2877440.0,0.17478635557931924,0.25835772966971077,nan
2879488.0,0.26922435724201615,0.19757300634746644,nan
2881536.0,0.23937551917534527,0.20572931190611335,nan
2883584.0,0.24184694650688623,0.2166811256281681,nan
2885632.0,0.2927827094158033,0.1941706042864961,nan
2887680.0,0.2979747353436898,0.16797786362225842,nan
2889728.0,0.22854115104238015,0.23890016233291456,nan
2891776.0,0.3001569795295502,0.17197161873928019,nan
2893824.0,0.301657174799792,0.18063685807056634,nan
2895872.0,0.209340454836697,0.21746852993590013,nan
2897920.0,0.2339093824010699,0.19301237732154478,nan
2899968.0,0.27191109444527894,0.22827190206341114,nan
2902016.0,0.13767410672613273,0.2735927526573951,nan
2904064.0,0.3273060320838175,0.15401918704533676,nan
2906112.0,0.1432949730500405,0.2559599055360365,nan
2908160.0,0.14574778073964367,0.2645472324803756,nan
2910208.0,0.30579808884985277,0.15062870338041093,88.95010395010395
2912256.0,0.24211467204931336,0.17071486255543603,nan
2914304.0,0.17848919303201816,0.24324599027624988,nan
2916352.0,0.26689475459506984,0.20739148125270918,nan
2918400.0,0.3351000496622043,0.10577316603006624,nan
2920448.0,0.2927122681452673,0.19334774082156342,nan
2922496.0,0.22965746722951508,0.22365111201891755,nan
2924544.0,0.29836578240680744,0.17049790287229036,nan
2926592.0,0.32138964705955525,0.1536147685185494,nan
2928640.0,0.23873488090422312,0.24270356498985107,nan
2930688.0,0.190668105184397,0.24971024442918605,nan
2932736.0,0.3063557928109371,0.14375669046648654,nan
2934784.0,0.26572059150995714,0.1971720590475297,nan
2936832.0,0.2859641119974455,0.19511321274102483,nan
2938880.0,0.3010836284444477,0.16665527358830093,nan
2940928.0,0.14254581176922346,0.26525914520476584,nan
2942976.0,0.32400905676536373,0.13063951367165114,nan
2945024.0,0.1182049959733597,0.27167148044128037,nan
2947072.0,0.2938552342910016,0.19729756276868757,nan
2949120.0,0.3005637883702377,0.15656293974352936,nan
2951168.0,0.31837400767405966,0.11621626065873485,nan
2953216.0,0.2665172943928332,0.20951932275967391,nan
2955264.0,0.34335791278137173,0.13143035050803079,nan
2957312.0,0.17555538022788883,0.2360987976152921,nan
2959360.0,0.13879187875374016,0.22564188921983952,nan
2961408.0,0.2406819037117982,0.22957385422605453,nan
2963456.0,0.2588023746659608,0.21285708539769604,nan
2965504.0,0.3174286823297905,0.16230112547882017,nan
2967552.0,0.2636043230995287,0.19292155395639904,nan
2969600.0,0.27744200847904765,0.17020373617199136,nan
2971648.0,0.27769861753029246,0.16112018725635394,nan
2973696.0,0.2143455428380019,0.20627655538130524,nan
2975744.0,0.32123000832175685,0.11450592120990649,nan
2977792.0,0.309590719350396,0.1292013997361404,nan
2979840.0,0.3167882096417071,0.14908776070915258,nan
2981888.0,0.33951509099475835,0.12346411797829797,nan
2983936.0,0.34868856535902926,0.0577832304800713,nan
2985984.0,0.1655755990423006,0.23112988665114112,nan
2988032.0,0.3413781663812974,0.1104701116289572,nan
2990080.0,0.31451411691922426,0.16897146725836587,nan
2992128.0,0.1687125223625631,0.26657181533865,nan
2994176.0,0.30630888352374086,0.18541251076753676,nan
2996224.0,0.2820730703398784,0.1844338151137668,nan
2998272.0,0.23418051674159823,0.23308824716107884,nan
3000320.0,0.26360985184812746,0.21414056170680687,nan
3002368.0,0.2730208462470079,0.21656040871080862,nan
3004416.0,0.15142344598831856,0.2081067982002691,nan
3006464.0,0.29047862683860437,0.1478718775351793,nan
3008512.0,0.11978079680926695,0.22878650725352526,nan
3010560.0,0.1565377514137798,0.23438976414823695,81.1122661122661
3012608.0,0.2853306300433106,0.18923749390936712,nan
3014656.0,0.14821879667330312,0.20838823534060724,nan
3016704.0,0.19115144081733973,0.2037884533729183,nan
3018752.0,0.24486740206911195,0.19754636502916242,nan
3020800.0,0.19291754811181863,0.25410090507203836,nan
3022848.0,0.3348778208455739,0.11221560150165899,nan
3024896.0,0.3326761993204049,0.02998782229917819,nan
3026944.0,0.32642329918569757,0.141351322288417,nan
3028992.0,0.2967405863855711,0.1649043134097338,nan
3031040.0,0.2592466266608572,0.21066530501502553,nan
3033088.0,0.3474004180860107,0.0712100059865668,nan
3035136.0,0.12700840146691716,0.228557354159523,nan
3037184.0,0.22459487621877877,0.22802585690131516,nan
3039232.0,0.13255022811364484,0.21227133091428185,nan
3041280.0,0.23428135253047536,0.2056640090591421,nan
3043328.0,0.2952247465399081,0.1549505937742499,nan
3045376.0,0.2860821444205162,0.17989082392116185,nan
3047424.0,0.2852457826650135,0.19027651358216716,nan
3049472.0,0.09971416448014442,0.273976054054476,nan
3051520.0,0.14855491815162708,0.2601378038622128,nan
3053568.0,0.19344144786671214,0.2028260911227262,nan
3055616.0,0.3281959829871932,0.10203440026056411,nan
3057664.0,0.23516654989749589,0.19749960273453154,nan
3059712.0,0.24940866452037463,0.20885936468344082,nan
3061760.0,0.2713373821009528,0.19617532235904236,nan
3063808.0,0.25403064941884046,0.18030095669828664,nan
3065856.0,0.27693018792619395,0.18269251897978286,nan
3067904.0,0.24907949908681098,0.16192284326387643,nan
3069952.0,0.30585500705193847,0.11977076950546985,nan
3072000.0,0.30373714289921766,0.13592407680262253,nan
3074048.0,0.2446609665659087,0.22037889558790127,nan
3076096.0,0.2650566821287259,0.21114855483288267,nan
3078144.0,0.0315214419963049,0.22649113942533902,nan
3080192.0,0.2837458702953537,0.18382756371117168,nan
3082240.0,0.22518418501172377,0.2297232296622379,nan
3084288.0,0.33585732458361567,0.11731068791713277,nan
3086336.0,0.3247133963065989,0.12608459855535742,nan
3088384.0,0.3412035460583346,0.07172303987892242,nan
3090432.0,0.332293642922978,0.11659485261689376,nan
3092480.0,0.2658174638674638,0.207658570677997,nan
3094528.0,0.31674679296886343,0.15695420869284818,nan
3096576.0,0.2360559640784083,0.18999867578021135,nan
3098624.0,0.1751521062235551,0.19023472438265548,nan
3100672.0,0.23986016909366284,0.19079947031488048,nan
3102720.0,0.35040050149003066,0.12725515464893566,nan
3104768.0,0.30703437850637727,0.16470838802364765,nan
3106816.0,0.25953790219770256,0.20905609360654848,nan
3108864.0,0.2906557488118252,0.17158377095534946,nan
3110912.0,0.35241013701050294,0.024361848365091834,59.63236413978848
3112960.0,0.09959705103753143,0.2040645452518235,nan
3115008.0,0.16331506089853517,0.22292289768548193,nan
3117056.0,0.19187535768490172,0.2414363769656073,nan
3119104.0,0.11113063913552643,0.2509202661202956,nan
3121152.0,0.22058663519685695,0.22301398202416747,nan
3123200.0,0.34957219070537493,0.05261177131060599,nan
3125248.0,0.2572839105402798,0.22673357347814438,nan
3127296.0,0.29958908731029793,0.16015112872100615,nan
3129344.0,0.3021677109277736,0.1527251249932238,nan
3131392.0,0.24152713771859255,0.22219639809793582,nan
3133440.0,0.31122935791949097,0.1501207908181416,nan
3135488.0,0.3063008910825717,0.12689556846763198,nan
3137536.0,0.05373204709734804,0.2112071437262801,nan
3139584.0,0.24510867804065473,0.19977423588861942,nan
3141632.0,0.27375553912405,0.17993536279939354,nan
3143680.0,0.3436921824100431,0.08098676368603905,nan
3145728.0,0.3199443791143958,0.15383505931459407,nan
3147776.0,0.23453962074680781,0.2219745720527486,nan
3149824.0,0.2995800468863482,0.13727192383225,nan
3151872.0,0.19559847193858568,0.20728651108578267,nan
3153920.0,0.2581928572868273,0.19203036981343266,nan
3155968.0,0.33426316710801884,0.10906297239798635,nan
3158016.0,0.28341878883676075,0.17842116982623296,nan
3160064.0,0.29882515069064713,0.16832777350620656,nan
3162112.0,0.26553245883827997,0.18151600993083633,nan
3164160.0,0.3412076198924182,0.12140576627883537,nan
3166208.0,0.23962134233686538,0.18502931085399196,nan
3168256.0,0.29377954281308627,0.16144354740554975,nan
3170304.0,0.2944245860784961,0.16591142254452715,nan
3172352.0,0.2001003844829095,0.23870617610363304,nan
3174400.0,0.25707992601768753,0.2122532333702822,nan
3176448.0,0.34210106712772514,0.08319404701989623,nan
3178496.0,0.292530522595733,0.16659837004712386,nan
3180544.0,0.32957638897885927,0.10190298931014947,nan
3182592.0,0.24608684061424602,0.17475123081001157,nan
3184640.0,0.318717906097873,0.1321413545343643,nan
3186688.0,0.33102869126667134,0.12643387182998897,nan
3188736.0,0.3376379332854834,0.1283420942330753,nan
3190784.0,0.33143928395048866,0.12467129942758845,nan
3192832.0,0.10668201269207303,0.1875489554990047,nan
3194880.0,0.13967975799977253,0.21304496479721446,nan
3196928.0,0.3081420218571379,0.18331039823122322,nan
3198976.0,0.24796893107931395,0.17077825119961365,nan
3201024.0,0.20048137437522354,0.22436976360316382,nan
3203072.0,0.3178812467007336,0.09092808936726147,nan
3205120.0,0.2046941233273833,0.25694990427617664,nan
3207168.0,0.32859103817581614,0.13625301283362412,nan
3209216.0,0.35880359615828283,0.023570719673328015,nan
3211264.0,0.23619765275847532,0.2258224220206611,81.18503118503119
3213312.0,0.262198280542298,0.20607321753760682,nan
3215360.0,0.3530039190401191,0.06398868058539195,nan
3217408.0,0.252626504262134,0.21499506566073004,nan
3219456.0,0.27165810393555095,0.18219651293146624,nan
3221504.0,0.3311406953968406,0.13135319064681628,nan
3223552.0,0.2812733083380824,0.16900872049662752,nan
3225600.0,0.23978376940442134,0.2130451119583218,nan
3227648.0,0.3559596192259713,0.09115559402183708,nan
3229696.0,0.3538972001315981,0.05884529867241675,nan
3231744.0,0.26337018801684675,0.1962488915843122,nan
3233792.0,0.3097380584590612,0.13384067806718475,nan
3235840.0,0.23756848384521878,0.21376394939229673,nan
3237888.0,0.34589206341386936,0.10320777410693009,nan
3239936.0,0.2759804224448227,0.18743988325891503,nan
3241984.0,0.25441122655287995,0.2089364851104259,nan
3244032.0,0.22764882810203255,0.17592580841111968,nan
3246080.0,0.31660214350177307,0.1215793323459973,nan
3248128.0,0.2667187459500874,0.20189250385835947,nan
3250176.0,0.221693340015807,0.2089167180243868,nan
3252224.0,0.32569082560864604,0.1538654397289048,nan
3254272.0,0.3547472390934996,0.10226399998979614,nan
3256320.0,0.3389269225155304,0.0905365195953543,nan
3258368.0,0.32795542799896993,0.08658308055835967,nan
3260416.0,0.3379974353400189,0.13641774917222316,nan
3262464.0,0.1068904486733385,0.2579273527075597,nan
3264512.0,0.19140612398777418,0.21517898625034,nan
3266560.0,0.2656429486274835,0.17034444297683976,nan
3268608.0,0.23093245188476796,0.2104321586067963,nan
3270656.0,0.3585551197042144,0.08976085068957534,nan
3272704.0,0.20660491524748137,0.17127348694051442,nan
3274752.0,0.1728593932457017,0.21392665793635407,nan
3276800.0,0.27384918846989953,0.21110090363261647,nan
3278848.0,0.23959324664941953,0.22600237185465613,nan
3280896.0,0.1515932608368859,0.2697403013699616,nan
3282944.0,0.24728554249531032,0.18706696866257883,nan
3284992.0,0.26615693313080474,0.1738613677810746,nan
3287040.0,0.15082194907390484,0.19832010216825782,nan
3289088.0,0.33141692450390725,0.09736737927542843,nan
3291136.0,0.30928789285132297,0.1633631470800918,nan
3293184.0,0.2991530011844081,0.19560711207206594,nan
3295232.0,0.16241165865762325,0.23945093291621777,nan
3297280.0,0.2086561948529983,0.20502806789218941,nan
3299328.0,0.3021145533854862,0.14465902846789633,nan
3301376.0,0.23136071445449874,0.16238571878846228,nan
3303424.0,0.3103657639795965,0.1462975305531302,nan
3305472.0,0.2530649683076164,0.21334204160092288,nan
3307520.0,0.1852602560309769,0.20500562294816618,nan
3309568.0,0.3274189450351591,0.12671965052506073,nan
3311616.0,0.2501721239944356,0.18857279289993548,69.07484407484407
3313664.0,0.2931105813040064,0.19475165631082805,nan
3315712.0,0.14865993848895803,0.27861140935491635,nan
3317760.0,0.26906815245265836,0.21069596442954142,nan
3319808.0,0.3262468448805096,0.09955089204751813,nan
3321856.0,0.17094696760614375,0.23221892991220336,nan
3323904.0,0.2354846924877705,0.17156295888633644,nan
3325952.0,0.18785618945085503,0.22332463785616957,nan
3328000.0,0.301588045537463,0.1548661475110957,nan
3330048.0,0.23277195245275445,0.19558074046482074,nan
3332096.0,0.23759561487521028,0.20491979595103874,nan
3334144.0,0.33050413282707647,0.10210580163622256,nan
3336192.0,0.13712512208588212,0.2199736550976524,nan
3338240.0,0.3458162544842409,0.052014907336460456,nan
3340288.0,0.27658967672331947,0.1858025839677082,nan
3342336.0,0.31189684217744085,0.18272485240705816,nan
3344384.0,0.24426910823486395,0.17778142134165892,nan
3346432.0,0.3355143940236553,0.11154326205580217,nan
3348480.0,0.23234653953255188,0.21073029029426982,nan
3350528.0,0.2381654649776725,0.17964231150561527,nan
3352576.0,0.1191749455252683,0.23475932522365825,nan
3354624.0,0.16058089724976768,0.2473494191348648,nan
3356672.0,0.3346657581418368,0.13667666539935067,nan
3358720.0,0.22193318458791833,0.2045638954931354,nan
3360768.0,-0.012221421173904498,0.2147541573643312,nan
3362816.0,0.20196557232631593,0.23902581955690694,nan
3364864.0,0.1826826733183327,0.25540980345862296,nan
3366912.0,0.18363852415620602,0.23843276088576806,nan
3368960.0,0.2692851554716814,0.19465722237352637,nan
3371008.0,0.24044577332707162,0.23774156667042107,nan
3373056.0,0.2595037859097981,0.1855610031983876,nan
3375104.0,0.33340313671185506,0.10270254092149521,nan
3377152.0,0.1595015615124154,0.2369764678178987,nan
3379200.0,0.19239393534469756,0.24258939315555783,nan
3381248.0,0.34227421311781836,0.060756445941389695,nan
3383296.0,0.16837805261174194,0.2594038677008548,nan
3385344.0,0.292553629799858,0.15988766366890877,nan
3387392.0,0.18719132856725118,0.23561320759386992,nan
3389440.0,0.2001867863702675,0.202053600339123,nan
3391488.0,0.18718354651295882,0.2284665502325627,nan
3393536.0,0.25772129643951636,0.18501543241186047,nan
3395584.0,0.23729347955375835,0.19384534406275675,nan
3397632.0,0.22952055149222136,0.22621638656798637,nan
3399680.0,0.2888740452209858,0.17656313885077232,nan
3401728.0,0.2528054284008001,0.19058121781060977,nan
3403776.0,0.25302516705124034,0.20056489988185922,nan
3405824.0,0.09433726152016683,0.1788620793570063,nan
3407872.0,0.1378014315693647,0.22612111563276333,nan
3409920.0,0.17598998392150095,0.19492475840973816,nan
3411968.0,0.3314637855232963,0.07255423727318898,64.76091476091474
3414016.0,0.15855825714529098,0.21643312899143347,nan
3416064.0,0.26545054818190156,0.19846726712273036,nan
3418112.0,0.32748401342470485,0.0805245666420741,nan
3420160.0,0.12049517348317787,0.23877628168473752,nan
3422208.0,0.15634463731678874,0.25250048095723066,nan
3424256.0,0.2901649751876932,0.1917868566039997,nan
3426304.0,0.27559968049942707,0.18179289282701877,nan
3428352.0,0.21954326365302257,0.24961688108794572,nan
3430400.0,0.08035630097481465,0.20240615631419867,nan
3432448.0,0.19654919889312886,0.20190746172014112,nan
3434496.0,0.2047369850747165,0.20071198776451385,nan
3436544.0,0.03720125369841376,0.20961649495983178,nan
3438592.0,0.07569143481817313,0.2160121533122837,nan
3440640.0,0.11765944085243123,0.2026465110619385,nan
3442688.0,0.16235389059518537,0.19782925566911264,nan
3444736.0,0.25061491906015515,0.19998098427270158,nan
3446784.0,0.284600790248526,0.18402330672660067,nan
3448832.0,0.2551835308581559,0.19860353868056496,nan
3450880.0,0.30495886648353965,0.15200062988292104,nan
3452928.0,0.3214970856366636,0.07388162109710977,nan
3454976.0,0.23019090656583932,0.17495279179572962,nan
3457024.0,0.20641658931639728,0.2213856889002925,nan
3459072.0,0.27338945332387377,0.17946268327178455,nan
3461120.0,0.2817766687086251,0.15295715245451438,nan
3463168.0,0.07707255445190633,0.25304522795160755,nan
3465216.0,0.26911455677780527,0.1792797482202105,nan
3467264.0,0.10866701473525506,0.20024264537665135,nan
3469312.0,0.19811840229966587,0.21679720501816735,nan
3471360.0,0.3242200437796927,0.138322207968557,nan
3473408.0,0.13787603921487038,0.24819965785015247,nan
3475456.0,0.28810708900836257,0.20982887487701046,nan
3477504.0,0.23297654432856862,0.2085107655052931,nan
3479552.0,0.26812843499774786,0.15861995185224478,nan
3481600.0,0.2258437931551376,0.2018272538730686,nan
3483648.0,0.22345219074310546,0.2361520864322351,nan
3485696.0,0.20916738074579533,0.22033222433896282,nan
3487744.0,0.24636595541001302,0.1925881960244086,nan
3489792.0,0.2720234344379761,0.16663066307077495,nan
3491840.0,0.17348675733003305,0.21183582877108395,nan
3493888.0,0.240740680708864,0.2072006689566258,nan
3495936.0,0.19166048454003434,0.2446472434630418,nan
3497984.0,0.2627675084947779,0.19371511278214712,nan
3500032.0,0.30562737096685594,0.1467750426481678,nan
3502080.0,0.18433850842323027,0.1952758598068404,nan
3504128.0,0.09998780778063998,0.23956348746642475,nan
3506176.0,0.3408378386508976,0.02378745313013155,nan
3508224.0,0.30781581095552624,0.1564920483613665,nan
3510272.0,0.22466881934557714,0.21633833466023228,nan
3512320.0,0.25784694277587195,0.1847117173677617,68.72141372141371
3514368.0,0.2807869227334191,0.14552828396469544,nan
3516416.0,0.23199528263568597,0.20602554486106953,nan
3518464.0,0.22175587264648283,0.21132740512162315,nan
3520512.0,0.2985625843562401,0.14916821019188675,nan
3522560.0,0.322195746393935,0.05807199860726983,nan
3524608.0,0.27693496484327434,0.174512008747958,nan
3526656.0,0.3242830547992405,0.03986141429227957,nan
3528704.0,0.20481610374541648,0.2411992337300394,nan
3530752.0,0.21176959010474905,0.19512656189520353,nan
3532800.0,0.2065763221973591,0.18396682499698097,nan
3534848.0,0.23827272561877438,0.23173893427108208,nan
3536896.0,0.28343749362529025,0.1546844375709406,nan
3538944.0,0.23609580655321574,0.1734100275732189,nan
3540992.0,0.2597116502902677,0.13387446400821323,nan
3543040.0,0.262474159463441,0.15482356394717087,nan
3545088.0,0.10786076452209667,0.22950200389484413,nan
3547136.0,0.07143689232756295,0.20897528810015709,nan
3549184.0,0.054127053955387305,0.24409595815426455,nan
3551232.0,0.16826887296113968,0.1987298418227509,nan
3553280.0,0.20601676469467434,0.22607176752027253,nan
3555328.0,0.29126815976751635,0.16878907875029311,nan
3557376.0,0.2651690323564259,0.187195471693737,nan
3559424.0,0.32486588570895464,0.08768794559843276,nan
3561472.0,0.32121062061829336,0.1261984546437155,nan
3563520.0,0.13525121813862503,0.2476612643361449,nan
3565568.0,0.2500901548413692,0.18775920070013355,nan
3567616.0,0.1682313196289355,0.2062495055805678,nan
3569664.0,0.23976907158767233,0.1567163128252438,nan
3571712.0,0.25478953174915014,0.20075964358587745,nan
3573760.0,0.26121565542628156,0.1839182950277191,nan
3575808.0,0.2996031027719246,0.12608421897091832,nan
3577856.0,0.174219420707577,0.2279439691878293,nan
3579904.0,0.2615704631800634,0.1686242376831801,nan
3581952.0,0.315797240791204,0.13327639309042602,nan
3584000.0,0.12378434009373536,0.23188047525059374,nan
3586048.0,0.24061574298328675,0.20668181111490969,nan
3588096.0,0.16664900247044023,0.2543410827761806,nan
3590144.0,0.3344671382473765,0.03071703225282534,nan
3592192.0,0.24753566019658385,0.18961094208912613,nan
3594240.0,0.3328689714293865,0.13366202468837188,nan
3596288.0,0.2672856338901003,0.20929999391600762,nan
3598336.0,0.2796258324022094,0.19873639605806037,nan
3600384.0,0.125243115492694,0.2325698874534141,nan
3602432.0,0.3346575735434746,0.14941900851252427,nan
3604480.0,0.3274462981447273,0.17113801885717086,nan
3606528.0,0.15085762259913693,0.20933767290239766,nan
3608576.0,0.15950991207698378,0.20803857091597844,nan
3610624.0,0.19597442010037802,0.19721738445279416,nan
3612672.0,0.033047265879339385,0.23279904795967873,49.01598644749508
3614720.0,0.04690584485501432,0.19194522890051732,nan
3616768.0,0.10207429235697271,0.200954980032673,nan
3618816.0,0.1866536053767332,0.21058202758370823,nan
3620864.0,0.28894211650228224,0.1503442206116949,nan
3622912.0,0.056763015499282934,0.2499166387127143,nan
3624960.0,0.15676314067117766,0.19709322328106313,nan
3627008.0,0.174114323414647,0.22590674488133702,nan
3629056.0,0.06801996492043763,0.2078257171168379,nan
3631104.0,0.31134726990007605,0.11416973053117246,nan
3633152.0,0.21512970101515097,0.20020164848615438,nan
3635200.0,0.30956222957786494,0.09178033428818422,nan
3637248.0,0.20658695173290864,0.1892952683344952,nan
3639296.0,0.29081080573333934,0.1389081880941194,nan
3641344.0,0.2758900636955298,0.17018916369604847,nan
3643392.0,0.2868195046335719,0.1974177013137897,nan
3645440.0,-0.020819497961339493,0.15210348093839995,nan
3647488.0,-0.023479713022435088,0.19780428327533597,nan
3649536.0,0.1738864652717843,0.23498799196395104,nan
3651584.0,0.09169017349656013,0.22632563833635927,nan
3653632.0,0.28628940046723084,0.1684829261635766,nan
3655680.0,0.0761241908072513,0.1733150978729184,nan
3657728.0,0.28984229065671835,0.16294534810315423,nan
3659776.0,0.14066438399381034,0.23495496621717865,nan
3661824.0,0.1952602919933738,0.1983565122500463,nan
3663872.0,0.2940206918611423,0.15129359011552054,nan
3665920.0,0.345920271941894,0.0469618013478367,nan
3667968.0,0.19299736750906243,0.2081872953434583,nan
3670016.0,0.3164796900732424,0.08810550989946221,nan
3672064.0,0.20375670993791245,0.21541441801051642,nan
3674112.0,0.26228594070528366,0.16406109795879606,nan
3676160.0,0.2825760480208872,0.1797871936114825,nan
3678208.0,0.32023028215989746,0.11746022345231771,nan
3680256.0,0.27680078382299206,0.18907398705503584,nan
3682304.0,0.24270687668897484,0.22117783186079934,nan
3684352.0,0.30443393970849497,0.1550316921223567,nan
3686400.0,0.20019364098288467,0.23031039304686404,nan
3688448.0,0.3051616445089642,0.16920335797471234,nan
3690496.0,0.2558774355841683,0.18335800152990425,nan
3692544.0,0.19451326424405718,0.20837908998828467,nan
3694592.0,0.319410800580288,0.11685050057017446,nan
3696640.0,0.03353600571163068,0.16813049390169515,nan
3698688.0,0.20128237070176536,0.2263080431652478,nan
3700736.0,0.15982289607158667,0.21763603415227692,nan
3702784.0,0.24808390443054523,0.19625532371345558,nan
3704832.0,0.2149829033706912,0.2519430811891698,nan
3706880.0,0.23802950382951787,0.2062326895495032,nan
3708928.0,0.16381311883979066,0.2263686906301266,nan
3710976.0,0.2882342815408663,0.181710729245555,nan
3713024.0,0.1478549081034502,0.24828777959638895,74.87525987525989
3715072.0,0.2536615521991674,0.16418312941337368,nan
3717120.0,0.08165038870050162,0.19219584840024806,nan
3719168.0,0.23116595217788,0.18754884139662198,nan
3721216.0,0.27937748292617104,0.1386850612140802,nan
3723264.0,0.25006384053692055,0.20996969219414752,nan
3725312.0,0.35204604136936923,0.05023198446155827,nan
3727360.0,0.30289097075150057,0.1406944191757826,nan
3729408.0,0.1463872210818572,0.2564825554519009,nan
3731456.0,0.17664470763940135,0.2263048194851967,nan
3733504.0,0.31546546439764345,0.12866041292557898,nan
3735552.0,0.10857616986400795,0.23692524331800835,nan
3737600.0,0.20252630373274816,0.20526476922016873,nan
3739648.0,0.3404476910106203,0.07414059942771731,nan
3741696.0,0.054425718122929234,0.21520503407490071,nan
3743744.0,0.28595184712948385,0.19036840377519745,nan
3745792.0,0.24740314918847645,0.1711319917460943,nan
3747840.0,0.25765925133931633,0.15157785776117888,nan
3749888.0,0.07457958643742593,0.22797052751514166,nan
3751936.0,0.22345491709423718,0.22126501211413335,nan
3753984.0,0.32637885382143494,0.1466635893067103,nan
3756032.0,0.32915109719772173,0.0904836795356628,nan
3758080.0,0.3214467513368807,0.013434739992758507,nan
3760128.0,0.2087513375002243,0.225232030567073,nan
3762176.0,-0.058834383835398366,0.1725447124335513,nan
3764224.0,0.17021912843195885,0.21688926517894716,nan
3766272.0,0.1499224846445616,0.25362324013060156,nan
3768320.0,0.21241570999775697,0.22873089653598533,nan
3770368.0,0.2529722584136167,0.20827880948007516,nan
3772416.0,0.21477443929616766,0.24161868607406034,nan
3774464.0,0.1702652141867372,0.20595088950049945,nan
3776512.0,0.24388917227160817,0.17204687206797314,nan
3778560.0,0.14238762114271686,0.2269025674866671,nan
3780608.0,0.15543271287453853,0.25293092664461597,nan
3782656.0,0.17896759917095922,0.21822985038790282,nan
3784704.0,0.27012549255056895,0.19291072574710405,nan
3786752.0,0.2783164794356668,0.17886687775772478,nan
3788800.0,0.20134750782300492,0.21730623419340764,nan
3790848.0,0.32483573476992655,0.058609779555029565,nan
3792896.0,0.1441682745027174,0.22191053570293007,nan
3794944.0,0.2541231694744644,0.18516013733137646,nan
3796992.0,0.1500697354423043,0.2217392489617977,nan
3799040.0,0.25346556201223386,0.15530018944802834,nan
3801088.0,0.2601249208954455,0.17792229592031283,nan
3803136.0,0.2003941512073134,0.19558258688374267,nan
3805184.0,0.22403925347989317,0.19117357841838942,nan
3807232.0,0.05743327532693442,0.24700113173606397,nan
3809280.0,0.23885375472122725,0.1770139864859354,nan
3811328.0,0.11599837527255588,0.15828778670067145,nan
3813376.0,0.19453731992905773,0.22571890755683333,42.80665280665281
3815424.0,0.22444441242732938,0.18739259586210566,nan
3817472.0,0.10355278050874583,0.20182729653626064,nan
3819520.0,0.2312702617282054,0.18012253800064626,nan
3821568.0,0.2991296424520147,0.1531858155585229,nan
3823616.0,0.1657132783383307,0.22621222852650738,nan
3825664.0,0.264159369581272,0.18575828922070461,nan
3827712.0,0.2466946500480216,0.19188826571099882,nan
3829760.0,0.29718852314838823,0.15229857669877803,nan
3831808.0,0.2766058193074079,0.16165191318857436,nan
3833856.0,0.073281336076054,0.24347487981646337,nan
3835904.0,0.16267128403336362,0.24366485397091744,nan
3837952.0,0.05914795008820896,0.23601578223124775,nan
3840000.0,0.11132891687896222,0.20863504106837474,nan
3842048.0,0.3235061210195159,0.1357387483227559,nan
3844096.0,0.23614419772262224,0.18813387833608478,nan
3846144.0,0.22753642619707276,0.19729605001003853,nan
3848192.0,0.29406656940904724,0.16510596044981846,nan
3850240.0,0.21958975903877836,0.1994644682454372,nan
3852288.0,0.22078904001456548,0.19602564295087255,nan
3854336.0,0.2504286183267899,0.17860787311687207,nan
3856384.0,0.18186118382778743,0.2034205814240839,nan
3858432.0,0.2660402871107821,0.1679721540736919,nan
3860480.0,0.2528771523698971,0.16907089705741,nan
3862528.0,0.3189980210031801,0.09060012226027353,nan
3864576.0,0.18369276942127866,0.19121760031980495,nan
3866624.0,0.11170413425026661,0.22620440497073094,nan
3868672.0,0.09883699875383496,0.20178911269227268,nan
3870720.0,0.14910139372156575,0.20565193143050534,nan
3872768.0,0.15557199213209905,0.20107313448113545,nan
3874816.0,0.2653667125588347,0.15200762029588052,nan
3876864.0,0.24348974160663917,0.18720827493978345,nan
3878912.0,0.2645398825846106,0.17399963694621542,nan
3880960.0,0.2675247903929894,0.1783418740857799,nan
3883008.0,0.2137657699236278,0.1961359128824292,nan
3885056.0,0.23641671340871878,0.18673192073369796,nan
3887104.0,0.26808507435597145,0.16303906314023373,nan
3889152.0,0.294818330597209,0.12766757485683533,nan
3891200.0,0.20550505545613207,0.20096406313764756,nan
3893248.0,0.20660222665791794,0.2122594633999071,nan
3895296.0,0.12345402750252307,0.22661597455715227,nan
3897344.0,0.2723873723127566,0.16669324026261095,nan
3899392.0,0.3447954458589869,0.09673850804831702,nan
3901440.0,0.13547920734078217,0.234021472605879,nan
3903488.0,0.18739457963929973,0.2227199567588749,nan
3905536.0,0.10477904689669892,0.24721436751212494,nan
3907584.0,0.3362833527501188,0.11379447340347526,nan
3909632.0,0.3444062874454046,0.08102108841677919,nan
3911680.0,0.25597463298826345,0.20587165446223546,nan
3913728.0,0.2294133956406741,0.1845256710911572,78.60749073947044
3915776.0,0.2363427586379077,0.17692655318165898,nan
3917824.0,0.2686280384743068,0.1986103133329844,nan
3919872.0,0.2755391485664688,0.12816564568648042,nan
3921920.0,0.19283876160700242,0.2255873240709397,nan
3923968.0,0.24484949053999583,0.1941764294951057,nan
3926016.0,0.31014452697762246,0.13230365914845874,nan
3928064.0,0.24629379278666758,0.15729279888813769,nan
3930112.0,0.32792324029812536,0.13780576653737675,nan
3932160.0,0.32143852052272304,0.09901712933051607,nan
3934208.0,0.2215825825739874,0.20715993225303841,nan
3936256.0,0.09932350651473205,0.22334710088015472,nan
3938304.0,0.3250911846068188,0.11763854235782964,nan
3940352.0,0.3243552036562609,0.0672584814350624,nan
3942400.0,0.3160565694230998,0.10190029677937765,nan
3944448.0,0.33070469752980797,0.09685761697353125,nan
3946496.0,0.2863768695351325,0.14161035860337215,nan
3948544.0,0.25007382885439766,0.19825031013949973,nan
3950592.0,0.2571954935176311,0.20808431084007414,nan
3952640.0,0.1825829516064597,0.2330166946761286,nan
3954688.0,0.3237461979317425,0.08344824972630747,nan
3956736.0,0.19846255773875196,0.228077276026408,nan
3958784.0,0.36467171546986904,0.04401885654350953,nan
3960832.0,0.26550588643410206,0.1798281242951138,nan
3962880.0,0.28790413254129044,0.16773728251254316,nan
3964928.0,0.2596738160771587,0.20600280001405405,nan
3966976.0,0.19424249277758465,0.2288886720682711,nan
3969024.0,0.20613532104444562,0.2444428973647656,nan
3971072.0,0.27883621645559725,0.19190782581099083,nan
3973120.0,0.22364304695296774,0.2298708743674912,nan
3975168.0,0.04371709168355624,0.23669434902616296,nan
3977216.0,0.2348579753148633,0.2443109436280805,nan
3979264.0,0.270716632766428,0.1656579684211104,nan
3981312.0,0.3188435165338024,0.08330706437339713,nan
3983360.0,0.2740650293098543,0.17734733241158032,nan
3985408.0,0.3379324948616379,0.1186522433404693,nan
3987456.0,0.31481044298806127,0.10293372336787689,nan
3989504.0,0.22351022550963429,0.2037671205062987,nan
3991552.0,0.3425941175937942,0.10753286673016076,nan
3993600.0,0.22907243636284116,0.21935893700681877,nan
3995648.0,0.1903749121288433,0.2020283330272628,nan
3997696.0,0.33369588931721095,0.01869697322638101,nan
3999744.0,0.22371678525470706,0.21456602879484704,nan
4001792.0,0.3382061654265288,0.12277410628336001,nan
4003840.0,0.24898633514914487,0.21658796822655996,nan
4005888.0,0.3328240101305671,0.12587914506131,nan
4007936.0,0.30510040137680344,0.18687084278128974,nan
4009984.0,0.2927498151725235,0.18993943039765995,nan
4012032.0,0.2525461048808205,0.2195823080162791,nan
4014080.0,0.21628200003338624,0.19777565807268976,79.60498960498961
4016128.0,0.1886639616920921,0.23360866167149913,nan
4018176.0,0.1892094608343753,0.2132170151299653,nan
4020224.0,0.20855224046480916,0.24681196265985575,nan
4022272.0,0.06698857895499026,0.1925787868871892,nan
4024320.0,0.1004687126363556,0.22237051543365305,nan
4026368.0,0.3287544010322311,0.10766001982058863,nan
4028416.0,0.2506444158100878,0.19399182421924407,nan
4030464.0,0.3172962520849003,0.15000836724161565,nan
4032512.0,0.20938596928372516,0.22330063829192648,nan
4034560.0,0.22744905299865587,0.19271535412253904,nan
4036608.0,0.2834373805323883,0.18817797722976137,nan
4038656.0,0.2569114736957765,0.16126617737444499,nan
4040704.0,0.1431604835701316,0.21752783175114546,nan
4042752.0,0.240785650977701,0.18279618480546092,nan
4044800.0,0.34879560759147044,0.07615797071432912,nan
4046848.0,0.09071243382624025,0.218593987235706,nan
4048896.0,0.2596298359194674,0.212255889417716,nan
4050944.0,0.2285120621326993,0.18501462201813607,nan
4052992.0,0.30380966764583883,0.1628911555430028,nan
4055040.0,0.2513107572023279,0.19296222627102133,nan
4057088.0,0.3137830708974162,0.09281573163756132,nan
4059136.0,0.2586283987673895,0.18327746406029832,nan
4061184.0,0.1745375683821328,0.2159356067142688,nan
4063232.0,0.24177709714576986,0.22008504747234428,nan
4065280.0,0.255403542545048,0.17006234845113602,nan
4067328.0,0.26352825525300577,0.1573393904763973,nan
4069376.0,0.26189630523231644,0.17444728946120633,nan
4071424.0,0.20766714370219955,0.23872143141232738,nan
4073472.0,0.1912817455016435,0.22257110869007754,nan
4075520.0,0.22619874624617364,0.19022739123203702,nan
4077568.0,0.3131077698740734,0.17540936638252927,nan
4079616.0,0.1117234125877263,0.22751877494746975,nan
4081664.0,0.2835672939716229,0.1649309536767596,nan
4083712.0,0.2413199989133602,0.21999047852562237,nan
4085760.0,0.12848880526141418,0.2481862223090421,nan
4087808.0,0.30418754472929144,0.1682309431143099,nan
4089856.0,0.251414290366615,0.18983782799802554,nan
4091904.0,0.20421814049189788,0.23362843490834845,nan
4093952.0,0.20568856548255537,0.2448773604587501,nan
4096000.0,0.21426655519407226,0.21847922292468389,nan
4098048.0,0.12852062759583108,0.23770581783692166,nan
4100096.0,0.24320339868096746,0.23883114095441302,nan
4102144.0,0.29347565261700737,0.16873584421572396,nan
4104192.0,0.30196797703469613,0.14736160864693448,nan
4106240.0,0.336446384617896,0.11843133753150084,nan
4108288.0,0.23624656984651948,0.19862114449461588,nan
4110336.0,0.19531061722657816,0.25801068815693984,nan
4112384.0,0.18301556674370742,0.2387699622634162,nan
4114432.0,0.2966829992490658,0.16215341189439916,64.4585629570316
4116480.0,0.29653189305724253,0.1988859438005552,nan
4118528.0,0.2670194895313749,0.194907780853536,nan
4120576.0,0.28502592924945525,0.189569549739039,nan
4122624.0,0.25212428382422764,0.19091202129584042,nan
4124672.0,0.18252445704300413,0.26047984331974555,nan
4126720.0,0.20182497288970497,0.2314472005757629,nan
4128768.0,0.2793372357838023,0.19634179664397722,nan
4130816.0,0.31576379715992664,0.10535626105623348,nan
4132864.0,0.3396696515333068,0.11368843420059901,nan
4134912.0,0.2994653203968585,0.16001721874111147,nan
4136960.0,0.20211250871816572,0.24042449839571722,nan
4139008.0,0.31887287174646706,0.1541196544342148,nan
4141056.0,0.1773491254083231,0.2530146671604902,nan
4143104.0,0.268376702128711,0.18554489081857528,nan
4145152.0,0.22142264367541642,0.2145193795850994,nan
4147200.0,0.31050535439328913,0.15719976511202496,nan
4149248.0,0.2848725793300336,0.18058928374617966,nan
4151296.0,0.32628861533834036,0.12244451394374799,nan
4153344.0,0.26643872032447075,0.20707312773199765,nan
4155392.0,0.31528737484656144,0.150763901804173,nan
4157440.0,0.17180866897244107,0.21743539047571397,nan
4159488.0,0.279088487674959,0.17117065802533332,nan
4161536.0,0.07767256634711131,0.22217831939017213,nan
4163584.0,0.27645775571202924,0.169628361227822,nan
4165632.0,0.3159707412846786,0.12333511875025756,nan
4167680.0,0.10807494497892464,0.2320119512595908,nan
4169728.0,0.2931370299593228,0.15853781663603844,nan
4171776.0,0.2781650382863536,0.17259317410276612,nan
4173824.0,0.33489456175795923,0.056797273519774566,nan
4175872.0,0.34111118041554217,0.059816899984779036,nan
4177920.0,0.21270777776297312,0.22761454397470174,nan
4179968.0,0.16340925552962288,0.256943990753473,nan
4182016.0,0.34564575099835815,0.07240106197364539,nan
4184064.0,0.3225744585735212,0.1270816401923916,nan
4186112.0,0.3268597520973503,0.062040982004327665,nan
4188160.0,0.34926497162325126,0.07717792669866079,nan
4190208.0,0.23041982503627656,0.22638770156617333,nan
4192256.0,0.2796872510718958,0.16771848549104665,nan
4194304.0,0.21424551256478547,0.23318445069084368,nan
4196352.0,0.3113469122078998,0.1489094483850823,nan
4198400.0,0.18767237642388007,0.2142741386037235,nan
4200448.0,0.24354901795752198,0.20465119159788736,nan
4202496.0,0.3514637711810102,0.08527115790852295,nan
4204544.0,0.33871751332912814,0.11610313465047561,nan
4206592.0,0.24835301307995014,0.22225013901219118,nan
4208640.0,0.19654724297881326,0.2416175107202582,nan
4210688.0,0.26800208210755505,0.18314353900077265,nan
4212736.0,0.2578547310816528,0.19347192345411557,nan
4214784.0,0.26864751001479326,0.20468864291064598,89.59459459459461
4216832.0,0.30122011966609974,0.13995438186928036,nan
4218880.0,0.3288481528812589,0.11383858946436574,nan
4220928.0,0.3376985209591237,0.07975842809002409,nan
4222976.0,0.16863294114004826,0.23113069215169532,nan
4225024.0,0.25104540762821176,0.18667275243261167,nan
4227072.0,0.31159385953913654,0.16332405467575295,nan
4229120.0,0.17279995980205376,0.24021386427242175,nan
4231168.0,0.27004644653345966,0.201016582233002,nan
4233216.0,0.3344665657379578,0.08169128634423524,nan
4235264.0,0.32916021579576865,0.13797938448316394,nan
4237312.0,0.23546878652001293,0.2015505309270166,nan
4239360.0,0.2258016240451151,0.24036438488284756,nan
4241408.0,0.27887230433776766,0.201273209466409,nan
4243456.0,0.18040692443974707,0.21643136418326137,nan
4245504.0,0.18949768387195903,0.26340563245483173,nan
4247552.0,-0.04831479581958985,0.17498583349000071,nan
4249600.0,0.07482225043011126,0.179447551792778,nan
4251648.0,0.17786870898299498,0.2153955943332909,nan
4253696.0,0.15067384441159185,0.2126460505632374,nan
4255744.0,0.2688248833973935,0.1696207652717737,nan
4257792.0,0.06955235027467699,0.21701082023836726,nan
4259840.0,0.08252747623035267,0.21110150580778417,nan
4261888.0,0.35233809595576515,0.04575668713597943,nan
4263936.0,0.29600887383415386,0.1662921248936865,nan
4265984.0,0.13062327077260072,0.2101960592708291,nan
4268032.0,0.1783016731293769,0.20621401769579897,nan
4270080.0,0.31343642801533356,0.14350799375967924,nan
4272128.0,0.22337213849922652,0.19926865814419983,nan
4274176.0,0.23147275041863913,0.22359848196163976,nan
4276224.0,0.31260823041404484,0.11156351811097849,nan
4278272.0,0.3752207264846422,0.026124579799374017,nan
4280320.0,0.2693169846077841,0.18678217585364107,nan
4282368.0,0.33287180427199053,0.12413752462793766,nan
4284416.0,0.2709303000995388,0.17068896651110346,nan
4286464.0,0.3181345257384245,0.15453358162469938,nan
4288512.0,0.13907818406645595,0.22926722316446604,nan
4290560.0,0.23839630994088076,0.22783662286851372,nan
4292608.0,0.2265604759089419,0.24455818178420966,nan
4294656.0,0.34920648340965943,0.09461887750011015,nan
4296704.0,0.3146547047923588,0.12218174497927096,nan
4298752.0,0.3181443009285934,0.10281543382692225,nan
4300800.0,0.2553241221493161,0.1996380623455956,nan
4302848.0,0.29049124264338627,0.14802322300299794,nan
4304896.0,0.2022650721994973,0.21405471913131505,nan
4306944.0,0.3125425291723654,0.1263854002047238,nan
4308992.0,0.27502536898117586,0.1893598857644865,nan
4311040.0,0.3267927317486893,0.11712563191871306,nan
4313088.0,0.25067826879124766,0.18068709220983067,nan
4315136.0,0.3178655875862595,0.10032137723837597,87.78586278586279
4317184.0,0.29796378339098,0.12222528841351431,nan
4319232.0,0.26979848832597714,0.20412763275286047,nan
4321280.0,0.2566828878610239,0.21352859952733683,nan
4323328.0,0.21435215640859936,0.21197078830509142,nan
4325376.0,0.20026642550708645,0.21162942225807463,nan
4327424.0,0.29989732525827895,0.17725294145362638,nan
4329472.0,0.33691050644896275,0.1266847336456051,nan
4331520.0,0.2305732919823409,0.21971223322953795,nan
4333568.0,0.29965507271242936,0.1321069465835657,nan
4335616.0,0.3026426227647415,0.14337823968045,nan
4337664.0,0.27028395277871453,0.18307285333815407,nan
4339712.0,0.2981955330817058,0.1511153311241232,nan
4341760.0,0.2510875513589821,0.16792103514407353,nan
4343808.0,0.30954052723731496,0.11120716687573151,nan
4345856.0,0.1572308628547707,0.214256252513028,nan
4347904.0,0.17765524150683465,0.23540949840352784,nan
4349952.0,0.2007579191257233,0.22012467169714273,nan
4352000.0,0.1264743012974366,0.25564771709827017,nan
4354048.0,0.12487750717205176,0.2658187047196276,nan
4356096.0,0.2263474129087651,0.17566028120005414,nan
4358144.0,0.3143438119435499,0.09874062952066526,nan
4360192.0,0.15371672342381204,0.16655742693176487,nan
4362240.0,0.14128992498866122,0.2072479487235942,nan
4364288.0,0.18288065517257704,0.22325024701935972,nan
4366336.0,0.29739390928490206,0.1321189757027398,nan
4368384.0,0.15942860186989,0.24815371974128925,nan
4370432.0,0.21582630542454245,0.2040937006007918,nan
4372480.0,0.15696227466684795,0.1658534136586217,nan
4374528.0,0.22659263057532505,0.14817825183075942,nan
4376576.0,0.262843065648842,0.17823776692799206,nan
4378624.0,0.10550257337668126,0.20622490876189178,nan
4380672.0,0.2430247856661509,0.17556290735837518,nan
4382720.0,0.22109233558548297,0.1836757645303473,nan
4384768.0,0.12630643101058273,0.2412131806279224,nan
4386816.0,0.31079192404350253,0.08858576948143305,nan
4388864.0,0.29077912788291027,0.1472225071009419,nan
4390912.0,0.2732757696286609,0.17571063712985951,nan
4392960.0,0.3099230118050267,0.09881152489203744,nan
4395008.0,0.24086826592810467,0.1823913600360191,nan
4397056.0,0.27023365707891484,0.15355023229075782,nan
4399104.0,0.24981199866782963,0.18838153649035178,nan
4401152.0,0.3074193915911204,0.11002936955330486,nan
4403200.0,0.27547796000080677,0.16120233724469155,nan
4405248.0,0.1509679583158507,0.23663388029266993,nan
4407296.0,0.3212518249394405,0.0893501325675858,nan
4409344.0,0.21192078529651392,0.23692268425874943,nan
4411392.0,0.22091613623634432,0.20521709779942895,nan
4413440.0,0.2609314201991952,0.18129501914976232,nan
4415488.0,0.26691560670358605,0.1804783494461566,76.1018711018711
4417536.0,0.2634808669725858,0.17572302514757981,nan
4419584.0,0.34024042988999403,0.13821928707649708,nan
4421632.0,0.2665888069705602,0.20552888816850357,nan
4423680.0,0.2930498797605254,0.16086089204111578,nan
4425728.0,0.2502468836130873,0.2044973467912903,nan
4427776.0,0.3326080769922328,0.1414684857207191,nan
4429824.0,0.11989356179340241,0.2244072842527293,nan
4431872.0,0.02555914277540408,0.19947894644853398,nan
4433920.0,0.14242384791283358,0.21965789523349077,nan
4435968.0,0.22608703427318752,0.18806414161113558,nan
4438016.0,0.2912620344387591,0.16057103701459063,nan
4440064.0,0.2893556310624794,0.15939396440056572,nan
4442112.0,0.28985512595683793,0.1713018313944161,nan
4444160.0,0.19737345290389707,0.22705540437503524,nan
4446208.0,0.33298390966252667,0.13458122002833003,nan
4448256.0,0.10934551698454448,0.20334166630793937,nan
4450304.0,0.20223741274921941,0.21071826834105542,nan
4452352.0,0.3148826154389417,0.15505397705508955,nan
4454400.0,0.19443345397724485,0.23600722997658788,nan
4456448.0,0.2683483777837658,0.18036839829343376,nan
4458496.0,0.09049746232787638,0.22846416451728788,nan
4460544.0,0.15972667595582887,0.24672019502558015,nan
4462592.0,0.1652249968140806,0.23513911639215718,nan
4464640.0,0.2672848604703137,0.20492022948508803,nan
4466688.0,0.32472507149794544,0.11608038107162806,nan
4468736.0,0.2322398329413452,0.22417393868705865,nan
4470784.0,0.27714091595453244,0.22018422161276247,nan
4472832.0,0.15793008818465365,0.19777957701426344,nan
4474880.0,0.08397526322061619,0.2078065013216579,nan
4476928.0,0.25129462035237365,0.18059622433821804,nan
4478976.0,0.2913013949574781,0.17408332143270344,nan
4481024.0,0.289320985599476,0.15973066404651157,nan
4483072.0,0.23436400986590677,0.2319911362973339,nan
4485120.0,0.2973181947914527,0.17187995682587726,nan
4487168.0,0.3070893941737657,0.14889974811913922,nan
4489216.0,0.28356495655230607,0.1766295121764697,nan
4491264.0,0.12360589162448664,0.1770116279963469,nan
4493312.0,0.22771258282146933,0.17911092721813598,nan
4495360.0,0.20647067970300292,0.2104268525328326,nan
4497408.0,0.2160137677830753,0.21207732121535494,nan
4499456.0,0.28860450542504223,0.13587836104656198,nan
4501504.0,0.08409549844556992,0.2220595937374051,nan
4503552.0,0.10596316053539354,0.2435886506231628,nan
4505600.0,0.24210465351825378,0.16597281447036108,nan
4507648.0,0.23329246044815283,0.17482436901979723,nan
4509696.0,0.2552570478351379,0.18735112651905275,nan
4511744.0,0.22098385181525615,0.2254997122732468,nan
4513792.0,0.3051295930736758,0.19399095076703002,nan
4515840.0,0.34357270980439664,0.023947385132525967,71.4137214137214
4517888.0,0.23780888715832785,0.1936473588558619,nan
4519936.0,0.10723128356025921,0.20683840900458514,nan
4521984.0,0.2223787715948049,0.17962980458843586,nan
4524032.0,0.19998899201368997,0.1995884115637133,nan
4526080.0,0.21566121144183786,0.19561138516001605,nan
4528128.0,0.17804405486732267,0.1974676800117471,nan
4530176.0,0.27005572909466,0.2006131617167589,nan
4532224.0,0.19740028246498423,0.22806746654523763,nan
4534272.0,0.2626626833134459,0.19400340079535575,nan
4536320.0,0.2524390842511763,0.17638681772292306,nan
4538368.0,0.2931512078990557,0.1369545629066571,nan
4540416.0,-0.04327637876419636,0.21634860846000828,nan
4542464.0,0.3057659314314212,0.1150706344692948,nan
4544512.0,0.0857010796104436,0.24086055008041873,nan
4546560.0,0.07516688441811555,0.21866627262115984,nan
4548608.0,0.2863461959504405,0.11612949454091308,nan
4550656.0,0.20101148331336743,0.21175774081826643,nan
4552704.0,0.2851452490170796,0.1671154838717599,nan
4554752.0,0.33045386638426455,0.08488062630594011,nan
4556800.0,0.3117217474350065,0.14594650196638062,nan
4558848.0,0.27846151674872693,0.16166371783500685,nan
4560896.0,0.22930325507798002,0.226012319995487,nan
4562944.0,0.3253803601600089,0.11453543844085357,nan
4564992.0,0.28112645012832527,0.1682746107323851,nan
4567040.0,0.24046222044427387,0.20198799493370603,nan
4569088.0,0.2907851418831433,0.13324380927664806,nan
4571136.0,0.29124226999105396,0.12229335415568438,nan
4573184.0,0.3158058432569769,0.040576222915496916,nan
4575232.0,0.1592230254667365,0.22368332381570713,nan
4577280.0,0.17861748660646892,0.20566533953099359,nan
4579328.0,0.2742258841650687,0.17598409730414077,nan
4581376.0,0.277346431137527,0.157144516189223,nan
4583424.0,0.32386410346584166,0.11593473386194689,nan
4585472.0,0.15319992415788225,0.2429559235506047,nan
4587520.0,0.18207311968469186,0.23743740615632467,nan
4589568.0,0.2634289613782954,0.19976655288137324,nan
4591616.0,0.28439185268643297,0.14977011022822379,nan
4593664.0,0.28050274605404046,0.10997187312313451,nan
4595712.0,0.2634774065513333,0.16137755621464983,nan
4597760.0,0.298850426589657,0.0994731048561116,nan
4599808.0,0.3195289337379219,0.10397478214775953,nan
4601856.0,0.3208535741783697,0.11332247214611442,nan
4603904.0,0.2144577457967548,0.19575905935126348,nan
4605952.0,0.2875223783373486,0.16697855145879142,nan
4608000.0,0.22210710390993482,0.22410800694687247,nan
4610048.0,0.3266127228284187,0.05650758476128759,nan
4612096.0,0.31102283257222557,0.08893469878162856,nan
4614144.0,0.23987268355801974,0.18993679061408875,nan
4616192.0,0.2897987251518815,0.1500316859698666,77.40124740124739
4618240.0,0.28174392506184964,0.170841603644219,nan
4620288.0,0.2570761194470671,0.1675360770583246,nan
4622336.0,0.2927092043595813,0.14591944086738742,nan
4624384.0,0.25206989077776737,0.17959921661046854,nan
4626432.0,0.31904391731266085,0.09571857249549208,nan
4628480.0,0.30565106887362237,0.1211473784858153,nan
4630528.0,0.3300211943491673,0.08641206744421864,nan
4632576.0,0.2238596729216539,0.18057489845696134,nan
4634624.0,0.31801543318945635,0.11520113355520015,nan
4636672.0,0.31505384094819494,0.07464177510814632,nan
4638720.0,0.23490108223217654,0.1929306460035745,nan
4640768.0,0.13541683240699143,0.22968822683486362,nan
4642816.0,0.22478750431442115,0.19132861732266576,nan
4644864.0,0.20725140811993092,0.19618322170156768,nan
4646912.0,0.14723331809410678,0.251695171311983,nan
4648960.0,0.216457729737814,0.17858805114153847,nan
4651008.0,0.2738170853282792,0.1616537954350651,nan
4653056.0,0.31276092547771794,0.12574032621869802,nan
4655104.0,0.3059574077933813,0.12093955172786118,nan
4657152.0,0.296098834010442,0.13106325212478528,nan
4659200.0,0.2874319577281447,0.137146139359743,nan
4661248.0,0.304727578387442,0.12300987065918205,nan
4663296.0,0.25730134822792117,0.16619535520302767,nan
4665344.0,0.31185667902513053,0.09858964619107025,nan
4667392.0,0.29414472543086656,0.11801830345102292,nan
4669440.0,0.3129318532119341,0.09115885873732676,nan
4671488.0,0.26187665355717893,0.17578566468388135,nan
4673536.0,0.28299825863160255,0.14293514970314325,nan
4675584.0,0.2882989868649053,0.14412852656353473,nan
4677632.0,0.3133158738209693,0.09941950495682428,nan
4679680.0,0.2848778139063226,0.164221194693998,nan
4681728.0,0.31943585889939613,0.1013941140986329,nan
4683776.0,0.34768871723636363,0.06777722722906424,nan
4685824.0,0.2815000080776384,0.14602329395357283,nan
4687872.0,0.2689982729179643,0.1682818214846068,nan
4689920.0,0.3257056465431821,0.09956244027128462,nan
4691968.0,0.12361553833411945,0.2537699297945629,nan
4694016.0,0.22737011908849858,0.2207988771443542,nan
4696064.0,0.2806815443342423,0.12205211173541579,nan
4698112.0,0.32687423913221014,0.07362382284183489,nan
4700160.0,0.3043306603759178,0.11795873320222929,nan
4702208.0,0.16358408893784054,0.2305023296880288,nan
4704256.0,0.23839826375593384,0.2073470437373869,nan
4706304.0,0.20883762069578773,0.19951984268738263,nan
4708352.0,0.29982736275332367,0.14550357688855697,nan
4710400.0,0.29634401448280173,0.120294787911417,nan
4712448.0,0.31270509314717265,0.09081777324615245,nan
4714496.0,0.30909926177996494,0.13060009518614393,nan
4716544.0,0.3011007440503034,0.10406001226008908,86.94386694386695
4718592.0,0.2210178238296674,0.1933185397018451,nan
4720640.0,0.2972317694101969,0.11630600715722166,nan
4722688.0,0.31642580885205773,0.09787123171004013,nan
4724736.0,0.2887008051730993,0.13320053409995514,nan
4726784.0,0.19632579045019877,0.20580088107715638,nan
4728832.0,0.3122528897552004,0.10057742191675748,nan
4730880.0,0.284657397236294,0.16919792937193193,nan
4732928.0,0.20241760174190268,0.21779977101827633,nan
4734976.0,0.1950523773937834,0.23212325584949012,nan
4737024.0,0.25918880648049913,0.160586474771593,nan
4739072.0,0.26463564208725865,0.20013746542614738,nan
4741120.0,0.17639224378694826,0.23164281161217,nan
4743168.0,0.2828182391714441,0.1624335130667102,nan
4745216.0,0.245777035203514,0.1896614750746723,nan
4747264.0,0.23276119895516087,0.1783560971530994,nan
4749312.0,0.24991035243124615,0.17247655353300873,nan
4751360.0,0.3116154131886515,0.09804537011063848,nan
4753408.0,0.29620612972318994,0.1126198672784743,nan
4755456.0,0.3063589389366871,0.08884718580439756,nan
4757504.0,0.2938426863926984,0.0924690040116453,nan
4759552.0,0.2745930759105102,0.16586971358348113,nan
4761600.0,0.25809398811753026,0.15032047681638316,nan
4763648.0,0.2106603433700144,0.1570759665839953,nan
4765696.0,0.204838584150838,0.1348372601300978,nan
4767744.0,0.14100872655232927,0.18289055176737098,nan
4769792.0,0.1414012261960278,0.21395686101227016,nan
4771840.0,0.27514485896298124,0.12246609318428149,nan
4773888.0,0.2028977049184465,0.17589140323720098,nan
4775936.0,0.22519935241157885,0.1717104679290177,nan
4777984.0,0.20359840234873033,0.1641379981624353,nan
4780032.0,0.2757755567736331,0.11334160140795885,nan
4782080.0,0.3060087193992814,0.11339670013419816,nan
4784128.0,0.16497889775007252,0.1889026576224122,nan
4786176.0,0.26046227347190776,0.13694116149162588,nan
4788224.0,0.23884775515157503,0.13813128900050925,nan
4790272.0,0.2584092445905935,0.15783222598658614,nan
4792320.0,0.2563468349934438,0.16772726053710887,nan
4794368.0,0.29837146997448777,0.14245375510451289,nan
4796416.0,0.25219354595594357,0.16604706048709192,nan
4798464.0,0.21613038805037932,0.1872187101670134,nan
4800512.0,0.1908019307697227,0.20493663189884428,nan
4802560.0,0.2936166653646669,0.13625382763096103,nan
4804608.0,0.29623756060909,0.11882316381188995,nan
4806656.0,0.3317373183788847,0.0838511080778454,nan
4808704.0,0.256731410004162,0.1723359427549772,nan
4810752.0,0.31998228301712683,0.09257831460520603,nan
4812800.0,0.30383992708549223,0.11527331269003274,nan
4814848.0,0.31629434548114566,0.09831253181779896,nan
4816896.0,0.3340154916886297,0.07373458064951033,89.57380457380457
4818944.0,0.2550562698775857,0.19224409365964062,nan
4820992.0,0.29696664604789264,0.17183493553245133,nan
4823040.0,0.15111248700270416,0.22703316285926345,nan
4825088.0,0.30748211318185104,0.12412594617275977,nan
4827136.0,0.1531749992136366,0.21663238784143635,nan
4829184.0,0.30480424258590066,0.13126615545401513,nan
4831232.0,0.3091492139264439,0.10075058652388197,nan
4833280.0,0.31277558930970667,0.08191433030528746,nan
4835328.0,0.2672196195305661,0.16943750875390168,nan
4837376.0,0.26915141378339913,0.16880679649276165,nan
4839424.0,0.28394229289473527,0.1432889150287757,nan
4841472.0,0.2654000435242646,0.15564906479326673,nan
4843520.0,0.2778955076911513,0.148398574907359,nan
4845568.0,0.3317428479374964,0.06119536583329104,nan
4847616.0,0.24378320884849275,0.17629474715911775,nan
4849664.0,0.2989611089836237,0.12347356167979977,nan
4851712.0,0.280476987794819,0.1399201248686316,nan
4853760.0,0.29855588036552716,0.11803258806047032,nan
4855808.0,0.3122386942605857,0.09969058499287477,nan
4857856.0,0.29085579655820415,0.13498882442000718,nan
4859904.0,0.3012309891929856,0.11673221822396913,nan
4861952.0,0.301131848974588,0.14058882863417685,nan
4864000.0,0.3065195598146331,0.10894639523208452,nan
4866048.0,0.2945704795025927,0.14149831015435957,nan
4868096.0,0.28038574300032354,0.16371052163593067,nan
4870144.0,0.29869128085919594,0.12071179854199508,nan
4872192.0,0.3246232280544752,0.06554832978618333,nan
4874240.0,0.304623907613484,0.10888913787712497,nan
4876288.0,0.3213385486908017,0.04704784075358385,nan
4878336.0,0.3279409281286917,0.0598015180498841,nan
4880384.0,0.3042056538979422,0.12869692896620885,nan
4882432.0,0.31737496033432955,0.07928928200430047,nan
4884480.0,0.23988695686372116,0.19490732645724523,nan
4886528.0,0.28510730422604025,0.16568972021908596,nan
4888576.0,0.28814041398249574,0.14609274053848922,nan
4890624.0,0.2854015852626996,0.14442115115039703,nan
4892672.0,0.32719983518663065,0.06032329992645066,nan
4894720.0,0.2754293214677732,0.14415994563684992,nan
4896768.0,0.26800292657417957,0.10170032846402102,nan
4898816.0,0.2955946928241886,0.16365733545356798,nan
4900864.0,0.2772728875282569,0.16092217906752243,nan
4902912.0,0.250908692099997,0.19948758656482424,nan
4904960.0,0.31096977934783443,0.12781467741521055,nan
4907008.0,0.30832339205957804,0.14076965119310308,nan
4909056.0,0.3079777963999938,0.10912673467684739,nan
4911104.0,0.21198413349987988,0.22897644685785082,nan
4913152.0,0.22349884315497204,0.20416522000121132,nan
4915200.0,0.3202038687881026,0.10246741369662496,nan
4917248.0,0.2626183138758465,0.1990912088084716,90.23908523908524
4919296.0,0.23516099704697077,0.1891596590506995,nan
4921344.0,0.2846368144265254,0.1457586705409717,nan
4923392.0,0.25650898524773524,0.17460219681721564,nan
4925440.0,0.25102673678603526,0.1827225709481694,nan
4927488.0,0.3297313913121889,0.10621250367355352,nan
4929536.0,0.2601990671620012,0.1579380583812642,nan
4931584.0,0.25851743087609885,0.1702537219360709,nan
4933632.0,0.2943685707897835,0.14316148082104527,nan
4935680.0,0.298823757185093,0.14336114810107634,nan
4937728.0,0.21898588089811016,0.2056837428412391,nan
4939776.0,0.3039092014666467,0.1386048027210944,nan
4941824.0,0.17860435521188756,0.22356995170116906,nan
4943872.0,0.27498129082617623,0.1444353432432389,nan
4945920.0,0.34023224679183617,0.020319161276636785,nan
4947968.0,0.24534176158742704,0.18508831477134988,nan
4950016.0,0.31299173056259594,0.10145634047652298,nan
4952064.0,0.30904137648938573,0.1078276977818449,nan
4954112.0,0.25685103161256156,0.16323333447551291,nan
4956160.0,0.2873015563443357,0.15876456031486497,nan
4958208.0,0.2749457816562292,0.16518550628214218,nan
4960256.0,0.2987992464488676,0.1397932194433884,nan
4962304.0,0.3104828160441707,0.0893861641866126,nan
4964352.0,0.30591997906916574,0.09199602068389243,nan
4966400.0,0.32256121699237816,0.09408052877932724,nan
4968448.0,0.267656713527382,0.18510028030437126,nan
4970496.0,0.3201505237084289,0.13112025123052265,nan
4972544.0,0.3154126866425392,0.10504341709267014,nan
4974592.0,0.3111624741178224,0.10822194035893873,nan
4976640.0,0.30441478963971264,0.11776590474524604,nan
4978688.0,0.30328701972907945,0.11727272582683196,nan
4980736.0,0.3050621685597247,0.13484659794828138,nan
4982784.0,0.28063977270994134,0.13417411418855457,nan
4984832.0,0.28995044659396507,0.11396021994487743,nan
4986880.0,0.26267863848240525,0.16122038114183837,nan
4988928.0,0.29406928422680634,0.12201203758740164,nan
4990976.0,0.2830101140484732,0.1684609150626925,nan
4993024.0,0.25837050290673225,0.19134170116017135,nan
4995072.0,0.2426667173429782,0.17590671486390605,nan
4997120.0,0.2883334618412408,0.15531835375187733,nan
4999168.0,0.28913833397273314,0.14531533491743778,nan
5000000.0,0.22422453288166494,0.2251112339795524,89.86486486486487
