step,rollout_reward_mean,rollout_reward_std,eval_dcr_mean
2048.0,0.3479907566734559,1.2670165807948224,nan
4096.0,0.0423436738932558,1.181099204898732,nan
6144.0,-0.1434548463854532,1.1084932387041413,nan
8192.0,0.05565086287918816,0.9937099434394524,nan
10240.0,0.0087487290199154,1.0767238805557233,nan
12288.0,0.10750745469473436,1.1593549768036127,nan
14336.0,0.0232053230384911,1.0175766503627903,nan
16384.0,0.03850496588226585,1.0172134081491124,nan
18432.0,-0.18209434119475681,0.9700764860391555,nan
20480.0,-0.012192691484687435,1.066023480586959,nan
22528.0,0.17592361922014538,1.0657514957574437,nan
24576.0,-0.17746521298599244,0.9750474628228692,nan
26624.0,0.010547592417097323,1.0642294329205755,nan
28672.0,0.08422519549315016,1.0510297274681408,nan
30720.0,0.04541118269820171,1.1798966633456045,nan
32768.0,-0.014003040100275338,0.9850167797516349,nan
34816.0,-0.10228708819621733,1.1040098794179924,nan
36864.0,0.0970857909114444,1.1671054928159672,nan
38912.0,0.055182835965519976,1.0427551592762978,nan
40960.0,0.23821971116628177,1.0989913694113471,nan
43008.0,-0.25698842007113004,1.1162558278367831,nan
45056.0,-0.032293454669072796,1.1036437063738724,nan
47104.0,0.011852978731038674,1.058850466005352,nan
49152.0,0.05297151582080584,1.0461582709374226,nan
51200.0,-0.043901784935002436,1.073825060197265,nan
53248.0,0.003211504262039394,1.0218025761720968,nan
55296.0,0.22434393377497364,1.0115650993569822,nan
57344.0,-0.17044590180084668,0.974554988518249,nan
59392.0,0.020689130846077763,1.0467065877633925,nan
61440.0,-0.03807412774543804,0.9923028277697699,nan
63488.0,-0.01982169318294922,1.027884619140661,nan
65536.0,-0.004669777413284643,1.1195789427977558,nan
67584.0,-0.08975588994467115,1.0303005672179097,nan
69632.0,0.1654507539737694,1.092057601214286,nan
71680.0,-0.1523780073457205,0.9594157303178932,nan
73728.0,0.0987373144081286,1.0731702916431813,nan
75776.0,-0.17533392817791071,1.0733213568236508,nan
77824.0,0.12283492783866229,1.070379590279486,nan
79872.0,-0.01920898518041713,1.0810683326235613,nan
81920.0,-0.0584649086100584,1.0259169783097986,nan
83968.0,0.010095170797392417,1.0166410482297967,nan
86016.0,0.32900920494030683,1.1464702937370301,nan
88064.0,-0.09537663810259592,1.0236213312863922,nan
90112.0,-0.07763378995734407,1.0402703533768218,nan
92160.0,0.026463605094941278,1.0302317582727518,nan
94208.0,0.04318720565392551,1.0140363052884467,nan
96256.0,-0.10725888311726672,0.989729058518829,nan
98304.0,0.02364674223682553,1.0334140970413632,nan
100352.0,0.1366372341188113,1.0685871248099834,20.893970893970895
102400.0,-0.0555084413549003,1.0236293994657977,nan
104448.0,0.013705677901236252,1.0103410613787958,nan
106496.0,-0.11011404927565491,0.986612503963779,nan
108544.0,0.16115534129193743,1.2287632964420534,nan
110592.0,0.021171938835284093,1.1611486437066896,nan
112640.0,0.01944756094101266,1.0701248912741632,nan
114688.0,-0.1385418117787821,1.0374014189839382,nan
116736.0,0.0990498322910147,1.0762270151099391,nan
118784.0,-0.06555244483321929,1.0362742694220384,nan
120832.0,-0.07436255356701431,1.0044033108542667,nan
122880.0,0.06245918709854973,0.9579328699255703,nan
124928.0,0.018600873897854114,1.0903595995822448,nan
126976.0,-0.00016284316074235278,0.9493319101413951,nan
129024.0,0.10028087147310523,1.053018219220232,nan
131072.0,-0.03486214850229543,1.0201140119356427,nan
133120.0,-0.06729539952831762,0.962114710413476,nan
135168.0,-0.13743200997641894,1.2223994557673343,nan
137216.0,0.2343203669885715,1.1427648480796901,nan
139264.0,-0.11372355430661607,0.9833913389591141,nan
141312.0,-0.1355587674245067,1.0570080254440601,nan
143360.0,0.06815396929687575,1.0125025996545032,nan
145408.0,0.05996615046622489,1.042071854745668,nan
147456.0,0.0658457878537593,1.0207789156826523,nan
149504.0,0.06625982806107915,1.0008932657254792,nan
151552.0,-0.16434649304492924,1.1151495880021618,nan
153600.0,0.02851820287622127,1.106748387258215,nan
155648.0,-0.027169624431521544,1.0498373503788425,nan
157696.0,-0.08968197543475112,0.9312565906338407,nan
159744.0,0.08891583850406863,1.1208416838551336,nan
161792.0,0.06465780047353538,1.082828370168311,nan
163840.0,0.006958777426474411,1.0164358637084105,nan
165888.0,-0.006607564007019423,1.0118057175333046,nan
167936.0,-0.209759967820715,0.9398185443449909,nan
169984.0,0.031474057621299456,1.073870194412858,nan
172032.0,-0.009111270537627947,1.0857506748799624,nan
174080.0,0.11595065263986519,1.096437498635822,nan
176128.0,0.15113625925789947,1.09243056300674,nan
178176.0,-0.08484534394095489,1.0299546886599347,nan
180224.0,-0.11256363704324633,1.0094580514820661,nan
182272.0,0.20134072785440768,1.012897741175668,nan
184320.0,-0.1603236314903736,0.9546181290646801,nan
186368.0,0.028148007687009258,1.04864060081985,nan
188416.0,0.1045097540717323,1.1257624782587734,nan
190464.0,-0.10603969672988929,0.9868891636025299,nan
192512.0,0.06990512111861946,1.0820022614662488,nan
194560.0,0.1094504226149704,1.0253150546969785,nan
196608.0,-0.10924355890960058,1.0883948513136712,nan
198656.0,0.013647448089741596,1.0416680579869375,nan
200704.0,-0.01470949876128197,1.0195704925976896,23.65904365904366
202752.0,-0.03375696313684231,0.9900106235642527,nan
204800.0,0.1260133159938681,1.0391906588334265,nan
206848.0,0.09175190419663681,0.9870591081212388,nan
208896.0,-0.033333333141585764,1.1191895899552826,nan
210944.0,-0.17497609057871755,1.1477136743401493,nan
212992.0,-0.0027646595620621495,1.0515851338656321,nan
215040.0,0.16466365409244077,1.0946676616772177,nan
217088.0,-0.2807827428446127,1.1222216829249017,nan
219136.0,0.058422142006382835,1.0601053128997706,nan
221184.0,0.02965277708735929,1.0507253010803566,nan
223232.0,-0.07136087384741592,1.0758923969247463,nan
225280.0,0.060972481953608146,1.0854533220667966,nan
227328.0,-0.016940739640749457,1.0386806489605496,nan
229376.0,0.029697315987733425,1.0166788022930011,nan
231424.0,-0.19732516023950025,0.949038749864034,nan
233472.0,0.19089298018426148,1.0731140760579594,nan
235520.0,0.1135053341235164,0.9764974235411714,nan
237568.0,-0.1854297662974297,0.9955040932634639,nan
239616.0,0.06178786252346878,1.0614303508051965,nan
241664.0,0.1328397943318046,0.9533765563388765,nan
243712.0,-0.10017377438573377,1.0747080548046535,nan
245760.0,-0.12378820071128178,0.9986529257475701,nan
247808.0,-0.00471822943897663,1.0532572010353844,nan
249856.0,0.11433383152176033,1.02687294830913,nan
251904.0,0.037650672833205764,1.0261325872349136,nan
253952.0,-0.01123619491035277,1.1203102064696842,nan
256000.0,-0.16411868311909192,1.064859919798062,nan
258048.0,-0.03600668146987901,1.1066972740975116,nan
260096.0,0.008752870134582869,1.0320438935161165,nan
262144.0,0.017962385207370993,0.9895047662014407,nan
264192.0,0.047688087255158856,1.046415938663842,nan
266240.0,-0.01861862297572235,0.9905321371491955,nan
268288.0,-0.007015811459826042,0.9711276665265124,nan
270336.0,-0.03511920441361041,1.0322503350252208,nan
272384.0,0.08824715906791844,1.0817341030682388,nan
274432.0,0.06994087398861373,1.0325674670790503,nan
276480.0,-0.10284413651150406,1.0199191277169906,nan
278528.0,-0.012047393622326187,0.9929117384187515,nan
280576.0,-0.04754778578234742,1.0558940325363906,nan
282624.0,0.16729219203295664,1.0199586848274151,nan
284672.0,-0.06470349056346957,1.0421799224533002,nan
286720.0,-0.01816033394237042,1.059400933274821,nan
288768.0,-0.014587478421367608,1.0104027982019186,nan
290816.0,-0.028415001526575,1.0248088910983877,nan
292864.0,0.07320650693380167,1.034497603816954,nan
294912.0,-0.06959651734424252,1.0208037476154994,nan
296960.0,0.1927409372636262,0.9629512518107568,nan
299008.0,-0.001125804443733669,1.023749357415696,nan
301056.0,-0.09879544089522983,1.03584083247478,22.505197505197508
303104.0,0.0023169625367491647,1.032548223695407,nan
305152.0,-0.035532212036818306,1.0611921659101502,nan
307200.0,0.05178984792105645,1.053027604548901,nan
309248.0,0.015482745974378626,0.9993610453664995,nan
311296.0,-0.16199564306259753,1.105165396599338,nan
313344.0,0.145979326977552,1.025405652632545,nan
315392.0,0.04857577522525536,1.006412277414302,nan
317440.0,-0.17915553068272497,1.0296654014501219,nan
319488.0,-0.0836438373563921,1.0733455993904013,nan
321536.0,0.20630800902485782,0.9702615579467427,nan
323584.0,-0.2731738650175101,1.0433631244833304,nan
325632.0,0.31574268386928983,1.075109766181423,nan
327680.0,-0.056320415552456635,1.069134958851173,nan
329728.0,-0.22540471386925054,0.9907830024161003,nan
331776.0,0.21235820201281663,1.0331574519222897,nan
333824.0,-0.1606557068788081,1.0609183192346714,nan
335872.0,0.1427728172877132,0.9658326456533909,nan
337920.0,-0.2051868834646593,0.9972309557753206,nan
339968.0,0.0050475257044880345,1.0129582387249476,nan
342016.0,0.15762291139976597,1.0847542770856253,nan
344064.0,-0.12468542286780357,0.9472854200348781,nan
346112.0,0.07385160218525169,1.0465412883122396,nan
348160.0,-0.1103878002563693,0.9723426896964505,nan
350208.0,0.06967012523755838,1.1353602561156408,nan
352256.0,0.17907059457245544,1.0185146207689275,nan
354304.0,0.014919666655039882,1.0378107585339573,nan
356352.0,-0.0975944629827199,1.0676999698146854,nan
358400.0,-0.09949766124844574,1.1315801627519422,nan
360448.0,0.11611375280202177,1.0384940868900643,nan
362496.0,-0.14124907489140187,1.027298583105343,nan
364544.0,0.17445721426315441,1.0409238487870889,nan
366592.0,-0.16951167166904949,0.9814794937195983,nan
368640.0,0.2665622710030717,0.9196406949751916,nan
370688.0,-0.19080666113048292,1.1373239477589212,nan
372736.0,-0.04757706766351054,1.0032580974314422,nan
374784.0,-0.016880536806280183,1.0649788303435161,nan
376832.0,0.1310443021110857,1.110099321855402,nan
378880.0,-0.09716433511408851,1.0079186995771536,nan
380928.0,0.04216866632445558,1.0095679405550841,nan
382976.0,-0.006119848913473572,1.0460424934464605,nan
385024.0,0.03628813251709468,0.9953912707269069,nan
387072.0,-0.022948188977330544,1.0393585350195467,nan
389120.0,0.006863123919156396,1.0269624918554954,nan
391168.0,-0.09167278837398088,0.9843461950878126,nan
393216.0,0.07285844393443106,1.0765698171264952,nan
395264.0,-0.21069073154594675,0.9448892788854234,nan
397312.0,0.3377545943254686,1.0111160913259345,nan
399360.0,-0.21455913302218052,1.118193140115255,nan
401408.0,-0.06663358559635975,0.9968913100548839,17.827442827442827
403456.0,0.2092736184015514,1.0747656325657164,nan
405504.0,-0.08828959484469069,1.014593875221458,nan
407552.0,-0.04021030690683648,1.0629520644472747,nan
409600.0,-0.028912082665265404,1.0329205309634875,nan
411648.0,0.09858871661779592,1.09580886040022,nan
413696.0,-0.05964300168670619,1.0456270056234591,nan
415744.0,0.11701163145179998,0.971333855523117,nan
417792.0,-0.17658372944445028,1.0667666728751306,nan
419840.0,0.19333945927813903,0.9781608795599851,nan
421888.0,-0.12991174095703648,1.0517304513802495,nan
423936.0,-0.0520784127396835,1.0723445214772411,nan
425984.0,-0.0784025069878386,1.0716785108986853,nan
428032.0,0.017473336806525505,1.0595393396677426,nan
430080.0,0.0029264565115224572,1.0209189342223999,nan
432128.0,0.048677657089915186,0.9972451936083248,nan
434176.0,0.020672624007278484,1.112331262761727,nan
436224.0,-0.03586572399682405,1.0455911982668133,nan
438272.0,-0.09955652189609547,1.0059644714089198,nan
440320.0,0.24166903120200278,0.9492118363360994,nan
442368.0,-0.39327895737545737,1.0875679613833584,nan
444416.0,0.35920349082476294,0.9998428637366643,nan
446464.0,-0.2476616616460346,1.2178006887726847,nan
448512.0,-0.15839620103445096,1.0151575353817202,nan
450560.0,0.2869904969069955,0.8929768141021686,nan
452608.0,0.009946808406476658,0.9819940630180768,nan
454656.0,-0.3405044154249963,1.146951646207312,nan
456704.0,0.236154689274711,0.9892415150435484,nan
458752.0,-0.11903209426584938,1.068944047067832,nan
460800.0,0.14601945749085832,0.9784689833867038,nan
462848.0,-0.13437371021593303,1.0489463507919672,nan
464896.0,-0.030363501825719882,1.0165263415968213,nan
466944.0,-0.016333316109451726,1.0743189873687042,nan
468992.0,0.0011186562275380396,0.9986937388009565,nan
471040.0,-0.08003304155830393,1.1024705976509364,nan
473088.0,0.03209310020803263,1.0072568222697809,nan
475136.0,0.07875672931297241,1.056352106904645,nan
477184.0,-0.0281892944076179,1.0236620400973904,nan
479232.0,-0.13802036947253082,1.027778181626641,nan
481280.0,0.21552391792905307,1.0095026323005996,nan
483328.0,-0.05188333969118181,1.0514326142429589,nan
485376.0,-0.16210495497171667,0.9826908575521139,nan
487424.0,0.049057893928584714,1.037331825806316,nan
489472.0,0.10011162392123352,0.9329273071375622,nan
491520.0,0.012580528699034157,1.0050983791502854,nan
493568.0,-0.26733618805787696,1.0110131169283643,nan
495616.0,0.3510293027772071,0.9218404186353715,nan
497664.0,-0.16022027738336833,1.053954166301171,nan
499712.0,0.04209394120089055,1.0515596249438004,nan
501760.0,-0.07123272455733752,1.020437701653165,17.18295218295218
503808.0,-0.0034600507052351126,1.0166589145734894,nan
505856.0,0.09773971898385447,0.9882424852852386,nan
507904.0,-0.08543708854333024,1.0456306788223078,nan
509952.0,-0.0665159976291568,1.1504239881087293,nan
512000.0,-0.02038708986628726,1.124798792893163,nan
514048.0,-0.00605042822126663,0.9719320167915614,nan
516096.0,0.09345964838749146,1.005835512353907,nan
518144.0,-0.07996535080129519,1.0823025921425797,nan
520192.0,-0.07598963680961608,1.0505275175633937,nan
522240.0,0.18112335577523725,0.9430618740203017,nan
524288.0,-0.0966085134091054,1.051502880803807,nan
526336.0,0.03524351824774827,1.0218945791929903,nan
528384.0,0.05683290560112805,1.02908191921751,nan
530432.0,-0.2366342589167565,1.1163567168087944,nan
532480.0,0.15040095316438412,1.0004421462632946,nan
534528.0,-0.12226270129127226,1.0629195781509442,nan
536576.0,0.10689666399963135,0.9943299979677286,nan
538624.0,-0.06459108731857291,1.0857635964551742,nan
540672.0,-0.12997372746929825,1.0742146198390823,nan
542720.0,0.031163391598052495,0.9895806902186515,nan
544768.0,0.08892107927936709,0.9497305825069421,nan
546816.0,-0.03895389309181274,1.0935371601768586,nan
548864.0,0.08996065293281702,1.0551193598899602,nan
550912.0,-0.10046489185722651,1.093678455148066,nan
552960.0,-0.11631012210404848,0.9754284068690469,nan
555008.0,-0.019802396366580544,1.0754035294868969,nan
557056.0,0.2069547440918756,0.9740332458749097,nan
559104.0,-0.05666293344622583,1.1093320840851266,nan
561152.0,-0.14172109533598595,1.0864621565742947,nan
563200.0,-0.1155127997201074,1.0442750270829388,nan
565248.0,0.147487168753842,1.0099455566360038,nan
567296.0,-0.004050980384166791,1.030993764344973,nan
569344.0,0.09894870197002559,1.037749425426232,nan
571392.0,-0.08099194826109693,1.0848235543269125,nan
573440.0,0.047519676903156144,0.9727244663591634,nan
575488.0,-0.024836297018701506,0.9986860126527904,nan
577536.0,0.004626858195708433,1.0771575976565955,nan
579584.0,-0.09094820179304901,0.9894574163677345,nan
581632.0,0.07036289267855071,1.007801667267683,nan
583680.0,-0.08687830549758474,1.0654068855713141,nan
585728.0,0.05857965410390481,0.9998709059339514,nan
587776.0,-0.10790453471217316,0.9885637476993963,nan
589824.0,0.1529399195239432,1.0243077476968614,nan
591872.0,-0.08322595508380744,1.020008009692379,nan
593920.0,0.17234036391716612,0.921849259241524,nan
595968.0,-0.07985866683919976,1.0683291262414942,nan
598016.0,-0.0683753344790353,1.0281897956270973,nan
600064.0,0.05598447855288936,0.9646382380485571,nan
602112.0,-0.1134646798135246,0.9925539626040817,20.519750519750524
604160.0,-0.043734328900223975,1.0097483698748106,nan
606208.0,-0.002891854310020009,1.021957234514355,nan
608256.0,0.10093708676071161,1.0399620506934155,nan
610304.0,-0.002653129938585498,0.9585769752034488,nan
612352.0,-0.08106892479681901,1.0524419905851283,nan
614400.0,0.22642094250470973,0.9181960496240943,nan
616448.0,-0.13490324951213462,1.0686650718787116,nan
618496.0,-0.0005799503716727716,1.0113823565283195,nan
620544.0,-0.02350649188337852,0.9929831004252434,nan
622592.0,-0.09943739437392293,1.076387957708056,nan
624640.0,0.2814059491783769,0.8721757143726742,nan
626688.0,-0.38046770159279625,1.2107565575486325,nan
628736.0,0.29396726835169285,0.8732162432792162,nan
630784.0,-0.3388588548789185,1.3250171155162245,nan
632832.0,-0.0778944757049461,1.0846174141519642,nan
634880.0,-0.05869451953434397,1.0961888075247295,nan
636928.0,0.12571301355179876,1.1241408175134675,nan
638976.0,0.1139373046144769,0.9655165630312532,nan
641024.0,-0.13312480946308208,1.0989405115023483,nan
643072.0,0.07136043079253462,0.9985718442657908,nan
645120.0,0.003096814911758547,1.0003227339144967,nan
647168.0,-0.07163706745112769,0.9965074668821388,nan
649216.0,-0.027725357342201135,1.0347081181199842,nan
651264.0,-0.017514869828646806,1.059354408220343,nan
653312.0,-0.002524421205994054,1.0773470971709074,nan
655360.0,-0.13516046083852,1.022718995235893,nan
657408.0,0.13853746517412718,0.9927074398008134,nan
659456.0,0.10497648255578637,0.926896092042484,nan
661504.0,-0.12314785089534463,1.0916458486773528,nan
663552.0,-0.02374225507239052,1.0709637276574069,nan
665600.0,-0.033298431703686265,0.9778749568507278,nan
667648.0,0.144070999620101,0.9460344246185565,nan
669696.0,-0.08659363166244863,1.0281728844789364,nan
671744.0,0.07038861932219044,1.1277942871166007,nan
673792.0,-0.01742660378247711,1.0263423482392697,nan
675840.0,-0.04914782423986812,1.0889840357084706,nan
677888.0,-0.131988955287064,1.0673551348897463,nan
679936.0,0.025265521329499822,0.9833414383507718,nan
681984.0,0.0071311579382020845,1.0647469976455382,nan
684032.0,0.06684872920879972,1.0126787556583443,nan
686080.0,-0.13643292484038383,1.0407665464399662,nan
688128.0,0.15217307367131078,1.0033022246002874,nan
690176.0,-0.14526213420057088,1.0675666890959317,nan
692224.0,-0.018320331497537853,1.0608513428362771,nan
694272.0,-0.008652087987830542,1.0112705374833941,nan
696320.0,0.02684784451679112,0.9968274006382979,nan
698368.0,-0.0025691614330679083,1.0423772737584593,nan
700416.0,-0.08926738994069187,1.0352272068868724,nan
702464.0,0.0293115176829608,1.013389874820887,12.765072765072768
704512.0,0.1523359601658842,0.9490856479002117,nan
706560.0,-0.0755561071413709,1.0372191073977195,nan
708608.0,0.019011759589309965,1.0334345972616523,nan
710656.0,-0.023233215645174665,0.9670621988764329,nan
712704.0,0.06921826059141506,1.0086408974191132,nan
714752.0,-0.03390936691767105,0.9798754943919042,nan
716800.0,-0.05845541152116074,1.0562866234690842,nan
718848.0,0.038647918802221515,0.9647655405291582,nan
720896.0,0.07144120502116298,0.9584918614081359,nan
722944.0,-0.1415962562666479,1.1023691279824963,nan
724992.0,-0.029742653109466968,1.0027964022527744,nan
727040.0,-0.009021453009826041,1.0514633168042515,nan
729088.0,0.08654888828559057,0.9544539153469291,nan
731136.0,-0.02950864317632959,1.0249601662960786,nan
733184.0,0.04885856398165661,1.0153626935560485,nan
735232.0,-0.0824619416833153,1.2103428151396407,nan
737280.0,0.0724381824451584,0.9853456965488706,nan
739328.0,-0.016268133154952735,1.1346823044838041,nan
741376.0,-0.1252543723565613,1.0552618584476285,nan
743424.0,-0.11728346035366431,1.033241254410651,nan
745472.0,0.10242754210755461,0.982524128941186,nan
747520.0,0.044829000405489566,1.0935240973867857,nan
749568.0,-0.12381629498403939,1.055721004182217,nan
751616.0,0.07036069683525348,1.0659996930117213,nan
753664.0,-0.2052606424445651,1.0640005317769838,nan
755712.0,0.10266102224318521,0.9782954611090042,nan
757760.0,0.20893294952766295,0.9090983212759489,nan
759808.0,-0.2893981879374978,1.2037340352297277,nan
761856.0,0.03681401974121066,0.9979168719681389,nan
763904.0,-0.04994458745345465,1.0392982716699324,nan
765952.0,0.024070099000614353,1.0001197003218045,nan
768000.0,-0.11843747821945097,1.1117137948192735,nan
770048.0,0.031140652006625663,1.0824551935737718,nan
772096.0,-0.034010710264911315,1.0726140594770681,nan
774144.0,-0.010247619892163162,1.012582538335683,nan
776192.0,0.1670817178388767,0.9291856102137437,nan
778240.0,-0.208766825136321,1.152074203422369,nan
780288.0,0.0199530140033488,0.9697725490259624,nan
782336.0,0.19904015584918627,0.9118071370511627,nan
784384.0,-0.2693892219359681,1.1543164416714098,nan
786432.0,-0.03106195660951777,1.035545871068871,nan
788480.0,0.030555621162537752,1.0477941753318587,nan
790528.0,0.1584337778432848,0.9582247019273835,nan
792576.0,-0.06696246670600378,1.077136499599812,nan
794624.0,-0.04301727682963362,1.0640853358305271,nan
796672.0,-0.05102678482212654,1.0581316950175566,nan
798720.0,0.05750016611578601,0.98241664418273,nan
800768.0,-0.14849822968516796,1.0595161131123743,nan
802816.0,0.06415596765223361,0.9757236555044967,10.883575883575883
804864.0,0.1573555535378535,0.8945421911437081,nan
806912.0,-0.25974960694716265,1.2330395047675928,nan
808960.0,-0.07721668460844772,1.0198627029534781,nan
811008.0,0.28088978052842817,0.8039993919069933,nan
813056.0,-0.1283700592279768,1.1501884922684182,nan
815104.0,-0.026039096416121413,1.0181811834567531,nan
817152.0,-0.06237044471245175,1.0312042650737676,nan
819200.0,0.01052354163143139,1.0022279603261117,nan
821248.0,0.06069721217073132,1.013922581316013,nan
823296.0,-0.1351536831030304,1.1251650315270327,nan
825344.0,0.009718915907939815,1.051481179679397,nan
827392.0,0.1558783920972778,0.8973125358540517,nan
829440.0,-0.15192888079499509,1.1116352965765637,nan
831488.0,-0.005386568186671124,0.9930220779177955,nan
833536.0,-0.06826893700367206,1.0202937628450006,nan
835584.0,0.19160219398508033,0.874556229422942,nan
837632.0,-0.1199672018391951,1.0889739136925807,nan
839680.0,-0.1494494899799721,1.0143080839897427,nan
841728.0,0.19843574202247202,0.9179993263647207,nan
843776.0,-0.021037715584837094,1.030289092515652,nan
845824.0,-0.1011527386098402,1.065947711690146,nan
847872.0,0.04753094727584118,0.9542804463969602,nan
849920.0,-0.15443992585148403,1.1247323461472443,nan
851968.0,0.10526005561976273,0.9542257084388964,nan
854016.0,0.01672197459989282,0.9628942859414246,nan
856064.0,0.06442678143194638,0.9853609960596986,nan
858112.0,-0.07642457026241105,1.0800642674990037,nan
860160.0,0.07719573420223114,0.9824686329696093,nan
862208.0,-0.14872817527595478,1.1201713730692116,nan
864256.0,-0.15225398586192088,1.1464146034274318,nan
866304.0,0.09373831502543652,0.9820525941058869,nan
868352.0,0.11251836766310362,0.8509066627989167,nan
870400.0,-0.09085911366592032,1.0962671848043213,nan
872448.0,-0.03987019361362565,1.0833098461665454,nan
874496.0,-0.05974865346200245,1.096296164242992,nan
876544.0,0.02057266458201467,0.9646346069005042,nan
878592.0,0.02538929467226582,1.124323994042059,nan
880640.0,-0.021468411846432292,1.0660808422447432,nan
882688.0,0.008945290525705585,1.0166710445342833,nan
884736.0,-0.09837409890740303,1.0964249290107826,nan
886784.0,-0.030101609774364324,1.0020922874505669,nan
888832.0,0.06115031909252965,1.0049013748069573,nan
890880.0,-0.02688028620007992,1.0044483031127114,nan
892928.0,0.13243506588489995,0.925839310179537,nan
894976.0,-0.17004736449063598,1.2791137573032587,nan
897024.0,0.07243494040211394,0.9188204338297854,nan
899072.0,-0.1655508759640179,1.1302287737000714,nan
901120.0,-0.0412730881124839,0.9817408997393002,nan
903168.0,0.07812846408289847,0.966546645597284,12.806652806652806
905216.0,0.09857133203428027,0.9402888993682381,nan
907264.0,-0.11380802270638753,1.1283802393081372,nan
909312.0,-0.047585713504277594,1.1465514348621777,nan
911360.0,-0.15499360143017804,1.1650122273225412,nan
913408.0,0.039094444060691014,1.023309677644154,nan
915456.0,-0.0014399843677840654,1.0104517508631847,nan
917504.0,-0.039705451326131715,0.9960051151916643,nan
919552.0,0.058459666555458756,1.030922460800666,nan
921600.0,0.08386847580512158,0.9127135073262198,nan
923648.0,-0.12926756327417666,1.0871717575227478,nan
925696.0,0.13790422806896852,0.922516239133988,nan
927744.0,-0.02178992506976729,1.00223440451249,nan
929792.0,0.00010273386004250318,1.010425193198113,nan
931840.0,-0.11087022855297135,1.0745889786232798,nan
933888.0,-0.10043629939093401,1.0494705909646023,nan
935936.0,0.33073911063770034,0.7864617272310125,nan
937984.0,-0.3482775855404552,1.305278019502336,nan
940032.0,-0.016506034191347746,1.0480160554048539,nan
942080.0,0.1759309851355988,0.9037335669943628,nan
944128.0,-0.1145792773680625,1.0824755470593543,nan
946176.0,-0.016980288748945447,0.9922060656129058,nan
948224.0,0.046663761368421625,1.1257944139062195,nan
950272.0,-0.0440549514492468,1.118533842383106,nan
952320.0,-0.04005659339610003,1.0206526304994756,nan
954368.0,0.05234527275753159,1.0085421974956041,nan
956416.0,-0.07509264031483791,1.0522730100184479,nan
958464.0,-0.02076510669344782,1.042083630828054,nan
960512.0,0.008834265334928773,0.9760230374010075,nan
962560.0,0.029051805234186573,1.0233102779327734,nan
964608.0,-0.10615130937417128,1.050207150874525,nan
966656.0,0.16294463385311286,0.846633272681412,nan
968704.0,-0.041649663669723,1.0719468148534097,nan
970752.0,-0.06493886044912603,1.1609051123508378,nan
972800.0,-0.10234875443760741,1.0761939992647105,nan
974848.0,0.09934517775222097,0.8515283976125442,nan
976896.0,0.036134386128802126,1.001874910784658,nan
978944.0,-0.11246239278494613,1.1490766568046076,nan
980992.0,0.08282281142144941,0.9310492666689902,nan
983040.0,-0.16955149932380564,1.2053593346018965,nan
985088.0,-0.07685664475727673,1.179031405369751,nan
987136.0,0.06837289743767208,0.9236374770194702,nan
989184.0,-0.029072947423420495,1.1168687519468814,nan
991232.0,-0.044472837585044236,1.0393090479156082,nan
993280.0,-0.2313028027989539,0.9784486318957133,nan
995328.0,0.13651255098492512,1.1055192120498183,nan
997376.0,0.16558570103034106,0.9090716739985536,nan
999424.0,-0.12291416923642444,1.0535598959943486,nan
1001472.0,0.04883743999301937,0.9718541746828996,nan
1003520.0,0.014989801009785142,0.981086269239146,9.407484407484407
1005568.0,-0.019628602092233216,1.0230140859894414,nan
1007616.0,-0.08015905985197083,1.2037265857960517,nan
1009664.0,-0.08202883243487782,1.0736478874922242,nan
1011712.0,-0.0010401551971415957,1.0167757936528086,nan
1013760.0,0.09697770296536279,0.9773075490791068,nan
1015808.0,-0.2499032397154592,1.2390125500800655,nan
1017856.0,0.18803642510466484,0.8702558274737452,nan
1019904.0,0.052754214124817116,0.9228563482100168,nan
1021952.0,-0.12502487796365688,1.1085230580926981,nan
1024000.0,0.1375487366606962,0.8871603106633055,nan
1026048.0,-0.08931209959118867,1.0973345100628091,nan
1028096.0,-0.016471817099690422,1.0175939117588715,nan
1030144.0,-0.11194610956490485,1.0494541538537978,nan
1032192.0,0.12063740151718153,0.9249033964770478,nan
1034240.0,0.03717690780178451,0.9414262927265921,nan
1036288.0,-0.027506163741954096,1.0446064521136575,nan
1038336.0,-0.08979323479032758,1.05432420293444,nan
1040384.0,0.04149426703592797,0.9834253908349989,nan
1042432.0,-0.035204720664874914,1.0296908513861611,nan
1044480.0,-0.05602395624977626,1.0077057816324981,nan
1046528.0,0.11212111442585969,0.9562286932352991,nan
1048576.0,0.02708927919504723,0.9485307584717718,nan
1050624.0,-0.05484570413497935,1.0296581153870525,nan
1052672.0,0.0031196475052763795,1.073357305355443,nan
1054720.0,-0.03488832327803383,1.0130424853550204,nan
1056768.0,0.022154832571330815,0.965316736264704,nan
1058816.0,-0.06310090033452967,1.0315493408390815,nan
1060864.0,0.053448034751870536,0.9840968559615328,nan
1062912.0,-0.035743555391155715,1.0146291840996924,nan
1064960.0,0.05965903107141926,1.029449536457682,nan
1067008.0,0.007166734886752221,0.9700298422331491,nan
1069056.0,-0.02003951920698272,1.0610325455422749,nan
1071104.0,-0.05035426876520566,1.0155560663538017,nan
1073152.0,-0.025615439115704255,1.078720428352743,nan
1075200.0,-0.03748790593129763,0.9708096940761701,nan
1077248.0,0.011715166679993783,1.016522759367112,nan
1079296.0,0.05073496417881304,1.0015579607718292,nan
1081344.0,-0.01012448051033242,1.074893028429937,nan
1083392.0,-0.006080751288915692,1.0686831050351115,nan
1085440.0,-0.1832646523115953,1.140610005806037,nan
1087488.0,0.15040646003300356,0.9108353486383737,nan
1089536.0,-0.12401367794979622,1.125310998847031,nan
1091584.0,0.028007618792120607,0.9914086452087754,nan
1093632.0,0.07157678718853085,0.9135270527998491,nan
1095680.0,-0.02491059224125569,1.021987130204536,nan
1097728.0,0.040370258015678964,0.9803652714854691,nan
1099776.0,-0.11383578775797668,1.0831453285296373,nan
1101824.0,0.01145193468537023,0.9949796821887268,nan
1103872.0,0.1524347489622115,0.8154307227372409,6.3305613305613315
1105920.0,-0.15463018592392605,1.1935537584830218,nan
1107968.0,0.016401543324733123,0.9952229904385215,nan
1110016.0,-0.04545313037227417,1.0260509662201591,nan
1112064.0,0.02292466664861878,0.9790072341610649,nan
1114112.0,-0.04306435992488929,1.1009146876515792,nan
1116160.0,-0.012808815365758522,1.0396560335334535,nan
1118208.0,-0.01776860672145751,0.9773370950708794,nan
1120256.0,0.057515746379185696,0.959085597581996,nan
1122304.0,-0.009102674514444683,0.991382559229113,nan
1124352.0,0.039766597142862,0.9465142600609486,nan
1126400.0,0.029349395620337365,0.9540328411392309,nan
1128448.0,-0.09465443889091063,1.2388778734847226,nan
1130496.0,-0.09961727773583602,1.0339568667624495,nan
1132544.0,0.17485267196879595,0.8418748708902626,nan
1134592.0,-0.017462045683526925,1.0010090050302083,nan
1136640.0,-0.02239163064853162,1.027474974745313,nan
1138688.0,0.021311108596268447,1.0343805098687113,nan
1140736.0,-0.05889718133959598,1.1096809404055532,nan
1142784.0,-0.007819775840323201,1.1423101859335527,nan
1144832.0,-0.046718100834452415,1.0534945589670888,nan
1146880.0,-0.04661421210142844,1.039067552067262,nan
1148928.0,0.058872740032348395,0.9608408613691365,nan
1150976.0,-0.005494873780372833,0.9888830433574138,nan
1153024.0,-0.03991300072379752,1.0753514931770471,nan
1155072.0,0.036021533800687636,0.9229018133640856,nan
1157120.0,-0.0964592704219116,1.1763569200174813,nan
1159168.0,-0.008077469829738351,1.1034131504422822,nan
1161216.0,-0.03881322803872306,1.0151011600144277,nan
1163264.0,0.06087981796257014,0.9012496351518101,nan
1165312.0,-0.07588237762217302,1.0799456789455393,nan
1167360.0,0.05320391894591889,0.9177067166856171,nan
1169408.0,0.11443566331470256,0.8106229195298709,nan
1171456.0,-0.14545897317022152,1.3211369957742851,nan
1173504.0,-0.00136912515803269,0.978619958033979,nan
1175552.0,-0.10790027715545858,1.0733078245006586,nan
1177600.0,0.15535330527379576,0.8473959359189905,nan
1179648.0,0.0430677109173412,0.8973640690185652,nan
1181696.0,-0.13532489902112055,1.2930266488380522,nan
1183744.0,-0.0729017886069337,1.0281569766843766,nan
1185792.0,0.04903186985964794,1.0095650643833294,nan
1187840.0,0.00825495537873423,0.9680644109771728,nan
1189888.0,0.08923195688353747,0.8672295310607262,nan
1191936.0,-0.10990352081870598,1.0781796452016101,nan
1193984.0,0.023859216774985356,1.0008541258320975,nan
1196032.0,0.10335299197410702,0.8440833505356647,nan
1198080.0,-0.0582070225959826,1.0462695506457116,nan
1200128.0,-0.016345529797179646,1.0101010496904153,nan
1202176.0,0.11169646684894113,0.7822781902345735,nan
1204224.0,0.020405398249332463,0.9728261740562794,4.365904365904368
1206272.0,-0.0072731450154577895,0.9993025298579868,nan
1208320.0,-0.015252064388512593,1.160496346721994,nan
1210368.0,0.01920852366266415,0.9252160257522727,nan
1212416.0,-0.021743542065449022,1.0150278854209924,nan
1214464.0,-0.00939721212999859,1.0152730138793036,nan
1216512.0,-0.05931043286389552,1.1776738735161165,nan
1218560.0,0.10293718435709365,0.791851680364649,nan
1220608.0,-0.11870320887513945,1.333548821944033,nan
1222656.0,-0.09752532653209259,1.0907563097218804,nan
1224704.0,0.05859151598654992,0.9338856633720786,nan
1226752.0,0.0741712908767998,0.8560866702888688,nan
1228800.0,-0.026208735030024598,1.0503935036192342,nan
1230848.0,-0.036920555881088696,1.0117907297134376,nan
1232896.0,0.11681721434048731,0.805429342470883,nan
1234944.0,-0.007316056359166469,1.05646781421086,nan
1236992.0,-0.04559240490890497,1.095846213746724,nan
1239040.0,-0.11150143918844724,1.1229507720024117,nan
1241088.0,0.14408482944898915,0.880829669030425,nan
1243136.0,-0.06221377708667986,1.168641044009582,nan
1245184.0,-0.04349360643655251,1.0917465183202921,nan
1247232.0,0.03378821927683216,0.917081408807049,nan
1249280.0,-0.02848451349338022,1.000353361430799,nan
1251328.0,0.06795172308745404,0.9081041960009896,nan
1253376.0,-0.02487459408625828,0.9791845521598368,nan
1255424.0,0.09169669962529213,0.7950356170874627,nan
1257472.0,-0.07355441201883992,1.2457449822780369,nan
1259520.0,-0.04499450350238307,1.2836230488282108,nan
1261568.0,0.019798260035927717,0.9933864692725168,nan
1263616.0,-0.06239244300179577,1.1090422172140568,nan
1265664.0,0.034864771835663694,0.9360741076758746,nan
1267712.0,-0.02361580990266958,1.002559576603827,nan
1269760.0,0.01833080246751405,0.9307477380245857,nan
1271808.0,0.09575858402012247,0.7127583821139909,nan
1273856.0,-0.05154597488500146,1.1744069638305412,nan
1275904.0,-0.008060296573554747,0.9677274262642254,nan
1277952.0,-0.0179961461695079,0.9951245951744615,nan
1280000.0,0.03897467940408737,0.9206972228486119,nan
1282048.0,0.023403587324421063,0.925046573870032,nan
1284096.0,-0.011991809647197822,0.9855783505410454,nan
1286144.0,0.005673269295474334,0.9827353997825131,nan
1288192.0,0.041857339579630434,0.8651672149116458,nan
1290240.0,0.03331338019825563,0.8681145732590978,nan
1292288.0,-0.12694273798031808,1.4344027296279893,nan
1294336.0,0.07572364742664295,0.7825867825338577,nan
1296384.0,-0.027523940469606597,1.0315289911156158,nan
1298432.0,-0.020409582460117343,0.991396094531447,nan
1300480.0,0.07705866868723922,0.7917747235169769,nan
1302528.0,-0.0003029564855137751,1.03968160216174,nan
1304576.0,-0.012205049152450999,0.9875601779120736,1.2266112266112263
1306624.0,0.011420812753174539,0.9380112854025432,nan
1308672.0,-0.021004620071969713,1.1183669023506968,nan
1310720.0,0.01708090064251677,0.9188487335567439,nan
1312768.0,0.014668466849438042,0.9341204258424072,nan
1314816.0,-0.06628650926415403,1.402925392190152,nan
1316864.0,0.060655439670959446,0.754104391216681,nan
1318912.0,-0.02380040420080548,1.0348600148326326,nan
1320960.0,-0.0170627316585777,1.00529196066901,nan
1323008.0,0.025889662150823858,0.8967369871958013,nan
1325056.0,0.044871203599651396,0.8567504910283246,nan
1327104.0,-0.019015682001996728,1.1144152648897798,nan
1329152.0,-0.04743578488443663,1.0640774837185325,nan
1331200.0,0.04219966393649319,0.8904380774426242,nan
1333248.0,-0.015140807491379776,1.2391350581562166,nan
1335296.0,-0.019069619434656647,0.9984178020908551,nan
1337344.0,0.04550435912822779,0.8683231644578893,nan
1339392.0,-0.021123224818373094,1.0029084149903742,nan
1341440.0,-0.006573520340408451,0.963803648662782,nan
1343488.0,0.044952844257907465,0.8927552725196938,nan
1345536.0,0.006607645266931292,0.9756556389817554,nan
1347584.0,-0.01771577975356397,0.98328127843081,nan
1349632.0,0.06468476594573018,0.7925733696394168,nan
1351680.0,-0.06731617497121611,1.127313942895736,nan
1353728.0,0.032146360106149456,0.8723106868509456,nan
1355776.0,0.007960969899578646,0.9522425208629401,nan
1357824.0,0.046398052297897036,0.8698937662653224,nan
1359872.0,0.002002468183355005,0.9706624820321244,nan
1361920.0,-0.02483056369357713,1.0080704904838576,nan
1363968.0,0.05689934976441827,0.8290910713743201,nan
1366016.0,0.00963507908169816,0.9377535212466086,nan
1368064.0,-0.05035159618538143,1.0772226114641001,nan
1370112.0,0.07120489847641842,0.8026141545813539,nan
1372160.0,-0.0018720242718677296,1.062913156683891,nan
1374208.0,-0.030420440064325448,1.1501208023229612,nan
1376256.0,-0.03710787856229629,1.0258774531697317,nan
1378304.0,0.03521230429152834,0.8725537468055627,nan
1380352.0,-0.003919857967916808,0.9603176440654214,nan
1382400.0,-0.015821772479601592,1.0203091559848725,nan
1384448.0,0.03646197283134285,0.8720414307805207,nan
1386496.0,0.05876872222205684,0.8231998819371065,nan
1388544.0,0.044258223345568073,0.8532367481964531,nan
1390592.0,-0.12605172685691485,1.5036748648583407,nan
1392640.0,0.011815219397768879,0.9232642250415621,nan
1394688.0,-0.021879289976461866,1.3130353106918404,nan
1396736.0,0.01823719580887997,0.934211646664685,nan
1398784.0,0.028488839922067466,0.8994730474671849,nan
1400832.0,-0.04558364421224766,1.0940358570669888,nan
1402880.0,0.03884765825292144,0.8682791107589785,nan
1404928.0,0.04726698212267677,1.0105009281800659,2.0062370062370065
1406976.0,-0.11114539571635805,1.2577696118873032,nan
1409024.0,0.03844502631784348,0.8844830394002617,nan
1411072.0,0.043993148788163475,0.8699889287407421,nan
1413120.0,0.039280526917925065,0.8495160864244872,nan
1415168.0,-0.03770758178433386,1.0748426109357339,nan
1417216.0,0.08797719322356115,0.6669754812693028,nan
1419264.0,-0.09651302500081957,1.5021649266768873,nan
1421312.0,0.005828234011064734,0.9793073525587349,nan
1423360.0,0.06131880190394091,0.6549650978970315,nan
1425408.0,-0.0877313487240313,1.549266857802046,nan
1427456.0,-0.08686424759675371,1.4704585453057568,nan
1429504.0,-0.021885602423557787,1.0107201708105853,nan
1431552.0,0.06029984164749469,0.7957724010553858,nan
1433600.0,-0.051460764635773745,1.2307236877798386,nan
1435648.0,0.029605960978823335,0.9025799118319976,nan
1437696.0,-0.03974025086277293,1.001284007726743,nan
1439744.0,0.04000655349055375,0.8873634964882479,nan
1441792.0,-0.006846282141727025,0.978388413122034,nan
1443840.0,0.005093491446415278,0.9693920047708264,nan
1445888.0,0.020306487529216193,0.9095840894165163,nan
1447936.0,0.01774813333960288,0.933171945040773,nan
1449984.0,0.06763599871804804,0.7981915569033093,nan
1452032.0,-0.1505406572466756,1.650272750367401,nan
1454080.0,0.036509213091216734,0.8837375752379433,nan
1456128.0,0.02444250851191951,0.9379250165247672,nan
1458176.0,0.015221263140015106,0.9334841675475695,nan
1460224.0,0.0020577703072899023,0.9641105319446651,nan
1462272.0,-0.02095612034913512,1.1428597107006626,nan
1464320.0,0.04244309881976987,0.8561716448824884,nan
1466368.0,-0.029994639448595713,1.0212147659143331,nan
1468416.0,-0.00854318938076739,1.0121583866263613,nan
1470464.0,0.020172852453851572,0.919295216374464,nan
1472512.0,0.032709985214253445,0.8994911605177509,nan
1474560.0,-0.036581951787647185,1.0398572079878121,nan
1476608.0,0.02588183541909396,0.8888992592274996,nan
1478656.0,0.0732281866856164,0.7379708436225126,nan
1480704.0,-0.054371823159025945,1.1721092305409926,nan
1482752.0,0.035300266196994216,0.8751446340980543,nan
1484800.0,-0.02601374676526326,1.014216187683239,nan
1486848.0,0.013362266829777175,0.9512553799167861,nan
1488896.0,0.0242617770527888,0.9071358332837771,nan
1490944.0,-0.01695253931188401,1.0030948995333582,nan
1492992.0,0.003549714557303397,0.9241928983293065,nan
1495040.0,0.058763450034844594,0.868591124950102,nan
1497088.0,0.016770059399005527,0.9251195932078506,nan
1499136.0,0.029658622585740015,0.8736826545943838,nan
1501184.0,0.04908966897548095,0.6325542614808342,nan
1503232.0,-0.04318354095884676,1.32426001423956,nan
1505280.0,-0.07997518584550459,1.1357762682409298,1.6632016632016633
1507328.0,-0.0013410217073811792,1.354771698618801,nan
1509376.0,-0.007850367808512497,0.9810699588432393,nan
1511424.0,0.053693761609917776,0.794761935891673,nan
1513472.0,-0.03036569015378356,1.0367115404256995,nan
1515520.0,0.014849596784257551,0.9267911204501125,nan
1517568.0,0.06967611334709997,0.7738423616698135,nan
1519616.0,0.02171982528870202,0.8988137018349257,nan
1521664.0,-0.06664665077856985,1.0974431922458585,nan
1523712.0,-0.06644798813543654,1.5775815863632712,nan
1525760.0,0.02388667535072687,0.9036556444379692,nan
1527808.0,0.05101184969407754,0.8412551207228323,nan
1529856.0,-0.05367362350164537,1.0820434923638382,nan
1531904.0,-0.0023580192798834665,0.9707628023379196,nan
1533952.0,0.05704410637687468,0.8506207979647286,nan
1536000.0,0.029709319683526785,0.9055554564262782,nan
1538048.0,-0.05440009600215026,1.2725077040544497,nan
1540096.0,-0.026143600851040963,1.0265107078478433,nan
1542144.0,0.036830702404190285,0.877465399502338,nan
1544192.0,-0.036078361066070624,1.0165071194993915,nan
1546240.0,0.04553140754318229,0.873628876222317,nan
1548288.0,0.029550505239608987,0.9044699717711926,nan
1550336.0,0.024693133824540647,0.8741128595705374,nan
1552384.0,-0.04119109376207149,1.0568168150109878,nan
1554432.0,0.06406737118960015,0.8015783401034982,nan
1556480.0,0.02316877333122803,0.9258770258326886,nan
1558528.0,-0.015802641857136375,1.0468319517045133,nan
1560576.0,-0.03036901653650735,0.9937587339881084,nan
1562624.0,0.040517082470165146,0.8684814475741626,nan
1564672.0,0.029885419690496982,0.9133814711900224,nan
1566720.0,-0.033430367146624076,1.0183971415487805,nan
1568768.0,0.06597857769091783,0.802031225613526,nan
1570816.0,-0.00860707534227776,0.9793595073953503,nan
1572864.0,0.04014340579811593,0.8628701869453403,nan
1574912.0,-0.038608820159845764,1.02532945973065,nan
1576960.0,0.10352891426378984,0.6397810290209128,nan
1579008.0,-0.03376625640214181,1.1582098450093314,nan
1581056.0,-0.012560062728694896,0.9971611146775975,nan
1583104.0,-0.041071800783011175,1.0324851008912896,nan
1585152.0,-0.07020435127859481,1.5079117445706556,nan
1587200.0,0.043653560797857885,0.8768763687671625,nan
1589248.0,0.03407162325394121,0.9042664563318157,nan
1591296.0,-0.04789011289143587,1.0298872962775047,nan
1593344.0,0.025971751645922282,0.9509011782474762,nan
1595392.0,0.03907928597206692,0.8691038753989495,nan
1597440.0,-0.025758375710731696,1.1120316092519726,nan
1599488.0,0.0007745143160433308,0.9539864655983469,nan
1601536.0,0.035212565130017026,0.8500201293335956,nan
1603584.0,-0.07122955396202235,1.543453396336258,nan
1605632.0,-0.052615825787389034,1.1100241890017306,1.6839916839916842
1607680.0,0.034979057403639366,0.8754910919815024,nan
1609728.0,0.02838937636846666,0.90446140205444,nan
1611776.0,-0.002194422951774095,0.9303006665184811,nan
1613824.0,0.007970489311056282,0.9604898796155292,nan
1615872.0,-0.0022824125062655687,0.9833458607030545,nan
1617920.0,0.05386385224721521,0.8274400031297868,nan
1619968.0,0.00794919122973698,0.9284107508324376,nan
1622016.0,0.013928382654230062,0.9554136750970759,nan
1624064.0,-0.025668650971322447,1.0067430189599087,nan
1626112.0,0.03046973965515873,0.8896712740282359,nan
1628160.0,-0.026109102121567238,0.9988735974634255,nan
1630208.0,0.019933579912136914,0.9067327919740167,nan
1632256.0,0.0531317921507109,0.8284068777633934,nan
1634304.0,0.010256836297899235,0.9362052671928438,nan
1636352.0,-0.05758913297538015,1.2701131767864857,nan
1638400.0,0.05347781074618661,0.8246448866475043,nan
1640448.0,-0.054018382781150856,1.3486812326068183,nan
1642496.0,-0.0077804442559799986,1.0135399197211692,nan
1644544.0,-0.01792831578888433,0.9843325236118373,nan
1646592.0,-0.035766887239969083,1.0841098438038301,nan
1648640.0,0.059199840295513464,0.8367240482589362,nan
1650688.0,0.04939504075719257,0.7832324120498105,nan
1652736.0,-0.13103812241918375,1.4949794489152575,nan
1654784.0,0.023941650900207966,0.9028768823454864,nan
1656832.0,0.0783879824388178,0.6863938554828205,nan
1658880.0,-0.09589578878906231,1.2457268914229904,nan
1660928.0,0.011943551219832885,0.9365404800476712,nan
1662976.0,0.038830520970856555,0.8776954452418775,nan
1665024.0,0.04853782432071594,0.8322687349005425,nan
1667072.0,-0.03240881519129168,1.0294517679018862,nan
1669120.0,0.024067660603257896,0.9130554699999718,nan
1671168.0,-0.0066812037325626045,0.9713824560661122,nan
1673216.0,0.035505705993605904,0.8892932191018148,nan
1675264.0,-0.03984417517535269,1.0289355827362063,nan
1677312.0,0.041355688166193214,0.8817813964077378,nan
1679360.0,0.02972624523519332,0.8927883831323877,nan
1681408.0,0.042673681889287836,0.8612397835100998,nan
1683456.0,-0.035894887979901806,1.026613763351609,nan
1685504.0,0.03140391374754038,0.8901786725347005,nan
1687552.0,0.08108978544032394,0.6799385062318577,nan
1689600.0,-0.14896984538914282,1.6667883531968166,nan
1691648.0,0.04477842237571337,0.8705041482337069,nan
1693696.0,0.02517215070741464,0.879103170146025,nan
1695744.0,0.005196252141560623,0.9842885411385903,nan
1697792.0,-0.010963683379918668,0.9831872195642871,nan
1699840.0,0.004190731217169105,0.93743861799912,nan
1701888.0,0.06641939448523068,0.7996247098249841,nan
1703936.0,-0.08827522476924037,1.542375448028093,nan
1705984.0,0.047144263227751095,0.8615720257004845,1.1434511434511436
1708032.0,-0.0703393297951746,1.2194744826828374,nan
1710080.0,0.04109242065483449,0.8100708859898087,nan
1712128.0,0.04486978607723535,0.8522578969844712,nan
1714176.0,-0.06622169497129642,1.123267634351615,nan
1716224.0,0.02291541327826832,0.9174768310646142,nan
1718272.0,0.036475625949379635,0.8519455081443719,nan
1720320.0,-0.031861497035865986,1.033991103222241,nan
1722368.0,0.00846234634945238,1.333167776603845,nan
1724416.0,-0.07648407034926473,1.4809183832108868,nan
1726464.0,-0.054803691029166005,1.4662430691501045,nan
1728512.0,-0.08450572264299894,1.209510362186055,nan
1730560.0,0.017444009306509238,0.9398424904752933,nan
1732608.0,0.05271929913030744,0.8390603298608525,nan
1734656.0,0.009843305332195369,0.9668320169183099,nan
1736704.0,-0.056712709158610264,1.0396347870472706,nan
1738752.0,0.06801748675142677,0.8421707614511231,nan
1740800.0,0.011359099753493876,0.9227230474927546,nan
1742848.0,0.05521493339447492,0.8258761089439342,nan
1744896.0,-0.055281251370519924,1.0866556902637545,nan
1746944.0,0.024070310598655595,0.8810994262238054,nan
1748992.0,-0.027721549634944248,1.2803446694859795,nan
1751040.0,0.02334489313889504,0.9206899980381729,nan
1753088.0,-0.019780570231077613,1.0248705040035972,nan
1755136.0,-0.006544087985606954,0.9928618582120754,nan
1757184.0,0.017039670170497668,0.9488513724670901,nan
1759232.0,-0.050775062924886455,1.032532984247653,nan
1761280.0,0.0797942696799705,0.808901986061168,nan
1763328.0,-0.005825032222702156,0.9811540131162214,nan
1765376.0,0.009634843621944299,0.9650872500528991,nan
1767424.0,-0.017699246013047537,1.0128599428279477,nan
1769472.0,-0.001272199384198043,0.9425469804011968,nan
1771520.0,0.08835173519854092,0.5487584698229397,nan
1773568.0,-0.050792064069578646,1.2295482170256598,nan
1775616.0,0.027482498037977872,0.889666926260327,nan
1777664.0,-0.10272238888510393,1.4899896772955687,nan
1779712.0,0.04700901260737222,0.8655147335121521,nan
1781760.0,0.047501776992839986,0.8252383113203621,nan
1783808.0,-0.07631316291427227,1.2231445376687429,nan
1785856.0,0.06388569230659248,0.8004186941242943,nan
1787904.0,0.03751967207522924,0.8115835735495033,nan
1789952.0,-0.04214090834899656,1.1735947989303075,nan
1792000.0,-0.06424163580165797,1.1422547083474524,nan
1794048.0,0.03975941561344974,0.8762347403984626,nan
1796096.0,0.030648337544816596,0.8862663655010147,nan
1798144.0,-0.023109172399963344,1.0041660415322717,nan
1800192.0,0.07922883621729233,0.7221127202425728,nan
1802240.0,-0.06418199852719912,1.1798664695128147,nan
1804288.0,0.049706336594558094,0.8523360071603774,nan
1806336.0,-0.0056916945902942655,0.9729641556952887,1.8503118503118503
1808384.0,-0.09027256209791314,1.532023088152634,nan
1810432.0,0.03347191903187548,0.9058413879682657,nan
1812480.0,-0.02747322907003297,0.9977120590509815,nan
1814528.0,0.08313921280098337,0.7545939993913604,nan
1816576.0,-0.011646434903074925,0.9944291845870077,nan
1818624.0,0.01375666163136758,0.9342782535255365,nan
1820672.0,-0.03820495011970353,1.0162010599980629,nan
1822720.0,0.07618916941603596,0.8221536671069889,nan
1824768.0,0.023208219713662652,0.8667811469810307,nan
1826816.0,-0.02144195117944952,1.0647417429836143,nan
1828864.0,-0.022433952580875067,1.021685345357216,nan
1830912.0,-0.0016164622061338799,0.9663787837300756,nan
1832960.0,0.024952978429399576,0.9127239459849659,nan
1835008.0,0.022472339668929853,0.8836583246477024,nan
1837056.0,-0.0232553815223433,1.0314480065177962,nan
1839104.0,0.027259642150806042,0.8964332553696979,nan
1841152.0,0.06383046048018247,0.7398584632244004,nan
1843200.0,-0.09049577252860258,1.2161995861609172,nan
1845248.0,0.021476412693429158,0.9022571154292901,nan
1847296.0,0.049987093504018275,0.8358313412214511,nan
1849344.0,0.006816582989512803,0.9630358888697464,nan
1851392.0,0.019832434595854088,0.9082346202583161,nan
1853440.0,-0.025764936653871886,0.997535775063618,nan
1855488.0,0.051601891864276876,0.8681772643665804,nan
1857536.0,0.056607002835253786,0.7920689465195438,nan
1859584.0,0.010967259109297078,0.9414460650273611,nan
1861632.0,-0.020838314833133094,1.0918345635487374,nan
1863680.0,-0.025200710343011117,1.0240244648520183,nan
1865728.0,0.014636273674600155,0.9222492050945539,nan
1867776.0,-0.07406584311818265,1.4063227745969384,nan
1869824.0,0.023687194377150275,0.9058738851541002,nan
1871872.0,0.042866924127242426,0.8431993148246886,nan
1873920.0,-0.0021073758075890146,0.9782587509938601,nan
1875968.0,0.03065096416898351,0.8912559625312657,nan
1878016.0,-0.01973280246577702,1.1356951855949649,nan
1880064.0,-0.01411552385602799,0.998663993776818,nan
1882112.0,-0.02207649192866208,0.997055000494736,nan
1884160.0,0.06876935655491374,0.7921093238428581,nan
1886208.0,0.015994567518134238,0.9191779341949158,nan
1888256.0,-0.03445827890348764,1.2544883534265137,nan
1890304.0,-0.05518568401564002,1.1021159758405668,nan
1892352.0,0.07895372898167508,0.7570223810699195,nan
1894400.0,-0.02475983385520953,1.033693844017357,nan
1896448.0,0.03568655512247966,0.8561875474142817,nan
1898496.0,0.009320658544834541,0.951323693156752,nan
1900544.0,0.03324383210045509,0.8633456239997213,nan
1902592.0,-0.09477857102025487,1.5255529965231047,nan
1904640.0,0.01295261617594443,0.9382619173401987,nan
1906688.0,-0.01696230454862007,1.0014238408037561,1.5904365904365905
1908736.0,0.02570134637458205,0.8974076657748884,nan
1910784.0,0.012210334643890167,0.9143002536344288,nan
1912832.0,0.032314415068305735,0.9085251735357461,nan
1914880.0,0.025055306327079977,0.8783192087873576,nan
1916928.0,-0.016041543550428784,1.0001564869729513,nan
1918976.0,0.04417819913420173,0.8571519182171277,nan
1921024.0,0.03549706194607555,0.8361789863371335,nan
1923072.0,-0.0838668247640784,1.272716201281881,nan
1925120.0,0.02706341503747946,0.8973163112434882,nan
1927168.0,0.037509417986430815,0.8441741246837624,nan
1929216.0,0.0016281206320197111,0.9755985448435873,nan
1931264.0,-0.003145142722220856,0.9606302570596276,nan
1933312.0,0.016243866247775116,0.9349832491965687,nan
1935360.0,0.05218910279406938,0.8295920361249505,nan
1937408.0,-0.08624881601717566,1.4414326828598234,nan
1939456.0,0.04191798179191816,0.8570027964027405,nan
1941504.0,0.025206701820466394,0.8959378212405122,nan
1943552.0,-0.06733047695543058,1.1242230001470643,nan
1945600.0,0.06424899088966289,0.8135621873283673,nan
1947648.0,-0.023153686328122484,1.0880962417079225,nan
1949696.0,0.01140964551559278,0.9195885063909639,nan
1951744.0,-0.033271644599248584,1.4450262540351604,nan
1953792.0,0.013579122761935035,0.9348510220016235,nan
1955840.0,-0.024566202715458604,1.0153547472147937,nan
1957888.0,0.0668220729779485,0.8079749648611882,nan
1959936.0,-0.08904536763597884,1.4297270037009007,nan
1961984.0,-0.0021359689775642295,0.939514194161478,nan
1964032.0,0.0399068338755717,0.91847212637541,nan
1966080.0,0.025634104234683826,0.8701419046878305,nan
1968128.0,-0.02621865867164812,1.0143467003826916,nan
1970176.0,0.0646655088866615,0.7970344862321405,nan
1972224.0,-0.04178997775993612,1.0472934537599523,nan
1974272.0,0.006117407031544581,0.9551567917023769,nan
1976320.0,0.02681436511552503,0.8930429648543046,nan
1978368.0,0.029054428897818334,0.90451733002926,nan
1980416.0,-0.006434364143227289,1.046469748088231,nan
1982464.0,0.006209490221839475,0.9386339654834226,nan
1984512.0,-0.003980696958044573,0.977118243446952,nan
1986560.0,0.038925029381882054,0.8722903428713307,nan
1988608.0,0.016110153846236694,0.9238755839489936,nan
1990656.0,-0.05795445032769461,1.0401831380626851,nan
1992704.0,0.05431869951692822,0.8618666077722101,nan
1994752.0,0.07225714188366217,0.7667164652355265,nan
1996800.0,-0.058844908273691175,1.070260974023804,nan
1998848.0,0.02137405157988813,0.9374079986467381,nan
2000896.0,0.024559500078853918,0.9051706108230867,nan
2002944.0,0.043535633899366946,0.858071689577882,nan
2004992.0,-0.02338000024061456,1.0002593944339329,nan
2007040.0,0.04902475551408904,0.8394572864789172,1.933471933471933
2009088.0,0.04723961883112299,0.8284175770140371,nan
2011136.0,-0.04540383644040428,1.0692850564561398,nan
2013184.0,0.051597294223730765,0.8449654067936214,nan
2015232.0,-0.009343037324061117,0.9918808612999255,nan
2017280.0,-0.008982367453510814,0.9938067251071796,nan
2019328.0,0.039160531091044726,0.8428976598643523,nan
2021376.0,-0.021692588009248136,1.038546875132007,nan
2023424.0,-0.011096740953492074,0.9529604478765856,nan
2025472.0,0.09492885580842071,0.7113892791794759,nan
2027520.0,-0.07458867797976175,1.130094536255768,nan
2029568.0,0.039063412019774195,0.8800363254618242,nan
2031616.0,0.03456258806851074,1.1415631677037206,nan
2033664.0,-0.04139443165748505,1.1416434819636374,nan
2035712.0,-0.043393627614886486,1.0449626366558578,nan
2037760.0,0.08178681542052138,0.7732697373215593,nan
2039808.0,0.009346054385623206,0.9511530243209111,nan
2041856.0,-0.03492195683990043,1.0509563792657153,nan
2043904.0,-0.006164645578913892,0.9640215984100254,nan
2045952.0,0.030786121545872836,0.9012203734543438,nan
2048000.0,0.03465789758629029,0.8463356893858187,nan
2050048.0,0.05554963202887928,0.7575031432020197,nan
2052096.0,-0.1305514872993046,1.4648685520957316,nan
2054144.0,0.02353980261467157,1.028480594883398,nan
2056192.0,0.07140068270281272,0.5365161546326421,nan
2058240.0,-0.10700982778161319,1.6378252978964851,nan
2060288.0,-0.06015045467011038,1.3342673052676428,nan
2062336.0,0.002259579847987369,0.968318737717,nan
2064384.0,0.032395367346358506,0.8996220273022674,nan
2066432.0,-0.08208759383425585,1.0739740233106754,nan
2068480.0,0.07016887075482436,0.8428565055696629,nan
2070528.0,-0.0010050429698454065,0.9443370431040207,nan
2072576.0,0.04828237994219503,0.8960023847292949,nan
2074624.0,-0.06548603572524653,1.2827315540266673,nan
2076672.0,-0.012776403921887874,0.9983534758160361,nan
2078720.0,0.0773335310193007,0.7546163826627666,nan
2080768.0,0.006653105488844638,0.969316350549835,nan
2082816.0,-0.07205941326274282,1.1177484418118502,nan
2084864.0,0.05700205730653524,0.8340229076058068,nan
2086912.0,0.0020266397748026806,0.9691692134314871,nan
2088960.0,0.02775891832562151,0.8986094062719041,nan
2091008.0,-0.039346059456439625,1.0436201964485563,nan
2093056.0,0.00952103925273735,0.9278160430756657,nan
2095104.0,0.042641353737776555,0.8748231453603895,nan
2097152.0,-0.026820732059294437,1.0232982830412483,nan
2099200.0,0.047516061886909426,0.8483758187216304,nan
2101248.0,0.013120632731972861,0.9455810741356894,nan
2103296.0,0.01769877754507497,0.918427211073909,nan
2105344.0,-0.01985963610725619,0.9963070707342828,nan
2107392.0,-0.005890011295341838,0.9649420325050551,1.5696465696465698
2109440.0,0.04318291153361736,0.9244185661042882,nan
2111488.0,-0.00659454328913427,0.9937329900391784,nan
2113536.0,0.05384654504953928,0.8217830815053905,nan
2115584.0,-0.025693856144798872,1.0228293410677876,nan
2117632.0,0.009113542355673337,0.935913452849276,nan
2119680.0,0.022713655664516736,0.9037947896971814,nan
2121728.0,-0.007285887320789539,0.9973983051890069,nan
2123776.0,0.004737136544967276,0.9581324472780539,nan
2125824.0,-0.026383264462901304,1.1309227549046181,nan
2127872.0,-0.0434297772297621,1.2058975086528259,nan
2129920.0,0.06652278829885885,0.9748853189814737,nan
2131968.0,-0.052158185926954176,1.0975811791751087,nan
2134016.0,0.06368855545187545,0.8017837942118509,nan
2136064.0,-0.03461531983175107,1.0532048601630457,nan
2138112.0,0.0340468874731868,0.8866927656217827,nan
2140160.0,-0.02357603776912228,1.0210808877337372,nan
2142208.0,0.03459885251747609,0.8763037109278863,nan
2144256.0,-0.021192347920056462,1.0048147489573531,nan
2146304.0,0.0573254046565058,0.8082553487741037,nan
2148352.0,-0.018236484503428557,1.017723771370337,nan
2150400.0,-0.018583568927164097,0.9840417202137505,nan
2152448.0,0.05117887660147157,0.8457601782042092,nan
2154496.0,-0.0006141950721999835,0.9659087940934773,nan
2156544.0,0.048007124152720994,0.8380847315214444,nan
2158592.0,-0.0020849543930685395,0.9801889435688957,nan
2160640.0,-0.004230780029207296,0.9572391840288185,nan
2162688.0,0.04047072942264439,0.9140409539587603,nan
2164736.0,-0.00698296937251601,0.9867594277634697,nan
2166784.0,-0.012076486709047735,0.9966277819501305,nan
2168832.0,-0.035418315251517264,0.9969772908597907,nan
2170880.0,0.06861960645006475,0.8311703077152482,nan
2172928.0,0.009872117805272421,0.9323142982571333,nan
2174976.0,0.00962932572966502,0.9248002783800912,nan
2177024.0,-0.06065640754993679,1.414602692622382,nan
2179072.0,0.0072152618373478895,0.9142227678078774,nan
2181120.0,-0.004048747619865407,0.9927034567172994,nan
2183168.0,0.01785452804878429,0.9071582654004032,nan
2185216.0,0.07691494467930027,0.7618068640807735,nan
2187264.0,-0.0504442966512139,1.0752727606388113,nan
2189312.0,-0.055537112119815914,1.2801841072300186,nan
2191360.0,0.002063899625456375,0.9295233903114685,nan
2193408.0,0.04777151144826939,0.8689655086705635,nan
2195456.0,0.008322701491724406,1.0620858857156694,nan
2197504.0,0.04244625320099572,0.8482380057289246,nan
2199552.0,-0.10369601076790944,1.4204697878389005,nan
2201600.0,0.03732571742877702,0.8618896628224512,nan
2203648.0,0.020939091068116745,0.9308190702873554,nan
2205696.0,0.020398972859961846,0.9024471350745827,nan
2207744.0,-0.007026958718761349,1.0409381550125303,1.4760914760914763
2209792.0,0.022159491075449112,0.9021058014334128,nan
2211840.0,-0.09141252473826138,1.2444118310876056,nan
2213888.0,0.024733521846582764,0.8982260877736459,nan
2215936.0,0.041709168318291405,0.8489714166673029,nan
2217984.0,0.015181539041995894,0.926744289363246,nan
2220032.0,0.0047087252370997396,0.9780615092192126,nan
2222080.0,-0.012583425946199031,0.9942086115087503,nan
2224128.0,0.014690526251881983,0.9390233761848087,nan
2226176.0,0.0008127562444256234,0.9828808678111717,nan
2228224.0,0.06280940977711846,0.7577395238542315,nan
2230272.0,-0.11287427721102487,1.5204092986826954,nan
2232320.0,0.07759182515750526,0.5951123894572315,nan
2234368.0,-0.09113752268701611,1.488113603451363,nan
2236416.0,-0.0039222033246260335,0.9693192570957155,nan
2238464.0,0.020618701993812896,0.9133240243231198,nan
2240512.0,0.0545056204871721,0.7547806339942346,nan
2242560.0,-0.11021847527831477,1.3166945410745012,nan
2244608.0,0.017942099796172527,0.9349132551951138,nan
2246656.0,0.0627772753176592,0.810259930783673,nan
2248704.0,-0.02840209198331296,1.0562532829576077,nan
2250752.0,-0.014369717495568025,0.9845840962809239,nan
2252800.0,0.0595703584460888,0.8122313170154969,nan
2254848.0,0.023535274186237493,0.8972063161249849,nan
2256896.0,-0.0016202303869885595,0.9870828285375364,nan
2258944.0,-0.05086220979745076,1.0598013561331396,nan
2260992.0,0.04849329448341369,0.8456219462612499,nan
2263040.0,-0.010910733419277709,0.9950278322885155,nan
2265088.0,0.064074826094296,0.7859130820661567,nan
2267136.0,0.007844685889953157,0.9520078733137161,nan
2269184.0,-0.031808511786633534,1.029528636238185,nan
2271232.0,0.0570832726307978,0.8301254494377939,nan
2273280.0,-0.053422310130989206,1.0725118895724148,nan
2275328.0,0.07017295368648996,0.8033761878753294,nan
2277376.0,-0.032107352667413824,1.0298243470561974,nan
2279424.0,0.04440221412910623,0.8311415975713708,nan
2281472.0,-0.01339075478650733,0.9933415951724135,nan
2283520.0,0.03181123253131411,0.8779025801494079,nan
2285568.0,-0.004761222856621488,0.9611438365911168,nan
2287616.0,0.030853987761967933,0.8930676951265811,nan
2289664.0,-0.016912409372177556,1.0059738004787693,nan
2291712.0,0.06650221748352686,0.7710661990962406,nan
2293760.0,-0.029103050922852335,1.0531395639550425,nan
2295808.0,0.0280792351057203,0.8953786826104158,nan
2297856.0,-0.013240504899590999,0.9875216802945145,nan
2299904.0,0.0003865617048057386,0.9664580140206995,nan
2301952.0,0.06743887042837393,0.7804937701004439,nan
2304000.0,-0.05137540770121819,1.1577936975043386,nan
2306048.0,-0.0058423400344930175,0.9632067012641989,nan
2308096.0,0.020632867407856036,0.9100012795412503,1.9126819126819121
2310144.0,0.04217247770438341,0.8751028935950039,nan
2312192.0,0.014958068784093753,0.9301257646341758,nan
2314240.0,-0.05160680439407533,1.03497955980003,nan
2316288.0,0.06904636082864318,0.8328324885902585,nan
2318336.0,0.01736921092052873,0.9094082305259207,nan
2320384.0,-0.03130865530383753,1.0063671153064013,nan
2322432.0,0.04634181343384571,0.8709227096511802,nan
2324480.0,-0.004827308000025107,0.9626959991921578,nan
2326528.0,0.04485446341566436,0.880602604498176,nan
2328576.0,0.03912176976880289,0.8071659119692037,nan
2330624.0,-0.0698549489304881,1.189891502969169,nan
2332672.0,0.035052469966473446,0.8883250071754569,nan
2334720.0,0.002887106002471735,0.9437831200038101,nan
2336768.0,0.05648982343996939,0.8011024528360309,nan
2338816.0,0.0056523563624362935,0.9583736235768344,nan
2340864.0,-0.031133512438308975,1.1536659479199025,nan
2342912.0,-0.03691602466995897,1.044935760935708,nan
2344960.0,0.02980305247611526,0.8897773101384289,nan
2347008.0,0.06595063943152496,0.7873020524735493,nan
2349056.0,-0.05568420871677785,1.2433217434151693,nan
2351104.0,-0.03872936222661387,1.0339478586954454,nan
2353152.0,0.041172130275497654,0.8807328541999356,nan
2355200.0,0.07713578455239857,0.6950427109123517,nan
2357248.0,-0.0729698838425872,1.5745174453758801,nan
2359296.0,-0.07486438452222946,1.2166560697040596,nan
2361344.0,0.009904813245714392,0.9378028512709331,nan
2363392.0,0.018156040393129257,0.9384534511486987,nan
2365440.0,-0.030596822658071468,1.026233179250704,nan
2367488.0,0.026919864746085875,0.895847719342942,nan
2369536.0,0.014871322803960509,0.8958838124373762,nan
2371584.0,0.01455933743222685,1.069318562568823,nan
2373632.0,-0.09190572449842428,1.4354818186346177,nan
2375680.0,0.024421667315387426,0.9130124510574389,nan
2377728.0,-0.021728077736055895,1.2406056015416513,nan
2379776.0,-0.004497322883104872,0.9809571151936817,nan
2381824.0,0.060524601614934254,0.7101408465975012,nan
2383872.0,-0.13417038077041576,1.6243323579307427,nan
2385920.0,0.0712156877233118,0.7911090745260233,nan
2387968.0,-0.01714134697556809,0.992620007058406,nan
2390016.0,0.03517258110784967,0.8872763449563149,nan
2392064.0,-0.04843888206303405,1.0771650396067345,nan
2394112.0,0.03700384652417733,0.9006490535654018,nan
2396160.0,-0.025552778023956797,1.0216736319054738,nan
2398208.0,0.002966353397591371,0.9313148083113122,nan
2400256.0,0.08905759666723101,0.7582359192350362,nan
2402304.0,-0.035428933913748135,1.0483084974686934,nan
2404352.0,-0.0502620481839926,1.0390366528736035,nan
2406400.0,0.1339947851370613,0.5683782896034499,nan
2408448.0,-0.14453078078701043,1.579264043400553,1.496881496881497
2410496.0,0.05276309098696712,0.8134997323909791,nan
2412544.0,-0.08021527253770742,1.112341192819089,nan
2414592.0,0.05037602690301336,0.8621218432015695,nan
2416640.0,0.021676562985100706,0.9052515511089038,nan
2418688.0,0.006224071407454172,1.0316245857838853,nan
2420736.0,-0.021127017987752638,0.9886727969521305,nan
2422784.0,0.05050333973580455,0.8506721910337017,nan
2424832.0,-0.07927806481419471,1.584697933088853,nan
2426880.0,0.009616242301201429,0.9373229555120494,nan
2428928.0,-0.016067697608192072,0.9723400212311825,nan
2430976.0,0.037419031739856445,0.8881553082247927,nan
2433024.0,0.03550243482435346,0.889768961792896,nan
2435072.0,-0.024447315512400168,1.0455997698720365,nan
2437120.0,0.05392153855407261,0.8025539652216311,nan
2439168.0,0.049643910207856926,0.628038811768123,nan
2441216.0,-0.07002016386819787,1.3680150468689471,nan
2443264.0,-0.030820854251533688,1.0250805095690774,nan
2445312.0,0.03641731382513878,0.8978652776806914,nan
2447360.0,0.03487904411697519,0.8653105395685885,nan
2449408.0,-0.001146364591180643,0.9626102006956239,nan
2451456.0,0.02746921266619476,0.8886483343257722,nan
2453504.0,-0.03266313661160537,0.9983251148286431,nan
2455552.0,0.030683030623771087,0.9161444570409546,nan
2457600.0,-0.018314538698649137,0.9815837835310918,nan
2459648.0,0.048101481276264554,0.8531553110614412,nan
2461696.0,0.04103245715911062,0.848329110647778,nan
2463744.0,-0.015312358243383735,1.1605229100754684,nan
2465792.0,-0.04779962643351322,1.0522217314468758,nan
2467840.0,0.011256694059838979,0.9401071876491376,nan
2469888.0,0.0373011177983963,0.8771821837570739,nan
2471936.0,0.055232719245146285,0.8090865605728672,nan
2473984.0,-0.137482195143734,1.435437676221219,nan
2476032.0,0.09408608057745417,0.7624330454897142,nan
2478080.0,-0.0587611952764662,1.1185927907238293,nan
2480128.0,0.03219448229784663,0.8905788328587012,nan
2482176.0,-0.06782445786011258,1.2503538582027933,nan
2484224.0,0.07506563694376531,0.7661918479180946,nan
2486272.0,0.006524829140993754,0.9527040170801797,nan
2488320.0,-0.059493835076963625,1.1013485932906824,nan
2490368.0,0.06104788457101118,0.8156270901616917,nan
2492416.0,-0.025499556003760183,1.0044676605203509,nan
2494464.0,0.05880277691709714,0.8329210931714962,nan
2496512.0,0.02386647055294079,0.8746216676977284,nan
2498560.0,-0.028775481187416473,1.0205593293637651,nan
2500608.0,0.04338987622303626,0.8502573621224653,nan
2502656.0,0.0025486587730289313,0.9831406165144768,nan
2504704.0,-0.002889788600092324,0.9622039246153559,nan
2506752.0,-0.02452255896887954,1.0190881669039653,nan
2508800.0,0.041340998462426184,0.8691344032692877,1.0706860706860708
2510848.0,0.02421320780639103,0.9084531091254991,nan
2512896.0,-0.03603708227676758,1.1002728406776194,nan
2514944.0,0.0462452890113486,0.8930079801775893,nan
2516992.0,-0.016981912695997862,0.9961027899603941,nan
2519040.0,0.03317847868148037,0.8674029702691008,nan
2521088.0,-0.02897875179727151,1.0153899658401933,nan
2523136.0,0.09094203777332778,0.662736193239661,nan
2525184.0,-0.10999030048440374,1.5297376741306832,nan
2527232.0,0.022745183812303678,0.9185064709919573,nan
2529280.0,0.016033731903275478,0.9185723813654915,nan
2531328.0,-0.0008042532756212459,0.9992827717560874,nan
2533376.0,-0.007282874391079643,0.9631291120533404,nan
2535424.0,0.033515519042444444,0.8528260148568609,nan
2537472.0,-0.01290465543020592,0.9906341728946696,nan
2539520.0,0.050212674875739716,0.8305405387448523,nan
2541568.0,-0.0028374768953393324,0.9803031897232334,nan
2543616.0,-0.008043556532620032,0.9685287303905601,nan
2545664.0,-0.0018122388731200319,0.9722103727530558,nan
2547712.0,0.031193503929185868,0.8915973082789422,nan
2549760.0,-0.024402169270544543,1.019648641367424,nan
2551808.0,0.06402223339203578,0.8055528113360536,nan
2553856.0,0.0017937165861395404,0.9528427266680389,nan
2555904.0,0.009844813774738243,0.9382609199263701,nan
2557952.0,0.008508729565558152,0.9411307945048193,nan
2560000.0,0.03232471156950095,0.8836652914801271,nan
2562048.0,-0.007806177081554119,0.9843862339956789,nan
2564096.0,0.016326420713181505,0.9342156986397853,nan
2566144.0,0.05608570656011096,0.7993947967669083,nan
2568192.0,-0.14063849542227122,1.7219424841238733,nan
2570240.0,0.031058258701408447,0.8823849820250388,nan
2572288.0,0.01383870063133269,0.9424907360676272,nan
2574336.0,-0.030467621538118356,1.1003163493207517,nan
2576384.0,0.047616960964920935,0.8021127750680983,nan
2578432.0,-0.00503326061547299,0.9832878770610887,nan
2580480.0,-0.032874258940191275,1.0047287275463042,nan
2582528.0,0.03991436654693223,0.8770557523300705,nan
2584576.0,0.044669336145946786,0.8079850609298858,nan
2586624.0,0.0071602613536843815,0.9422835880319201,nan
2588672.0,-0.035976370804940844,1.0357381848542857,nan
2590720.0,0.03198344636687593,0.9195156520133445,nan
2592768.0,0.018174033680311834,0.921127807385526,nan
2594816.0,0.02482025795920627,0.9073295917339684,nan
2596864.0,-0.06532022688768466,1.4698573681323075,nan
2598912.0,-0.013586876443784032,0.9729103150601961,nan
2600960.0,0.026657894877726733,0.8957901415031563,nan
2603008.0,0.05175294478245793,0.8502904622789731,nan
2605056.0,0.05657270759444068,0.6611678613893974,nan
2607104.0,-0.12024075547346882,1.662691953152802,nan
2609152.0,0.008331529717166372,1.2695399566683085,1.808731808731809
2611200.0,-0.11772095134019668,1.287689646148507,nan
2613248.0,0.09819437698045602,0.6832235134234288,nan
2615296.0,0.029775456882529423,0.822786139508072,nan
2617344.0,0.014579804651797729,0.8834071349815207,nan
2619392.0,-0.01542767984353885,1.1973555720687112,nan
2621440.0,-0.04461338542370975,1.3119193920487027,nan
2623488.0,-0.13639936036991102,1.8722731207367591,nan
2625536.0,0.012804140452962848,0.9432204213849336,nan
2627584.0,-0.07832402784742709,1.4457376345838266,nan
2629632.0,-0.05309571857108437,1.469059658483566,nan
2631680.0,0.0062108643529008856,1.1778317780793803,nan
2633728.0,-0.020555988908314938,1.0291500616653408,nan
2635776.0,-0.02857721117514616,1.019923251746932,nan
2637824.0,0.018522879297800658,0.9100182442414096,nan
2639872.0,0.08407060618771661,0.733351525594426,nan
2641920.0,-0.023138436732330413,1.0396846593923226,nan
2643968.0,-0.08989060357632327,1.4092709820586158,nan
2646016.0,0.026324597406838453,0.9000163426819885,nan
2648064.0,0.02482848174054198,0.9026236558541476,nan
2650112.0,0.009594869452309546,0.9338446305854933,nan
2652160.0,0.01849034064302438,0.916654313029876,nan
2654208.0,0.016864247344293246,0.9329935915765032,nan
2656256.0,0.0368412765561103,0.8697278664738232,nan
2658304.0,-0.04396331185680517,1.1006089184562278,nan
2660352.0,0.046355290568835736,0.8553538693471083,nan
2662400.0,-0.02458859609693207,0.999620444520818,nan
2664448.0,0.03350882042450931,0.9267557299643693,nan
2666496.0,-0.01709674236648488,0.9901230194937889,nan
2668544.0,0.029830303836253406,0.9187813020734422,nan
2670592.0,0.02720162042457841,0.8713507837124556,nan
2672640.0,-0.006503146376437688,1.004644715334793,nan
2674688.0,-0.025034195090469082,1.0167796885519782,nan
2676736.0,0.06648466363470608,0.8202540481198003,nan
2678784.0,-0.014601773367093587,1.0116616420878521,nan
2680832.0,-0.03686708762662997,1.0180379063544316,nan
2682880.0,0.04135005812328123,0.8702575393584165,nan
2684928.0,0.02140460747479986,0.9340231943622876,nan
2686976.0,0.015310560548731665,0.9423962539735949,nan
2689024.0,-0.027172452081564248,1.2798983016611425,nan
2691072.0,-0.01713854754924289,0.99907281002076,nan
2693120.0,0.020505916854147693,0.904845013245087,nan
2695168.0,0.03512428061130167,0.882969835100714,nan
2697216.0,0.02786857228508506,0.9109373271398321,nan
2699264.0,-0.039585165411512344,1.0669977941739095,nan
2701312.0,0.0012262751026873193,0.9361154161718366,nan
2703360.0,0.03690271541505126,0.9001749460942184,nan
2705408.0,-0.036221762251733604,1.0278839023023827,nan
2707456.0,0.05610092597863507,0.8460878832432863,nan
2709504.0,0.01218920428181424,0.9495261998792117,1.5280665280665284
2711552.0,-0.021869268594664447,1.0118244371284741,nan
2713600.0,0.04158419293205175,0.7992908604665776,nan
2715648.0,0.004997666699733352,0.9579632905749109,nan
2717696.0,0.034342181100769475,0.8156175247004265,nan
2719744.0,-0.026582748303116743,1.040805932493069,nan
2721792.0,0.03291746487815409,0.8794355328081063,nan
2723840.0,0.0050381902817270355,0.9555165217225731,nan
2725888.0,0.020170270505610887,0.9198062206425215,nan
2727936.0,0.014981621109722669,0.9106685511452439,nan
2729984.0,0.028233584901778633,0.8983665640011165,nan
2732032.0,-0.005685715530942062,0.9857414577603468,nan
2734080.0,-0.020746248048149132,1.0199121390725825,nan
2736128.0,0.04901230023956647,0.8440603983505731,nan
2738176.0,-0.009812867227486779,0.993200767520434,nan
2740224.0,0.013087634957278556,0.8983709043121749,nan
2742272.0,0.0007351910545464538,0.9807668445642157,nan
2744320.0,0.0007536867826035271,0.9615377562432698,nan
2746368.0,0.017459436919807343,0.9379729003260313,nan
2748416.0,0.07010962116534279,0.7551644559057447,nan
2750464.0,-0.05932144710825681,1.1166272624875593,nan
2752512.0,0.031683919319511034,0.8745838024375403,nan
2754560.0,0.02560851801975804,0.8507128491768879,nan
2756608.0,0.027691448231091948,0.8996199244465076,nan
2758656.0,-0.026352037131017327,0.9980126801269775,nan
2760704.0,0.08699790438229563,0.7028020991449754,nan
2762752.0,-0.08487544224911658,1.2716884624151652,nan
2764800.0,-0.03971566735667374,1.027420671249884,nan
2766848.0,0.07074819907953359,0.8003165246286869,nan
2768896.0,-0.002790305145313407,0.9653441439006578,nan
2770944.0,0.006188170720497318,0.9325804468679202,nan
2772992.0,0.038486809429731136,0.9032416670067318,nan
2775040.0,-0.040501409410268974,1.0417236639755896,nan
2777088.0,0.02130255823295056,0.9536503427315571,nan
2779136.0,0.029833575211261752,0.876681025000677,nan
2781184.0,-0.023575476507271095,1.0221881029330357,nan
2783232.0,0.011065924078235229,0.9424611120676029,nan
2785280.0,0.03138529891689195,0.886371564912749,nan
2787328.0,0.01543862363612726,0.9488458164957206,nan
2789376.0,-0.02090028194587737,0.9885777450384767,nan
2791424.0,0.025781739983033743,0.9186848383571199,nan
2793472.0,0.03108213667314603,0.8800002351780437,nan
2795520.0,-0.0005575992959856342,0.9576578207541473,nan
2797568.0,0.0451353865260125,0.9069976853995788,nan
2799616.0,-0.13824294587295227,1.5561477452273,nan
2801664.0,0.0889888996448048,0.7374325535924254,nan
2803712.0,-0.08672172829894213,1.1736692578154235,nan
2805760.0,0.007319893363598982,0.9198765964632521,nan
2807808.0,0.0544680132916391,0.8558271957734775,nan
2809856.0,0.054775525723589784,0.8171280220251887,1.465696465696466
2811904.0,-0.05988308501071717,1.0967984053804665,nan
2813952.0,0.0009394365233455562,0.9366315478363799,nan
2816000.0,0.0565008864872483,0.8524312350262758,nan
2818048.0,0.034086394288232444,0.8645812978821278,nan
2820096.0,-0.0315643764860196,1.001778098278529,nan
2822144.0,0.027325560313025125,0.919793454180448,nan
2824192.0,0.04546004852394911,0.9406460337182727,nan
2826240.0,-0.06351306374683338,1.2036426894695529,nan
2828288.0,-0.0044716191858906705,0.9721647687762093,nan
2830336.0,0.04616311353340581,0.8407531094334603,nan
2832384.0,-0.006194057578406242,1.0012000368868963,nan
2834432.0,-0.017969160783806726,0.9860104621867001,nan
2836480.0,0.02194597540481754,0.922772595059564,nan
2838528.0,0.024575521715018867,0.8931757672960559,nan
2840576.0,0.030068003860961624,0.8902951775390512,nan
2842624.0,-0.027212616482776432,1.010030684454118,nan
2844672.0,0.03389867832344769,0.8763225920604615,nan
2846720.0,0.0462747754196582,0.8432672364712123,nan
2848768.0,0.002568711471159977,0.9800622448541234,nan
2850816.0,-0.04290971620487867,1.024979120341948,nan
2852864.0,0.03701094393282123,0.8751964217466974,nan
2854912.0,0.027427529203908396,0.9013119603984446,nan
2856960.0,0.02200008988663298,0.9039626203795601,nan
2859008.0,0.004658001050830501,1.0380392827276865,nan
2861056.0,-0.03432635249667605,1.3931214623741168,nan
2863104.0,-0.045748937227699446,1.0412243921088007,nan
2865152.0,-0.021044301907869628,0.9872821371359591,nan
2867200.0,0.03372767697775614,0.8987751209542828,nan
2869248.0,0.041226200696339296,0.8801260375499771,nan
2871296.0,0.020331791919326634,0.9267773866310507,nan
2873344.0,0.01500038749668767,0.9549456321489194,nan
2875392.0,-0.10071668948777127,1.4154536718074198,nan
2877440.0,0.07986897456114138,0.6844014508116375,nan
2879488.0,-0.05868781515278914,1.5188762658731374,nan
2881536.0,-0.10782704892579319,1.5181776316057396,nan
2883584.0,-0.020404457817844487,1.0045161996457908,nan
2885632.0,0.043423075674457634,0.8716755186000295,nan
2887680.0,-0.08957353636614421,1.386821937260295,nan
2889728.0,0.07028591026750941,0.7958827571105729,nan
2891776.0,-0.02104960238876227,1.007899955291806,nan
2893824.0,-0.011100550256013239,0.984289549897625,nan
2895872.0,0.010853522190570848,0.9691833969741916,nan
2897920.0,0.03171540222472853,0.8699253231611375,nan
2899968.0,0.007894422314597555,0.9357104767943659,nan
2902016.0,0.048474751601865346,0.8194515982385722,nan
2904064.0,-0.060820414883699346,1.0982344346555835,nan
2906112.0,0.017167275504182844,1.0374206346872688,nan
2908160.0,0.07586543251209943,0.6985771629608233,nan
2910208.0,-0.026848544873176946,1.051242188690382,1.735966735966736
2912256.0,-0.015206685438222598,1.0141336309505304,nan
2914304.0,0.05535031412362308,0.7900513538983929,nan
2916352.0,-0.04571063127105275,1.0620813775989328,nan
2918400.0,0.015210742049665209,0.9267284114697049,nan
2920448.0,-0.07251832049591693,1.1347891652287116,nan
2922496.0,0.11076101545316436,0.6594639138837073,nan
2924544.0,0.013804325914747902,0.9288205390102399,nan
2926592.0,-0.11560269647069521,1.6701020833480105,nan
2928640.0,-0.02866214488854916,1.102993094747464,nan
2930688.0,0.04005285896412543,0.8569219207771668,nan
2932736.0,-0.007266314153375326,0.9842201956238313,nan
2934784.0,-0.10830793500758867,1.4116583563857958,nan
2936832.0,0.05449659774733909,0.8310863318508188,nan
2938880.0,0.07025485673279101,0.8024329628736998,nan
2940928.0,0.015690456797871222,0.9187683720430474,nan
2942976.0,-0.0557251508734604,1.0687039768394344,nan
2945024.0,0.03390733073008456,0.883541963355273,nan
2947072.0,0.027327383281964643,0.8813505968510706,nan
2949120.0,-0.0013220593759100674,0.9621517591293007,nan
2951168.0,-0.016765126573311973,1.0690137236693187,nan
2953216.0,0.008548967919102006,0.9252279391755965,nan
2955264.0,0.06156403185141941,0.808855298165409,nan
2957312.0,-0.02934170353160449,1.0390276958973967,nan
2959360.0,0.08813722383864223,0.7111791787854457,nan
2961408.0,-0.09949077677248788,1.3399211703720026,nan
2963456.0,0.05826171276570258,0.8076629138168115,nan
2965504.0,-0.034379162165040625,1.045458589399767,nan
2967552.0,-0.05198653102551744,1.4298904912816504,nan
2969600.0,0.014844901268757347,0.9294371151150026,nan
2971648.0,0.03651594694782189,0.8708257517282187,nan
2973696.0,-0.02340542335138162,0.9990104243137937,nan
2975744.0,0.017150121024020883,0.913721083954462,nan
2977792.0,0.04747471752538442,0.8681277905370852,nan
2979840.0,-0.009991479003775474,0.933005906222042,nan
2981888.0,-0.019044068765894036,1.0333009289780508,nan
2983936.0,0.02679997237030489,0.9197295238141584,nan
2985984.0,0.03146031490355981,0.8911876158745187,nan
2988032.0,-0.025079535236337554,1.0003104841182384,nan
2990080.0,0.029156437640885054,1.1049306603400724,nan
2992128.0,0.0472368675089028,0.7755939255889144,nan
2994176.0,-0.12319130417692938,1.6541520674168897,nan
2996224.0,-0.008772281280610833,0.9703916829235709,nan
2998272.0,0.028779458681201013,0.882436199459423,nan
3000320.0,0.013483086391594373,0.9858856274421935,nan
3002368.0,0.012238600298475684,0.9479558901288293,nan
3004416.0,-0.014892817739223334,0.971777147271542,nan
3006464.0,0.045810545641110104,1.0234403735745776,nan
3008512.0,-0.031212076620358877,1.052654310785235,nan
3010560.0,-0.021257734764810805,0.9860769508441678,1.6943866943866948
3012608.0,0.06304583263147755,0.827005681104748,nan
3014656.0,0.04641276891119685,0.7820455766281288,nan
3016704.0,-0.02218939771122358,1.0287793574850739,nan
3018752.0,-0.025018650066643822,0.9937240239808893,nan
3020800.0,0.023223398573696985,0.9020405646470114,nan
3022848.0,0.0398200960939823,0.8627597454670394,nan
3024896.0,0.022551263794456818,0.9188592292854415,nan
3026944.0,-0.06912104989245893,1.2196673442072237,nan
3028992.0,0.04034187230065698,0.886164263078499,nan
3031040.0,0.02530297476639652,0.8932264936475752,nan
3033088.0,0.038970362193055566,0.8677158808574964,nan
3035136.0,-0.08149852310661165,1.2963896305424711,nan
3037184.0,0.031276403211539947,0.8862545361492301,nan
3039232.0,0.03285735071356972,0.8807088944272252,nan
3041280.0,-0.12138267965832587,1.5971265407518938,nan
3043328.0,0.044183620810082834,0.8829174700834759,nan
3045376.0,0.020995032726222447,0.9210210816907831,nan
3047424.0,0.0004604814872054344,0.9549933332198247,nan
3049472.0,-0.013450296004692185,0.9828227685334588,nan
3051520.0,-0.035358045053873036,1.1678047135511092,nan
3053568.0,0.05857333383127339,0.8378299711934024,nan
3055616.0,1.5920012177983445e-05,0.9699492368973748,nan
3057664.0,-0.04946528085604253,1.0891827601692443,nan
3059712.0,0.025050434992597344,0.8861853948362416,nan
3061760.0,0.030604329535588212,0.9071321419417154,nan
3063808.0,0.034545131815826996,0.8790251443716657,nan
3065856.0,-0.018931286930668687,1.0211669517974649,nan
3067904.0,0.007747318946106925,0.9469988572761274,nan
3069952.0,0.030427237283752535,0.8931378653370255,nan
3072000.0,0.02725248065779824,0.8727203115470493,nan
3074048.0,-0.034937865647462124,1.0173194650248125,nan
3076096.0,0.04099845510975686,0.8901350603688358,nan
3078144.0,0.02428918584394146,0.8949001970115991,nan
3080192.0,-0.053613296756961026,1.0436111998562865,nan
3082240.0,0.045662690030479305,0.8768808538049139,nan
3084288.0,0.06293613772392886,0.839261900828463,nan
3086336.0,0.02930785477306601,0.8472503352335082,nan
3088384.0,-0.05577037404565503,1.0636920652991633,nan
3090432.0,0.02006904859697866,0.9482159158013624,nan
3092480.0,0.05126154465169808,0.8291356112693595,nan
3094528.0,-0.013566807866396281,1.0171141022800496,nan
3096576.0,-0.06164820165545837,1.1283159986053977,nan
3098624.0,0.043348068799084594,0.8629030177650402,nan
3100672.0,0.07485852289203658,0.6601522993475385,nan
3102720.0,-0.08676508321397661,1.3826282199072752,nan
3104768.0,-0.021484909853144933,1.0120907097753078,nan
3106816.0,0.0455203813919066,0.8562508494715674,nan
3108864.0,0.020847456399633306,0.9012406726630984,nan
3110912.0,-0.03805864499760983,1.045481156015149,1.6943866943866943
3112960.0,0.06085642599662057,0.8205189457532522,nan
3115008.0,-0.0174797948467589,1.0155666208121708,nan
3117056.0,-0.03629365877547315,1.2103205901386584,nan
3119104.0,-0.015055490226844895,0.9739607404386528,nan
3121152.0,0.02732358591829418,0.938654136530571,nan
3123200.0,0.029526400260050597,0.8927602062330595,nan
3125248.0,0.016074397909215388,0.9500399521790873,nan
3127296.0,-0.07752593684446324,1.2919648783218207,nan
3129344.0,0.04743452542877513,0.8469283847849078,nan
3131392.0,0.04065904710449708,0.8725215386450551,nan
3133440.0,-0.048800651594807135,1.0665119816970936,nan
3135488.0,0.04048974320065381,0.8718520187273754,nan
3137536.0,0.049558716040480615,0.8208672319266929,nan
3139584.0,0.025700254672360444,0.8975093704176027,nan
3141632.0,-0.07020410268322136,1.108246292083807,nan
3143680.0,0.0316336197751,0.9062502470199889,nan
3145728.0,0.03910756779674578,0.8575497566582915,nan
3147776.0,0.019267073803154885,0.9373634707828443,nan
3149824.0,-0.10257488119254754,1.4930586172158529,nan
3151872.0,0.04748044632937831,0.8643431285336507,nan
3153920.0,0.01838130463023586,0.9401423043332312,nan
3155968.0,0.016956555844802417,0.9216378101416032,nan
3158016.0,0.035722187031980046,0.8558115978490618,nan
3160064.0,-0.07426879968405573,1.22034151682679,nan
3162112.0,0.022219454794066562,0.9089585756996663,nan
3164160.0,0.006809585812075709,0.9376451988755511,nan
3166208.0,-0.03601703948442862,1.0177370802536043,nan
3168256.0,0.03766131568601267,0.8819471250806178,nan
3170304.0,0.08514758068003216,0.7714929841312669,nan
3172352.0,-0.05535434540683064,1.1050337947848021,nan
3174400.0,0.0582116709440049,0.8007217049038656,nan
3176448.0,-0.026897729111830616,1.1088755968385056,nan
3178496.0,0.01946600086653821,0.9057702088344559,nan
3180544.0,-0.024091188819768048,1.0121513256618633,nan
3182592.0,0.08455066658009086,0.7511682313555406,nan
3184640.0,-0.1568709072432944,1.712126319978658,nan
3186688.0,0.03754270660950237,0.8788420855130542,nan
3188736.0,-0.017593483416772974,0.9815668532561403,nan
3190784.0,0.029040590075911,0.8947681554780186,nan
3192832.0,0.003933432323190725,0.9638735260639696,nan
3194880.0,-0.047276458527907815,1.0480775423548,nan
3196928.0,0.08099236858810796,0.7574402716436918,nan
3198976.0,-0.021383843017966905,1.0191092397992403,nan
3201024.0,0.0320566212027995,0.883905812066501,nan
3203072.0,-0.00825953891054318,0.9891309184579838,nan
3205120.0,0.004915073285662951,0.9554074658918628,nan
3207168.0,0.053192571620686295,0.8192773715594562,nan
3209216.0,0.004431650846562583,0.9386965520386253,nan
3211264.0,-0.036533068583011384,1.0783003974778305,1.4241164241164244
3213312.0,0.01208146081051635,0.9547145098005168,nan
3215360.0,0.03811978803797483,0.8748936389937579,nan
3217408.0,0.0019378884761292008,0.9596604430874062,nan
3219456.0,0.032302402950796776,0.8631196954376226,nan
3221504.0,-0.03599353951895968,1.0478378572791758,nan
3223552.0,0.022969914651986834,0.9061294524142178,nan
3225600.0,-0.052797089882018984,1.4205316077078831,nan
3227648.0,0.01139130911638804,0.9334418651500359,nan
3229696.0,0.043502098459636096,0.8588678158033973,nan
3231744.0,0.028586561741167305,0.8980883821616013,nan
3233792.0,-0.08692903906655916,1.0881119216473283,nan
3235840.0,0.05373600896279973,0.8671023884641206,nan
3237888.0,0.041056712356207066,0.870218570170309,nan
3239936.0,0.022437335388517846,0.9052849401588171,nan
3241984.0,-0.00962547647972669,0.9724203539377952,nan
3244032.0,0.017315774357567704,0.9120678883070227,nan
3246080.0,0.03874288973420292,0.874586144234071,nan
3248128.0,0.057392068763280846,0.7863597566395341,nan
3250176.0,-0.07536159609251274,1.1910450145604163,nan
3252224.0,-0.07460960884646717,1.531387836853995,nan
3254272.0,0.022813053890041072,0.9072330160339821,nan
3256320.0,0.014611655685583824,0.948150605353649,nan
3258368.0,0.05498656348845418,0.7940140133501595,nan
3260416.0,-0.08160377870486667,1.2595343153592888,nan
3262464.0,0.04019010323889238,0.8645624604966577,nan
3264512.0,-0.05455018493060647,1.3422291439729546,nan
3266560.0,-0.020631646572133108,0.9778623398042103,nan
3268608.0,0.03589183878236554,0.9085078212505311,nan
3270656.0,0.03142239168396145,0.8859448228935617,nan
3272704.0,0.017540242196551117,0.9027123992867158,nan
3274752.0,0.027076892047096304,0.891718326659879,nan
3276800.0,-0.012324653326494232,0.980637030414534,nan
3278848.0,0.06339153349422542,0.7743403287890268,nan
3280896.0,-0.02993761580932585,1.0370553191352052,nan
3282944.0,-0.001921310715919916,0.9600405407123418,nan
3284992.0,0.015000929291168523,0.9167482228730311,nan
3287040.0,-0.015249641443685322,0.9937252547981336,nan
3289088.0,0.0038227639134185247,0.9301090710285539,nan
3291136.0,0.058611588816974335,0.8387281654598714,nan
3293184.0,-0.04310530068469406,1.5072921216069657,nan
3295232.0,-0.023817835193918994,1.0275665889247991,nan
3297280.0,0.05560620598887096,0.8132476786802041,nan
3299328.0,-0.024228842774781396,1.018667923072328,nan
3301376.0,-0.009114387203535163,1.1463348423712811,nan
3303424.0,0.028778290123363,0.8889030658271266,nan
3305472.0,-0.023921932471945517,1.024408822901273,nan
3307520.0,0.029863114813916534,0.8822822875602211,nan
3309568.0,-0.01138805978957829,1.272847934358515,nan
3311616.0,0.02862583346741851,0.862085096912048,1.288981288981289
3313664.0,-0.035238497827740134,1.038800745839064,nan
3315712.0,0.0723571280075788,0.7347899344982609,nan
3317760.0,-0.013468793923149858,0.9935761754345365,nan
3319808.0,-0.08199905762194362,1.2820961829253295,nan
3321856.0,0.00533859479357332,0.9821254526309496,nan
3323904.0,0.050190685177254904,0.8510091872151752,nan
3325952.0,0.008271170534340705,0.9413937055014404,nan
3328000.0,-0.019933305829458486,0.9916012203614303,nan
3330048.0,0.07880613328308163,0.7605116449416744,nan
3332096.0,-0.06645980358934277,1.3529186226433987,nan
3334144.0,-0.01412054499430005,0.979244396992799,nan
3336192.0,-0.005194506122643584,0.9507154313296329,nan
3338240.0,0.03614119915309941,0.887767166728964,nan
3340288.0,0.029179377988458752,0.9271941270277572,nan
3342336.0,-0.0017267089142958547,0.9544608099299877,nan
3344384.0,0.0565054964803511,0.8072989373575581,nan
3346432.0,-0.006128370433333901,0.9767261351506066,nan
3348480.0,-0.025193702263919746,1.0039713710348386,nan
3350528.0,0.09257925868660408,0.6768401565337032,nan
3352576.0,-0.09469539212425052,1.3914590083219973,nan
3354624.0,0.026061315623784706,0.9167791217341497,nan
3356672.0,-0.02639431662717225,1.000355720735516,nan
3358720.0,-0.025382080641697183,1.4061276022166682,nan
3360768.0,-0.02172433871496035,1.0746705947732493,nan
3362816.0,0.025888560009194404,0.9057493572630751,nan
3364864.0,0.06980633040100312,0.7421250577187188,nan
3366912.0,-0.11096812049379838,1.453545228377585,nan
3368960.0,0.0305292190188617,0.8804497261454157,nan
3371008.0,0.00413252632862458,0.9418370341001382,nan
3373056.0,-0.011265573844421478,0.9991161632284588,nan
3375104.0,0.028978358370849847,0.9070461299049862,nan
3377152.0,0.02764718572390097,0.8809522801405613,nan
3379200.0,-0.06633937115934604,1.2607595080108192,nan
3381248.0,0.09088130914119313,0.6690093375364343,nan
3383296.0,-0.11145631797123783,1.473068731158018,nan
3385344.0,0.04282965801511087,0.8622359730657203,nan
3387392.0,-0.030226386651199543,1.0088233776248003,nan
3389440.0,0.07915452648105281,0.7594274294565359,nan
3391488.0,-0.055151578662136144,1.4928874954415152,nan
3393536.0,0.029868929477747184,0.8333514794355643,nan
3395584.0,-0.13862427478222683,1.6285370655694669,nan
3397632.0,0.0526715209878849,0.853003152464878,nan
3399680.0,-0.015014854810909889,0.9936150913703176,nan
3401728.0,0.050608365170816044,0.7883336117116747,nan
3403776.0,-0.05303423289877755,1.1013892323222254,nan
3405824.0,0.029227678470743684,0.9058842605353369,nan
3407872.0,0.022664069614474848,0.9085438744000401,nan
3409920.0,-0.028681433993240357,1.0213736367161543,nan
3411968.0,0.06830240955057532,0.8173665315125919,1.4656964656964657
3414016.0,-0.0009685185127925183,0.9860778044568549,nan
3416064.0,-0.011341867620138429,0.9882509350339757,nan
3418112.0,-0.037085584657996724,1.0245529948662155,nan
3420160.0,0.0741714560279316,0.7859686989560238,nan
3422208.0,0.010265265801009157,1.0018423632601483,nan
3424256.0,-0.017070495995282063,1.0412938345199532,nan
3426304.0,-0.004954437448763491,0.9977652414181417,nan
3428352.0,0.012936644624025533,0.9305630041471675,nan
3430400.0,-0.00582637456574981,0.9869995638481468,nan
3432448.0,0.008552226289635315,0.9455857762595397,nan
3434496.0,-0.02146117957207822,0.9929767759516253,nan
3436544.0,-0.006519393623060463,1.262477392363801,nan
3438592.0,0.0743511343136567,0.6314936874644694,nan
3440640.0,-0.10841873182598835,1.3536530826495892,nan
3442688.0,0.012988726050284366,0.9332291090879595,nan
3444736.0,0.028869742421710358,0.8845786961949582,nan
3446784.0,0.033609014216907276,0.8807231968768516,nan
3448832.0,-0.04125770410542185,1.0664511122162779,nan
3450880.0,0.0199775001648169,0.9079363780872014,nan
3452928.0,0.08218101741904928,0.7550236115346027,nan
3454976.0,0.018206149382691772,0.9155510375555255,nan
3457024.0,-0.15850292250494238,1.5959683435250065,nan
3459072.0,-0.041376758913408654,1.5139177026964992,nan
3461120.0,0.03886981637351132,0.8790673760124026,nan
3463168.0,0.02090040943634384,0.9273268768739281,nan
3465216.0,-0.019993237814681843,0.9883919922041381,nan
3467264.0,0.03722072908451597,0.8803586478088935,nan
3469312.0,0.033171049450058124,0.8816647386841413,nan
3471360.0,-0.044758799036473854,1.0227689879276498,nan
3473408.0,0.04177193816261969,0.87537945040592,nan
3475456.0,0.03474463404119483,0.8845341102929868,nan
3477504.0,-0.02602967861306696,1.3870994359477218,nan
3479552.0,-0.026429185006230253,1.0406513210865391,nan
3481600.0,-0.0014935825172007339,0.9638987144983445,nan
3483648.0,0.02664833392423884,0.9406144212602449,nan
3485696.0,0.015221538292785726,0.9187916394903735,nan
3487744.0,-0.07392626737450299,1.158361859292906,nan
3489792.0,0.04130120438942274,0.8790742845228513,nan
3491840.0,0.024436735125356795,0.8984335311240366,nan
3493888.0,0.0577023096372661,0.854749670065634,nan
3495936.0,-0.0560972588953603,1.1048420642718126,nan
3497984.0,-0.12440609914650441,1.7418982615721756,nan
3500032.0,0.036927031727129994,0.9065659615769989,nan
3502080.0,-0.01364000533170565,0.9566571044487285,nan
3504128.0,0.025639115189909974,0.92537380680376,nan
3506176.0,0.06473417890934649,0.7795201771052723,nan
3508224.0,-0.08088232404173462,1.6315781593079854,nan
3510272.0,0.0161093934137612,0.9241794577724433,nan
3512320.0,-0.07633585944390382,1.2871453373317552,1.5800415800415801
3514368.0,0.005301615817211572,0.962798186178311,nan
3516416.0,0.027709116213923045,0.8939551187141683,nan
3518464.0,-0.022274778173195658,0.994585437891316,nan
3520512.0,0.07167438833297182,0.7964115941847966,nan
3522560.0,-0.0326426366911342,1.041902600580485,nan
3524608.0,0.03224582298803255,0.8988113898449893,nan
3526656.0,-0.0051422991190392675,0.9697287018230423,nan
3528704.0,0.01552661609523992,0.9435355580447398,nan
3530752.0,0.025713048472590868,0.8362048711022158,nan
3532800.0,-0.00788499947511044,0.9495634177246507,nan
3534848.0,0.021500801143914904,0.901209730134242,nan
3536896.0,0.0083829902920343,0.9408073888767639,nan
3538944.0,0.06194779512118082,0.8030205534389623,nan
3540992.0,-0.02073396196971986,1.009349749201571,nan
3543040.0,0.008048732420130364,0.9444176761729234,nan
3545088.0,-0.0004971477149245777,0.9715903115554438,nan
3547136.0,0.01588073461218358,0.9344723318586714,nan
3549184.0,-0.01394889414540866,0.9714453887818698,nan
3551232.0,-0.08032545570275512,1.5430518042432002,nan
3553280.0,0.04714196355686955,0.8992510426136894,nan
3555328.0,0.055876877174326184,0.801599352935569,nan
3557376.0,-0.05377858956858039,1.0886272276337978,nan
3559424.0,-0.08859791308016356,1.454400025158665,nan
3561472.0,0.014524403236712804,0.9543984436383667,nan
3563520.0,0.018274232133483552,0.9344174995449697,nan
3565568.0,-0.07088433502233381,1.2895349141776988,nan
3567616.0,0.023599612909227706,0.9201198572835091,nan
3569664.0,0.08002574263521375,0.4995123149451884,nan
3571712.0,-0.09327651668424913,1.533036427230807,nan
3573760.0,0.035748583547311384,0.8662478935208833,nan
3575808.0,-0.026628950538600614,1.0194694230321997,nan
3577856.0,0.0022885449148359327,1.0360148961272078,nan
3579904.0,-0.016539791551347063,0.9858951584961035,nan
3581952.0,0.02756845038397445,0.9116412587798316,nan
3584000.0,0.04000892898749496,0.8654495744344916,nan
3586048.0,0.037536316848314905,0.8521235277990863,nan
3588096.0,-0.15503120921022756,1.5421643913092766,nan
3590144.0,0.05126598373972112,0.8683304342508288,nan
3592192.0,0.011378242879031764,0.9228663150667451,nan
3594240.0,0.0038648586008154934,0.9373358285315845,nan
3596288.0,0.009242593691473091,0.9501491022093871,nan
3598336.0,0.03132857719800329,0.8811119094838635,nan
3600384.0,0.017912014665392124,0.9070656884734746,nan
3602432.0,-0.016756611996636653,1.0108873430017136,nan
3604480.0,0.027039577750129846,0.9007143730102307,nan
3606528.0,-0.008929708845967957,0.9705469585668954,nan
3608576.0,0.07613695292380408,0.7220721354964147,nan
3610624.0,-0.07573643785250857,1.1370915745960692,nan
3612672.0,0.028259861736488413,0.8894347066437601,1.5384615384615388
3614720.0,0.0691843265306154,0.7793792060179836,nan
3616768.0,-0.02262397457299592,1.040154979526688,nan
3618816.0,-0.025177596744458915,0.9985215718332289,nan
3620864.0,0.041337322666521556,0.8680717880322791,nan
3622912.0,-0.016241271546103483,1.377181627334921,nan
3624960.0,-0.055466334930754105,1.0682640302166153,nan
3627008.0,0.023312214173228582,0.9258770376612707,nan
3629056.0,0.07338733765561833,0.7346646690809834,nan
3631104.0,-0.05740954488827553,1.119267831649599,nan
3633152.0,-0.017196974539891385,0.9961172433128967,nan
3635200.0,0.06955078490458096,0.7952237128622242,nan
3637248.0,-0.0481172246385365,1.0567151817256921,nan
3639296.0,0.07486461151953201,0.7169921502580621,nan
3641344.0,-0.12589820745247704,1.609613571246647,nan
3643392.0,-0.032007963071770416,1.0850011615810995,nan
3645440.0,0.04108670021362356,0.8591730984227454,nan
3647488.0,0.02451801544735287,0.8950537150112109,nan
3649536.0,0.015871691335314304,0.9245209147727715,nan
3651584.0,-0.016914347079132874,1.092662079129898,nan
3653632.0,0.0028291845485397885,0.9586028473098676,nan
3655680.0,0.001403240837746636,0.9541512899020326,nan
3657728.0,-2.233285565288179e-05,0.96110181219434,nan
3659776.0,0.027751510781950855,0.896021543869172,nan
3661824.0,0.04173955412278905,0.8194204125815554,nan
3663872.0,-0.05302246101252009,1.0667994586167917,nan
3665920.0,0.0420582997829078,0.9000325606637678,nan
3667968.0,0.0262633694071665,0.8966425170192281,nan
3670016.0,0.025392566388205258,1.027324388449304,nan
3672064.0,-0.07437599742775353,1.0933684182709884,nan
3674112.0,-0.004131813225052475,1.2430475603864954,nan
3676160.0,0.020323067606690233,0.9067517395176737,nan
3678208.0,0.030235648873824905,0.9198472721709527,nan
3680256.0,0.009961529816985643,0.9278548143391357,nan
3682304.0,-0.03320613872216972,1.2577078162309017,nan
3684352.0,0.03607804601341895,0.8724239309417593,nan
3686400.0,-0.04666656892835597,1.0646787212172513,nan
3688448.0,0.034164800405699976,0.8875521514037418,nan
3690496.0,0.021942229792113237,0.9200984317209628,nan
3692544.0,0.04710472607679761,0.8152538068471239,nan
3694592.0,-0.09119404128627073,1.5326483508797657,nan
3696640.0,-0.024287537389689796,1.012171129621381,nan
3698688.0,0.07879488666425262,0.7114928811817773,nan
3700736.0,-0.05093498714560102,1.2692928970332804,nan
3702784.0,-0.050019685560088165,1.0627531553294702,nan
3704832.0,0.054906614696034625,0.841040906958457,nan
3706880.0,0.004709913160408984,0.9620408809946374,nan
3708928.0,0.019408801392853507,0.8918489532565739,nan
3710976.0,0.03134928885155399,0.906115298199438,nan
3713024.0,-0.020577345250264722,1.0175249740159586,1.6320166320166318
3715072.0,0.043880319596017625,0.8698746141131023,nan
3717120.0,-0.06666288552349917,1.1012788918355716,nan
3719168.0,0.014598390766536736,0.9106942627059712,nan
3721216.0,0.05485414810103163,0.8529702598934006,nan
3723264.0,0.0077456872179248945,0.9260489206058871,nan
3725312.0,0.04898760753072947,0.8551339111002927,nan
3727360.0,-0.026324129035767932,0.9932610941175753,nan
3729408.0,0.07676851839437057,0.7405911538594255,nan
3731456.0,-0.02223396665469747,1.0360296549937482,nan
3733504.0,-0.012980797024890783,0.9862964255370026,nan
3735552.0,0.003804449850859884,0.9284489080961675,nan
3737600.0,0.046819378130787376,0.8614397910748084,nan
3739648.0,0.02592714816282465,0.9048554597647557,nan
3741696.0,-0.02046855665299594,0.9952146196338243,nan
3743744.0,0.0070582796595688585,0.9700398236332783,nan
3745792.0,-0.03689196296634985,1.360245194662978,nan
3747840.0,0.024656318293191648,0.9267917214967416,nan
3749888.0,0.0009768213194556313,0.9694743263644083,nan
3751936.0,0.005959517696640555,0.9511455204195077,nan
3753984.0,0.006695791837187083,0.9400729956932555,nan
3756032.0,-0.06523099166332465,1.0419003664404505,nan
3758080.0,0.0873726537624624,0.7963270666911276,nan
3760128.0,0.037639016486039976,0.8047007697204683,nan
3762176.0,0.010912900833921685,0.9362492672059632,nan
3764224.0,-0.00834624772724335,0.978605296805519,nan
3766272.0,-0.014221539766578195,1.0566865646907206,nan
3768320.0,0.06419630353425516,0.7910129557846654,nan
3770368.0,-0.018435022133155083,1.0341624929705493,nan
3772416.0,0.010723947117125723,0.923027754486037,nan
3774464.0,-0.0023807158935869183,0.9597791131518532,nan
3776512.0,0.04208258330059459,0.8674388885090965,nan
3778560.0,0.019453142784017743,0.906923769943382,nan
3780608.0,-0.027413256452118402,1.0288747262430218,nan
3782656.0,0.004062798817663835,0.9624503381806707,nan
3784704.0,0.028371297225583743,0.9019861580207603,nan
3786752.0,-0.05263064853748952,1.0464304779475204,nan
3788800.0,0.08115030053240156,0.7753116338541401,nan
3790848.0,-0.06029563166045,1.563654466234722,nan
3792896.0,-0.06028428557707743,1.2484176834083511,nan
3794944.0,-0.006377566529666062,1.01588703751183,nan
3796992.0,-0.008415476719521961,0.9673667278447409,nan
3799040.0,0.023413421145391442,0.8985333173024324,nan
3801088.0,0.021436335753350334,0.9250618815366342,nan
3803136.0,0.0065682281428315545,0.9189437837399013,nan
3805184.0,0.04713537717654132,0.808617529091014,nan
3807232.0,-0.028608201270354378,1.2513224124085984,nan
3809280.0,-0.10727252745980399,1.290763967001254,nan
3811328.0,0.028234264902887184,0.8944199467888675,nan
3813376.0,0.011525619030071696,0.9133727364492281,1.5696465696465696
3815424.0,0.08826794079902706,0.7124110325879692,nan
3817472.0,-0.07023838884591324,1.1190992021528667,nan
3819520.0,0.017150758989849177,0.9290720663788391,nan
3821568.0,0.04338427800468578,0.866270348953486,nan
3823616.0,0.004712325419306381,0.9309370597489238,nan
3825664.0,-0.014347841028114108,1.0121228991140527,nan
3827712.0,-0.012053631849353867,1.2717391926681163,nan
3829760.0,0.012114348239826121,0.941024466191889,nan
3831808.0,0.028805532706510362,0.8947538525039624,nan
3833856.0,0.032523089755442554,0.8600493048831895,nan
3835904.0,-0.0027214906626330283,1.023195869736953,nan
3837952.0,-0.02781371363183855,1.0365144779971012,nan
3840000.0,-0.051649844226855764,1.3311990118409307,nan
3842048.0,-0.08447851890949828,1.32269974614816,nan
3844096.0,0.037756467627930626,0.8859925149933008,nan
3846144.0,0.08366062349489173,0.658835403360291,nan
3848192.0,-0.13783073336588758,1.618191272340846,nan
3850240.0,0.014225047290671512,0.936637531562745,nan
3852288.0,0.07019220256526126,0.7752216872049649,nan
3854336.0,-0.02966858560909385,1.0607055537790386,nan
3856384.0,-0.026176799682164027,1.033091502656216,nan
3858432.0,0.010885034623699066,0.9910684965434478,nan
3860480.0,0.016059159247254897,0.9169502855197996,nan
3862528.0,0.01084149875889611,0.9444361286634183,nan
3864576.0,-0.015485745515972718,0.9960396131061131,nan
3866624.0,0.06605170237590302,0.7944759553852003,nan
3868672.0,0.03263396902135117,0.8145775667405282,nan
3870720.0,-0.036819583117508436,1.284363132700311,nan
3872768.0,-0.10731773208552786,1.6142716804613637,nan
3874816.0,-0.037605667540058174,1.0597106026590903,nan
3876864.0,0.08117672340735611,0.6393423617110243,nan
3878912.0,-0.15609852237624794,1.732262006632892,nan
3880960.0,0.08512554345706358,0.7309104242429453,nan
3883008.0,-0.028714706784840255,1.0436558147350619,nan
3885056.0,0.008489586524367036,0.9208773888881873,nan
3887104.0,0.0024783965717795377,0.9556485273747378,nan
3889152.0,0.030860366040139562,0.8855634415811471,nan
3891200.0,0.06117547815357505,0.9087150239991785,nan
3893248.0,-0.08282270562957031,1.3621665039213933,nan
3895296.0,-0.019694941194474853,0.980703052026388,nan
3897344.0,0.051429905279533165,0.8375963715793225,nan
3899392.0,0.00817397648229657,0.947698930378598,nan
3901440.0,-0.04422123685785923,1.0511751850869153,nan
3903488.0,0.020800863425099448,0.911037809548979,nan
3905536.0,0.05955268435491126,0.8239499661302062,nan
3907584.0,-0.018570753061117405,1.0190783167935322,nan
3909632.0,0.003352061049184313,0.9471188783029985,nan
3911680.0,0.0735402327182886,0.7516993845999963,nan
3913728.0,-0.04700292827164969,1.1131343899528243,1.5072765072765075
3915776.0,0.03246381406097441,0.8854919663276494,nan
3917824.0,0.023196343431871106,0.8972495083747473,nan
3919872.0,0.048680785579163284,0.8620389622606643,nan
3921920.0,-0.11692289145441906,1.637500264448746,nan
3923968.0,0.012183381323101566,0.9188378105149255,nan
3926016.0,0.005824317427161305,0.9512286729878325,nan
3928064.0,0.011056990252834218,0.9274688290260474,nan
3930112.0,0.04889806649678119,0.8508977177523327,nan
3932160.0,-0.019448386269429584,1.0098887808201384,nan
3934208.0,-0.0010490391251357367,0.9792462924317773,nan
3936256.0,0.058673088254505616,0.8006117952208754,nan
3938304.0,-0.015258053441600031,0.9953578261242317,nan
3940352.0,-0.011510030420750446,0.9993962073899472,nan
3942400.0,0.018374718376499212,0.9287529679607931,nan
3944448.0,0.02422408885388709,0.8987115277048601,nan
3946496.0,-0.055130639268926,1.3858819278046228,nan
3948544.0,0.02668767806479571,0.89337561590746,nan
3950592.0,-0.08898898298645992,1.5816360846320991,nan
3952640.0,0.017860756339040752,0.930420994742096,nan
3954688.0,0.03558653467584169,0.8863744361625661,nan
3956736.0,-0.03571459060869944,1.0420379855276476,nan
3958784.0,0.01849437520532225,0.9158905756261639,nan
3960832.0,0.020892048408460206,0.906533896053963,nan
3962880.0,-0.013298792952490857,0.9752411132518942,nan
3964928.0,0.0315693958896713,0.9063943112251237,nan
3966976.0,0.044521017980756444,0.8600952497092756,nan
3969024.0,0.0012066858437207867,0.9650077223304365,nan
3971072.0,0.05676640796516967,0.7798071409818075,nan
3973120.0,-0.13308226189080105,1.5966165451398182,nan
3975168.0,0.030649826897229213,0.9053304553091363,nan
3977216.0,0.01923240561560777,0.9225781305686279,nan
3979264.0,-0.02627059440295464,1.013009188523773,nan
3981312.0,0.023043131663233442,0.9130424743504838,nan
3983360.0,0.0204897191307795,0.9269621395916912,nan
3985408.0,0.031374075159899706,0.8959538082381711,nan
3987456.0,-0.04470337448889511,1.047174165965351,nan
3989504.0,0.046368845010701334,0.8518888697341298,nan
3991552.0,0.006767443450117604,0.9615285406973134,nan
3993600.0,0.008372632908451381,0.9504024172485793,nan
3995648.0,0.005294596867657347,0.941404465078736,nan
3997696.0,0.00975698254614657,0.9392149021309487,nan
3999744.0,0.04431952471642191,0.8049416437643968,nan
4001792.0,-0.027701193867413744,1.0352215574361243,nan
4003840.0,0.05825794947692728,0.7913490849774706,nan
4005888.0,0.008264650506123468,1.0670100943874143,nan
4007936.0,-0.06618147201620389,1.3198205445952307,nan
4009984.0,-0.0614739983945639,1.425425353663709,nan
4012032.0,-0.030912942729326917,0.9885758505860192,nan
4014080.0,0.03164815121119302,0.8952082385496107,1.4656964656964657
4016128.0,0.04324308807158081,0.8559541097568291,nan
4018176.0,-0.0474144930560947,1.030364484073283,nan
4020224.0,0.05458560693494332,0.8515136953999001,nan
4022272.0,0.04612717934958714,0.8528518454752413,nan
4024320.0,-0.01922162459727392,0.9753761041449345,nan
4026368.0,0.019902585427622847,0.8978343210934095,nan
4028416.0,0.019261973715382824,0.9201647169204222,nan
4030464.0,0.04149569461142691,0.8370249854625451,nan
4032512.0,-0.0592052919843004,1.051658411295704,nan
4034560.0,0.10443737936473896,0.6888456287679131,nan
4036608.0,-0.05646883607358882,1.1750250757564167,nan
4038656.0,0.02485029089408465,0.9203754973465614,nan
4040704.0,0.034466012396532957,0.8770603390088488,nan
4042752.0,-0.08289530913906568,1.5446710328121185,nan
4044800.0,0.04548853839853104,0.8538290697881555,nan
4046848.0,-0.009971029031750248,0.9935898141007091,nan
4048896.0,-0.03843243323797678,1.014355309048743,nan
4050944.0,0.04549965265590246,0.8697775971310523,nan
4052992.0,0.013713260920442387,0.9381072564752855,nan
4055040.0,0.0018833528679389824,0.9496831929071453,nan
4057088.0,0.0028805848989449864,0.9573454653783813,nan
4059136.0,0.03742673157592659,0.8853864988124097,nan
4061184.0,-0.0001853582887416834,0.9803450225754069,nan
4063232.0,-0.025176357235564835,1.028167561868605,nan
4065280.0,0.021183363401421094,0.9056563490798383,nan
4067328.0,0.030916439458343818,0.8837660515031668,nan
4069376.0,0.016044956875080885,0.9395334412321278,nan
4071424.0,-0.030041261134772887,0.999201606089978,nan
4073472.0,0.0241312764725648,0.9335001162991082,nan
4075520.0,0.03439183434655115,0.8870666083419555,nan
4077568.0,0.0006854440253585663,0.9459209677940095,nan
4079616.0,0.0046540327509590265,0.9585824765382205,nan
4081664.0,0.04364086657995368,0.8636678817840802,nan
4083712.0,-0.05964966323837034,1.2648734117300742,nan
4085760.0,-0.009867708024919028,1.009168360629931,nan
4087808.0,0.01993298148851949,0.8566947855944765,nan
4089856.0,0.02231186485620335,0.9032523414143361,nan
4091904.0,0.014485617161187452,0.9407010733133272,nan
4093952.0,0.008887970203574694,0.9560775766567038,nan
4096000.0,-0.016808604530040763,0.991466460770565,nan
4098048.0,0.051759134742255526,0.8875598627204099,nan
4100096.0,-0.05406899659753735,1.3813411548650854,nan
4102144.0,-0.030794933072882287,1.0294595001996798,nan
4104192.0,0.04275481430723038,0.860855298797014,nan
4106240.0,-0.009191543186793175,1.0910856337890198,nan
4108288.0,0.005266691993861598,0.9770864462561288,nan
4110336.0,-0.04575094434026408,1.017056565864075,nan
4112384.0,0.04243036315818735,0.8777832941834112,nan
4114432.0,0.03238307376940125,0.9274635316105546,1.6528066528066532
4116480.0,0.0317877539570572,0.8888931694140411,nan
4118528.0,-0.061616951986168164,1.051193318151826,nan
4120576.0,0.039699373039714284,1.365882766924248,nan
4122624.0,-0.06529760993105779,1.3032409409821966,nan
4124672.0,-0.0207345449488617,0.9898066657063702,nan
4126720.0,0.017460205189743706,0.9314736402467669,nan
4128768.0,0.007815849375353456,0.929476854901841,nan
4130816.0,0.07918841295198845,0.7629853526043712,nan
4132864.0,-0.0771277771544045,1.1067254317259583,nan
4134912.0,0.08983908101848279,0.7461089138344293,nan
4136960.0,-0.04537000502173218,1.1496429262926562,nan
4139008.0,0.03094692205953619,0.8842449407746814,nan
4141056.0,-0.025612538128854667,1.0120999361467236,nan
4143104.0,0.03479474077815253,0.8800311854279055,nan
4145152.0,0.048419586497841394,0.8359731457925916,nan
4147200.0,-0.03577732495508362,1.0334025058197407,nan
4149248.0,0.05456736279011242,0.814453409626029,nan
4151296.0,-5.659948980184237e-06,0.9547471287857542,nan
4153344.0,0.03950669403789915,0.8606015262934468,nan
4155392.0,-0.01663776910546502,0.9801309302335018,nan
4157440.0,-0.11803449895593363,1.5914785523024189,nan
4159488.0,0.034152272784835305,0.893305380105557,nan
4161536.0,0.02736222914680971,0.8956169142340891,nan
4163584.0,-0.08404910795389689,1.49019340353847,nan
4165632.0,0.0025460996384492653,0.9449359143495429,nan
4167680.0,0.026902169967342095,0.8932195820122063,nan
4169728.0,0.02366014325862965,0.8988783268357212,nan
4171776.0,-0.0016316513977056614,0.9731869417757419,nan
4173824.0,0.023006349984400508,0.8947836847211342,nan
4175872.0,0.013626451025337511,0.9267315219164678,nan
4177920.0,0.010083114350930754,0.9333525135204701,nan
4179968.0,-0.01798620921552993,1.0003586331508039,nan
4182016.0,0.023491524571504562,0.9181589025208774,nan
4184064.0,0.03916819730676229,0.8661491582484917,nan
4186112.0,-0.04029502016756514,1.267089600629229,nan
4188160.0,0.016598781949016844,0.9334198896089425,nan
4190208.0,0.01525172687409708,1.0090410439047188,nan
4192256.0,-0.00809332692812411,0.9780649503458365,nan
4194304.0,-0.08965313669120212,1.51172579899492,nan
4196352.0,0.004497856660246928,0.9524740948993343,nan
4198400.0,0.03253802623493188,0.8930425374362283,nan
4200448.0,0.039233982179979573,0.8402017938477222,nan
4202496.0,-0.041427596757564716,1.0786136483236197,nan
4204544.0,0.0691657958463561,0.7623242053971692,nan
4206592.0,-0.01959812364876619,1.0015929823086598,nan
4208640.0,-0.008943561670310043,0.9683674893484914,nan
4210688.0,0.02043599554707597,0.907419572687872,nan
4212736.0,0.06384357297314176,0.7938623867589617,nan
4214784.0,-0.036115122130978214,1.0702076355250771,1.4760914760914763
4216832.0,0.019006001666546306,0.9115748017929073,nan
4218880.0,0.05701773292314054,0.7449136232413769,nan
4220928.0,0.006402147317243312,0.9415086481774118,nan
4222976.0,-0.01869104686143464,1.0413817354845682,nan
4225024.0,0.06066044706993496,0.7616912653545329,nan
4227072.0,-0.09428899384867226,1.4376574288397583,nan
4229120.0,0.010467370499642227,0.9269983567633017,nan
4231168.0,0.06006486820130962,0.7900564487708724,nan
4233216.0,-0.07868554406877452,1.1587808021737076,nan
4235264.0,0.03467640572102125,0.8785340961496062,nan
4237312.0,0.035366973654649816,0.8798479045518803,nan
4239360.0,-0.00911303780742163,0.9702301536672869,nan
4241408.0,0.002659782385436321,0.9308635575428157,nan
4243456.0,0.07811635265123124,0.7171734265486389,nan
4245504.0,0.023399096170634084,0.8373089174884767,nan
4247552.0,-0.14300446687531634,1.6309185089653704,nan
4249600.0,0.03270298445587212,0.8958214643970843,nan
4251648.0,0.061094819781069246,0.75215725209228,nan
4253696.0,-0.062393540944991194,1.2275282568823334,nan
4255744.0,0.0012595415216475926,0.9565939791603576,nan
4257792.0,-0.00924819798908564,1.0329839254957511,nan
4259840.0,0.039750897190392556,0.8721493160457131,nan
4261888.0,0.006853479946613877,0.9187464409640153,nan
4263936.0,-0.011616717981712002,1.0341329747656132,nan
4265984.0,0.03943992368331521,0.8166176702231399,nan
4268032.0,0.029719952325867844,0.8289354857378971,nan
4270080.0,0.008264067610511731,0.9762702075719569,nan
4272128.0,0.012078642926855579,0.9470672814432586,nan
4274176.0,-0.05384138180955002,1.0949835987779908,nan
4276224.0,0.05952195649214864,0.8341381731347298,nan
4278272.0,-0.05517676229577079,1.064900214014082,nan
4280320.0,0.08155333953615955,0.7460522660922976,nan
4282368.0,-0.027693283729182446,1.0693351112997196,nan
4284416.0,0.016382439485856406,0.9380873571407833,nan
4286464.0,-0.034295370401555114,1.007667262130741,nan
4288512.0,0.03904230869061103,0.8856126094313979,nan
4290560.0,0.0812287814289204,0.7047300115200084,nan
4292608.0,-0.08637646281012637,1.2965760256350614,nan
4294656.0,0.00597602081332603,0.9393599655643852,nan
4296704.0,0.012778941244024122,0.9337463791515729,nan
4298752.0,0.01786965715692434,0.9538239266640559,nan
4300800.0,0.011724393963118973,0.937690706934741,nan
4302848.0,0.02868041335916134,0.8896243952334061,nan
4304896.0,-0.01886305038994979,1.002286665809746,nan
4306944.0,0.015676830628027577,0.9057647416000771,nan
4308992.0,-0.0029074455279706896,0.9858059015442611,nan
4311040.0,0.02309312703891872,0.904384113481264,nan
4313088.0,-0.03757570901011581,1.462544997305298,nan
4315136.0,0.003650926542115171,0.9781234883447992,1.3409563409563412
4317184.0,0.011015911190080503,0.945556784169678,nan
4319232.0,-0.006871768137074741,0.9869867683241902,nan
4321280.0,0.01631513236752687,0.9105140383918487,nan
4323328.0,0.019451614422175897,0.9127603562303717,nan
4325376.0,0.006326026904907488,0.9559285116879567,nan
4327424.0,0.006492921203453003,0.9328838576910011,nan
4329472.0,0.028719612699641094,0.8835590057202942,nan
4331520.0,-0.02062056770370918,1.0083150510423504,nan
4333568.0,0.009470316220434614,0.9241529507362181,nan
4335616.0,0.02428427052257696,0.9030853326928133,nan
4337664.0,0.022966466675089402,0.9044160133646505,nan
4339712.0,0.002815398761082461,0.9546728220631919,nan
4341760.0,0.03526495199464473,0.881754014122186,nan
4343808.0,0.04798223828132309,0.8287390179521275,nan
4345856.0,-0.021033512545871953,1.0050569228504846,nan
4347904.0,0.0013734858521778325,0.9517412055162381,nan
4349952.0,0.020057843138643353,0.948404580139268,nan
4352000.0,-0.004535439581784807,0.9871147133038481,nan
4354048.0,0.02419040688635674,0.907715859640929,nan
4356096.0,-0.03718676776896001,0.9982514302268838,nan
4358144.0,0.07481836201114955,0.8126814299903279,nan
4360192.0,0.0085373278222606,0.9364569624521737,nan
4362240.0,-0.01706061972248064,1.0057397892525548,nan
4364288.0,0.02640587711913938,0.8906202271656299,nan
4366336.0,-0.012282417885498699,0.9835769554589153,nan
4368384.0,0.0435451797790425,0.8704553119390559,nan
4370432.0,-0.032418577409403584,1.012723467920531,nan
4372480.0,0.08451164434091946,0.7589671656418565,nan
4374528.0,-0.030265198296748674,1.0337335759908217,nan
4376576.0,0.04076695889718912,0.8560595922966003,nan
4378624.0,0.027043614843714446,0.8948512701990747,nan
4380672.0,-0.07055396249706364,1.4234116811369326,nan
4382720.0,0.009383967724195332,0.9558894826498703,nan
4384768.0,0.06415519487719307,0.7498013203935643,nan
4386816.0,-0.07338452011437077,1.1674107747858236,nan
4388864.0,0.062139136158092585,0.8151266021172534,nan
4390912.0,-0.024137818916206078,1.0454070853521442,nan
4392960.0,-0.014990074080945145,0.9831641406834793,nan
4395008.0,0.01570641685173594,0.9309061059537062,nan
4397056.0,0.08218576349673182,0.7095651060717643,nan
4399104.0,-0.052039195478486996,1.1974447072266785,nan
4401152.0,-0.0012056475204708702,0.9631078664741636,nan
4403200.0,0.031447056559458744,0.8786892493406337,nan
4405248.0,0.002308907416562922,0.946873572943314,nan
4407296.0,0.021839526532831364,0.921335872808559,nan
4409344.0,0.013548773480541926,0.9350628905844247,nan
4411392.0,-0.008753346381296025,0.981784956122636,nan
4413440.0,0.01194453966184537,0.921576165001071,nan
4415488.0,0.02883604702393346,0.8944222641828211,1.6839916839916842
4417536.0,0.01953539176957919,0.9198536482376621,nan
4419584.0,-0.002455070990639782,0.9738724247955053,nan
4421632.0,-0.00010633457997053647,0.9666313850757834,nan
4423680.0,-0.01724916220345809,0.9858129921863917,nan
4425728.0,0.04717422680914832,0.8496437683354939,nan
4427776.0,0.043423323765614225,0.8385571049201124,nan
4429824.0,-0.03962413407874263,1.0719778620381533,nan
4431872.0,0.032352657209607734,0.8909825191996199,nan
4433920.0,-0.01286826463776524,0.9917217455095249,nan
4435968.0,0.0026592067359370378,0.957701858682855,nan
4438016.0,0.015390535561245894,0.9086440130164749,nan
4440064.0,0.021146706937527855,0.9280335028427494,nan
4442112.0,0.00867680324140916,0.948794684477162,nan
4444160.0,0.028142608870619912,0.8614483690727341,nan
4446208.0,0.04149085374695619,0.8636495639130918,nan
4448256.0,-0.03486854422172963,1.044948520077297,nan
4450304.0,0.01795468017333933,0.8998819795669201,nan
4452352.0,0.019655514561569887,0.9150869804516153,nan
4454400.0,0.00012567893446150183,0.964446613014347,nan
4456448.0,0.0034030647701157983,0.9277882080169157,nan
4458496.0,0.014652633753577664,0.9146564575806451,nan
4460544.0,0.05173589663289296,0.8637041797314394,nan
4462592.0,-0.042189487627078845,1.0216732210992054,nan
4464640.0,0.025432471366319265,0.9438172018421137,nan
4466688.0,0.07380402633319925,0.7708092324293867,nan
4468736.0,-0.014230503247191353,1.0041184025290406,nan
4470784.0,0.026338548074169542,0.883908504278528,nan
4472832.0,-0.032609510541540807,1.3766953812305542,nan
4474880.0,-0.02157006431794728,1.0236484506425036,nan
4476928.0,0.0636654240412988,0.7557185591659838,nan
4478976.0,-0.12751447520161774,1.469512829961064,nan
4481024.0,0.0469472060865715,0.8461281514110891,nan
4483072.0,0.026912445531118795,0.909533212560006,nan
4485120.0,-0.09853597847881629,1.2218459573461558,nan
4487168.0,0.039054535046235093,0.8837288740742316,nan
4489216.0,0.034518537559649023,0.8776110497033622,nan
4491264.0,0.044475779662838666,0.7990912709979938,nan
4493312.0,-0.0437398535254012,1.0541071635291517,nan
4495360.0,0.03335829831266274,0.8964656040626945,nan
4497408.0,0.02724263734111597,0.8832828023182823,nan
4499456.0,0.04845308048851717,0.8427286350600464,nan
4501504.0,-0.07268520009287309,1.0718097876113226,nan
4503552.0,0.09212487632430617,0.7503524414023965,nan
4505600.0,-0.044544927512783106,1.0590997418411336,nan
4507648.0,0.0608792130616817,0.8323754795353575,nan
4509696.0,-0.04947857636078826,1.026225402815383,nan
4511744.0,0.05178209612226073,0.8601358122384553,nan
4513792.0,-0.032057251986283064,1.2838163108304386,nan
4515840.0,-0.027665976357468633,1.1202218434871636,1.767151767151767
4517888.0,-0.009569909120456549,0.9907108440603932,nan
4519936.0,0.03395759377589664,0.8978812167444534,nan
4521984.0,0.032765191636784895,0.8587253092580314,nan
4524032.0,-0.05445428012857158,1.0800668266703988,nan
4526080.0,0.030387354143182242,0.8927270458945715,nan
4528128.0,0.030164311584708347,0.8989890375806938,nan
4530176.0,0.06996042632313944,0.7927512497197478,nan
4532224.0,-0.09335496462390644,1.1649887979140559,nan
4534272.0,0.04974063977796322,0.8707513775674562,nan
4536320.0,-0.0057984121817989155,0.9626495827405465,nan
4538368.0,0.02890709060061236,0.9296634808564456,nan
4540416.0,0.025615358150601498,0.9083718731161762,nan
4542464.0,-0.046502092442761093,1.098142791591601,nan
4544512.0,0.012181956993918368,0.9592528808366096,nan
4546560.0,-0.06571020602272577,1.1947572386403351,nan
4548608.0,0.03234934979626136,0.8911308930064054,nan
4550656.0,0.03721435107208077,0.8885890992975077,nan
4552704.0,0.061428990898624705,0.7871016850140661,nan
4554752.0,-0.06451514763132764,1.1144890891053225,nan
4556800.0,-0.0008296916635514157,0.9334200706471889,nan
4558848.0,0.05681269635813896,0.8855623872836097,nan
4560896.0,0.044825710975195054,0.8114074034938126,nan
4562944.0,-0.061131473780916504,1.1213273820117189,nan
4564992.0,0.02967584902475974,0.8899454726240156,nan
4567040.0,0.029842924485840232,0.8919896605409399,nan
4569088.0,0.014575441949678008,0.9169409628931907,nan
4571136.0,0.021916505320038752,0.9432237725469279,nan
4573184.0,-0.012752421610735157,0.9844304089009842,nan
4575232.0,0.06508039769708626,0.785174804866282,nan
4577280.0,-0.04411935777114898,1.076865364350281,nan
4579328.0,-0.017260382650373496,0.9694900370203243,nan
4581376.0,0.08959646293270274,0.7416085305560663,nan
4583424.0,-0.12221982135350647,1.8141229412930526,nan
4585472.0,-0.07389338203903523,1.1308914564882557,nan
4587520.0,0.09186875398882399,0.709268614651288,nan
4589568.0,-0.05081721855855184,1.113353131347161,nan
4591616.0,0.035108532698468864,0.8762106965099298,nan
4593664.0,-0.002550892200008918,0.9709622155123585,nan
4595712.0,-0.032624761724358194,1.010001612084104,nan
4597760.0,0.08633482164043524,0.7675697277460308,nan
4599808.0,-0.018998407304392943,1.0232964998980425,nan
4601856.0,0.019920136468976064,0.9117100707351284,nan
4603904.0,-0.031809093548813255,1.0497422660194535,nan
4605952.0,0.06068559248259241,0.7860623035887592,nan
4608000.0,-0.013018422890061478,1.0065062523854034,nan
4610048.0,-0.010750628634845313,0.9943890373610806,nan
4612096.0,0.061624333930723856,0.7862831693299761,nan
4614144.0,-0.026561534295187685,1.0411020568355391,nan
4616192.0,-0.02057516767209161,0.9948476158816736,1.7463617463617465
4618240.0,0.06672338776811586,0.8012029857602682,nan
4620288.0,-0.07686511533280503,1.1947755714579444,nan
4622336.0,0.06515602830402528,0.8755107695102228,nan
4624384.0,-0.06141493106309718,1.2529453919375844,nan
4626432.0,-0.012462396165970939,0.9823939746623565,nan
4628480.0,0.0558919418904221,0.8224929699358994,nan
4630528.0,-0.04348256577331683,1.0797944000275792,nan
4632576.0,-0.06976269520438962,1.369131739482846,nan
4634624.0,0.01993619189143386,0.922499410415536,nan
4636672.0,0.056267993060891634,0.8336654425182617,nan
4638720.0,-0.05195882586400512,1.068453460913592,nan
4640768.0,0.044171387833361324,0.8398566703181931,nan
4642816.0,-0.028301033357512773,1.0401261646906736,nan
4644864.0,0.05459111180400193,0.8328506330893807,nan
4646912.0,-0.0015967097498545135,1.0239500053145405,nan
4648960.0,0.004651185490972251,0.9636961671643369,nan
4651008.0,-0.0835705311799724,1.4618793529919023,nan
4653056.0,0.010065684927613623,0.9238073776979687,nan
4655104.0,0.015790861438536793,0.9401060510116495,nan
4657152.0,0.026400945278988733,0.8866548364298968,nan
4659200.0,0.0476633412914983,0.831329499814805,nan
4661248.0,-0.017977533406943157,1.0175516801612976,nan
4663296.0,-0.05149819121006055,1.3133397606258739,nan
4665344.0,-0.00021036395462025598,0.9542051799099627,nan
4667392.0,0.02446595726026944,0.8725832287393277,nan
4669440.0,0.03024044996128153,0.8424455446445196,nan
4671488.0,-0.026913022404182356,0.9997616903083864,nan
4673536.0,0.08667464657862814,0.751005836958605,nan
4675584.0,-0.06494515293295969,1.3827996495108337,nan
4677632.0,-0.017376163684593878,1.0003251119118783,nan
4679680.0,0.05747803878138635,0.8287807750180409,nan
4681728.0,-0.042148595262310365,1.0430781242595044,nan
4683776.0,0.03160457794420368,0.9177408952368359,nan
4685824.0,0.03021746177976091,0.8966652281114651,nan
4687872.0,-0.0673699907890759,1.1624015244639005,nan
4689920.0,0.06866487588514325,0.8143344183615548,nan
4691968.0,-0.040808268237592905,1.0432680083201258,nan
4694016.0,-0.010120005420101167,0.995790323284422,nan
4696064.0,0.03200363822751375,0.9098117170962048,nan
4698112.0,0.05302699194769262,0.7846052844901944,nan
4700160.0,-0.05818845249771949,1.1301286850767058,nan
4702208.0,0.0010716188524937248,0.9709961064432171,nan
4704256.0,0.03002697777890444,0.9073289120282005,nan
4706304.0,0.020641286837417862,0.9131819980328085,nan
4708352.0,-0.03132757516327823,1.0351313735651546,nan
4710400.0,0.03248185976946137,0.8746233906695923,nan
4712448.0,0.01184065726895829,0.954134810223063,nan
4714496.0,0.008408739502982578,0.9283601936136155,nan
4716544.0,0.009546593153122777,0.9463640915228815,1.943866943866944
4718592.0,0.01127400034532328,0.9189332885014052,nan
4720640.0,0.03398149962978549,0.8873888805262307,nan
4722688.0,0.031279950361838865,0.8988040966751032,nan
4724736.0,-0.03156479569519553,1.115275477531576,nan
4726784.0,-0.01260858538509008,0.9756324504131745,nan
4728832.0,0.039393281599585314,0.8736249967002074,nan
4730880.0,-0.018252620242431444,0.984453708250974,nan
4732928.0,0.0417089349305238,0.8671501763134984,nan
4734976.0,-0.07444035003337379,1.5928565606713738,nan
4737024.0,0.03037369166420327,0.8872725690481293,nan
4739072.0,-0.14417960620430678,1.654775665150668,nan
4741120.0,-0.04881550932685741,1.2795133613977396,nan
4743168.0,0.043724535967421874,0.8124994326356985,nan
4745216.0,0.011747114786372748,0.945870773268338,nan
4747264.0,-0.013479653656873015,0.9929280355773599,nan
4749312.0,0.02454311744761346,0.8917494944352995,nan
4751360.0,-0.055560989165060484,1.368984847394911,nan
4753408.0,0.016701334717361946,0.9710144247607362,nan
4755456.0,0.02247912726463082,0.9079680646854372,nan
4757504.0,-0.05229487626380569,1.3251945247094954,nan
4759552.0,0.04765190343912454,0.836156252263566,nan
4761600.0,-0.05785885987859074,1.4620008703628788,nan
4763648.0,-0.06732876474296286,1.2500263015517767,nan
4765696.0,0.02211611673897145,0.8985898934433165,nan
4767744.0,0.06280797541188321,0.7850381325979631,nan
4769792.0,-0.06557550628451544,1.1082954531739575,nan
4771840.0,0.034024659747191016,0.877433683621879,nan
4773888.0,0.022363404447684178,0.9179671872153892,nan
4775936.0,0.027529778032659408,0.8950306600138632,nan
4777984.0,-0.0432621059382894,1.0279575429676118,nan
4780032.0,0.08880072716825645,0.751440637636792,nan
4782080.0,-0.046952464317114646,1.1895466331434605,nan
4784128.0,-0.07913615380185285,1.3703816327649552,nan
4786176.0,-0.01041709752944445,0.9778846023040334,nan
4788224.0,0.038986835708233684,0.8725991080029264,nan
4790272.0,0.011319588000552029,0.9305589607405061,nan
4792320.0,-0.0014002008515037884,0.9752337140773726,nan
4794368.0,0.03716488567718712,0.862845841559367,nan
4796416.0,-0.002109885901888299,0.9718078570561358,nan
4798464.0,-0.036868555513774146,1.1753160158121219,nan
4800512.0,-0.005467951423742137,0.9541536829958024,nan
4802560.0,0.0004647130261547089,0.9549603048605565,nan
4804608.0,0.061420169854485854,0.8395431728078108,nan
4806656.0,0.02240789335105976,0.889849036036978,nan
4808704.0,-0.038851669387725454,1.0583936862188152,nan
4810752.0,-0.03875409699840918,1.5459076648145877,nan
4812800.0,0.022582008101209083,0.912260652577025,nan
4814848.0,0.0029865591744713572,0.9902145840814762,nan
4816896.0,-0.04017825086053335,1.01964293941899,1.2266112266112268
4818944.0,0.04422631062508066,0.8641159359258966,nan
4820992.0,0.023401077735073054,0.9251567630773366,nan
4823040.0,0.012780992618231016,0.928901932985734,nan
4825088.0,-0.007017275135868931,0.9825867075396346,nan
4827136.0,0.06887103447302823,0.7201115279854118,nan
4829184.0,-0.04489606095078803,1.0636641163531448,nan
4831232.0,-0.001790673845832827,0.9578727540995059,nan
4833280.0,0.01916610818740576,0.9071104887294607,nan
4835328.0,0.030418735962709154,0.896769806638759,nan
4837376.0,0.07751243317821754,0.6281443956375292,nan
4839424.0,-0.12933487033487154,1.6416983032702024,nan
4841472.0,0.06347996215476795,0.7641603019948956,nan
4843520.0,-0.05360463521199423,1.1433413995848807,nan
4845568.0,0.0386213974437989,0.859813080567356,nan
4847616.0,0.004901144573826788,0.9857349054560139,nan
4849664.0,0.018964279387651845,0.8732419767460626,nan
4851712.0,0.004218445625693491,1.032182536897375,nan
4853760.0,-0.06266586222566864,1.101448471760085,nan
4855808.0,0.04426567115654711,0.8602076305065617,nan
4857856.0,0.011141854606803434,0.9496535050759989,nan
4859904.0,0.01128092513719349,0.928186241231667,nan
4861952.0,-0.02015012502453571,0.9888213100293131,nan
4864000.0,0.05578673740746376,0.8429128868346192,nan
4866048.0,0.04475593955623868,0.831980367137343,nan
4868096.0,-0.07289434584547631,1.3711210595500771,nan
4870144.0,-0.03345742473476808,1.02880589745274,nan
4872192.0,0.012815993280283579,0.9217291929464059,nan
4874240.0,0.10683518645795546,0.5128652391175371,nan
4876288.0,-0.11432833602234403,1.6342109347513232,nan
4878336.0,-0.009051268144095848,0.9624066109645274,nan
4880384.0,0.025124690637030614,0.9014017545475951,nan
4882432.0,0.03315659938672143,0.8979226927673906,nan
4884480.0,-0.04161585285830166,1.0104666979332158,nan
4886528.0,0.033419323880044274,0.8998133822152012,nan
4888576.0,0.002559162765290328,1.1341814320525345,nan
4890624.0,0.05075005387174327,0.8427949929237813,nan
4892672.0,-0.0038445916493555186,0.9744604849792678,nan
4894720.0,-0.10829460716222683,1.5656463170939956,nan
4896768.0,0.039612345103335986,0.858824034479328,nan
4898816.0,0.026744457436057953,1.0823638157591113,nan
4900864.0,-0.061641363021039834,1.108748065690668,nan
4902912.0,0.023513124155681003,0.923763226743776,nan
4904960.0,0.022634072121937056,0.9072181971257137,nan
4907008.0,0.02684882227321833,0.9154930539436823,nan
4909056.0,0.019561297372284098,0.8931510418547303,nan
4911104.0,-0.0047179601267066905,0.9715614921790922,nan
4913152.0,0.01521731482305693,0.9326221500628921,nan
4915200.0,-0.00910461529423414,0.9790559426115386,nan
4917248.0,0.00017228498100790857,0.9615838551092627,1.808731808731809
4919296.0,0.0748593808917587,0.7835608712449267,nan
4921344.0,-0.021798093684226957,1.015919550305336,nan
4923392.0,-0.04938250024600591,1.0636460892178172,nan
4925440.0,0.0839014419204581,0.7775831636896723,nan
4927488.0,-0.03685160966843615,1.0417581636630353,nan
4929536.0,0.042041108722009904,0.8729363792463903,nan
4931584.0,0.014643630097839436,0.9320417854529992,nan
4933632.0,0.03292630052353291,0.8499754042078991,nan
4935680.0,0.00670487229848557,0.9585935936231235,nan
4937728.0,0.020215068490682907,0.8857399107100207,nan
4939776.0,-0.048253039517273374,1.2086895211084796,nan
4941824.0,0.007921083361796335,0.9399635746708068,nan
4943872.0,0.016259108451179838,0.9165486497341433,nan
4945920.0,-0.021330439765038973,0.9874720152090517,nan
4947968.0,0.016177808038027812,1.1183605273258155,nan
4950016.0,0.032553362787847526,0.8791718037202855,nan
4952064.0,0.015385532114509815,0.9247702031847664,nan
4954112.0,-0.07604535983953793,1.1578526798951039,nan
4956160.0,0.022864773356442915,0.9026044693917379,nan
4958208.0,0.07400363867129417,0.7673226379855277,nan
4960256.0,-0.02235900491115679,1.033414789239838,nan
4962304.0,-0.015476234644676273,0.9821026697525832,nan
4964352.0,0.031971612467428384,0.887008551036581,nan
4966400.0,0.04290069565530566,0.8571630556541397,nan
4968448.0,0.015496977351030873,0.9288833033788281,nan
4970496.0,-0.05443963137299133,1.3123548459517396,nan
4972544.0,-0.001278961134098866,0.9717372952687138,nan
4974592.0,0.01347191783764939,0.9070085245379784,nan
4976640.0,0.0439130162789806,0.8632206329454563,nan
4978688.0,-0.02865800887379278,1.0250125754993118,nan
4980736.0,0.029341145836999913,0.8973903640714413,nan
4982784.0,0.022836672128283005,0.8835556925869935,nan
4984832.0,0.019537485855804983,0.9370649156761586,nan
4986880.0,0.006657447161676631,0.9442816753234365,nan
4988928.0,-0.015668273606576882,0.9871980864254644,nan
4990976.0,0.020850624042947186,0.9485889743220243,nan
4993024.0,-0.000703047392014218,0.9580100150063156,nan
4995072.0,0.009551463759700524,0.9472566140907391,nan
4997120.0,0.030406069030740127,0.8850985175888254,nan
4999168.0,0.03199791206766117,0.8869802147915689,nan
5000000.0,0.007853553221853046,0.9016537450044554,1.6216216216216222
