step,rollout_reward_mean,rollout_reward_std,eval_dcr_mean
2048.0,0.19753367874245475,0.23853484063079938,nan
4096.0,0.22319403786077086,0.1952293324299221,nan
6144.0,0.0871597602719175,0.23080504101468174,nan
8192.0,0.04601299334366999,0.20364289440126854,nan
10240.0,0.11363313055231772,0.22035840371604998,nan
12288.0,0.1287737889968798,0.23732297263474345,nan
14336.0,0.10370476987715252,0.20902386342711926,nan
16384.0,0.08712264952688677,0.20475346383262885,nan
18432.0,0.052225150982603316,0.23107482223159623,nan
20480.0,0.08331727899244867,0.24280131643569594,nan
22528.0,0.09705199184913532,0.24190818629853314,nan
24576.0,0.0807690777240912,0.24155983617665988,nan
26624.0,0.06597443420692219,0.22571062769199554,nan
28672.0,0.03386487837525094,0.21205406876057484,nan
30720.0,0.05351634256481419,0.2300583146614175,nan
32768.0,0.06522888402612652,0.1674999434349508,nan
34816.0,0.09940246940386865,0.2477884722686518,nan
36864.0,0.09782435693383787,0.19863613887468073,nan
38912.0,0.062054547807642385,0.2085654032026372,nan
40960.0,0.06499805470740679,0.1825564247368688,nan
43008.0,0.058604286925851595,0.2308991724766515,nan
45056.0,0.08728300735503101,0.21653479245840324,nan
47104.0,0.025560237372236345,0.20721215819394245,nan
49152.0,0.07679716148903873,0.21182149425034688,nan
51200.0,0.038611949344015316,0.2339239832921306,nan
53248.0,0.04043377032287959,0.19004920490759053,nan
55296.0,0.10646530785337462,0.2092145959360899,nan
57344.0,0.014224028564779442,0.19118273803318495,nan
59392.0,0.03342040363958886,0.23057417715763634,nan
61440.0,0.07575137240642114,0.2143149542175183,nan
63488.0,0.06874689229057886,0.23066312283127463,nan
65536.0,0.08291333114958384,0.2301651816991702,nan
67584.0,0.0887255949881631,0.23363426943075608,nan
69632.0,0.05493685588992152,0.1708621999685364,nan
71680.0,0.11951655445195619,0.23605973296094498,nan
73728.0,0.05161623145685912,0.23552301447780843,nan
75776.0,0.08405145221806194,0.22334930155460547,nan
77824.0,0.07271231713981471,0.22687059606360646,nan
79872.0,0.08902929441198709,0.2090234261490563,nan
81920.0,0.07566143833703368,0.1924542045095575,nan
83968.0,0.04989038150092932,0.17631592209370192,nan
86016.0,0.125447139117881,0.20684307153492654,nan
88064.0,0.027508348618613572,0.22112312448899174,nan
90112.0,0.052857988842858944,0.2099295797409038,nan
92160.0,0.01399930184375276,0.19875323733561398,nan
94208.0,0.048639090338118265,0.18860791711530978,nan
96256.0,0.0670034396851932,0.2044981483473555,nan
98304.0,0.08813665220518162,0.21342339399088467,nan
100352.0,0.06745790785594132,0.21550267773755255,29.334719334719342
102400.0,0.03352029879306992,0.19061816109247456,nan
104448.0,0.08839943079829246,0.23843515353344397,nan
106496.0,0.06868018854882964,0.21501827546853847,nan
108544.0,0.05773622736663456,0.1881628177660719,nan
110592.0,0.05466036321346274,0.19676670430543508,nan
112640.0,0.08521193367442254,0.24472743247314577,nan
114688.0,0.042987402468799354,0.1804839994194666,nan
116736.0,0.061473533190837905,0.19092943394192038,nan
118784.0,0.09996902047335096,0.21359308469453603,nan
120832.0,0.04057581099873982,0.2083063166004114,nan
122880.0,0.027503872013025215,0.16928870191289958,nan
124928.0,0.0804287654196928,0.19179187341853127,nan
126976.0,0.035076226692129946,0.17700144576633797,nan
129024.0,0.03381576099285209,0.18532266896396954,nan
131072.0,0.07506483271205927,0.21206751454560543,nan
133120.0,0.08953927337686905,0.21802300196061766,nan
135168.0,0.05393156393327436,0.22206950956436824,nan
137216.0,0.12764103272482286,0.23872968510212464,nan
139264.0,0.059993609217063475,0.19480760958423665,nan
141312.0,0.12321660058972041,0.21318573912010408,nan
143360.0,0.07093326726372173,0.19370769261963716,nan
145408.0,0.05422039032834286,0.22040684785392514,nan
147456.0,0.04620912019024375,0.2090481807244769,nan
149504.0,0.07104723669570016,0.21657046763508223,nan
151552.0,0.05436494070115677,0.20515243450458678,nan
153600.0,0.0757633697972136,0.21710220047008522,nan
155648.0,0.051820401724217736,0.2095108238413498,nan
157696.0,0.08982357541641173,0.20066593234105468,nan
159744.0,0.07954499536650186,0.2258452480536295,nan
161792.0,0.029948519192711624,0.1915070692172165,nan
163840.0,0.10478455811271793,0.21454525832853494,nan
165888.0,0.08077803100994252,0.205320366266193,nan
167936.0,0.04298881396658488,0.1778170716821542,nan
169984.0,0.09766082508059813,0.21573194845374483,nan
172032.0,0.05877653190663949,0.21353960421529092,nan
174080.0,0.06513865684752136,0.17661371074911425,nan
176128.0,0.062083428058604825,0.21980627016093482,nan
178176.0,0.05904660604096737,0.21778103225469758,nan
180224.0,0.04786835098736994,0.19516897679145687,nan
182272.0,0.0656700156325731,0.20266103838526406,nan
184320.0,0.0692772866896828,0.2144628836903727,nan
186368.0,0.0863931714898038,0.21133510085128246,nan
188416.0,0.06044753992393926,0.21483853288111202,nan
190464.0,0.09232797217995815,0.21454989334792657,nan
192512.0,0.07878144060254406,0.21836337332635938,nan
194560.0,0.08041990861712385,0.21574778573234724,nan
196608.0,0.07859390683015804,0.1877187332851958,nan
198656.0,0.06955998317860287,0.16744922923798594,nan
200704.0,0.05359519134415642,0.2208263351759467,27.12058212058212
202752.0,0.06573931537575207,0.19524869467472467,nan
204800.0,0.052006728071850944,0.1566410723432501,nan
206848.0,0.08290581532495998,0.18137267687906983,nan
208896.0,0.08564407826486096,0.18573322284894933,nan
210944.0,0.06861244823951324,0.17180629074681938,nan
212992.0,0.07970063806668842,0.1897896659959079,nan
215040.0,0.06722249041189224,0.19476336829149687,nan
217088.0,0.0714801144559859,0.2157475941868976,nan
219136.0,0.09535982390434847,0.19146933804022082,nan
221184.0,0.04168675493896324,0.20627412315136856,nan
223232.0,0.06605738822031934,0.20386468401797952,nan
225280.0,0.1042307978392394,0.2307472797742765,nan
227328.0,0.05943551941539317,0.18340326271978358,nan
229376.0,0.06990756949115441,0.2178471105431134,nan
231424.0,0.07966171427965898,0.19879164772127703,nan
233472.0,0.06595987580823898,0.1840931741847817,nan
235520.0,0.06795728450393948,0.19509363027654822,nan
237568.0,0.05426243905677839,0.17513929635084663,nan
239616.0,0.09071188894902965,0.16774151483132257,nan
241664.0,0.09484025782580797,0.19773448561839824,nan
243712.0,0.09143788331522643,0.22641415215994992,nan
245760.0,0.054288160571625166,0.16944265998570443,nan
247808.0,0.05034864656137122,0.14180082629212018,nan
249856.0,0.12241569882165453,0.21014426942413714,nan
251904.0,0.07933154716333274,0.207121906626186,nan
253952.0,0.08364692961164019,0.18975584174803067,nan
256000.0,0.06872958272914614,0.20629926870834336,nan
258048.0,0.099741916269301,0.21240339839713254,nan
260096.0,0.07013041789404156,0.19190076908092948,nan
262144.0,0.04921240716376442,0.19584047543973793,nan
264192.0,0.0637139215089215,0.15628754514974671,nan
266240.0,0.08594077073542651,0.17868051566148965,nan
268288.0,0.026353123954379165,0.17533211310447774,nan
270336.0,0.07533110524145345,0.16403442545671115,nan
272384.0,0.06045389362595318,0.2038408082796361,nan
274432.0,0.08044431221490095,0.17536092908136106,nan
276480.0,0.04166004493194377,0.20429055620732617,nan
278528.0,0.08001579931761184,0.20089620050358253,nan
280576.0,0.07823044547140026,0.22607102212973143,nan
282624.0,0.036019734966735044,0.1707485169167643,nan
284672.0,0.1128667327787608,0.1932345478420248,nan
286720.0,0.07717879530412725,0.18107147309128022,nan
288768.0,0.08208621136989698,0.18103283354313135,nan
290816.0,0.08162129098293522,0.19640265274598462,nan
292864.0,0.08300756736964718,0.19017534746722076,nan
294912.0,0.061619381243631303,0.1957674446616351,nan
296960.0,0.08538074741272653,0.2275331335648156,nan
299008.0,0.07970808090621077,0.19503076074904258,nan
301056.0,0.06186890671057404,0.1938045406894021,27.41164241164241
303104.0,0.09231497764943111,0.18369818359385282,nan
305152.0,0.09221537185990902,0.21597083922730534,nan
307200.0,0.10630566982373973,0.1915489894256835,nan
309248.0,0.09092229867636566,0.18486808409778405,nan
311296.0,0.07767431845553052,0.178968882694983,nan
313344.0,0.08038977075032726,0.20813646063541213,nan
315392.0,0.09084199919929407,0.20423329229917414,nan
317440.0,0.048587585668871364,0.18116423020407166,nan
319488.0,0.06979683724665038,0.19983516275620514,nan
321536.0,0.07058468868874482,0.175366369002197,nan
323584.0,0.0738447029602553,0.18200998185851286,nan
325632.0,0.09063229431688413,0.17252235048888545,nan
327680.0,0.09787342090850124,0.17725137724873744,nan
329728.0,0.10281818720585383,0.18746211088322529,nan
331776.0,0.06530696002574268,0.21265122928701968,nan
333824.0,0.08224865015999658,0.19701806511373393,nan
335872.0,0.07803115003729542,0.1914605248718034,nan
337920.0,0.06813681240127058,0.19576778459149263,nan
339968.0,0.07759396822939284,0.1609602655269649,nan
342016.0,0.07571957921271705,0.20169472831196367,nan
344064.0,0.05111990909361383,0.16767461177401619,nan
346112.0,0.10842012103237474,0.2240863007137819,nan
348160.0,0.08202557787301129,0.18130029714758228,nan
350208.0,0.08199405460173659,0.20313749384110652,nan
352256.0,0.06143735053521525,0.18604464251566372,nan
354304.0,0.06976715072179282,0.15027359393726636,nan
356352.0,0.07295368630655961,0.19356668551153167,nan
358400.0,0.06633309864786273,0.1701809115410331,nan
360448.0,0.0941145704254404,0.191691798845676,nan
362496.0,0.062295595703028214,0.19740942327155936,nan
364544.0,0.09448967638173908,0.20224432323987812,nan
366592.0,0.06591154865739139,0.1921009674570704,nan
368640.0,0.08672787183259154,0.18738306263866827,nan
370688.0,0.10264476207519303,0.1905728683960395,nan
372736.0,0.07384572584060685,0.19489608396026,nan
374784.0,0.06343275578945982,0.2005625955215212,nan
376832.0,0.0891081280467591,0.208219020042684,nan
378880.0,0.08444427514312308,0.1951752573886831,nan
380928.0,0.07232012111154018,0.179394935898841,nan
382976.0,0.091311798271688,0.208517517396992,nan
385024.0,0.06251504010542723,0.15212836687722361,nan
387072.0,0.06719505371198284,0.20771875552206973,nan
389120.0,0.07120178476205487,0.18982080100737522,nan
391168.0,0.07500468552762746,0.19560407397626528,nan
393216.0,0.07288643054192427,0.16023371616857476,nan
395264.0,0.09594150504534871,0.20770213955702477,nan
397312.0,0.08183623439285106,0.19992565933914058,nan
399360.0,0.06336847879540083,0.165947448164396,nan
401408.0,0.045246578853702424,0.1894329542562262,29.064449064449065
403456.0,0.10063420736342404,0.20551230232505632,nan
405504.0,0.08206109663429843,0.1786908910601894,nan
407552.0,0.0774965080859592,0.20687108312582309,nan
409600.0,0.050071708125778595,0.2013890082813203,nan
411648.0,0.0975451140674122,0.24136119769127734,nan
413696.0,0.05511291006277447,0.19326418821422445,nan
415744.0,0.07379537736603803,0.2041788424665939,nan
417792.0,0.06554715916879594,0.16489847221388285,nan
419840.0,0.0588435590356081,0.20691247491258896,nan
421888.0,0.06983601706197716,0.17935003444218386,nan
423936.0,0.07809467884902166,0.20873852445661628,nan
425984.0,0.07635097108683549,0.18992194304227006,nan
428032.0,0.0709832701731371,0.20649619169434832,nan
430080.0,0.018544899204116068,0.17297836000612066,nan
432128.0,0.07341712516657792,0.20698505682644408,nan
434176.0,0.1073272644735823,0.21551693237918562,nan
436224.0,0.08178823804531798,0.19177409627696226,nan
438272.0,0.03802757335571211,0.19212202820629015,nan
440320.0,0.10954991102539542,0.20988159857827426,nan
442368.0,0.10752657972479276,0.21564136474632525,nan
444416.0,0.07218387207276003,0.21580396930569665,nan
446464.0,0.06940619652549217,0.19358257483293764,nan
448512.0,0.08083595938672937,0.19819049628296373,nan
450560.0,0.06131437695321813,0.19763042709752668,nan
452608.0,0.06571490735747113,0.17838413812254267,nan
454656.0,0.07870043354991474,0.20954087101009672,nan
456704.0,0.053903610607333896,0.19374703969140855,nan
458752.0,0.0864888799107355,0.20893467101805752,nan
460800.0,0.0737729295575271,0.18726427367810644,nan
462848.0,0.108233639799687,0.20752741244421696,nan
464896.0,0.10201013475693405,0.19753480033452347,nan
466944.0,0.099094099410588,0.198702881636611,nan
468992.0,0.06581523611910775,0.1794002948465309,nan
471040.0,0.062380321919947954,0.19802427648479626,nan
473088.0,0.10030391977539922,0.19997696202306509,nan
475136.0,0.08112151107394938,0.21382266362852864,nan
477184.0,0.06237247115536986,0.1887115550985216,nan
479232.0,0.07198876209356066,0.16576446855109303,nan
481280.0,0.08378110450893977,0.22771226052996987,nan
483328.0,0.06544341205491966,0.1999335130323374,nan
485376.0,0.08543772161871135,0.2109381748686067,nan
487424.0,0.09731089124453873,0.17808701649091976,nan
489472.0,0.10539134893486099,0.2119270598554418,nan
491520.0,0.0747129916205622,0.22215573005427952,nan
493568.0,0.08842032313386725,0.220148788495797,nan
495616.0,0.08711705650607737,0.1756762064202519,nan
497664.0,0.06904653943211946,0.2106297780243436,nan
499712.0,0.07850934382231278,0.19050031162738348,nan
501760.0,0.06840222162881861,0.18520309806601992,23.565488565488568
503808.0,0.083075808496565,0.19579236285122822,nan
505856.0,0.0866653108685551,0.20012904775857737,nan
507904.0,0.044915232326865964,0.20542608532698936,nan
509952.0,0.07079822018647773,0.2045499619039716,nan
512000.0,0.08644062968669781,0.1877003596456298,nan
514048.0,0.08808307401419814,0.18633625978173107,nan
516096.0,0.06921701070837086,0.18356471506347397,nan
518144.0,0.0624591597758993,0.19399288849622776,nan
520192.0,0.07746164005855022,0.20488184508120624,nan
522240.0,0.07614791615605217,0.19038006623411913,nan
524288.0,0.0725389599881276,0.20153664410444871,nan
526336.0,0.09327572348333782,0.2164914063798584,nan
528384.0,0.06940845952574082,0.20585081677277156,nan
530432.0,0.07357209801731768,0.1819815915374488,nan
532480.0,0.0713947687511185,0.20425128220599256,nan
534528.0,0.05970908309956904,0.18105736542154202,nan
536576.0,0.07509732098796637,0.19773349699840373,nan
538624.0,0.05700172476270219,0.19393865321541895,nan
540672.0,0.07444411371277647,0.19195639363239614,nan
542720.0,0.0695474626473771,0.2243723638134149,nan
544768.0,0.06061831426777861,0.1789524841462831,nan
546816.0,0.10525974376138875,0.21979354110236407,nan
548864.0,0.05527810755096955,0.2244277791259619,nan
550912.0,0.049062383916539457,0.19350595683975325,nan
552960.0,0.0908568368885348,0.209224608216514,nan
555008.0,0.07673795671862078,0.18208680983898598,nan
557056.0,0.08096693176799456,0.2085327045850807,nan
559104.0,0.05459490622346695,0.21877679603797615,nan
561152.0,0.09571749747004163,0.20072364566374729,nan
563200.0,0.07823335737583506,0.21314396098213398,nan
565248.0,0.07460977832733397,0.1821641597161825,nan
567296.0,0.10376498006468457,0.22527096328984453,nan
569344.0,0.07211304189290627,0.17805112185902433,nan
571392.0,0.09154126478629714,0.21604322992289754,nan
573440.0,0.07636832082511827,0.18963646584442168,nan
575488.0,0.09469443903838674,0.2103505823053441,nan
577536.0,0.06645999469150515,0.19437846098580697,nan
579584.0,0.08009450665785034,0.1862367107865648,nan
581632.0,0.09718620967522879,0.2030936037828392,nan
583680.0,0.07087903244560093,0.19319649681778756,nan
585728.0,0.06009143669084382,0.1738528133245662,nan
587776.0,0.0792115859017011,0.19076857982663503,nan
589824.0,0.09683039340164888,0.2066850454482384,nan
591872.0,0.09752702777108947,0.209854743258551,nan
593920.0,0.0698474556947846,0.16955314456778137,nan
595968.0,0.06621678985304869,0.19573641203267977,nan
598016.0,0.08425303111831878,0.1747868701561816,nan
600064.0,0.08504520714606635,0.19859604201315628,nan
602112.0,0.09647113161343301,0.20738931466096108,27.588357588357592
604160.0,0.08231676219106632,0.23915017881219486,nan
606208.0,0.08240654935581093,0.21750287007506736,nan
608256.0,0.07989503604923963,0.21082751292817822,nan
610304.0,0.07381525191606361,0.22342638774043164,nan
612352.0,0.050367723840344596,0.18218799813439485,nan
614400.0,0.06398438084515462,0.20571186364832345,nan
616448.0,0.05536562474585045,0.1372414523835061,nan
618496.0,0.07946056797304057,0.18917677387798223,nan
620544.0,0.06157807617183997,0.2187415227777594,nan
622592.0,0.08785400404422276,0.1744670508242311,nan
624640.0,0.05605358683368218,0.2000794441217161,nan
626688.0,0.050257133510445556,0.21559357708970198,nan
628736.0,0.039788752966873245,0.1851357808467501,nan
630784.0,0.08081753709513761,0.19899957844050908,nan
632832.0,0.07357274023837965,0.18656222932188501,nan
634880.0,0.08410118506998926,0.18145513766044705,nan
636928.0,0.054150978630853816,0.19779243745428607,nan
638976.0,0.08066484465596951,0.19982504627734748,nan
641024.0,0.09197984528200033,0.2215594134995909,nan
643072.0,0.08864491650252226,0.193999082897959,nan
645120.0,0.13092417307208987,0.19959466812677912,nan
647168.0,0.07326762276373328,0.18558926007253276,nan
649216.0,0.11986946198178781,0.19999725658159379,nan
651264.0,0.06134085231617957,0.19702340373148097,nan
653312.0,0.07664887197333731,0.2260677120988933,nan
655360.0,0.06431871520345372,0.20586502934360046,nan
657408.0,0.08935305053866766,0.20425163243801867,nan
659456.0,0.07279428391362987,0.2091258034081963,nan
661504.0,0.05874021124076879,0.18242575984741657,nan
663552.0,0.09228120642842974,0.15972119416691702,nan
665600.0,0.02610343413824934,0.19899583057988837,nan
667648.0,0.045275585691363814,0.18609575605927883,nan
669696.0,0.07513451577810423,0.19167860879200677,nan
671744.0,0.06975500287575179,0.20905455571458834,nan
673792.0,0.06929672377612807,0.19562682804502904,nan
675840.0,0.07880607858103879,0.1980075541496765,nan
677888.0,0.08689368259094983,0.18475004329796332,nan
679936.0,0.052928832969883655,0.20993452467564505,nan
681984.0,0.11458457184502471,0.18885778748089596,nan
684032.0,0.10190010738132181,0.21867875591566335,nan
686080.0,0.03910349005710856,0.18142083382927868,nan
688128.0,0.051963560330994106,0.2071173395336359,nan
690176.0,0.07403814682307602,0.19768569927509555,nan
692224.0,0.0784885683035231,0.19487816990065956,nan
694272.0,0.06468344149256053,0.19318653631810848,nan
696320.0,0.07563326320817076,0.20691549424679173,nan
698368.0,0.08618441920583923,0.22767267500389077,nan
700416.0,0.09670823649144111,0.20271663813037255,nan
702464.0,0.06741876392216539,0.20089498191829988,24.781704781704782
704512.0,0.06703291337270154,0.2106602629935304,nan
706560.0,0.06488069345139322,0.20568964103612222,nan
708608.0,0.050159353809063875,0.2054248645994639,nan
710656.0,0.07595211700987328,0.19362586749902064,nan
712704.0,0.06172456694838091,0.2047062940791812,nan
714752.0,0.09978654890425513,0.22640886752602699,nan
716800.0,0.08286925716958912,0.19568233189793144,nan
718848.0,0.06428974315764215,0.20929854469847645,nan
720896.0,0.10505516386565578,0.21264119376182805,nan
722944.0,0.06922153907535722,0.20278801484518788,nan
724992.0,0.09413880245402523,0.21053289159250638,nan
727040.0,0.07184052076173392,0.1839995078727459,nan
729088.0,0.08747001345383926,0.21600129245393201,nan
731136.0,0.08789263073175417,0.18161393625486816,nan
733184.0,0.09056883258421632,0.16176507571867518,nan
735232.0,0.08060231904831158,0.22067832737331347,nan
737280.0,0.050629806171943945,0.21677560071559474,nan
739328.0,0.06758473243165664,0.19477676404355423,nan
741376.0,0.05839342822017911,0.18889893172518515,nan
743424.0,0.09892602089631597,0.20381523062317905,nan
745472.0,0.060910618255629524,0.21129581051799254,nan
747520.0,0.06131399942160374,0.20520001551434786,nan
749568.0,0.07378380929071807,0.2086114025246114,nan
751616.0,0.05105997380020499,0.20521784259055548,nan
753664.0,0.09957204994697,0.22921697434607397,nan
755712.0,0.0705328816067404,0.16589214315538756,nan
757760.0,0.0793787333532184,0.18600334104204191,nan
759808.0,0.07793764244332475,0.21521901667871082,nan
761856.0,0.06069131327153714,0.15275957977818214,nan
763904.0,0.07637328829686055,0.20950013084510744,nan
765952.0,0.065118377363312,0.19955529504691094,nan
768000.0,0.0845683222573207,0.15556264874124648,nan
770048.0,0.05823633603139486,0.20108439096397246,nan
772096.0,0.10086539500032343,0.22325288384804307,nan
774144.0,0.06182641770751981,0.18306906286425803,nan
776192.0,0.07680403706290666,0.21292477847574393,nan
778240.0,0.0799842378571074,0.19809900409194708,nan
780288.0,0.07265918692367695,0.17149662935957924,nan
782336.0,0.0726321203063336,0.20548389168368614,nan
784384.0,0.05223424349474174,0.21228985499784356,nan
786432.0,0.07273708707628637,0.1675232099173608,nan
788480.0,0.051766578680512154,0.19008928607315104,nan
790528.0,0.0698638380680324,0.20323374479340706,nan
792576.0,0.06782079727643096,0.19610437598098437,nan
794624.0,0.08875688762907621,0.2109730864058278,nan
796672.0,0.11631780223240673,0.2067975290950016,nan
798720.0,0.05876016446062115,0.20111020125291387,nan
800768.0,0.05623648678551517,0.1901313358557351,nan
802816.0,0.05717767833330446,0.18742381143944262,24.11642411642412
804864.0,0.09579695057730339,0.16600127720514127,nan
806912.0,0.09434774928081446,0.208658769940669,nan
808960.0,0.0711945906246396,0.14973738392103242,nan
811008.0,0.0880122205379445,0.20490313278449807,nan
813056.0,0.08147816162082458,0.21267223004898334,nan
815104.0,0.05617637109267393,0.21921051436208505,nan
817152.0,0.08538711161955784,0.2066184827582316,nan
819200.0,0.07176023679379645,0.17183301323066513,nan
821248.0,0.11841547704953748,0.20947677811828666,nan
823296.0,0.09732791349870959,0.16550490135170698,nan
825344.0,0.08406340605378487,0.20941726782166056,nan
827392.0,0.04107852076300516,0.1777388574924156,nan
829440.0,0.054609831699875266,0.19623407707931018,nan
831488.0,0.06819024671168503,0.19775764864729786,nan
833536.0,0.07318881504154527,0.20797405202107394,nan
835584.0,0.0990501653039553,0.19810486721549758,nan
837632.0,0.08358836313177086,0.1762017074236396,nan
839680.0,0.10348682850160487,0.1899234188293454,nan
841728.0,0.04808319455907745,0.20663607272069298,nan
843776.0,0.09613693031449802,0.20366864028856072,nan
845824.0,0.08273687466739305,0.21395430459936307,nan
847872.0,0.07816158105297161,0.18070877464297058,nan
849920.0,0.08907071227475927,0.1973579697326476,nan
851968.0,0.05862865709824247,0.19976311314028167,nan
854016.0,0.09834032567335596,0.22955044706803035,nan
856064.0,0.04993036382514833,0.17602661294737043,nan
858112.0,0.10368667296723527,0.2282048522041944,nan
860160.0,0.10298548797973392,0.21854996269358282,nan
862208.0,0.0757673077624085,0.20147499954017592,nan
864256.0,0.0897938706717657,0.20974596443034335,nan
866304.0,0.06671307895998502,0.18851118677993953,nan
868352.0,0.07292869035407944,0.19441910735715986,nan
870400.0,0.07724343110293774,0.18863872839389892,nan
872448.0,0.08926674078632521,0.2026078291945602,nan
874496.0,0.10219093999594622,0.23410278107444388,nan
876544.0,0.09524373943642639,0.20952616700076324,nan
878592.0,0.07766692585030362,0.19022569334794495,nan
880640.0,0.07818362024864589,0.18479584826123896,nan
882688.0,0.06404409606495153,0.1886969565686084,nan
884736.0,0.0802798783836948,0.1886332752827481,nan
886784.0,0.08717979308770463,0.20680176717536708,nan
888832.0,0.07339371179144945,0.17887812393160143,nan
890880.0,0.06360097636763813,0.22372606405503997,nan
892928.0,0.06877839701740239,0.2088420090894987,nan
894976.0,0.05500647823981657,0.19635136138754525,nan
897024.0,0.09542143231977551,0.18289641899955808,nan
899072.0,0.10168564242840673,0.14487312735742156,nan
901120.0,0.06479215199524391,0.18464769678017884,nan
903168.0,0.10696354755814447,0.2248136283160115,26.070686070686072
905216.0,0.09125793501354977,0.1936915920187417,nan
907264.0,0.08728284893059556,0.21448169906077583,nan
909312.0,0.07524573917919417,0.20943556216884676,nan
911360.0,0.09845535554880558,0.23550535942831233,nan
913408.0,0.11661710072848948,0.2161277938367581,nan
915456.0,0.053431623855657556,0.18632434735058395,nan
917504.0,0.09435851301641046,0.22234388297021138,nan
919552.0,0.08068503836474374,0.20149754971951503,nan
921600.0,0.09150255350036618,0.2221034845598433,nan
923648.0,0.09597335136135487,0.22313657921320287,nan
925696.0,0.07076572550710787,0.1913140393567619,nan
927744.0,0.08332308336857129,0.20038938008705148,nan
929792.0,0.05669089555646788,0.20048459547745978,nan
931840.0,0.08130417652441557,0.1982308916054558,nan
933888.0,0.09353490538923342,0.19168561520982455,nan
935936.0,0.08513068717908767,0.1933151361921154,nan
937984.0,0.10053587958142748,0.19313006401720256,nan
940032.0,0.06830538429554794,0.20967323600024415,nan
942080.0,0.08904131130543849,0.20453996719074324,nan
944128.0,0.08902070926914359,0.2094931303707411,nan
946176.0,0.09060334227682434,0.1952691696673805,nan
948224.0,0.049485413922594854,0.17714971929669202,nan
950272.0,0.07661745248376153,0.17868041324137326,nan
952320.0,0.030653282125517645,0.15358921433347952,nan
954368.0,0.08305501745110319,0.2027881324838848,nan
956416.0,0.06990771752407193,0.22037585826960432,nan
958464.0,0.07256611316024111,0.20338087221274456,nan
960512.0,0.0758040977382464,0.18140848380703908,nan
962560.0,0.05339473758737178,0.1889528126195394,nan
964608.0,0.06906309055174423,0.18882617024560228,nan
966656.0,0.08604991086412192,0.1912295143390402,nan
968704.0,0.0734530057360028,0.1960374932405388,nan
970752.0,0.08798279801433452,0.21452393379546716,nan
972800.0,0.06838568983130366,0.20455044579675877,nan
974848.0,0.094237058739574,0.19654808954360553,nan
976896.0,0.08698234112802508,0.20890606319003835,nan
978944.0,0.08176036475795681,0.18647139837394797,nan
980992.0,0.08739284194511607,0.17475301559194073,nan
983040.0,0.07327484312296602,0.1868640332495168,nan
985088.0,0.07631458703211083,0.19847711767764564,nan
987136.0,0.08922632038407904,0.2041405827335723,nan
989184.0,0.09090803903729885,0.21715808393351954,nan
991232.0,0.07309822068477134,0.18061568355775856,nan
993280.0,0.0858690954818576,0.19149263347062473,nan
995328.0,0.07377279310158416,0.20420701479580403,nan
997376.0,0.06294364003063693,0.17645400156403515,nan
999424.0,0.10132417432530172,0.21253289106052434,nan
1001472.0,0.07885174804112412,0.20037125420126353,nan
1003520.0,0.0960038064977764,0.20552882621525645,29.594594594594593
1005568.0,0.05920860466838276,0.20068976523499107,nan
1007616.0,0.08551135581672076,0.19394952654914202,nan
1009664.0,0.07487491697827273,0.1964655203387887,nan
1011712.0,0.08376862538229898,0.20842579282067983,nan
1013760.0,0.07527939816812455,0.21323409779075048,nan
1015808.0,0.10951792366299756,0.21791754229256097,nan
1017856.0,0.08688939080828847,0.20317441560985716,nan
1019904.0,0.08161639177145397,0.1937154800837527,nan
1021952.0,0.10481338183499139,0.2151341550888592,nan
1024000.0,0.0691838037716996,0.1990096145484817,nan
1026048.0,0.09866750789842517,0.20466751504734815,nan
1028096.0,0.07781675453985776,0.20684132379157577,nan
1030144.0,0.0663283632368453,0.1662795422854001,nan
1032192.0,0.07350829060454064,0.2090999970233865,nan
1034240.0,0.11381482427391854,0.2140914233538677,nan
1036288.0,0.06301253927734177,0.17022686442353324,nan
1038336.0,0.10041638585758761,0.20903974491376648,nan
1040384.0,0.083656036196952,0.21932623818981822,nan
1042432.0,0.08048657381580344,0.17069215519523556,nan
1044480.0,0.06323221061422536,0.19583231599841844,nan
1046528.0,0.07860102512532294,0.17718743987028293,nan
1048576.0,0.12475271168117567,0.21386981285228257,nan
1050624.0,0.0837605984763851,0.22191245401403162,nan
1052672.0,0.0798089861445184,0.17146944428904773,nan
1054720.0,0.08542204842807954,0.1953153397359647,nan
1056768.0,0.09004160167168865,0.17407311390078564,nan
1058816.0,0.09747623442365223,0.2206150767544954,nan
1060864.0,0.10568289651212173,0.19843805742722775,nan
1062912.0,0.09460827982072204,0.20187556171760193,nan
1064960.0,0.05729301400434381,0.20426515842567738,nan
1067008.0,0.10241744560215643,0.20991177352068272,nan
1069056.0,0.10323187888237005,0.19280867838315713,nan
1071104.0,0.09249415247102277,0.22609384066663557,nan
1073152.0,0.09941668121819147,0.2215595652903914,nan
1075200.0,0.09767230939172131,0.22908339729814095,nan
1077248.0,0.10449133331754254,0.20408262451310527,nan
1079296.0,0.0799987381413562,0.20404686754137571,nan
1081344.0,0.06741938049569751,0.2037124511747107,nan
1083392.0,0.08963566444914305,0.21263660490602765,nan
1085440.0,0.10393307637291911,0.19579765323418943,nan
1087488.0,0.07472064609031838,0.16235061746404794,nan
1089536.0,0.07049938529953181,0.19087332471178703,nan
1091584.0,0.08730845849478558,0.18729727808736463,nan
1093632.0,0.08152858459680304,0.21531106357802313,nan
1095680.0,0.10584274998826704,0.18062377609340266,nan
1097728.0,0.06272065903002326,0.19906433236236568,nan
1099776.0,0.0975748080290833,0.21144285153709663,nan
1101824.0,0.10588196971455285,0.21220064332498145,nan
1103872.0,0.0942773705673158,0.22000531410939855,28.83575883575884
1105920.0,0.1017143257034562,0.20548411466719063,nan
1107968.0,0.08199202310612011,0.19111122626560764,nan
1110016.0,0.0900735496852558,0.19280434761642704,nan
1112064.0,0.07726467699400348,0.20374427556355676,nan
1114112.0,0.06715087448441107,0.21905829694486642,nan
1116160.0,0.07827924757879118,0.20663926701651322,nan
1118208.0,0.10735510925281685,0.19416399009939858,nan
1120256.0,0.060415643767206643,0.19794964806017132,nan
1122304.0,0.0728727440530967,0.20440944805318706,nan
1124352.0,0.0987066663990922,0.22556114775395686,nan
1126400.0,0.10353534290389713,0.19255674309449064,nan
1128448.0,0.07190406231506362,0.21495022867095276,nan
1130496.0,0.05435704022375086,0.18552852411807355,nan
1132544.0,0.08196601072063556,0.19270519201647424,nan
1134592.0,0.06789262008016192,0.21950009484544528,nan
1136640.0,0.07488703178684775,0.18831757735190746,nan
1138688.0,0.08516138928507622,0.1716686787993311,nan
1140736.0,0.09261686633915547,0.199050619111265,nan
1142784.0,0.07932474370948575,0.15660792463051512,nan
1144832.0,0.08578208551196864,0.1724939862945896,nan
1146880.0,0.06454141604589542,0.19431428707410545,nan
1148928.0,0.09253651203716232,0.1989603396902373,nan
1150976.0,0.08689735784217817,0.207203111241061,nan
1153024.0,0.13829078252647156,0.21156068835328512,nan
1155072.0,0.08543301397935357,0.2015065906965691,nan
1157120.0,0.11369077446676731,0.2084122582019698,nan
1159168.0,0.08211980783022974,0.20212249462926762,nan
1161216.0,0.08234210763713493,0.2158760247423307,nan
1163264.0,0.06580456031208026,0.22317272193541732,nan
1165312.0,0.08740220247786505,0.15718513414314544,nan
1167360.0,0.10769699062544182,0.20426315230349204,nan
1169408.0,0.09264459775648103,0.19423293097713695,nan
1171456.0,0.10073809073405686,0.1828082385642434,nan
1173504.0,0.10837508033894246,0.1850395854414274,nan
1175552.0,0.081525759867205,0.22001109394449625,nan
1177600.0,0.09447112594552157,0.20982976632584138,nan
1179648.0,0.07963777121841203,0.16298479911642594,nan
1181696.0,0.06808669737320161,0.15447593477000576,nan
1183744.0,0.08398779980992116,0.20646292271949784,nan
1185792.0,0.0628318512703521,0.1833445301992552,nan
1187840.0,0.06933387713212466,0.19869730716022502,nan
1189888.0,0.08345212783594999,0.18965922043627323,nan
1191936.0,0.09190122356517233,0.1758193253633896,nan
1193984.0,0.0628966444663502,0.20311805132073277,nan
1196032.0,0.04460271168114319,0.18897364792522803,nan
1198080.0,0.08679267832435159,0.21644247085190543,nan
1200128.0,0.1021860497691621,0.19541590091499983,nan
1202176.0,0.09437731353733914,0.20312087062379067,nan
1204224.0,0.04868028746621508,0.15521550596775802,23.7006237006237
1206272.0,0.08519564540681625,0.19318520636595832,nan
1208320.0,0.09928334276828438,0.21302461354111304,nan
1210368.0,0.09954087738331763,0.170921984450262,nan
1212416.0,0.10963766183515555,0.19269303510660574,nan
1214464.0,0.09439159350657772,0.2066562530159455,nan
1216512.0,0.09284164866414094,0.18735487161419193,nan
1218560.0,0.0789469201876543,0.1988395692204178,nan
1220608.0,0.06843129744296347,0.1981898051962518,nan
1222656.0,0.07384923293677688,0.1738416363855035,nan
1224704.0,0.07410546470322042,0.20070512376727986,nan
1226752.0,0.09939658342952068,0.19168703574248827,nan
1228800.0,0.08882240129473086,0.1886181543607075,nan
1230848.0,0.08003215669859381,0.17648714836405174,nan
1232896.0,0.08503122355644287,0.2110143509208149,nan
1234944.0,0.0851864541063111,0.19966040377842725,nan
1236992.0,0.09254583655334024,0.19792037500491966,nan
1239040.0,0.0808883095273536,0.18701499349805417,nan
1241088.0,0.11332495188091603,0.19238797664256777,nan
1243136.0,0.10522181509177438,0.19570821693469279,nan
1245184.0,0.06614422884325274,0.18773521649614458,nan
1247232.0,0.09404536250699372,0.18021536164838686,nan
1249280.0,0.08158317853529931,0.18931626504175506,nan
1251328.0,0.12262126820127922,0.20884503523393716,nan
1253376.0,0.09922970751207658,0.18650322336716257,nan
1255424.0,0.08232404880160953,0.21498686281632753,nan
1257472.0,0.10813320749671017,0.18256720692435502,nan
1259520.0,0.09726433344012933,0.1844721484163198,nan
1261568.0,0.08611770064958803,0.19234290333945064,nan
1263616.0,0.07784725576401046,0.20065276287591902,nan
1265664.0,0.1119485892444618,0.18963051469148848,nan
1267712.0,0.07131700301182908,0.1862891792992509,nan
1269760.0,0.10578229357365032,0.20509973629539546,nan
1271808.0,0.0991400950846568,0.19119346313631164,nan
1273856.0,0.09577374124022446,0.2097426294486073,nan
1275904.0,0.11831252508473245,0.21993253466399673,nan
1277952.0,0.07492906007036407,0.20296235939895427,nan
1280000.0,0.12978714747017184,0.18303804203037655,nan
1282048.0,0.077658070594736,0.21191313948361223,nan
1284096.0,0.1011750488739845,0.21069458925400913,nan
1286144.0,0.07388819830885082,0.20388411478108562,nan
1288192.0,0.11620913680776634,0.21211101928248258,nan
1290240.0,0.08406507556842237,0.1913007288944592,nan
1292288.0,0.10856744626834836,0.18641455428180992,nan
1294336.0,0.07858762043366582,0.20242862811266377,nan
1296384.0,0.10103093602499016,0.18947554952583776,nan
1298432.0,0.1198890437374828,0.16684392352458122,nan
1300480.0,0.07448159892263037,0.21144202253844557,nan
1302528.0,0.07056830714274097,0.21589239991756592,nan
1304576.0,0.10079307198284916,0.21174127607714208,31.54885654885655
1306624.0,0.0900116466875692,0.21751670098227235,nan
1308672.0,0.15029083908511748,0.21803715109762156,nan
1310720.0,0.10341760910643986,0.2082898219588579,nan
1312768.0,0.1203294882988002,0.20036341040117514,nan
1314816.0,0.08933491941539512,0.22750612489082986,nan
1316864.0,0.07042285043347382,0.18889439180364975,nan
1318912.0,0.0860885980225088,0.18538390972424362,nan
1320960.0,0.08491132303800053,0.21590597127428948,nan
1323008.0,0.0663786046974641,0.21372160820772843,nan
1325056.0,0.10469660428269945,0.22590196208462107,nan
1327104.0,0.10435426741902232,0.21671987088357633,nan
1329152.0,0.10059854300076333,0.19788331764634368,nan
1331200.0,0.08254020801815577,0.18098270165334804,nan
1333248.0,0.10444487115980863,0.2164805623936891,nan
1335296.0,0.10150455007684445,0.23167395952485176,nan
1337344.0,0.10154280505680552,0.20924453746521166,nan
1339392.0,0.11357759348002924,0.22156175901171155,nan
1341440.0,0.1236189499140668,0.21765459572488477,nan
1343488.0,0.1362273093149572,0.20083279610610594,nan
1345536.0,0.10920412781820152,0.20025831836466113,nan
1347584.0,0.07490276360383744,0.22007685639401534,nan
1349632.0,0.09588785623827993,0.21387060678329237,nan
1351680.0,0.06653862910898603,0.20907648982349508,nan
1353728.0,0.10444390172790005,0.20436288484748616,nan
1355776.0,0.09205730894134247,0.1710412490864451,nan
1357824.0,0.08968248592229201,0.20064062791319903,nan
1359872.0,0.08801304064241974,0.20350569148742334,nan
1361920.0,0.10722649012803179,0.21209117072975514,nan
1363968.0,0.10506376078258131,0.18769306305648817,nan
1366016.0,0.07914125013618986,0.20585938700281323,nan
1368064.0,0.14102316543989007,0.230524608201894,nan
1370112.0,0.12885092168572532,0.24223899178211072,nan
1372160.0,0.07147854460268056,0.205597789399682,nan
1374208.0,0.08761813215664782,0.21816649349430078,nan
1376256.0,0.11052228191835392,0.21828798226795124,nan
1378304.0,0.09415919771158048,0.21259477378840858,nan
1380352.0,0.1013888153168284,0.2264800184113386,nan
1382400.0,0.07550094910150867,0.19551796516347106,nan
1384448.0,0.12504247992237752,0.20500557123227184,nan
1386496.0,0.12508480650652867,0.21716575861125761,nan
1388544.0,0.1255025624702635,0.20164922642492555,nan
1390592.0,0.09405839147215514,0.20208123166837322,nan
1392640.0,0.10892512083104058,0.21517947304582521,nan
1394688.0,0.11171467805201646,0.22603039931386937,nan
1396736.0,0.08656848512771798,0.22397174619474516,nan
1398784.0,0.10539524273583036,0.21124879942625377,nan
1400832.0,0.12970099069415197,0.23344184269671048,nan
1402880.0,0.11431356547174751,0.19685469685999335,nan
1404928.0,0.07326266939359437,0.21392040912433113,32.92099792099792
1406976.0,0.1053836249572934,0.2163774584458217,nan
1409024.0,0.11348172089408329,0.19647110730730488,nan
1411072.0,0.09230815726547206,0.19963217406250963,nan
1413120.0,0.10688688462044069,0.21155202309445748,nan
1415168.0,0.09958789795366084,0.192349687890637,nan
1417216.0,0.10327634485701417,0.2156211174425634,nan
1419264.0,0.08253041260758498,0.21891612224456258,nan
1421312.0,0.12806872320499776,0.21633276196425558,nan
1423360.0,0.08459181326258802,0.19588105510979498,nan
1425408.0,0.07238595127440477,0.17794099004382405,nan
1427456.0,0.12924228755331257,0.23035690859918823,nan
1429504.0,0.10470288071062553,0.20778623588078762,nan
1431552.0,0.10381419076370976,0.22495016027755776,nan
1433600.0,0.09708316323842403,0.215193910233714,nan
1435648.0,0.08701344948620218,0.21738962925514954,nan
1437696.0,0.1098959559588602,0.21903858242206253,nan
1439744.0,0.10877542835181252,0.20984600222089766,nan
1441792.0,0.0872018836420197,0.2077291421073278,nan
1443840.0,0.06812921557219585,0.1881718765699562,nan
1445888.0,0.0953070282723367,0.23011856421136181,nan
1447936.0,0.09581400374951848,0.18788746946743007,nan
1449984.0,0.12606698570201513,0.21077811935824975,nan
1452032.0,0.11834892066708706,0.22545874026576807,nan
1454080.0,0.08254023784635002,0.20183673165892735,nan
1456128.0,0.14245509015469854,0.20250755966786213,nan
1458176.0,0.09522747008231089,0.17873875616695142,nan
1460224.0,0.08559472080477562,0.19664345187383656,nan
1462272.0,0.10087194697737187,0.21578039378810507,nan
1464320.0,0.10517641704989424,0.21195426617519808,nan
1466368.0,0.0781184727121032,0.19364207956362275,nan
1468416.0,0.11011242606748257,0.20980707272573043,nan
1470464.0,0.10859721423239191,0.21279484931288423,nan
1472512.0,0.0946399578986262,0.20271930890399878,nan
1474560.0,0.13102840167485716,0.20392936840593875,nan
1476608.0,0.11889576949490462,0.2164656162152404,nan
1478656.0,0.11456103236718204,0.20368539149684273,nan
1480704.0,0.11026977822022563,0.1870873539800767,nan
1482752.0,0.1426148231251746,0.21752024893720406,nan
1484800.0,0.10504260469117646,0.19899411417446541,nan
1486848.0,0.08900549775790413,0.21292756740332683,nan
1488896.0,0.09247082502912837,0.22632268010882703,nan
1490944.0,0.1219720018846938,0.2028597721819926,nan
1492992.0,0.11030972999508487,0.21715283665534824,nan
1495040.0,0.11616790219282327,0.2215264987350294,nan
1497088.0,0.0738927342983613,0.20267499717913923,nan
1499136.0,0.114230089382688,0.22011582282159736,nan
1501184.0,0.09425136778435259,0.2023129478153765,nan
1503232.0,0.09740281176380691,0.20413845193728966,nan
1505280.0,0.11211263423296844,0.22319202313661987,32.2037422037422
1507328.0,0.10700994134135433,0.21881399172105725,nan
1509376.0,0.10672233947042017,0.23097963477763636,nan
1511424.0,0.10100232709266915,0.1981062897533718,nan
1513472.0,0.10434130277784738,0.20521408300736196,nan
1515520.0,0.12132799125016788,0.21363795015446566,nan
1517568.0,0.10907844261720318,0.22330353126593183,nan
1519616.0,0.13241325418233998,0.22195409230827434,nan
1521664.0,0.10455913251437335,0.20964792388720213,nan
1523712.0,0.08203344531627342,0.20833123940192802,nan
1525760.0,0.06989839863454778,0.18842881289542035,nan
1527808.0,0.1274643643496725,0.19915870526652446,nan
1529856.0,0.0992426393728233,0.20809446778694188,nan
1531904.0,0.10103547414030555,0.2000987274389263,nan
1533952.0,0.09515956055133575,0.20783107646958754,nan
1536000.0,0.12560571303243973,0.20741695467278867,nan
1538048.0,0.08414428530069115,0.21759596092735833,nan
1540096.0,0.1405713110166219,0.21602705247697834,nan
1542144.0,0.11592429963766977,0.2131298694246328,nan
1544192.0,0.12443047201141588,0.2014771626070579,nan
1546240.0,0.09244864937821873,0.21280825128743727,nan
1548288.0,0.11566952708768288,0.19578600665008306,nan
1550336.0,0.11964491382578965,0.19706166430617555,nan
1552384.0,0.11910667233643545,0.21760889077532006,nan
1554432.0,0.09253835759149934,0.20461687296575828,nan
1556480.0,0.10178469898645826,0.2025804984942823,nan
1558528.0,0.11974456345170362,0.22113744365057006,nan
1560576.0,0.10912554491849172,0.2163824005405648,nan
1562624.0,0.09812349491431843,0.22248063966595116,nan
1564672.0,0.12968632004798752,0.21915372642225733,nan
1566720.0,0.12736393171463806,0.21147435255853034,nan
1568768.0,0.12595178902117596,0.19667214466209973,nan
1570816.0,0.12353001285383093,0.2122731641843173,nan
1572864.0,0.1280611482242877,0.21683872012474192,nan
1574912.0,0.13162295522450684,0.22155868083521962,nan
1576960.0,0.08339901417930762,0.19684276301282375,nan
1579008.0,0.1123773500110642,0.21147642526889587,nan
1581056.0,0.12362568404547979,0.21767726654270295,nan
1583104.0,0.11143093300735693,0.22008679887957297,nan
1585152.0,0.08089643184555734,0.2275506147345235,nan
1587200.0,0.1318783358990371,0.22438058750779738,nan
1589248.0,0.1241874745423877,0.2320352599179425,nan
1591296.0,0.09763543790943217,0.22463154903513238,nan
1593344.0,0.14161259386458544,0.22496061702209108,nan
1595392.0,0.13776046486422178,0.21708116604565272,nan
1597440.0,0.11944837160008831,0.22129285788103834,nan
1599488.0,0.12432335170133735,0.21969298003812737,nan
1601536.0,0.12178087567617413,0.2208899329913326,nan
1603584.0,0.1447941070470249,0.23590160759554007,nan
1605632.0,0.12981034751228038,0.23050638177769,43.721413721413725
1607680.0,0.15515128964705166,0.22295034548525675,nan
1609728.0,0.11505948349795872,0.23336835554560426,nan
1611776.0,0.1272316589025127,0.22392591067555054,nan
1613824.0,0.13108705637150586,0.223604575825277,nan
1615872.0,0.12430621735203043,0.2260672978900569,nan
1617920.0,0.1123812111931455,0.21109619738927804,nan
1619968.0,0.12119943437911272,0.2253757516001547,nan
1622016.0,0.09548995310472949,0.22650730900703556,nan
1624064.0,0.1563023803960733,0.22565906946822542,nan
1626112.0,0.10643574687992666,0.20832460028966995,nan
1628160.0,0.10615915749369444,0.20666239957839683,nan
1630208.0,0.12103972693920081,0.23213557315209254,nan
1632256.0,0.11511581965268863,0.23028690566654053,nan
1634304.0,0.08366097156117036,0.21869040346605093,nan
1636352.0,0.15021498618881865,0.223976957956075,nan
1638400.0,0.1411425575184705,0.22348121722700304,nan
1640448.0,0.12904676253056468,0.22629334269534182,nan
1642496.0,0.1704443067007625,0.22783023120804294,nan
1644544.0,0.12329253973942311,0.23670358732243604,nan
1646592.0,0.08761905153308092,0.22753404954393275,nan
1648640.0,0.14373699185854524,0.2183683051715237,nan
1650688.0,0.1625494929935068,0.23253073469432115,nan
1652736.0,0.12138047721940895,0.21457427025825102,nan
1654784.0,0.10693277855282884,0.2221735429180252,nan
1656832.0,0.13486959021106787,0.22816707435283187,nan
1658880.0,0.15225160083898898,0.2299473535975927,nan
1660928.0,0.10543796021945108,0.22544085961290597,nan
1662976.0,0.14020611723100265,0.22907502950692496,nan
1665024.0,0.13899039186205578,0.24320096018599596,nan
1667072.0,0.1390012715479794,0.2413604737733307,nan
1669120.0,0.15826524130518918,0.230532979292891,nan
1671168.0,0.09066440819000188,0.2250855602511448,nan
1673216.0,0.13837178169288575,0.24536018423128858,nan
1675264.0,0.23257550740170393,0.21719018930585246,nan
1677312.0,0.12744185136987102,0.2098051799624897,nan
1679360.0,0.1758831473506255,0.2255120049756418,nan
1681408.0,0.18436836998436096,0.23471338298490807,nan
1683456.0,0.12681102511038417,0.2286693113508094,nan
1685504.0,0.14675149740192436,0.2295320324459822,nan
1687552.0,0.10604729077090613,0.2321449145235147,nan
1689600.0,0.1098869288999868,0.23506048947345856,nan
1691648.0,0.15705973785229807,0.2357013975864742,nan
1693696.0,0.09361457631475782,0.23821523145887746,nan
1695744.0,0.15910265857455766,0.2292677932020895,nan
1697792.0,0.0796314054870922,0.21714297640073732,nan
1699840.0,0.15243484548141265,0.23624790247201638,nan
1701888.0,0.13513821111723673,0.2287420159444289,nan
1703936.0,0.10858618438807509,0.22467103584933926,nan
1705984.0,0.10136607030940867,0.2403519668471619,47.04781704781705
1708032.0,0.20421482849882178,0.22099203618276234,nan
1710080.0,0.15396860383282346,0.24244033672510476,nan
1712128.0,0.1376701511725002,0.24059691179396198,nan
1714176.0,0.20186065934349368,0.22617179359139716,nan
1716224.0,0.12572572237642887,0.22842109100191602,nan
1718272.0,0.13295070960766406,0.23315416104492961,nan
1720320.0,0.1554373075430781,0.23255501232245512,nan
1722368.0,0.09552993553702437,0.19946489179292531,nan
1724416.0,0.12459888395463488,0.23496136476748175,nan
1726464.0,0.14011671207514487,0.22986115013429753,nan
1728512.0,0.11882180833956889,0.23070905509813766,nan
1730560.0,0.1307574490798066,0.2402467511342738,nan
1732608.0,0.08461921815891368,0.22688087687429273,nan
1734656.0,0.09961583522689689,0.23450474479393268,nan
1736704.0,0.13773063796324442,0.24023318814147931,nan
1738752.0,0.11570294113827878,0.24205358460391665,nan
1740800.0,0.11633669704209079,0.2104471790413556,nan
1742848.0,0.151217975910091,0.23614810247602785,nan
1744896.0,0.10267584289764503,0.22828808528631223,nan
1746944.0,0.1694071461657459,0.2401866615675377,nan
1748992.0,0.21596707477873597,0.2190907012071567,nan
1751040.0,0.17867693473668309,0.22746235453259286,nan
1753088.0,0.13131059896736635,0.23989116421872697,nan
1755136.0,0.15636194700010908,0.23869953478348804,nan
1757184.0,0.10478884773912248,0.2372551212259932,nan
1759232.0,0.15495609276175404,0.24510989075525771,nan
1761280.0,0.11204720674390461,0.21303952678438104,nan
1763328.0,0.13528487595147698,0.23374431808574375,nan
1765376.0,0.1519957045161001,0.23419826546141,nan
1767424.0,0.09385115616014461,0.20962168107698556,nan
1769472.0,0.16705757510412028,0.2446741510098245,nan
1771520.0,0.16210390428156604,0.21789983607357918,nan
1773568.0,0.1612050982748593,0.22143547317238543,nan
1775616.0,0.09856716819199807,0.20207041536587284,nan
1777664.0,0.14310579654957267,0.2223421936953213,nan
1779712.0,0.1499532374514187,0.210833700491919,nan
1781760.0,0.11792337601433323,0.20045730702962467,nan
1783808.0,0.1126254382746032,0.20006041163359767,nan
1785856.0,0.1568146538906795,0.2088256618117186,nan
1787904.0,0.15809085500831005,0.20811892609987226,nan
1789952.0,0.10399925977458233,0.21708434508413307,nan
1792000.0,0.12485034602654113,0.2208600279348671,nan
1794048.0,0.1271324254159682,0.22570067542663835,nan
1796096.0,0.1442375774859578,0.2293295631365267,nan
1798144.0,0.11771548739375547,0.22490710508912556,nan
1800192.0,0.1109958990636298,0.21802799650050775,nan
1802240.0,0.16241308008819985,0.23495105345231082,nan
1804288.0,0.12195575997652161,0.24082304404678317,nan
1806336.0,0.1333684441891157,0.22566295008431406,45.145530145530145
1808384.0,0.1381510052722239,0.22070528886750646,nan
1810432.0,0.143465814069368,0.22632554623021522,nan
1812480.0,0.12546726880407585,0.21660993394820027,nan
1814528.0,0.14598397088216578,0.2299568723950848,nan
1816576.0,0.1550053670547903,0.23710351663519638,nan
1818624.0,0.12187250821514453,0.23832036217045907,nan
1820672.0,0.15003627798106126,0.23310109334166418,nan
1822720.0,0.07870577455711988,0.23769173086125212,nan
1824768.0,0.20232088290534608,0.21964231987716382,nan
1826816.0,0.144107291715916,0.22585944946873066,nan
1828864.0,0.1498766128505909,0.22868418272940222,nan
1830912.0,0.14944093781423015,0.2408044628777756,nan
1832960.0,0.1609602469928612,0.23854608956722778,nan
1835008.0,0.12391691732706434,0.2199930798775192,nan
1837056.0,0.09112692233911691,0.22116557520423122,nan
1839104.0,0.20446577022564502,0.23070884926538696,nan
1841152.0,0.11836385052688682,0.23269576844706458,nan
1843200.0,0.19641225443014282,0.21626864490651906,nan
1845248.0,0.16088771151544862,0.230610899695884,nan
1847296.0,0.15216360207204221,0.23146330686670447,nan
1849344.0,0.16249264521211076,0.2297078255416081,nan
1851392.0,0.17574501145348823,0.22356663037357344,nan
1853440.0,0.12994340896107281,0.239492884036801,nan
1855488.0,0.10220102570786951,0.23179704123282716,nan
1857536.0,0.17302458749397312,0.22001902839126966,nan
1859584.0,0.17327656994095864,0.22696852361643813,nan
1861632.0,0.13516056753473693,0.23722334275601645,nan
1863680.0,0.1844601924511102,0.21452135155347357,nan
1865728.0,0.18864724752103096,0.22370476282819932,nan
1867776.0,0.1401154259877206,0.2423134303050454,nan
1869824.0,0.12173026143304491,0.22182734411889424,nan
1871872.0,0.1006580137213421,0.22927005098997613,nan
1873920.0,0.14296049017318466,0.22751220264456543,nan
1875968.0,0.12289521887294504,0.23171765819838272,nan
1878016.0,0.18300326230325292,0.22256504305488028,nan
1880064.0,0.16518324587115363,0.23664638088019624,nan
1882112.0,0.1267620915695468,0.23427074798725034,nan
1884160.0,0.11936134783735,0.22882038417840625,nan
1886208.0,0.17033762270810332,0.22966089798020892,nan
1888256.0,0.15909042280716792,0.22024803069784302,nan
1890304.0,0.15558724400879873,0.22473121079521674,nan
1892352.0,0.1668602645951242,0.2312699835613321,nan
1894400.0,0.14679142403105938,0.2293195934055878,nan
1896448.0,0.16831021525691306,0.23462019596595313,nan
1898496.0,0.19210246903889353,0.22941169985090493,nan
1900544.0,0.17984760588040064,0.23073046096654032,nan
1902592.0,0.15457217835002857,0.2309397433538265,nan
1904640.0,0.14718714821350676,0.23625156936474478,nan
1906688.0,0.1378139937232183,0.2348086312959221,46.03950103950103
1908736.0,0.1041114945321311,0.22628313327554342,nan
1910784.0,0.17748879419835867,0.21382808175324153,nan
1912832.0,0.16259668567696356,0.22397294909849036,nan
1914880.0,0.12857362376149076,0.23773650205621774,nan
1916928.0,0.15289311762402436,0.23963871206481424,nan
1918976.0,0.16541857902126036,0.23342839970054713,nan
1921024.0,0.18027853971622265,0.23554252362802214,nan
1923072.0,0.11619064050983033,0.2395195737444412,nan
1925120.0,0.171634428396122,0.23111704406217504,nan
1927168.0,0.1500983323677802,0.23215412033511687,nan
1929216.0,0.1389971424234631,0.2344330393478498,nan
1931264.0,0.15940803425589103,0.22343728045388675,nan
1933312.0,0.13785323459698784,0.2353400091653313,nan
1935360.0,0.14468729724962362,0.24101250052014642,nan
1937408.0,0.15313242373336305,0.2393640357067925,nan
1939456.0,0.15037396374725664,0.24093803303203074,nan
1941504.0,0.10377586076336012,0.22755916139308077,nan
1943552.0,0.15984040134572713,0.23176185923795073,nan
1945600.0,0.14491652379576442,0.23897097349277652,nan
1947648.0,0.20357831987816763,0.22842194046666994,nan
1949696.0,0.17659926450573477,0.2361259293623114,nan
1951744.0,0.1466361431372722,0.22882554333633728,nan
1953792.0,0.0858141568852613,0.24826766750395968,nan
1955840.0,0.2776408169217487,0.17857549082852842,nan
1957888.0,0.1870498406267462,0.23472804318518342,nan
1959936.0,0.19019105912959178,0.23609068513686068,nan
1961984.0,0.10078373798203331,0.23433028771729475,nan
1964032.0,0.18379691590085345,0.2284168608018628,nan
1966080.0,0.23282263275114726,0.2080611198232182,nan
1968128.0,0.14992335020107345,0.23701383378874213,nan
1970176.0,0.17696829267761133,0.2469792488688376,nan
1972224.0,0.14793308594728893,0.23909713675236477,nan
1974272.0,0.2135985194992035,0.2208225845400827,nan
1976320.0,0.14143411656467317,0.24238487901285147,nan
1978368.0,0.21186311385200945,0.22199051753814192,nan
1980416.0,0.19686566142858253,0.22261978245609393,nan
1982464.0,0.22207273433290842,0.2100263175933141,nan
1984512.0,0.1852238967701101,0.21736041855749236,nan
1986560.0,0.1748991406146077,0.240283463942448,nan
1988608.0,0.2180415677726128,0.2130757129480106,nan
1990656.0,0.24920738705817816,0.20056375959858977,nan
1992704.0,0.19999711718884583,0.23736979725789123,nan
1994752.0,0.20873537663736536,0.22425515510188185,nan
1996800.0,0.2666037388589141,0.188963370474204,nan
1998848.0,0.12338695634391843,0.22223541174631192,nan
2000896.0,0.13727632839113046,0.23844656360293287,nan
2002944.0,0.2529054515378389,0.20188999971253935,nan
2004992.0,0.14614236534609099,0.22166352249735774,nan
2007040.0,0.22166515635771938,0.21507550019765323,54.719334719334725
2009088.0,0.182022612355418,0.22650938781403018,nan
2011136.0,0.14630881672290602,0.2384455494364948,nan
2013184.0,0.13682072798696188,0.23836075189084827,nan
2015232.0,0.1360129275135164,0.23532575990560103,nan
2017280.0,0.17046703781309688,0.22926947324976535,nan
2019328.0,0.14682419653840756,0.22380170465489727,nan
2021376.0,0.17202289798386827,0.22440565273232568,nan
2023424.0,0.13095916094811977,0.2378036166214258,nan
2025472.0,0.1581714637762292,0.24095358753700538,nan
2027520.0,0.19519062931773232,0.22845407420589023,nan
2029568.0,0.12694922460170577,0.21719759228129978,nan
2031616.0,0.15706851721022447,0.23834114460121034,nan
2033664.0,0.21329602845311818,0.21266287901903413,nan
2035712.0,0.1737089477656581,0.24003603327592513,nan
2037760.0,0.14112030987022228,0.23947077706422978,nan
2039808.0,0.17053263223816048,0.23706416324171564,nan
2041856.0,0.11716199055791639,0.24071927703776846,nan
2043904.0,0.1973382088269334,0.22448537223751666,nan
2045952.0,0.14552192678407527,0.23121254130025126,nan
2048000.0,0.18997119432955764,0.23316005473344203,nan
2050048.0,0.1236431766333145,0.23314039967286868,nan
2052096.0,0.20116004073567675,0.22346199238701434,nan
2054144.0,0.13811885114718886,0.22737258300206015,nan
2056192.0,0.11466180290130715,0.23490219712670846,nan
2058240.0,0.19924703752540357,0.2254973368907462,nan
2060288.0,0.17211738944879001,0.22292280771875467,nan
2062336.0,0.1692811690932277,0.22877331064903597,nan
2064384.0,0.19084320779937625,0.22128538453753935,nan
2066432.0,0.15471216613141642,0.21703026342456408,nan
2068480.0,0.1513428329159042,0.2322922186343561,nan
2070528.0,0.19110187105234894,0.20803919799084414,nan
2072576.0,0.21409482029205623,0.2131103237774974,nan
2074624.0,0.20875269453509576,0.20957268954096922,nan
2076672.0,0.22932003515755617,0.21735603376682727,nan
2078720.0,0.15226810206292163,0.22499533331455926,nan
2080768.0,0.2788284626664498,0.17656406263917468,nan
2082816.0,0.07035665468735644,0.21479129988505077,nan
2084864.0,0.14204148114279386,0.24333701904963506,nan
2086912.0,0.14066051213370956,0.2411778514386585,nan
2088960.0,0.09423514318736216,0.24127322848455018,nan
2091008.0,0.1747816723476168,0.2342517066584455,nan
2093056.0,0.20555263719298783,0.22274842465983039,nan
2095104.0,0.20337236326449376,0.22850537122368406,nan
2097152.0,0.12411911902968822,0.22661773701725257,nan
2099200.0,0.170122481015545,0.23474527245764074,nan
2101248.0,0.1528582564361275,0.2244594517504966,nan
2103296.0,0.1875184453869211,0.22841515211482102,nan
2105344.0,0.23349088136910584,0.20627227084793978,nan
2107392.0,0.20470963694359295,0.21546695965074236,59.41787941787942
2109440.0,0.19156576774248169,0.22506219956423906,nan
2111488.0,0.20980235073169945,0.2115073756379891,nan
2113536.0,0.1422255651645536,0.22223078659829373,nan
2115584.0,0.2490740758204215,0.2049836549084862,nan
2117632.0,0.18669379525490942,0.23160362877359286,nan
2119680.0,0.176410958758764,0.22173617802049456,nan
2121728.0,0.22095543976997162,0.20991574474541244,nan
2123776.0,0.16906013533140468,0.22129186455662575,nan
2125824.0,0.22556748426795475,0.2151597644407241,nan
2127872.0,0.13921024083130984,0.24788477269832124,nan
2129920.0,0.17288102071669798,0.23950217885293346,nan
2131968.0,0.1767073390164492,0.22521095610854822,nan
2134016.0,0.23355334218087387,0.21597150040041116,nan
2136064.0,0.26343740987872366,0.19337112768465486,nan
2138112.0,0.28575840982977424,0.17019476936547004,nan
2140160.0,0.14730103224039828,0.23085932204254767,nan
2142208.0,0.20081087619892796,0.22324940681580388,nan
2144256.0,0.13332665258805315,0.2406290457356526,nan
2146304.0,0.1485685248028728,0.21663303664401312,nan
2148352.0,0.12136855190667192,0.2418838904009935,nan
2150400.0,0.16255641990047476,0.23633904007486342,nan
2152448.0,0.18582128182320118,0.2404074032130294,nan
2154496.0,0.1271071508119161,0.2140826435909493,nan
2156544.0,0.21303230338912954,0.2235082001160021,nan
2158592.0,0.19263176490834033,0.22937526410059755,nan
2160640.0,0.21069116005586375,0.22549020237718603,nan
2162688.0,0.20348640941861929,0.2279363789215001,nan
2164736.0,0.24123011495444457,0.2099403416285633,nan
2166784.0,0.18759910246961842,0.2328000855289514,nan
2168832.0,0.27097758479998413,0.18659234621460338,nan
2170880.0,0.19938237676929516,0.22644963749827896,nan
2172928.0,0.15142116668210454,0.23372616688024625,nan
2174976.0,0.24536229841766877,0.20623406896984373,nan
2177024.0,0.2352240464574026,0.21591333741729424,nan
2179072.0,0.2640069094943427,0.18828301863508892,nan
2181120.0,0.16252440833534718,0.2321653623641319,nan
2183168.0,0.18362751511967346,0.23101550770313026,nan
2185216.0,0.16121717878143402,0.23765899924613754,nan
2187264.0,0.1607868432602138,0.23940369669096,nan
2189312.0,0.15101891505183282,0.23356855590864073,nan
2191360.0,0.1949331371381503,0.22386095931171096,nan
2193408.0,0.1007428134950201,0.23961506238142008,nan
2195456.0,0.15182165513974882,0.2390469314929681,nan
2197504.0,0.21506800834665277,0.21851362059671686,nan
2199552.0,0.28846788007986324,0.15605391598416238,nan
2201600.0,0.16866049531102506,0.2368475275962909,nan
2203648.0,0.1622191124985346,0.22192699034939933,nan
2205696.0,0.23738168109579458,0.1992096110302401,nan
2207744.0,0.18369727721188184,0.23650836009938656,65.54054054054055
2209792.0,0.1878747526376941,0.2291347671170608,nan
2211840.0,0.1787406127602646,0.23280462252014664,nan
2213888.0,0.1488537935990679,0.2316243491774482,nan
2215936.0,0.12259585779870036,0.23208446325782722,nan
2217984.0,0.18856069268734485,0.22828907348295485,nan
2220032.0,0.14193415731334205,0.24609440179379066,nan
2222080.0,0.21104470118248736,0.2182007627663558,nan
2224128.0,0.23834108845844615,0.20626399465110437,nan
2226176.0,0.2045826753939176,0.21588511865395274,nan
2228224.0,0.2070591073650631,0.22025977518660855,nan
2230272.0,0.15911734166106736,0.23274482941158625,nan
2232320.0,0.21832425436155437,0.22407850909392368,nan
2234368.0,0.1622563807482712,0.2278644083591817,nan
2236416.0,0.17133378645495745,0.23928603904865947,nan
2238464.0,0.25318733759301226,0.1897415722499748,nan
2240512.0,0.21324956253634497,0.2150515885051888,nan
2242560.0,0.17643527531523992,0.2269281143325252,nan
2244608.0,0.16055331958382257,0.2225435063387369,nan
2246656.0,0.16040649947060875,0.22736633316312613,nan
2248704.0,0.21606376187343776,0.21066152569130625,nan
2250752.0,0.24011270261806042,0.20619482254900984,nan
2252800.0,0.1998001437881668,0.2167394489776334,nan
2254848.0,0.20855141242983205,0.20031656053587185,nan
2256896.0,0.20229603200961538,0.22518546672026843,nan
2258944.0,0.23012159999019688,0.20941105695951062,nan
2260992.0,0.20412126197651817,0.21363225167252684,nan
2263040.0,0.14464398435335013,0.22332497873422436,nan
2265088.0,0.08807075536239577,0.23498345007721735,nan
2267136.0,0.1502365099168145,0.23873149601627067,nan
2269184.0,0.12159134368516948,0.22456082511001263,nan
2271232.0,0.19180289392311173,0.21285495286493122,nan
2273280.0,0.15032074503918746,0.22666384851814567,nan
2275328.0,0.22206745705199815,0.20761388985282078,nan
2277376.0,0.20386231316350317,0.2181748194430587,nan
2279424.0,0.2155335165015395,0.20177101556166926,nan
2281472.0,0.20888784736318833,0.21813158326876644,nan
2283520.0,0.19967545904231504,0.21723762779055347,nan
2285568.0,0.1591256734910031,0.22938515367421217,nan
2287616.0,0.222387062890604,0.20979366697997592,nan
2289664.0,0.23616735794520827,0.20389092565943653,nan
2291712.0,0.17927188326876464,0.22314052202275889,nan
2293760.0,0.2680653810674125,0.1712325477705002,nan
2295808.0,0.17850810424102792,0.20667165353765485,nan
2297856.0,0.16249192607787272,0.1954752923556066,nan
2299904.0,0.12875637314547916,0.21953659300063688,nan
2301952.0,0.19253860447812926,0.2044091565371497,nan
2304000.0,0.09738208595453876,0.2260001768186092,nan
2306048.0,0.12084615257281295,0.24329898249806775,nan
2308096.0,0.2274614726541102,0.2085369931663581,54.15800415800417
2310144.0,0.10982974849313057,0.19897634587768245,nan
2312192.0,0.1232078655658067,0.2128889436656388,nan
2314240.0,0.16307244294439538,0.2211114442048977,nan
2316288.0,0.19940557281508153,0.2021570446681755,nan
2318336.0,0.21916040249351165,0.20275164971881957,nan
2320384.0,0.17959296572039773,0.22447998448596804,nan
2322432.0,0.18576093277192396,0.2321421298926802,nan
2324480.0,0.2082001436934055,0.2081846372723772,nan
2326528.0,0.22382532001137345,0.21169173300809124,nan
2328576.0,0.2678712010226667,0.17039838052011286,nan
2330624.0,0.09365858362831703,0.22666424304083968,nan
2332672.0,0.09135868241154116,0.2325432843497613,nan
2334720.0,0.17211638607747032,0.21755887175698665,nan
2336768.0,0.12633457849159646,0.20770168820343002,nan
2338816.0,0.20454311181784868,0.22040907910131052,nan
2340864.0,0.1671267713366799,0.2145462331668416,nan
2342912.0,0.16025270401226677,0.2350130368400327,nan
2344960.0,0.2072276140101268,0.21945773168607782,nan
2347008.0,0.17603877823082978,0.21618928999557746,nan
2349056.0,0.24805133409557079,0.2059279112055884,nan
2351104.0,0.2789411403647276,0.17127122725303187,nan
2353152.0,0.20051870556635687,0.2224993648077139,nan
2355200.0,0.21080847098510086,0.18866319233588763,nan
2357248.0,0.16927802194520386,0.22372503465810945,nan
2359296.0,0.16741831100312407,0.22613270873213578,nan
2361344.0,0.1515348967033975,0.22140624642943654,nan
2363392.0,0.20126723398320584,0.21193494780295044,nan
2365440.0,0.2050181745816264,0.2221758664294358,nan
2367488.0,0.20713908783419302,0.21973488228209423,nan
2369536.0,0.20823475386636353,0.21766625625293573,nan
2371584.0,0.2163045212557702,0.21774844194515935,nan
2373632.0,0.12414886111475831,0.2356519537825981,nan
2375680.0,0.308611252436947,0.17322155899792507,nan
2377728.0,0.2817604360570657,0.1819984629830879,nan
2379776.0,0.2741246476879168,0.1676004533369362,nan
2381824.0,0.2069106484005302,0.2130503445473544,nan
2383872.0,0.0972000970805526,0.2564446182655716,nan
2385920.0,0.2455403913758301,0.2158752596501763,nan
2387968.0,0.2588037645328359,0.20090217076196826,nan
2390016.0,0.25762311921166103,0.21490197865672916,nan
2392064.0,0.21045982384997403,0.21856629726341734,nan
2394112.0,0.25944841157334264,0.19963093254015987,nan
2396160.0,0.1787072288842549,0.22186481975247435,nan
2398208.0,0.27830965772138794,0.18830383786003602,nan
2400256.0,0.08560632130491919,0.2452242133485023,nan
2402304.0,0.1661238231686976,0.25052412144966113,nan
2404352.0,0.2703668967178186,0.19199281026678933,nan
2406400.0,0.026142496332691563,0.23986930099674555,nan
2408448.0,0.2085248657782759,0.23860641316440864,62.983367983367984
2410496.0,0.2081450198350469,0.2327692544864857,nan
2412544.0,0.17780076435496348,0.2527145645058435,nan
2414592.0,0.17431644501871393,0.2423325375871768,nan
2416640.0,0.23855220765888407,0.2113287105056645,nan
2418688.0,0.23358155792609708,0.22346432957882473,nan
2420736.0,0.2549761570167573,0.20400588277807363,nan
2422784.0,0.23806923947642375,0.2227482421863337,nan
2424832.0,0.278139042745498,0.19227155706822943,nan
2426880.0,0.1759632030164975,0.24915223904932568,nan
2428928.0,0.17098873754759586,0.2513707082603856,nan
2430976.0,0.20949791696269654,0.23068023118471134,nan
2433024.0,0.23799123669424493,0.19198589972427346,nan
2435072.0,0.2407486781075295,0.21329658672855725,nan
2437120.0,0.26710155693878007,0.1598853926429069,nan
2439168.0,0.16108477870614263,0.21676452504880794,nan
2441216.0,0.0553110101874563,0.22158580901053396,nan
2443264.0,0.07956664270201394,0.22632210800277539,nan
2445312.0,0.19807452557180555,0.22071121454466008,nan
2447360.0,0.13928909014306187,0.22891021435734052,nan
2449408.0,0.16283212965486948,0.2356729691980006,nan
2451456.0,0.16668162209915027,0.2176773761119702,nan
2453504.0,0.24142610501336095,0.22371287966209005,nan
2455552.0,0.20761584017386317,0.22505413086312862,nan
2457600.0,0.21554996000149962,0.20972110058267107,nan
2459648.0,0.10466214591075429,0.2401792412633576,nan
2461696.0,0.2917789134799782,0.16821483386622157,nan
2463744.0,0.18272765141644015,0.22257721829377247,nan
2465792.0,0.10610794054601583,0.2392368157134714,nan
2467840.0,0.31214599236404006,0.1298070717423254,nan
2469888.0,0.2294057377379234,0.20828723752159783,nan
2471936.0,0.031008939633910923,0.2117005643404032,nan
2473984.0,0.19885233016250817,0.2221563733212294,nan
2476032.0,0.1607549593190035,0.23690707863582486,nan
2478080.0,0.15219933600888214,0.23017612576794172,nan
2480128.0,0.21614062295893072,0.2149072916475096,nan
2482176.0,0.22897054034606032,0.21312426913897242,nan
2484224.0,0.12595681165127462,0.23770196326405987,nan
2486272.0,0.2425746085863012,0.21588911502206426,nan
2488320.0,0.09888489055265044,0.23496330584477457,nan
2490368.0,0.13957119115395544,0.2416598063399037,nan
2492416.0,0.2072218277147064,0.23372908058783845,nan
2494464.0,0.23478050748290683,0.19227422305496186,nan
2496512.0,0.1763137768136725,0.2225381371425435,nan
2498560.0,0.11994187058976416,0.2068621217241675,nan
2500608.0,0.1797481987337981,0.23419267883464598,nan
2502656.0,0.1859484260236735,0.22938853238701287,nan
2504704.0,0.16625568460954823,0.2357054198827939,nan
2506752.0,0.19204599940604875,0.21164254609923577,nan
2508800.0,0.27054928725137223,0.18023349175224002,75.5925155925156
2510848.0,0.24666692522869002,0.19989915564060654,nan
2512896.0,0.253215862384531,0.200501677778775,nan
2514944.0,0.28445261363422325,0.17711066753506224,nan
2516992.0,0.3076681794768753,0.16379038518770028,nan
2519040.0,0.1665371679635137,0.2334834725707958,nan
2521088.0,0.2858728181958861,0.18155367724558835,nan
2523136.0,0.2616522866329609,0.2031735530069333,nan
2525184.0,0.2083230917175516,0.2192919742024967,nan
2527232.0,0.28462939686763894,0.1803494256760074,nan
2529280.0,0.3059577744468302,0.14129405437022016,nan
2531328.0,0.1867896644878022,0.21646121983045932,nan
2533376.0,0.2699527587376698,0.1877473379726403,nan
2535424.0,0.28576827209288,0.17857353213568686,nan
2537472.0,0.3072200669278518,0.1525175956372641,nan
2539520.0,0.1285462843942683,0.23516137254644112,nan
2541568.0,0.30897640575339114,0.14584464870922909,nan
2543616.0,0.24997163479687518,0.200684332655964,nan
2545664.0,0.28818417406449137,0.1666217001306091,nan
2547712.0,0.2300785905463993,0.2195930621040264,nan
2549760.0,0.20190785331141314,0.21814050512233,nan
2551808.0,0.14387821149790767,0.23153056312735673,nan
2553856.0,0.298281734362258,0.15446479578775807,nan
2555904.0,0.24834187547498054,0.20659904891127298,nan
2557952.0,0.18952679082350166,0.21585566960161603,nan
2560000.0,0.22260308766041093,0.22020049254279417,nan
2562048.0,0.15214650767341492,0.25243987426603826,nan
2564096.0,0.16688777681028882,0.22448371937778094,nan
2566144.0,0.28612619795837074,0.15272761168477983,nan
2568192.0,0.32888808041494866,0.12824738510524028,nan
2570240.0,0.26575673066395217,0.168012006940548,nan
2572288.0,0.2326225146025679,0.20242533027012732,nan
2574336.0,0.2609810080895375,0.1955911284000571,nan
2576384.0,0.17383181277301962,0.2058262691388279,nan
2578432.0,0.3248412729698152,0.1283684305757629,nan
2580480.0,0.18876586854843194,0.2120808829179239,nan
2582528.0,0.23582404039286398,0.19946172999271802,nan
2584576.0,0.2972857209416634,0.14681830459518114,nan
2586624.0,0.20827028736004927,0.22066255731695558,nan
2588672.0,0.19456696754683672,0.21756244079222725,nan
2590720.0,0.2626910791575169,0.20293770038276737,nan
2592768.0,0.20764017524089676,0.2219660068822183,nan
2594816.0,0.22220123743447018,0.22988616891752395,nan
2596864.0,0.2334923544675404,0.20500221173795508,nan
2598912.0,0.2817987458311315,0.1609189676020016,nan
2600960.0,0.3247137883695659,0.1149595427049673,nan
2603008.0,0.2893206912297878,0.15173652834635767,nan
2605056.0,0.16631395900847654,0.20506336568188857,nan
2607104.0,0.16557955741869218,0.2418825503556888,nan
2609152.0,0.10577290405638354,0.21454201870923106,60.80041580041579
2611200.0,0.22031809105848513,0.20551367778485335,nan
2613248.0,0.1828221662686668,0.23401977425919093,nan
2615296.0,0.1671592709481723,0.24898893837791408,nan
2617344.0,0.26337668027171657,0.19876941810664728,nan
2619392.0,0.30382285800930986,0.12616040665632036,nan
2621440.0,0.23875672491420244,0.19752383234227103,nan
2623488.0,0.2107988636155067,0.22761312777742063,nan
2625536.0,0.23899251655780807,0.20889463343141135,nan
2627584.0,0.21120425447218472,0.22085143438583896,nan
2629632.0,0.175271831702879,0.22886015794682724,nan
2631680.0,0.31023144502857647,0.1572700282109627,nan
2633728.0,0.1655802730260198,0.2256794785103845,nan
2635776.0,0.33492769192074956,0.12344587423600321,nan
2637824.0,0.24575268844593054,0.20906830924892977,nan
2639872.0,0.23205834068331824,0.22121810362606512,nan
2641920.0,0.16805830510057013,0.2089498942512783,nan
2643968.0,0.1943306471526514,0.21766573476417675,nan
2646016.0,0.08021688120791719,0.2528126863002558,nan
2648064.0,0.22240354400426793,0.21326297150425427,nan
2650112.0,0.14582577826432974,0.23039551752988896,nan
2652160.0,0.19978861716866006,0.227272326245916,nan
2654208.0,0.16775096351899213,0.23713191437533218,nan
2656256.0,0.28474772883805277,0.17043592804727983,nan
2658304.0,0.19914985123664825,0.22368511273777542,nan
2660352.0,0.13190344889901062,0.20334720781233198,nan
2662400.0,0.21505824206313295,0.19394994441088426,nan
2664448.0,0.2125930424335708,0.2117988037982204,nan
2666496.0,0.21447271758371794,0.2073618112507246,nan
2668544.0,0.2627421715486299,0.19774374160784675,nan
2670592.0,0.21619274466119312,0.21568469276413677,nan
2672640.0,0.2322554171451499,0.20861208810543527,nan
2674688.0,0.23172983329789598,0.19116233015884013,nan
2676736.0,0.19419014691710254,0.21935899589981392,nan
2678784.0,0.1815690473194484,0.2274770206816766,nan
2680832.0,0.09605924024694747,0.22325506779297785,nan
2682880.0,0.238518721334191,0.1989741401538859,nan
2684928.0,0.21745336629838,0.22072609202008697,nan
2686976.0,0.20934981636608624,0.19207010883326683,nan
2689024.0,0.22879477798607778,0.21736234841735547,nan
2691072.0,0.16442171607721678,0.2479046367275409,nan
2693120.0,0.2572316267815896,0.1981696930710212,nan
2695168.0,0.20539712751268585,0.2175004997831552,nan
2697216.0,0.2721457165749219,0.19125591585901233,nan
2699264.0,0.24781544856483717,0.2011478921680679,nan
2701312.0,0.22211525207600713,0.1932560789413001,nan
2703360.0,0.31121204410006775,0.13581625782465107,nan
2705408.0,0.20890511042223903,0.23594115899004248,nan
2707456.0,0.03427246332147181,0.23736184343970404,nan
2709504.0,0.21444819857370043,0.20161745149115592,68.69022869022868
2711552.0,0.2561791590186655,0.17993539987456403,nan
2713600.0,0.16764793427786384,0.22992733430049234,nan
2715648.0,0.30417342126290825,0.1514479629189621,nan
2717696.0,0.2943338038884678,0.18372325245637003,nan
2719744.0,0.2764867475927014,0.1692144202461591,nan
2721792.0,0.3033300517830675,0.15298547252081002,nan
2723840.0,0.20442587211866747,0.21188184483343506,nan
2725888.0,0.20829994372627852,0.19529572054412397,nan
2727936.0,0.2732435447793802,0.21021696729504574,nan
2729984.0,0.2025242009658315,0.23583542756081313,nan
2732032.0,0.1744044935352548,0.2118103666858031,nan
2734080.0,0.15754346522854532,0.23656795733659897,nan
2736128.0,0.24473616848052893,0.20694865668892318,nan
2738176.0,0.22569873312518707,0.19325679591348707,nan
2740224.0,0.23002114235364757,0.22337105708602942,nan
2742272.0,0.263358352579287,0.19442084477886576,nan
2744320.0,0.14720608912265454,0.24036707083427697,nan
2746368.0,0.1284533565485433,0.24107216649782864,nan
2748416.0,0.32133813596132077,0.13077418121114062,nan
2750464.0,0.22757377988967215,0.20222567833298052,nan
2752512.0,0.20780569740388172,0.17847220537835334,nan
2754560.0,0.18465179135540094,0.2400008335995248,nan
2756608.0,0.29161409110875847,0.15910840929715794,nan
2758656.0,0.2697128450516641,0.172340396398802,nan
2760704.0,0.3240293311744567,0.13164949278199045,nan
2762752.0,0.1116863183506889,0.22480666382250006,nan
2764800.0,0.12581434655295634,0.1894511203098144,nan
2766848.0,0.2963808402285513,0.14841574881743022,nan
2768896.0,0.24720910151956574,0.1993372024007226,nan
2770944.0,0.293467276691016,0.1499352651805629,nan
2772992.0,0.2417616097395731,0.19470325251319667,nan
2775040.0,0.05341840196255424,0.21157292258445265,nan
2777088.0,0.27569660950356095,0.19187589146822187,nan
2779136.0,0.20894655398795167,0.2240108483431299,nan
2781184.0,0.2945766878075719,0.18887893182298288,nan
2783232.0,0.19208443005068862,0.22369155731261156,nan
2785280.0,0.20516873717023437,0.236964520827105,nan
2787328.0,0.27381378059282924,0.1879669018065389,nan
2789376.0,0.2790071688034811,0.1753704479645026,nan
2791424.0,0.21505599336365105,0.22779118144030183,nan
2793472.0,0.319432479303803,0.13402217035861813,nan
2795520.0,0.16834200589453627,0.22547842237120827,nan
2797568.0,0.2753541814864805,0.18263795549550746,nan
2799616.0,0.27404543436878714,0.18219345216966873,nan
2801664.0,0.28197793274675276,0.192457710223783,nan
2803712.0,0.18488990030841176,0.22365517727130604,nan
2805760.0,0.23412741968040934,0.20698506608767456,nan
2807808.0,0.2675014794570225,0.18956148702899278,nan
2809856.0,0.08480114737268966,0.19807600249896412,66.25779625779624
2811904.0,0.11797384644711215,0.25175775802327555,nan
2813952.0,0.22679963516567642,0.21057320571692462,nan
2816000.0,0.19092517982550133,0.22727245891238215,nan
2818048.0,0.21514877301244523,0.20974182802338692,nan
2820096.0,0.21945526000797172,0.21725361855093248,nan
2822144.0,0.20634337390644586,0.21705752139252296,nan
2824192.0,0.2687266089111309,0.1831141548343196,nan
2826240.0,0.28449435939482504,0.18556169424659305,nan
2828288.0,0.26427977553941007,0.19401288679348916,nan
2830336.0,0.15713795607083952,0.2144242201244729,nan
2832384.0,0.16701361989350277,0.22619684636554505,nan
2834432.0,0.3316334090844253,0.11747502109629404,nan
2836480.0,0.19503339488627952,0.24437970525117464,nan
2838528.0,0.23560182388194142,0.20775891183456374,nan
2840576.0,0.19152462980049706,0.2342273011964736,nan
2842624.0,0.18659204304302396,0.24241797208649135,nan
2844672.0,0.26935529265229463,0.18517565140061504,nan
2846720.0,0.28340910510268214,0.17458659174353536,nan
2848768.0,0.14641910001730712,0.23039457936664567,nan
2850816.0,0.2838154604836478,0.16046777385149383,nan
2852864.0,0.2940527676983503,0.1700284607649044,nan
2854912.0,0.08066042955880194,0.18310387725286026,nan
2856960.0,0.12705946623215902,0.22201562186902848,nan
2859008.0,0.07490646955100314,0.19673578536107464,nan
2861056.0,0.11329795331920596,0.23845758069267886,nan
2863104.0,0.25851571963745096,0.19859301330586665,nan
2865152.0,0.16053124929442367,0.24140706328392486,nan
2867200.0,0.29405830198436034,0.1607323482824209,nan
2869248.0,0.2052194818667555,0.2235976113601971,nan
2871296.0,0.17429679266550485,0.24483709190777542,nan
2873344.0,0.2750346855639565,0.15615271202702724,nan
2875392.0,0.22047207787482617,0.20159837161402844,nan
2877440.0,0.2643598949207978,0.19943972977847998,nan
2879488.0,0.21597400855836335,0.21466046246093115,nan
2881536.0,0.17698685741560027,0.23072364822078764,nan
2883584.0,0.1878707708561483,0.21656750271137476,nan
2885632.0,0.31070111436485254,0.1463972747778451,nan
2887680.0,0.2821545767623792,0.1595791538597311,nan
2889728.0,0.28236146792962513,0.17629609521931203,nan
2891776.0,0.32691056203082847,0.10893274299117091,nan
2893824.0,0.23518967305784955,0.19159081614236143,nan
2895872.0,0.28871240268836573,0.15147737553803364,nan
2897920.0,0.19388739329514615,0.2137230225798933,nan
2899968.0,0.2667187077606078,0.18495069903041345,nan
2902016.0,0.28168186627143105,0.14240384232838368,nan
2904064.0,0.18717570549292156,0.21238257165326815,nan
2906112.0,0.2110114263872767,0.193622209485123,nan
2908160.0,0.14267184848043132,0.2214736797561294,nan
2910208.0,0.19095160545448436,0.20204547658242827,80.8835758835759
2912256.0,0.17669906377328012,0.23103382382786897,nan
2914304.0,0.2507833910408713,0.19718626466368325,nan
2916352.0,0.23224267853414088,0.19789420956584813,nan
2918400.0,0.31311948397007694,0.09042550408663803,nan
2920448.0,0.2700931052893687,0.16974361874753657,nan
2922496.0,0.16835524104217417,0.2244094163801753,nan
2924544.0,0.21719446871134374,0.20810305216845765,nan
2926592.0,0.2893991710656893,0.14568080323685986,nan
2928640.0,0.08049801520020676,0.2242420973232085,nan
2930688.0,0.31893267948224036,0.10878144226894931,nan
2932736.0,0.337237902059759,0.03604144812630217,nan
2934784.0,0.1693041063117354,0.22008476103882296,nan
2936832.0,0.16555211686601873,0.22836407350617352,nan
2938880.0,0.19193012428809375,0.2279682504867063,nan
2940928.0,0.3427932702166436,0.047601782879154605,nan
2942976.0,0.26524117608687015,0.19714069171489265,nan
2945024.0,0.2009101454899354,0.20535934332117345,nan
2947072.0,0.28392708863327365,0.1700772354095129,nan
2949120.0,0.18580304991782898,0.19645021967412235,nan
2951168.0,0.3116531950966781,0.12473089671998212,nan
2953216.0,0.2450412488490063,0.21278972088715012,nan
2955264.0,0.2519407786928147,0.18733071003246585,nan
2957312.0,0.21563790996790466,0.2000965383113567,nan
2959360.0,0.3251164400596225,0.12070175104488905,nan
2961408.0,0.29053187175895273,0.15584538918832433,nan
2963456.0,0.24540576219908614,0.1976433905727466,nan
2965504.0,0.31823277748351264,0.0705324609399886,nan
2967552.0,0.1524156021502554,0.23519624504842637,nan
2969600.0,0.1838904154378522,0.18510545255196775,nan
2971648.0,0.28942012757433655,0.1413299155937192,nan
2973696.0,0.28538890857676014,0.16025858875837115,nan
2975744.0,0.15448939206421333,0.23162715228807973,nan
2977792.0,0.18621787747630497,0.2094145567497783,nan
2979840.0,0.28955643965745625,0.17269635952091797,nan
2981888.0,0.2906213946005759,0.14282017309475126,nan
2983936.0,0.288288218509936,0.16959154757219433,nan
2985984.0,0.2830186828303664,0.1600733526914417,nan
2988032.0,0.2793985408007457,0.15825044127888102,nan
2990080.0,0.2911820052935208,0.13724722324933972,nan
2992128.0,0.22143069197649584,0.21050273835723424,nan
2994176.0,0.24524863517562429,0.16931696521549972,nan
2996224.0,0.19168077556127466,0.20889656957473285,nan
2998272.0,0.2884101287475506,0.1571045962503554,nan
3000320.0,0.3162043721678199,0.12166644618196085,nan
3002368.0,0.2253686875571529,0.1887097278061146,nan
3004416.0,0.1746058804952918,0.20866815291601135,nan
3006464.0,0.27675120806277553,0.18280943668270197,nan
3008512.0,0.2219593080755282,0.17817298206550075,nan
3010560.0,0.1300323042334543,0.23136967444185982,83.95010395010395
3012608.0,0.2675512297100272,0.1799799661083591,nan
3014656.0,0.24229952161717655,0.18980146904914863,nan
3016704.0,0.26187112628404186,0.1888735685282419,nan
3018752.0,0.32217320397554977,0.09579713536982186,nan
3020800.0,0.30592829213072326,0.14641207661890704,nan
3022848.0,0.2722903961200015,0.17140685229709268,nan
3024896.0,0.3048895114673973,0.14835465281445093,nan
3026944.0,0.21386465768862445,0.2246399063953789,nan
3028992.0,0.20541006141782792,0.2168868366210815,nan
3031040.0,0.2892592546378203,0.15738759136348357,nan
3033088.0,0.26147268250600353,0.15805093548146706,nan
3035136.0,0.20692707964033075,0.20297819798475633,nan
3037184.0,0.2982061711520832,0.13998244072366975,nan
3039232.0,0.27174277222974585,0.1621490627987525,nan
3041280.0,0.21705517108814418,0.2285108743608344,nan
3043328.0,0.2431484205121293,0.19924606968441227,nan
3045376.0,0.24120504723473368,0.20362977743491525,nan
3047424.0,0.25577176175184146,0.19402281548090491,nan
3049472.0,0.27750939835672384,0.17006596506801616,nan
3051520.0,0.15512336811603802,0.2247477758366478,nan
3053568.0,0.2171816328746589,0.21292432784719906,nan
3055616.0,0.282380830747741,0.17080698610595654,nan
3057664.0,0.24246623436145687,0.19970936379261342,nan
3059712.0,0.20095714666764392,0.22598214277186396,nan
3061760.0,0.2107957386245647,0.22072923054269164,nan
3063808.0,0.2857029460080121,0.15863577078817617,nan
3065856.0,0.24856438123552727,0.1766468687103277,nan
3067904.0,0.28177951838046283,0.1775105396523815,nan
3069952.0,0.2797998023171998,0.16354979522623864,nan
3072000.0,0.24815170799519293,0.20541129718053067,nan
3074048.0,0.298894743718283,0.1353357081874014,nan
3076096.0,0.26465011313747644,0.18842406133130885,nan
3078144.0,0.30082234404165054,0.15571108320310068,nan
3080192.0,0.07444423363060758,0.2213598393460155,nan
3082240.0,0.2683291019527244,0.16629365913817698,nan
3084288.0,0.21732548737320448,0.21809700390931347,nan
3086336.0,0.20162271562462464,0.2208613634266471,nan
3088384.0,0.20160822323326882,0.21741473525396957,nan
3090432.0,0.231616751961263,0.1938943866128913,nan
3092480.0,0.2979235933718598,0.133835461780265,nan
3094528.0,0.23708540449558851,0.17773382224173306,nan
3096576.0,0.2247962572879561,0.18943359062253173,nan
3098624.0,0.17244024613543665,0.21547632879970027,nan
3100672.0,0.26723132009031403,0.18374273868263188,nan
3102720.0,0.24635906694857376,0.18823792415806334,nan
3104768.0,0.29161856083370363,0.16398041022831306,nan
3106816.0,0.2642990217011745,0.16336456862396215,nan
3108864.0,0.2902147429240831,0.14316058675821225,nan
3110912.0,0.2617471055807946,0.18373517987800794,87.44282744282744
3112960.0,0.28790011326446985,0.1536673496770027,nan
3115008.0,0.21354485063637896,0.21203781117852646,nan
3117056.0,0.27933660281706163,0.16657841353359892,nan
3119104.0,0.21011163136304,0.1913073160907231,nan
3121152.0,0.22252826683756907,0.20807563363937112,nan
3123200.0,0.27498111040671697,0.177172359182963,nan
3125248.0,0.20601469222045965,0.19766637322558558,nan
3127296.0,0.3164673284500677,0.10256691558977624,nan
3129344.0,0.3156778497898692,0.1350464287029721,nan
3131392.0,0.21082130387607356,0.21951266985156342,nan
3133440.0,0.27334088996782197,0.16810815521973915,nan
3135488.0,0.24496372096771638,0.18297674723188348,nan
3137536.0,0.30945055540051125,0.11166271865168417,nan
3139584.0,0.3245588099898585,0.08527725658490855,nan
3141632.0,0.26247083439685476,0.16424095611275283,nan
3143680.0,0.18418511197842946,0.2153872450405822,nan
3145728.0,0.22480494475159046,0.2143937498535926,nan
3147776.0,0.25181874869935905,0.17897517310659442,nan
3149824.0,0.19624647866101258,0.20939733556499776,nan
3151872.0,0.16950027956357172,0.21807967660975486,nan
3153920.0,0.26193569676521467,0.1695405399559595,nan
3155968.0,0.24109175544525918,0.18110535378675854,nan
3158016.0,0.14758055372564463,0.20350104576074657,nan
3160064.0,0.2592783432447187,0.16030428735320915,nan
3162112.0,0.26187625222051636,0.17482946856410744,nan
3164160.0,0.3236464341505808,0.12427127018893461,nan
3166208.0,0.21580329962723047,0.17966776437948764,nan
3168256.0,0.2351594724521291,0.18127655774613205,nan
3170304.0,0.16290622677098338,0.21193531325758583,nan
3172352.0,0.271617516739929,0.16834508730254033,nan
3174400.0,0.27074259304675463,0.1389222942414756,nan
3176448.0,0.17502787025833996,0.23729258513829454,nan
3178496.0,0.17806284985794013,0.1982409454911851,nan
3180544.0,0.3251981584545708,0.05715543930576701,nan
3182592.0,0.22426569477168445,0.19728757738490435,nan
3184640.0,0.17841976071367385,0.20321112976420883,nan
3186688.0,0.2211915798627208,0.19776579289530402,nan
3188736.0,0.2595288952951997,0.14484415764191422,nan
3190784.0,0.2595412905806128,0.17540580820726154,nan
3192832.0,0.3106297437044044,0.11531759317093006,nan
3194880.0,0.2611380024656219,0.1942459185438181,nan
3196928.0,0.22690761590044872,0.18478288877191232,nan
3198976.0,0.2216171694603068,0.169130390156311,nan
3201024.0,0.2681421722163727,0.17286596342606997,nan
3203072.0,0.3139163794235868,0.11740029760934359,nan
3205120.0,0.16846174335251987,0.22188748677934203,nan
3207168.0,0.1943326224952246,0.23298778221076552,nan
3209216.0,0.30078931786476926,0.12243129681893715,nan
3211264.0,0.17328905630668168,0.21665686858066985,65.94594594594594
3213312.0,0.1245748258856067,0.23552278200050494,nan
3215360.0,0.14857771241486709,0.20971857833727633,nan
3217408.0,0.2970927113308503,0.14704092400165134,nan
3219456.0,0.3038011567181168,0.1423921166375464,nan
3221504.0,0.31634156502357824,0.10691818250503661,nan
3223552.0,0.23966787781393425,0.1733811193320653,nan
3225600.0,0.2813792067639442,0.15387487174077427,nan
3227648.0,0.2991281712557379,0.11839354373772018,nan
3229696.0,0.23617765577977762,0.20930578823279972,nan
3231744.0,0.320789472648177,0.0832024030078879,nan
3233792.0,0.086198981675433,0.18076151949891436,nan
3235840.0,0.29884661149802416,0.14796883427619012,nan
3237888.0,0.24394863149760812,0.18622713874717955,nan
3239936.0,0.21847183141743282,0.20532044633011187,nan
3241984.0,0.2922191115425067,0.13708176839292818,nan
3244032.0,0.29723055807979615,0.1528860984376485,nan
3246080.0,0.3225885016022234,0.12470820017965535,nan
3248128.0,0.18163119406667044,0.24310020112224043,nan
3250176.0,0.32852637798876017,0.026667593190581915,nan
3252224.0,0.2479374175773877,0.16687414673301063,nan
3254272.0,0.22581691785502345,0.1832789745730731,nan
3256320.0,0.2898586523569091,0.1728671088795392,nan
3258368.0,0.20419497278073775,0.20644432813393185,nan
3260416.0,0.15786690241499876,0.21530011595783957,nan
3262464.0,0.2891452043471887,0.1176746714989766,nan
3264512.0,0.2858770246895285,0.16066562927967654,nan
3266560.0,0.29866859900145293,0.11511423263399068,nan
3268608.0,0.15753590647458704,0.21210740276315018,nan
3270656.0,0.25142424312071343,0.15723209148314085,nan
3272704.0,0.1822950500032671,0.2237541920811656,nan
3274752.0,0.14120134334181217,0.20682314987189776,nan
3276800.0,0.2999278091102221,0.14102034920820555,nan
3278848.0,0.32630740632570593,0.09430496776114586,nan
3280896.0,0.21070886162331998,0.1736871750764295,nan
3282944.0,0.21582152938172977,0.17128351234945613,nan
3284992.0,0.2384536084789911,0.19038312597213575,nan
3287040.0,0.2203120716725061,0.18137690875090015,nan
3289088.0,0.14329673015267053,0.22192454146275994,nan
3291136.0,0.21395115384944122,0.19214346352825457,nan
3293184.0,0.24288073632726187,0.19243679583308992,nan
3295232.0,0.2666759811393803,0.183667595583876,nan
3297280.0,0.23484936475216167,0.2047462250799081,nan
3299328.0,0.24796946227815295,0.17417397400916082,nan
3301376.0,0.23462759598651856,0.17280419102911665,nan
3303424.0,0.26026016103173977,0.18221367070974556,nan
3305472.0,0.2889187487740633,0.15230466504825566,nan
3307520.0,0.2938164053366898,0.14738437759580844,nan
3309568.0,0.1923865221612815,0.2307962853808187,nan
3311616.0,0.2870195629156971,0.1636462794460378,89.02286902286903
3313664.0,0.2892028601426024,0.15403023295531731,nan
3315712.0,0.2959098898417694,0.12430506424160132,nan
3317760.0,0.33133386167127543,0.09638512358422277,nan
3319808.0,0.27407876397957787,0.16733298667236074,nan
3321856.0,0.3154250324328661,0.10854092468449877,nan
3323904.0,0.2994828581130221,0.11352406614963609,nan
3325952.0,0.2352884508310345,0.18977888750302144,nan
3328000.0,0.2577829330385027,0.1725097966066739,nan
3330048.0,0.23641445913381587,0.17776180606526398,nan
3332096.0,0.301183842744077,0.13236405923324585,nan
3334144.0,0.2649224696951942,0.15402274823971876,nan
3336192.0,0.16950639299976272,0.22862686406985533,nan
3338240.0,0.1640204371447832,0.22434135796473234,nan
3340288.0,0.2705900202023803,0.15913193933824657,nan
3342336.0,0.2875425319250907,0.14414833731636617,nan
3344384.0,0.1428115704169347,0.22341673601741607,nan
3346432.0,0.3226632367129798,0.10683391966812035,nan
3348480.0,0.2976783213141414,0.15502488639517403,nan
3350528.0,0.28578054043877754,0.12751842262888796,nan
3352576.0,0.314194948680665,0.11825832542476616,nan
3354624.0,0.281710151097646,0.1252776722479757,nan
3356672.0,0.27530320628560423,0.16535025161809894,nan
3358720.0,0.3290583359996172,0.10942665631422474,nan
3360768.0,0.23861156070038836,0.20882367958550146,nan
3362816.0,0.29606933037532435,0.1187355773280686,nan
3364864.0,0.2798462805723274,0.16592810009108108,nan
3366912.0,0.1904284427464799,0.2268832223745705,nan
3368960.0,0.19943762201594234,0.18610887991089256,nan
3371008.0,0.32294734509357664,0.08996586939104483,nan
3373056.0,0.2548251188098455,0.18339050671353208,nan
3375104.0,0.2797433144898749,0.1737036131395774,nan
3377152.0,0.2404447206955333,0.18370804774930288,nan
3379200.0,0.2700992267893604,0.17250761879249113,nan
3381248.0,0.3118325308886536,0.09471572767521143,nan
3383296.0,0.31892125449087905,0.112358717275938,nan
3385344.0,0.33764139802144555,0.09010840788832113,nan
3387392.0,0.20712766101504723,0.20837435297511517,nan
3389440.0,0.23928643177827635,0.174071887425679,nan
3391488.0,0.3079087940509179,0.14329594947622068,nan
3393536.0,0.2655822232286041,0.17711286875163568,nan
3395584.0,0.22860232198798436,0.21039604088270872,nan
3397632.0,0.2904638037768069,0.12837048793479489,nan
3399680.0,0.18366248487409848,0.2102469957005536,nan
3401728.0,0.30039887675367677,0.11141142952249289,nan
3403776.0,0.2768863889494859,0.13968866189073978,nan
3405824.0,0.267678900661372,0.14121066009908975,nan
3407872.0,0.34245879278603314,0.03175685048271743,nan
3409920.0,0.1504195958231594,0.17364594499907526,nan
3411968.0,0.27843853704129484,0.16892249620832459,71.76715176715177
3414016.0,0.338467354399705,0.09801104884143476,nan
3416064.0,0.23525222416534036,0.17053185636067822,nan
3418112.0,0.24751474211361557,0.188340358558074,nan
3420160.0,0.22790581479671054,0.18753478935598714,nan
3422208.0,0.274933857160228,0.12560253946286715,nan
3424256.0,0.28582981898416376,0.12624531776102305,nan
3426304.0,0.3299072564191999,0.08508838255175895,nan
3428352.0,0.2782047370180893,0.1662372166201162,nan
3430400.0,0.2264666599679877,0.19824217526074508,nan
3432448.0,0.2913298212877747,0.16126771611988724,nan
3434496.0,0.19636810633594612,0.22133939662992236,nan
3436544.0,0.22781672047942847,0.19785084670238456,nan
3438592.0,0.21329182891383439,0.2148263593878191,nan
3440640.0,0.1511797825433813,0.23518476468453278,nan
3442688.0,0.1888496383386034,0.21799992213742694,nan
3444736.0,0.3298813376727573,0.09080465365144354,nan
3446784.0,0.3430056130783755,0.0694224129262792,nan
3448832.0,0.21887822705235083,0.2129133262382732,nan
3450880.0,0.17106549189894754,0.23972741533713354,nan
3452928.0,0.21938710921872698,0.22179804758758087,nan
3454976.0,0.3356889157148733,0.06895157588259161,nan
3457024.0,0.28106254465858804,0.17761982709013557,nan
3459072.0,0.07185772335312693,0.2116612758404317,nan
3461120.0,0.17223841944834017,0.20197743747164928,nan
3463168.0,0.20443933803181852,0.24172223442694216,nan
3465216.0,0.24370791943815745,0.18530894007311616,nan
3467264.0,0.3321545033318131,0.10474919967178645,nan
3469312.0,0.1941310309120881,0.2101649480158986,nan
3471360.0,0.33040961667384217,0.10431521713820187,nan
3473408.0,0.2993169339771427,0.14810006042736695,nan
3475456.0,0.15793878508807815,0.19807193727732647,nan
3477504.0,0.280069796213558,0.1678191882358907,nan
3479552.0,0.13880980274070362,0.24709949312579638,nan
3481600.0,0.19717397175330828,0.21996506187980872,nan
3483648.0,0.3198404378432873,0.08424993279208204,nan
3485696.0,0.23965162508066096,0.17374904357292761,nan
3487744.0,0.3138607982066264,0.10629718877675018,nan
3489792.0,0.29158998571488326,0.15966904660421985,nan
3491840.0,0.258707299363567,0.15343601066007462,nan
3493888.0,0.25640708725507166,0.17921801720801475,nan
3495936.0,0.2544926570024778,0.17203964879560918,nan
3497984.0,0.3541938322318308,0.09452775441091894,nan
3500032.0,0.23081003749045603,0.23940166599274057,nan
3502080.0,0.23431489403454878,0.20276409416745977,nan
3504128.0,0.24203395319601065,0.1968450555147774,nan
3506176.0,0.3302727412940859,0.08258395494000194,nan
3508224.0,0.30004711878129076,0.10348049368209375,nan
3510272.0,0.25973155620938354,0.162682826614259,nan
3512320.0,0.21437414908194205,0.24249006450684715,80.43659043659042
3514368.0,0.09506890544593741,0.240309558968378,nan
3516416.0,0.31554254414588584,0.09852802410553606,nan
3518464.0,0.1870356050575886,0.22399860200098792,nan
3520512.0,0.2909011714290536,0.13910127531668987,nan
3522560.0,0.3257011900880708,0.11025721118439825,nan
3524608.0,0.30376206930688054,0.13466242640848292,nan
3526656.0,0.18259987804304076,0.23738071033402836,nan
3528704.0,0.3008789078580384,0.12550407873263877,nan
3530752.0,0.33096761035775607,0.09535864823153382,nan
3532800.0,0.34890769030228086,0.03728581982864975,nan
3534848.0,0.13483091725203064,0.23265792160338278,nan
3536896.0,0.3120623953766356,0.15323488335740051,nan
3538944.0,0.31551899405906264,0.16679300965330612,nan
3540992.0,0.16485612896430069,0.20265749374890715,nan
3543040.0,0.2674548509926574,0.1634807662511534,nan
3545088.0,0.3185562487130421,0.10410785887596795,nan
3547136.0,0.29963628609810333,0.14526635704009166,nan
3549184.0,0.282296596804718,0.14090603513429692,nan
3551232.0,0.23427961672492983,0.156522654565389,nan
3553280.0,0.19432120017929616,0.20334955263565238,nan
3555328.0,0.3297288323696338,0.08232908379882335,nan
3557376.0,0.30183816887597437,0.1161891547426044,nan
3559424.0,0.2417422822652635,0.1971078104571659,nan
3561472.0,0.3202098695787011,0.09985213918895368,nan
3563520.0,0.21971447587809792,0.20177453971128426,nan
3565568.0,0.15132173234250892,0.19751545125520253,nan
3567616.0,0.22086995584335162,0.2171306152644119,nan
3569664.0,0.33267247645006304,0.1019060269831308,nan
3571712.0,0.3103083635684761,0.14631701783299883,nan
3573760.0,0.23301086947415467,0.21590527272370116,nan
3575808.0,0.30135251289819553,0.1260818456515388,nan
3577856.0,0.27443820392810037,0.15783704487367728,nan
3579904.0,0.18008421452206563,0.1649935647657884,nan
3581952.0,0.20176240285549152,0.1464884684256945,nan
3584000.0,0.27266165996294234,0.11024389131066903,nan
3586048.0,0.31957170342275204,0.11045112893224705,nan
3588096.0,0.26013966613696005,0.15115982118739907,nan
3590144.0,0.2534088858437505,0.1720574845863713,nan
3592192.0,0.24528278741533116,0.1674576602349136,nan
3594240.0,0.057191018448349965,0.1957527959832972,nan
3596288.0,0.1954247298943952,0.2152726470099025,nan
3598336.0,0.2622853688651477,0.16923648588545415,nan
3600384.0,0.282869865229852,0.1532457267169917,nan
3602432.0,0.3081199273888432,0.11003570373070115,nan
3604480.0,0.30154174152409985,0.12081421197266172,nan
3606528.0,0.2979062548484353,0.14510668218404912,nan
3608576.0,0.2811199288935069,0.1399250074091683,nan
3610624.0,0.239313614143789,0.18005191059016515,nan
3612672.0,0.2386827451597206,0.18301195271381773,69.76091476091476
3614720.0,0.25199179282602413,0.15864988708743738,nan
3616768.0,0.1642904141490769,0.17678548075577846,nan
3618816.0,0.18359032266162292,0.2218616410092752,nan
3620864.0,0.32784185963559603,0.05497020686374641,nan
3622912.0,0.2878434805557335,0.145210244608928,nan
3624960.0,0.295526152911189,0.1286241274556979,nan
3627008.0,0.24773536619230413,0.18875004697930778,nan
3629056.0,0.213963531441401,0.19272750500924804,nan
3631104.0,0.2939095523842559,0.1432276340533667,nan
3633152.0,0.14295329881225816,0.2515067589989604,nan
3635200.0,0.2661057987642103,0.16369771009845946,nan
3637248.0,0.26406231707744154,0.17436321770736882,nan
3639296.0,0.08662736379996025,0.2237358127638916,nan
3641344.0,0.3543716160242896,0.05775861956932079,nan
3643392.0,0.2741145414486076,0.16521842526960417,nan
3645440.0,0.32119627244743354,0.09003402031510119,nan
3647488.0,0.3302535498919309,0.025439934175254458,nan
3649536.0,0.32636769051944475,0.12202468354774022,nan
3651584.0,0.1930273802253951,0.21966482697858125,nan
3653632.0,0.221578754069207,0.20568318962194046,nan
3655680.0,0.2611773380523901,0.14105358702027945,nan
3657728.0,0.3173975679163643,0.07348654895351671,nan
3659776.0,0.28490396751764224,0.15291925487873056,nan
3661824.0,0.07602524713617301,0.2213981201640738,nan
3663872.0,0.33273667068802104,0.05391782366590878,nan
3665920.0,0.1626622549077553,0.21383326354022414,nan
3667968.0,0.24977902008881253,0.19880538177842708,nan
3670016.0,0.317356511558855,0.10926712067560027,nan
3672064.0,0.3135014002046773,0.08045361955831706,nan
3674112.0,0.3088726317448689,0.08799088473845511,nan
3676160.0,0.15314928927369467,0.21699855604971552,nan
3678208.0,0.17083236562652723,0.22405550537941946,nan
3680256.0,0.24404104822557415,0.17732917519691377,nan
3682304.0,0.3160355122409242,0.08833766292257367,nan
3684352.0,0.29690099435493167,0.11975946061556139,nan
3686400.0,0.257980439805635,0.1780388613422663,nan
3688448.0,0.16288680816772746,0.22586292981521072,nan
3690496.0,0.19341020397566472,0.20358137865382311,nan
3692544.0,0.20893032928719418,0.19710100442436548,nan
3694592.0,0.2570233772789997,0.19457376482008354,nan
3696640.0,0.32094790035615994,0.12814242223423739,nan
3698688.0,0.316194144292487,0.11831867355567621,nan
3700736.0,0.3282507336570681,0.07546725014116662,nan
3702784.0,0.18389169847607556,0.2267027331397771,nan
3704832.0,0.2692638116369975,0.14946611384188407,nan
3706880.0,0.22416344411390496,0.18752397256880157,nan
3708928.0,0.3044201867997554,0.15317637086917704,nan
3710976.0,0.2935501081032908,0.14510742203821747,nan
3713024.0,0.2870626517756531,0.15527145866867023,73.6902286902287
3715072.0,0.2032075380730812,0.18835184447156628,nan
3717120.0,0.2855631958279642,0.15205834780826188,nan
3719168.0,0.23092119882023834,0.19538891515922693,nan
3721216.0,0.25182101224164793,0.16243128376732519,nan
3723264.0,0.20706694983293922,0.18669520253390012,nan
3725312.0,0.24703330878537283,0.1611546832134562,nan
3727360.0,0.28940052145109063,0.13056318838582512,nan
3729408.0,0.23919261899304423,0.17079814362131304,nan
3731456.0,0.2502179020162854,0.14477346941072264,nan
3733504.0,0.19634091569456663,0.20639764022262727,nan
3735552.0,0.13272036183300473,0.2065169249986334,nan
3737600.0,0.23365785300348071,0.18401525729286233,nan
3739648.0,0.31097018939003285,0.12040035996741708,nan
3741696.0,0.24137423844988798,0.1597733003953129,nan
3743744.0,0.2633946870196472,0.17336346976468409,nan
3745792.0,0.2819363445405956,0.14433037703630835,nan
3747840.0,0.20020932716045248,0.19783828912953572,nan
3749888.0,0.25849403413499933,0.17700532088223836,nan
3751936.0,0.2603407880703744,0.16481883564538177,nan
3753984.0,0.3038114985294993,0.1299111038272298,nan
3756032.0,0.19281391917711685,0.21253491673181377,nan
3758080.0,0.27976522038555307,0.1485375825559667,nan
3760128.0,0.34394067345006585,0.05714647362493138,nan
3762176.0,0.1463940851195588,0.2472279469751931,nan
3764224.0,0.21502099621157406,0.21727480149827585,nan
3766272.0,0.22479106504125512,0.17508632758339995,nan
3768320.0,0.32562651657387165,0.09761750780194062,nan
3770368.0,0.33293989943195335,0.07195220999035135,nan
3772416.0,0.3092868051800019,0.11464008208057626,nan
3774464.0,0.24653700802950876,0.19552917054242416,nan
3776512.0,0.21574423648424954,0.20739376402703796,nan
3778560.0,0.2127204063849777,0.2031244949787119,nan
3780608.0,0.2950155214200799,0.13762133072875204,nan
3782656.0,0.27737696533747724,0.15363152442132047,nan
3784704.0,0.16540191535806584,0.2398554148803315,nan
3786752.0,0.24902905175751655,0.1826601395590843,nan
3788800.0,0.27742065641419916,0.14580511889382097,nan
3790848.0,0.2932400051144297,0.15587074735074,nan
3792896.0,0.3002604251246342,0.12384036407725742,nan
3794944.0,0.32778180689595493,0.09609231145068878,nan
3796992.0,0.26271416665121994,0.16427039713256902,nan
3799040.0,0.20050287153293628,0.21394463031239694,nan
3801088.0,0.19211065208620887,0.22286875591887934,nan
3803136.0,0.23875177823304805,0.19985048711940734,nan
3805184.0,0.19267400241966445,0.2118622412500855,nan
3807232.0,0.19335161184331173,0.22439753399964382,nan
3809280.0,0.22421432783375295,0.2103856963755602,nan
3811328.0,0.32327340846934205,0.11789029004150786,nan
3813376.0,0.27422438085494544,0.16973214770285064,79.57380457380458
3815424.0,0.2841000200389006,0.15351874521111114,nan
3817472.0,0.3288803404864449,0.11400104271396352,nan
3819520.0,0.2962301458661958,0.11424722337736132,nan
3821568.0,0.25701358125980645,0.17698761242464664,nan
3823616.0,0.2908236826125893,0.13863074108839515,nan
3825664.0,0.27559968574402965,0.1615741184254388,nan
3827712.0,0.30327859096697996,0.10757290560429573,nan
3829760.0,0.29394600062994475,0.15141286353103472,nan
3831808.0,0.28155826353611324,0.15589820164850438,nan
3833856.0,0.24511927388464097,0.18890481504682996,nan
3835904.0,0.2940812132021712,0.13465124910686357,nan
3837952.0,0.22273269525344538,0.18232633168491572,nan
3840000.0,0.28875112517153895,0.14748873282990754,nan
3842048.0,0.2733480465558745,0.16744785539669205,nan
3844096.0,0.3264636521362312,0.11183240494524098,nan
3846144.0,0.30758688145428215,0.11517894704372729,nan
3848192.0,0.17589141407959308,0.1830293012929182,nan
3850240.0,0.3195605513178441,0.11833951227038551,nan
3852288.0,0.3327802381850048,0.052106276736576924,nan
3854336.0,0.1911644140243696,0.19627738310291912,nan
3856384.0,0.2942153498816756,0.14345512294197488,nan
3858432.0,0.3178549238820124,0.0986063799177965,nan
3860480.0,0.20950997356468873,0.20699728529572678,nan
3862528.0,0.2159074534074822,0.15821683623543556,nan
3864576.0,0.10106565540981566,0.22860660145116818,nan
3866624.0,0.2764545336748617,0.16408268039464446,nan
3868672.0,0.22720686965668446,0.23152980887384383,nan
3870720.0,0.2259269092126206,0.189174695119855,nan
3872768.0,0.29271995176219945,0.1461823949633219,nan
3874816.0,0.1919247584191534,0.20423570416985942,nan
3876864.0,0.30778113347441227,0.11216394290400689,nan
3878912.0,0.25782303909731863,0.17995888087774553,nan
3880960.0,0.22541522446190723,0.21089544613327005,nan
3883008.0,0.2525231044433389,0.18362102884494877,nan
3885056.0,0.24235618611538423,0.1684480779841522,nan
3887104.0,0.17399574741463508,0.2201114195171404,nan
3889152.0,0.3634295255178428,0.019605770990616122,nan
3891200.0,0.3174621595042412,0.09645328119485393,nan
3893248.0,0.26691159204838,0.15396024410457737,nan
3895296.0,0.3143021234743345,0.13332926976983303,nan
3897344.0,0.18150087991238595,0.22615757001144526,nan
3899392.0,0.2824558502343491,0.14101732426108785,nan
3901440.0,0.2206386795201241,0.1987028025670966,nan
3903488.0,0.1397960938619442,0.21790257772442717,nan
3905536.0,0.04466891670721139,0.1915938631905222,nan
3907584.0,0.3502862988631302,0.03304161773000852,nan
3909632.0,0.23271137947617193,0.22638199446739904,nan
3911680.0,0.08134081127205939,0.24270702759906618,nan
3913728.0,0.3063994741684818,0.09412302909939747,93.63825363825364
3915776.0,0.29912286031809654,0.11121603668625885,nan
3917824.0,0.16347221142567217,0.2015356578148268,nan
3919872.0,0.09586697017859161,0.22615467203044087,nan
3921920.0,0.3193636120321761,0.04950675242181074,nan
3923968.0,0.21675020360839153,0.22699937716910792,nan
3926016.0,0.29180046514721414,0.1558058153635577,nan
3928064.0,0.21546148050379768,0.20462148028654045,nan
3930112.0,0.24995070842876194,0.17162899674312404,nan
3932160.0,0.3179352951350609,0.09147997380928112,nan
3934208.0,0.279308207361691,0.1768118273477272,nan
3936256.0,0.2884315538653528,0.11933313850496527,nan
3938304.0,0.13799847953674588,0.2329838516882531,nan
3940352.0,0.24833930585270253,0.16695377985194773,nan
3942400.0,0.24731929034252387,0.17243844951741277,nan
3944448.0,0.3326270772376464,0.04397511681010753,nan
3946496.0,0.11284688606516914,0.24176696496115394,nan
3948544.0,0.2605378696788242,0.1706581346191538,nan
3950592.0,0.12998575212917762,0.2199215707595447,nan
3952640.0,0.0676830989661399,0.2157786639141653,nan
3954688.0,-0.0019077769507487574,0.1877255958293992,nan
3956736.0,0.19899371982503383,0.2101679304599834,nan
3958784.0,0.2322827877951263,0.22896375012770365,nan
3960832.0,0.1962073124574553,0.21187335016301226,nan
3962880.0,0.12171498956444819,0.25222020304547993,nan
3964928.0,0.32342044141009896,0.04655456337518536,nan
3966976.0,0.09473795179318714,0.21878373017603578,nan
3969024.0,0.15018012887837268,0.22315256942235243,nan
3971072.0,0.18398555671489197,0.24520346316157396,nan
3973120.0,0.22059034602992617,0.169442619007444,nan
3975168.0,0.15697749588230242,0.2190425517262807,nan
3977216.0,0.21221770030407427,0.23180706294093079,nan
3979264.0,0.13395747826598822,0.2054096014909416,nan
3981312.0,0.2595010449093473,0.19933118167259706,nan
3983360.0,0.22283239012443096,0.19994861675996592,nan
3985408.0,0.2763635005317433,0.19997609975374722,nan
3987456.0,0.24695649958153099,0.19052928551014012,nan
3989504.0,0.23197836350360973,0.18383927485768886,nan
3991552.0,0.2765764696371129,0.15927771281420314,nan
3993600.0,0.20835382541923053,0.217552393999772,nan
3995648.0,0.33632994497478463,0.09195937593951235,nan
3997696.0,0.23521400017817423,0.2367382466262814,nan
3999744.0,0.31104229956293294,0.13784085323610562,nan
4001792.0,0.20839592356658468,0.22752977857232604,nan
4003840.0,0.24683756743256274,0.19802147430080466,nan
4005888.0,0.24239048103564315,0.22710453673798583,nan
4007936.0,0.07664564067640685,0.24116461220294505,nan
4009984.0,0.25674586671435123,0.15687623977739013,nan
4012032.0,0.3205141378650149,0.08602186231655634,nan
4014080.0,0.34951908088294453,0.047188340435158675,83.34719334719335
4016128.0,0.29361026405066143,0.15019627963093507,nan
4018176.0,0.3132145612706255,0.13759105492401227,nan
4020224.0,0.09358124381234084,0.22188413301042564,nan
4022272.0,0.1969862390947725,0.19793749849653788,nan
4024320.0,0.24370262946755689,0.18289763023996275,nan
4026368.0,0.2525056826623204,0.16478527941275592,nan
4028416.0,0.32830206665753725,0.08959573673995318,nan
4030464.0,0.12834200441283045,0.21895533895038374,nan
4032512.0,0.2935737025244125,0.13207328330983104,nan
4034560.0,0.2872425728996039,0.1576581404820101,nan
4036608.0,0.24502790508641364,0.18945171549562503,nan
4038656.0,0.3024525694977108,0.13054513212923977,nan
4040704.0,0.1823859416067139,0.22556452148303227,nan
4042752.0,0.18575490915466752,0.2202281134116908,nan
4044800.0,0.18958610547566926,0.23546971324462798,nan
4046848.0,0.327097521957047,0.101027648371585,nan
4048896.0,0.31717678400534544,0.11519999604125744,nan
4050944.0,0.27619603960380024,0.17283055993742874,nan
4052992.0,0.23362778442835636,0.18077060407289,nan
4055040.0,0.3217442199049418,0.1184520449745575,nan
4057088.0,0.3298771950562126,0.016110772203233974,nan
4059136.0,0.22947308169954272,0.19903805771914704,nan
4061184.0,0.23647035672544664,0.19739870287439146,nan
4063232.0,0.2960481249232296,0.13456819763303557,nan
4065280.0,0.133521322319659,0.23773275679770353,nan
4067328.0,0.2831591457181374,0.17038996981593418,nan
4069376.0,0.23898209472661422,0.20035397332478794,nan
4071424.0,0.22327343839203956,0.21079354686764398,nan
4073472.0,0.2523717150863125,0.20243368297614278,nan
4075520.0,0.30888505407561473,0.12306278537242038,nan
4077568.0,0.257642490460196,0.1980563589819641,nan
4079616.0,0.3016197728899098,0.12350222634987057,nan
4081664.0,0.2748597796528691,0.15835552428626223,nan
4083712.0,0.3348891544090873,0.056572793058159335,nan
4085760.0,0.24594282910976603,0.16281663335563407,nan
4087808.0,0.29708176703908074,0.14164073283383116,nan
4089856.0,0.19638778758655573,0.22245319216026774,nan
4091904.0,0.17206199030439695,0.2213606072380158,nan
4093952.0,0.21863815056325625,0.20979486656467047,nan
4096000.0,0.19459197891856034,0.19694914312926898,nan
4098048.0,0.23757375816878432,0.1763275885723155,nan
4100096.0,0.17752383224694523,0.21104422228948352,nan
4102144.0,0.22024235345714505,0.19493445510980834,nan
4104192.0,0.17171194190138567,0.16578651372603231,nan
4106240.0,0.25707211619774634,0.15494912156890647,nan
4108288.0,0.30978377139753954,0.09877234159721313,nan
4110336.0,0.28081454000553785,0.13785894615018923,nan
4112384.0,0.31600114090471154,0.10943656803343546,nan
4114432.0,0.33824329618699467,0.05288110023601887,72.67151767151768
4116480.0,0.20687466960731882,0.19838797298501515,nan
4118528.0,0.20997105760250193,0.21773532087903236,nan
4120576.0,0.22681285315225236,0.19971725717650454,nan
4122624.0,0.19078495557606734,0.21654313148245824,nan
4124672.0,0.16379577340605903,0.22912929398666015,nan
4126720.0,0.33487457458046654,0.08437840366960121,nan
4128768.0,0.20967394102071685,0.232360928520047,nan
4130816.0,0.3271635911460205,0.0636389626640543,nan
4132864.0,0.20244087202350936,0.22906940482730997,nan
4134912.0,0.31161293353326003,0.0990214100680512,nan
4136960.0,0.26399111914951445,0.15991007739124172,nan
4139008.0,0.289648592007933,0.14932030785581363,nan
4141056.0,0.300485857226857,0.1380989095730866,nan
4143104.0,0.18521927526045823,0.1724698111370758,nan
4145152.0,0.2826736371301957,0.14741857779097478,nan
4147200.0,0.3264586655813242,0.07574515406279957,nan
4149248.0,0.24610084851717628,0.19744852239482477,nan
4151296.0,0.27156401799041663,0.1558613434747197,nan
4153344.0,0.2889338022419744,0.13291241344724128,nan
4155392.0,0.271594600923904,0.18880489377176407,nan
4157440.0,0.32795508145228586,0.11378648525047971,nan
4159488.0,0.22725697632954434,0.21207849028154016,nan
4161536.0,0.28699597988286546,0.16430662199205265,nan
4163584.0,0.3112458994668711,0.09011592413292303,nan
4165632.0,0.2828654738797509,0.1527832587338159,nan
4167680.0,0.33165745704561134,0.10472270819020475,nan
4169728.0,0.3170976616133673,0.09281913217813478,nan
4171776.0,0.30696243627371766,0.11420710125148045,nan
4173824.0,0.3155090839123059,0.14164418238337087,nan
4175872.0,0.28222249330236854,0.15627129679854018,nan
4177920.0,0.32033872029144506,0.1273332095057202,nan
4179968.0,0.2762364674559925,0.17733152433860086,nan
4182016.0,0.20003195181444916,0.22352757906178294,nan
4184064.0,0.2749918064531913,0.1787340086191854,nan
4186112.0,0.29254674272357484,0.15429732193959303,nan
4188160.0,0.2796634633564221,0.17020495408660774,nan
4190208.0,0.2854285726176328,0.13744750337494197,nan
4192256.0,0.32305529912191555,0.0909544759692008,nan
4194304.0,0.3413337224890415,0.03189090670826226,nan
4196352.0,0.27847623165634044,0.15831638174575513,nan
4198400.0,0.2634707162007912,0.16992266527802335,nan
4200448.0,0.3172919001589424,0.07463829484487965,nan
4202496.0,0.21551240759137563,0.21770170661069724,nan
4204544.0,0.2146298300484477,0.22629542967119518,nan
4206592.0,0.31331973854446177,0.11653777381548225,nan
4208640.0,0.18233030404932807,0.20777226489451345,nan
4210688.0,0.28185451637806097,0.13313105597836064,nan
4212736.0,0.3122562099017518,0.13177689278273189,nan
4214784.0,0.2978401569765177,0.15400927907122386,92.72349272349274
4216832.0,0.3364831696108268,0.059283362948495615,nan
4218880.0,0.32328267846462644,0.09339137066501711,nan
4220928.0,0.20899927218501146,0.1966256457071449,nan
4222976.0,0.31228646997027987,0.11288764763527082,nan
4225024.0,0.3240068454726727,0.1039401096881295,nan
4227072.0,0.2720310224173139,0.1707167344333166,nan
4229120.0,0.22923363255969686,0.1937354150336021,nan
4231168.0,0.19246215441089243,0.22238955870139557,nan
4233216.0,0.32690336030113065,0.12778667507286928,nan
4235264.0,0.3039294492130868,0.1629476615599005,nan
4237312.0,0.24332323624667845,0.1855714443444613,nan
4239360.0,0.2908879259159702,0.165834905453872,nan
4241408.0,0.35718144039803706,0.05397637769182619,nan
4243456.0,0.2552909565179949,0.18426084082070818,nan
4245504.0,0.34381380152718627,0.11000937547551605,nan
4247552.0,0.13265489340579895,0.24923354632996542,nan
4249600.0,0.2524053680303319,0.18140651049553333,nan
4251648.0,0.1229205100133394,0.19118073605777747,nan
4253696.0,0.16678576995952343,0.21397990502157446,nan
4255744.0,0.23906127625074197,0.17217929683315186,nan
4257792.0,0.1718211260963606,0.21525075999026178,nan
4259840.0,0.17951263458768688,0.19031545133042066,nan
4261888.0,0.1845554659316349,0.22161122143664222,nan
4263936.0,0.284874701605092,0.17993098694415768,nan
4265984.0,0.05580606043457989,0.2248805347156279,nan
4268032.0,0.2222421167994248,0.22880710809624485,nan
4270080.0,0.23179623649491593,0.19802402261897478,nan
4272128.0,0.3274470128362602,0.02792061816499188,nan
4274176.0,0.3160917691585287,0.12942283538292448,nan
4276224.0,0.19511707768804085,0.229577463182534,nan
4278272.0,0.11914057324960617,0.24144716878230355,nan
4280320.0,0.29007676896325096,0.15686573625865569,nan
4282368.0,0.11425613017958998,0.23424224844946537,nan
4284416.0,0.3324233637852747,0.036464571775692144,nan
4286464.0,0.3335293125426964,0.09010592984502211,nan
4288512.0,0.06996662744929516,0.2402035208459527,nan
4290560.0,0.24685181791844618,0.19181821285902664,nan
4292608.0,0.18163448650263986,0.20381700836262115,nan
4294656.0,0.33832017014553195,0.1111552769122624,nan
4296704.0,0.27659402826751356,0.15692574380426247,nan
4298752.0,0.11161144587670455,0.2248887248521652,nan
4300800.0,0.1618822714223807,0.2360251959924797,nan
4302848.0,0.030808967396801126,0.25342057908640786,nan
4304896.0,0.33016035735487076,0.123454821859978,nan
4306944.0,0.16888289594472658,0.19150764197025713,nan
4308992.0,0.1509171155264416,0.21604205947792068,nan
4311040.0,0.2761169374108642,0.1635173485018538,nan
4313088.0,0.20073960167943794,0.167436065299247,nan
4315136.0,0.34415937043825756,0.06972029817661457,64.42827442827442
4317184.0,0.23459333613314132,0.15806585010406907,nan
4319232.0,0.22079768888740792,0.20089989462796906,nan
4321280.0,0.34400518205762554,0.020634542389894043,nan
4323328.0,0.27363154141247414,0.15450717349044274,nan
4325376.0,0.1523225990867057,0.23265392453425965,nan
4327424.0,0.17741687874912032,0.22102346342144133,nan
4329472.0,0.21964306969880515,0.2142645102749371,nan
4331520.0,0.035099488798299286,0.2315041744572984,nan
4333568.0,0.13818835524707168,0.2115519273727154,nan
4335616.0,0.3262754046883344,0.011133162908359667,nan
4337664.0,0.15806802504556758,0.2055441418096136,nan
4339712.0,0.3266830805629992,0.09196531562250873,nan
4341760.0,0.05595121073021351,0.23143202906175694,nan
4343808.0,0.12909684771845142,0.22698881029684545,nan
4345856.0,0.10070703891383531,0.24218684333370935,nan
4347904.0,-0.010522567479008232,0.24085015455050884,nan
4349952.0,0.16430544146669745,0.23775264055242318,nan
4352000.0,0.24816484004617412,0.17131758489205676,nan
4354048.0,0.16762263636154595,0.22721916842635195,nan
4356096.0,0.23209203059875347,0.1632571835471756,nan
4358144.0,0.21096665970009065,0.22370777143154474,nan
4360192.0,0.18597785472175837,0.2149198485801515,nan
4362240.0,0.22143171264168143,0.20701839653385534,nan
4364288.0,0.3295427294232768,0.06726012639740463,nan
4366336.0,0.34088173263047256,0.07983830866782805,nan
4368384.0,0.32957891092223895,0.05472006836452015,nan
4370432.0,0.28245353967268183,0.17632364422543623,nan
4372480.0,0.24074513888859422,0.18918371485764904,nan
4374528.0,0.2969034474813312,0.13580006924817,nan
4376576.0,0.14406529466496792,0.23496340898807544,nan
4378624.0,0.23064573420758813,0.22391884624902994,nan
4380672.0,0.29052909841382984,0.16438318399500093,nan
4382720.0,0.222334415936224,0.18643404199869473,nan
4384768.0,0.21041814889951022,0.1769287675690086,nan
4386816.0,0.3160928090619134,0.10500837066536749,nan
4388864.0,0.21822587873079297,0.20270329644244697,nan
4390912.0,0.3364076851645852,0.0663389144523944,nan
4392960.0,0.2934111800756151,0.1119262224440715,nan
4395008.0,0.20390832716160145,0.20771819210304768,nan
4397056.0,0.2581191977301629,0.14720418153520876,nan
4399104.0,0.3279583686279467,0.057447828100894216,nan
4401152.0,0.2381118385649606,0.19258761489463402,nan
4403200.0,0.3258419164019043,0.10357432050477719,nan
4405248.0,0.29188307590805984,0.14103687198183623,nan
4407296.0,0.3140713764685058,0.09835923726522672,nan
4409344.0,0.32806188616028314,0.036506812134984766,nan
4411392.0,0.31355859401749114,0.06634263173056404,nan
4413440.0,0.22632821000629386,0.21800702906156008,nan
4415488.0,0.32431102625267993,0.11052595788675519,84.9064449064449
4417536.0,0.31704160777108364,0.0948483928922584,nan
4419584.0,0.2819469930405454,0.1386912995480435,nan
4421632.0,0.22286748410559856,0.18531129725272621,nan
4423680.0,0.19392702513515664,0.20226206656483206,nan
4425728.0,0.03400530006278609,0.234544483218365,nan
4427776.0,0.32419439833998825,0.05718115472890424,nan
4429824.0,0.30985570487565683,0.11261926546895745,nan
4431872.0,0.3056889959599423,0.121666479447024,nan
4433920.0,0.004931561604447972,0.21266223179223218,nan
4435968.0,0.3501028132431369,0.07586515824028216,nan
4438016.0,0.059277902066013737,0.2091639554402681,nan
4440064.0,0.26366862188024465,0.16354663446143644,nan
4442112.0,0.11277967229882391,0.23882355297604366,nan
4444160.0,0.1807956343003681,0.24467312941018157,nan
4446208.0,0.19219418505790156,0.22771162027417102,nan
4448256.0,0.19798629012451902,0.20194790526895662,nan
4450304.0,0.28145152384836075,0.12358790112173196,nan
4452352.0,0.3172470589722207,0.0883112742195085,nan
4454400.0,0.07460249517977566,0.23834226821833324,nan
4456448.0,0.31385436355485063,0.1419085189392892,nan
4458496.0,0.27998576185127333,0.1835081169435688,nan
4460544.0,0.21835726311755382,0.18187108226759707,nan
4462592.0,0.2284586745935535,0.21012908035620861,nan
4464640.0,0.334853494072617,0.07599981599791181,nan
4466688.0,0.3008679837306226,0.16912828168714947,nan
4468736.0,0.28518734428540865,0.14381433899897256,nan
4470784.0,0.11719695388288855,0.24618003403784613,nan
4472832.0,0.15102238184008834,0.21972205973283948,nan
4474880.0,0.20442860563381854,0.19838652715041447,nan
4476928.0,0.2016325319649057,0.20344327580693847,nan
4478976.0,0.14842408730144335,0.22251007026572792,nan
4481024.0,0.2762262249165466,0.16541992007652884,nan
4483072.0,0.30047286416615027,0.10091445818973413,nan
4485120.0,0.28404032816393215,0.15251512172660714,nan
4487168.0,0.19529144574423155,0.2380121708208386,nan
4489216.0,0.23924514232848224,0.1999548124863421,nan
4491264.0,0.302754522224687,0.17186656494443764,nan
4493312.0,0.3158366260443214,0.17188518374547818,nan
4495360.0,0.29368724628068876,0.15309310213189442,nan
4497408.0,0.2761836046105449,0.19314758636175725,nan
4499456.0,0.1472183780744713,0.2002650862087227,nan
4501504.0,0.300466614102123,0.14510889661693324,nan
4503552.0,0.28808047134027204,0.16501132382917655,nan
4505600.0,0.24447885256039253,0.18884313249792825,nan
4507648.0,0.09873809665602395,0.2441156317387928,nan
4509696.0,0.24703774774653203,0.1653172522910979,nan
4511744.0,0.26940105269475084,0.12878076460466428,nan
4513792.0,0.24414057726604974,0.2021899047132194,nan
4515840.0,0.3388524854848466,0.027386530493181127,83.19126819126818
4517888.0,0.21555197216992553,0.21812232037505402,nan
4519936.0,0.25566637158388467,0.21053782558129447,nan
4521984.0,0.22028753035449183,0.20615015684257249,nan
4524032.0,0.2980394821831853,0.155729269979288,nan
4526080.0,0.20661887289770925,0.23593923718300136,nan
4528128.0,0.31893473039534953,0.1354198738225285,nan
4530176.0,0.08260189008085433,0.22636887212744666,nan
4532224.0,0.30847189885935794,0.11974931677987795,nan
4534272.0,0.32051033070420654,0.10759520415891134,nan
4536320.0,0.2920957260541235,0.1779277185623877,nan
4538368.0,0.3000459706487255,0.16221811148458012,nan
4540416.0,0.22682445216456423,0.20833738849968492,nan
4542464.0,0.3049924194895427,0.15553458489834288,nan
4544512.0,0.23770711446052978,0.1914426142358535,nan
4546560.0,0.23271791514807894,0.2133428894116206,nan
4548608.0,0.2351180524518592,0.18566922650481035,nan
4550656.0,0.3014001296845845,0.15649435054697414,nan
4552704.0,0.34098847419613243,0.05079136930895303,nan
4554752.0,0.28571982055256395,0.16658747247989233,nan
4556800.0,0.2740183807875319,0.17542177457852495,nan
4558848.0,0.27619015066880215,0.167214681835866,nan
4560896.0,0.1741307195726378,0.21289110287680618,nan
4562944.0,0.29941102222086163,0.1471711258970723,nan
4564992.0,0.28576723873402055,0.1493939785926606,nan
4567040.0,0.16160922865781946,0.1945116659539325,nan
4569088.0,0.2514891977686285,0.19510203928868305,nan
4571136.0,0.19852975320652083,0.22061995083333438,nan
4573184.0,0.32803801898994833,0.10578044491185123,nan
4575232.0,0.1904215582969704,0.22299917976737055,nan
4577280.0,0.27005787484333005,0.1731644979813381,nan
4579328.0,0.33250552570051184,0.08762264168351189,nan
4581376.0,0.21811893610869115,0.1994077054909814,nan
4583424.0,0.3304483298622528,0.028341214029081824,nan
4585472.0,0.3498738980365241,0.07679739004048472,nan
4587520.0,0.3516153939199913,0.10415531221678603,nan
4589568.0,0.18010618247064883,0.22707706334230762,nan
4591616.0,0.2906502700571397,0.13203283769565036,nan
4593664.0,0.2350774599888969,0.1966728992497613,nan
4595712.0,0.2273598379628735,0.19884545793979722,nan
4597760.0,0.34907631988077714,0.094702178415492,nan
4599808.0,0.33608198049347376,0.11352868144950881,nan
4601856.0,0.2364246030387864,0.22338736395900233,nan
4603904.0,0.20757729390621774,0.1903859602228691,nan
4605952.0,0.22699300434510816,0.20146451924101316,nan
4608000.0,0.25597490253441235,0.20747791222423742,nan
4610048.0,0.3348355376448937,0.09707520540116758,nan
4612096.0,0.09493943003188413,0.20778211154262288,nan
4614144.0,0.27340759889084854,0.15230042816217157,nan
4616192.0,0.329595989722429,0.12238606955043614,77.4844074844075
4618240.0,0.3261473606787928,0.0453604910073512,nan
4620288.0,0.3486024182302623,0.02456618182181621,nan
4622336.0,0.22534963332204186,0.20158122272076232,nan
4624384.0,0.2216500608366644,0.20408432917336555,nan
4626432.0,0.22121224201995848,0.21111291789646439,nan
4628480.0,0.2957822437480689,0.15000755158465479,nan
4630528.0,0.1737330712386894,0.226144090778473,nan
4632576.0,0.16104942305889813,0.2088119901672846,nan
4634624.0,0.2732076555579388,0.15571065337186726,nan
4636672.0,0.22656735309667878,0.2092308456046387,nan
4638720.0,0.3345477505537867,0.10624888955642724,nan
4640768.0,0.18942441101819538,0.23133215624026712,nan
4642816.0,0.2899034412059319,0.197740909330429,nan
4644864.0,0.3078602098874231,0.15773798133277192,nan
4646912.0,0.33566741528608246,0.08662196539687032,nan
4648960.0,0.27357059628401403,0.1747523556912151,nan
4651008.0,0.3465901310753813,0.024025395386977354,nan
4653056.0,0.09255943410609402,0.22604173931715868,nan
4655104.0,0.18357367774245203,0.193880214858537,nan
4657152.0,0.23775502299563384,0.19184051257192877,nan
4659200.0,0.060623230437888434,0.21392656280125963,nan
4661248.0,0.2487607676514367,0.16229158065311985,nan
4663296.0,0.20698781552420065,0.1949644732285157,nan
4665344.0,0.13677201527742544,0.24412717652175522,nan
4667392.0,0.2046724021526251,0.19920520542889159,nan
4669440.0,0.3394062263714378,0.07240009304653167,nan
4671488.0,0.18809969074847716,0.23782611592897746,nan
4673536.0,0.3066076853082768,0.16781880676314415,nan
4675584.0,0.19169719168565796,0.22554229347467555,nan
4677632.0,0.24728975396839226,0.14225427880522254,nan
4679680.0,0.21431548409019308,0.19152641075233984,nan
4681728.0,0.12518709723169086,0.234469654158223,nan
4683776.0,0.22421538954351797,0.22427195622810087,nan
4685824.0,0.10370588013716116,0.21739369864615118,nan
4687872.0,0.24656561057941861,0.16369149389202056,nan
4689920.0,0.17101687245501945,0.16929072921872712,nan
4691968.0,0.2140969727676545,0.23894478644480122,nan
4694016.0,0.3568929124321209,0.027722720349987087,nan
4696064.0,0.04002560339285329,0.23187486535343865,nan
4698112.0,0.08824793244394716,0.24816018956851676,nan
4700160.0,0.35923406429926696,0.03299755556020684,nan
4702208.0,0.0900112854750782,0.2597491803811136,nan
4704256.0,0.14006081215801777,0.2235658991523287,nan
4706304.0,-0.05585551234598339,0.1951842118359165,nan
4708352.0,0.3215109908101018,0.15639148282750337,nan
4710400.0,0.30313100456577813,0.1702304480208278,nan
4712448.0,0.22265919413196467,0.2003567377964891,nan
4714496.0,0.13635888441614433,0.22717826441429553,nan
4716544.0,0.2617355764882967,0.18327275505614263,79.42827442827443
4718592.0,0.1938463023972192,0.2188623499909532,nan
4720640.0,0.21753371530959942,0.21208348045124895,nan
4722688.0,0.23346808002234448,0.17456300389694057,nan
4724736.0,0.10039834878793658,0.2006302460074607,nan
4726784.0,0.33216611612051294,0.05940321664463121,nan
4728832.0,0.3194254363996296,0.14237754196088373,nan
4730880.0,0.3077058804403344,0.1526194454749912,nan
4732928.0,0.1884162720447099,0.23014680279461253,nan
4734976.0,0.30944750915236574,0.11527623165678853,nan
4737024.0,0.3077306623377506,0.1745493494157735,nan
4739072.0,0.25299113571728493,0.1481561954369063,nan
4741120.0,0.31321254671045595,0.12976847102598818,nan
4743168.0,0.2809040649839739,0.13402830847884656,nan
4745216.0,0.18751125040649044,0.2005700470090986,nan
4747264.0,0.14064658324425772,0.24579086384901902,nan
4749312.0,0.24286214397169326,0.22717339129089725,nan
4751360.0,0.2940098661573847,0.13749250163896742,nan
4753408.0,0.10892086257212423,0.20445516181748422,nan
4755456.0,0.3511428286524674,0.10345236197715764,nan
4757504.0,0.2414452708193504,0.16779532423781682,nan
4759552.0,0.3520417967463587,0.060742440984533554,nan
4761600.0,0.16929648294277433,0.25856163297467566,nan
4763648.0,0.1639736410404754,0.21016207127711617,nan
4765696.0,0.1552352345377968,0.22685883507545104,nan
4767744.0,0.20457670911990422,0.20953359932915805,nan
4769792.0,0.2801193220881466,0.1682191382192854,nan
4771840.0,0.3502728170321771,0.10218478247211867,nan
4773888.0,0.3272103962550984,0.06791352962805082,nan
4775936.0,0.21760577667338524,0.2243358418279121,nan
4777984.0,0.2256202828163022,0.2167997309092402,nan
4780032.0,0.27245894907868307,0.2203276959180028,nan
4782080.0,0.2871455542196286,0.15319413108852512,nan
4784128.0,0.2734262006637953,0.1790776488243219,nan
4786176.0,0.22675818289665894,0.2125484676006584,nan
4788224.0,0.21239365839917634,0.22755466818759956,nan
4790272.0,0.1955244895284381,0.22179022250969738,nan
4792320.0,0.2958685201622841,0.16542221574204077,nan
4794368.0,0.22494972316750822,0.19822123364057306,nan
4796416.0,0.3524515858594407,0.12360399089274252,nan
4798464.0,0.1210336195297896,0.23747094970666136,nan
4800512.0,0.2973643108845304,0.12567322488302432,nan
4802560.0,0.21285667342115522,0.20178892746765895,nan
4804608.0,0.23408080145056712,0.1559440153424642,nan
4806656.0,0.33506436178591614,0.029834480548219636,nan
4808704.0,0.2974945341313823,0.1331004591022864,nan
4810752.0,0.30664915398020853,0.10591182966380625,nan
4812800.0,0.18154048870746034,0.2219893285785325,nan
4814848.0,0.15323736294324572,0.23444593165997768,nan
4816896.0,0.192471757522918,0.2218135648599341,74.88565488565489
4818944.0,0.1688936946190696,0.21676007395003188,nan
4820992.0,0.236045974581802,0.22313431068798503,nan
4823040.0,0.25106930701996977,0.19081719313204554,nan
4825088.0,0.30349206118400623,0.16873907461477403,nan
4827136.0,0.2721124394674197,0.17105185752935967,nan
4829184.0,0.1806437134754855,0.21677933368707789,nan
4831232.0,0.2937960869842489,0.1739821974609829,nan
4833280.0,0.3253825985403125,0.13019502616221088,nan
4835328.0,0.32882833564601677,0.10411470355531406,nan
4837376.0,0.3292838325275458,0.09183187470567135,nan
4839424.0,0.30590986677097964,0.16408643186596503,nan
4841472.0,0.23854610004562507,0.1875970319614925,nan
4843520.0,0.34781846253460236,0.06136288421735687,nan
4845568.0,0.21834261761475562,0.22983067100255325,nan
4847616.0,0.15756701080723723,0.24225292215127023,nan
4849664.0,0.27178132038437963,0.2124246983490765,nan
4851712.0,0.20314331472872102,0.23692853644657744,nan
4853760.0,0.2120668469504782,0.23884077914451562,nan
4855808.0,0.3446739449584439,0.03949104533242315,nan
4857856.0,0.26439597806154547,0.17340700813552293,nan
4859904.0,0.18568439921453433,0.20645047045565346,nan
4861952.0,0.021545217230267612,0.21307637903208462,nan
4864000.0,0.3244663615878044,0.12461821067692078,nan
4866048.0,0.18908296993640983,0.227621146878794,nan
4868096.0,0.026047685041154765,0.2338676816562343,nan
4870144.0,0.16384288900776978,0.23652944977121448,nan
4872192.0,0.19521805135883985,0.2452906207658651,nan
4874240.0,0.28002013526934505,0.18374379811722982,nan
4876288.0,0.31118582710728104,0.1621959072308658,nan
4878336.0,0.2318851141452562,0.2204814753089556,nan
4880384.0,0.22549150594831713,0.23404850381175193,nan
4882432.0,0.2583153674612645,0.19470395822645242,nan
4884480.0,0.19062447615271283,0.23145791360989826,nan
4886528.0,0.24322992032992152,0.21665519042094677,nan
4888576.0,0.2421174730733259,0.22273361595383984,nan
4890624.0,0.3265436807536282,0.05553740000796979,nan
4892672.0,0.2068506429847921,0.21614106594030713,nan
4894720.0,0.3319984800545339,0.08249005243667094,nan
4896768.0,0.23841283202190824,0.21317161137624652,nan
4898816.0,0.2709611601573588,0.18948635339373898,nan
4900864.0,0.28594679588222693,0.18056297218992637,nan
4902912.0,0.3226511304763734,0.12340629246095625,nan
4904960.0,0.33422385530983717,0.09749378868522308,nan
4907008.0,0.2724983897906331,0.1881659032093031,nan
4909056.0,0.2942953326074538,0.15016289261511803,nan
4911104.0,0.32037028521423117,0.061628419283291345,nan
4913152.0,0.3059088822089483,0.13887870968155552,nan
4915200.0,0.3219601378799172,0.07522609546809499,nan
4917248.0,0.30281372714227484,0.1530672353358622,79.6881496881497
4919296.0,0.18241579258776297,0.2327467919174323,nan
4921344.0,0.28950087029987326,0.17863870620633399,nan
4923392.0,0.23871498826061693,0.21371411145349561,nan
4925440.0,0.3269424638427836,0.10092490684436801,nan
4927488.0,0.324576271642705,0.12565294395062496,nan
4929536.0,0.3072926502079427,0.1247357400010909,nan
4931584.0,0.34925381929070787,0.08808457476329963,nan
4933632.0,0.2282381166376644,0.21279435063915877,nan
4935680.0,0.28546068835874716,0.15590691561273087,nan
4937728.0,0.17864635433456968,0.22646215288214747,nan
4939776.0,0.3129219000793483,0.1204203798459933,nan
4941824.0,0.322544798121431,0.12260500975473457,nan
4943872.0,0.3245700835410614,0.16944924657392824,nan
4945920.0,0.2711952562100871,0.20337519505525736,nan
4947968.0,0.3140377445326039,0.12872746143278146,nan
4950016.0,0.22106425820967804,0.2046557161346585,nan
4952064.0,0.3130469615494356,0.15337789161419035,nan
4954112.0,0.3103491914447173,0.09849276437054376,nan
4956160.0,0.1443438178833495,0.24593554305037615,nan
4958208.0,0.2408390481633617,0.183597297440579,nan
4960256.0,0.2538044382749518,0.23977483922014547,nan
4962304.0,0.30657600872752944,0.10805451004557431,nan
4964352.0,0.10330197622764054,0.24232994056815757,nan
4966400.0,0.20674629161388036,0.25340922134533606,nan
4968448.0,0.2642716964477747,0.170796603676216,nan
4970496.0,0.2613343420409187,0.19442310006775243,nan
4972544.0,0.3209631995522436,0.12243406550235592,nan
4974592.0,0.34430413486177025,0.04349419334782227,nan
4976640.0,0.2605257832701613,0.19443983237538734,nan
4978688.0,0.2764698690034398,0.18632965881772315,nan
4980736.0,0.3273758310548131,0.1370335682732496,nan
4982784.0,0.3422616546554196,0.0680892158221985,nan
4984832.0,0.34942751107759895,0.08002966900099241,nan
4986880.0,0.34043630863814556,0.06736158517111104,nan
4988928.0,0.33391180990360514,0.12251455436951815,nan
4990976.0,0.29610630822318407,0.1585477222666738,nan
4993024.0,0.32959159839938595,0.06710607523961169,nan
4995072.0,0.29500145165768027,0.18858118379568267,nan
4997120.0,0.23306252563183927,0.23064482333154585,nan
4999168.0,0.25597627127709627,0.17941482104652876,nan
5000000.0,0.13642317894734013,0.24387814907102698,91.38253638253637
