step,rollout_reward_mean,rollout_reward_std,eval_dcr_mean
2048.0,0.1942731523626311,0.22687968694366903,nan
4096.0,0.07279419782570737,0.21099668381744818,nan
6144.0,0.05521891448635316,0.2014456237245658,nan
8192.0,0.09221147462301785,0.2307701534738797,nan
10240.0,-0.029813148131503167,0.14555654393814793,nan
12288.0,0.00280246409906357,0.19293639883420025,nan
14336.0,0.015547934565518597,0.2118163681999093,nan
16384.0,0.04811760021426796,0.17753287584170266,nan
18432.0,0.08750709295528235,0.2186683703251939,nan
20480.0,0.06411712284552887,0.2390397134925905,nan
22528.0,0.024178019891214417,0.20523884385134614,nan
24576.0,0.07300685001759419,0.23804314862915923,nan
26624.0,0.08492878943856495,0.20780677597755293,nan
28672.0,0.02792319530944589,0.24363079632757936,nan
30720.0,0.15292002545847388,0.21499040496212696,nan
32768.0,0.04923802922859455,0.22407145338878826,nan
34816.0,0.09506223667543426,0.24553082323406641,nan
36864.0,0.030049310199727057,0.20194140152647605,nan
38912.0,0.08912863742494323,0.21295032526983682,nan
40960.0,0.027929812342095305,0.2106765654733729,nan
43008.0,0.06524558280944392,0.22226891058857887,nan
45056.0,0.022681554255506945,0.1897762086480412,nan
47104.0,0.07788599961872712,0.2428519252532907,nan
49152.0,0.09770675614663582,0.23064513657908808,nan
51200.0,0.060819504180830625,0.22005435248704658,nan
53248.0,0.018660504180404703,0.21958058155122342,nan
55296.0,-0.0012390233709289756,0.16056109739612331,nan
57344.0,0.08487285028568543,0.22539451404968056,nan
59392.0,0.07611534676830957,0.2476878564714416,nan
61440.0,0.07678988724249748,0.23266556374637562,nan
63488.0,0.11564122452330945,0.2291274978407882,nan
65536.0,0.1151309541295554,0.20435742043881103,nan
67584.0,0.13791968291670462,0.22973493166600628,nan
69632.0,0.06515304940351133,0.2377078198931817,nan
71680.0,0.06083652988414772,0.21944190753810539,nan
73728.0,0.014375474402589638,0.18727541720270088,nan
75776.0,0.14613039099891295,0.21448475116082044,nan
77824.0,0.0696561526296618,0.22274962124116524,nan
79872.0,0.08847662701167097,0.22710653118878912,nan
81920.0,0.05870265836036195,0.22471436814995047,nan
83968.0,0.016653222917231064,0.21076080698167535,nan
86016.0,0.04690906200512478,0.1730721332849477,nan
88064.0,0.01763747546235606,0.2035474819636452,nan
90112.0,0.05555232641174433,0.21708654574660083,nan
92160.0,0.07120769175214756,0.2052914428750012,nan
94208.0,0.045224889989249596,0.21329349268825237,nan
96256.0,0.08612007514549497,0.22709566073967188,nan
98304.0,0.08540621844431434,0.23633976485274397,nan
100352.0,0.05822834064002254,0.22080076083648614,23.139293139293137
102400.0,0.013214707969660382,0.21290723979905155,nan
104448.0,0.13517542676221728,0.23477702803421605,nan
106496.0,0.04064641686386648,0.19902109376183647,nan
108544.0,0.04744318880321431,0.1730337075783628,nan
110592.0,0.062019692368419185,0.19067868323605008,nan
112640.0,0.12823951918049578,0.23245263944353467,nan
114688.0,0.08203546357870412,0.23190529498464388,nan
116736.0,0.07109765807362284,0.18870731418525225,nan
118784.0,0.0761555267014282,0.21175471484034103,nan
120832.0,0.04142265387584072,0.22371047704799377,nan
122880.0,0.09737975274074563,0.2394047023488195,nan
124928.0,0.08799131577359301,0.22078679873136553,nan
126976.0,0.06384823758105304,0.22188313286898367,nan
129024.0,0.047751699902683464,0.202013046557873,nan
131072.0,0.07079378207832573,0.20227521592045003,nan
133120.0,0.05335659210546008,0.22517171949519713,nan
135168.0,0.09290683771835917,0.18473630254283885,nan
137216.0,0.08214481761486281,0.19437598886683805,nan
139264.0,0.12411102477855265,0.23026223148023364,nan
141312.0,0.034950391305670916,0.21445777375397482,nan
143360.0,0.0062952603574987324,0.2061106547179685,nan
145408.0,0.0982910883108633,0.23729640529872406,nan
147456.0,0.07676742218238532,0.21522972547667502,nan
149504.0,0.09598412946048163,0.2109331840628872,nan
151552.0,0.06938245716705964,0.22555493329294693,nan
153600.0,0.05286769373822771,0.19465832309288653,nan
155648.0,0.11184185870076613,0.2273158938465696,nan
157696.0,0.08353259646133718,0.2077046471200633,nan
159744.0,0.10110091216349426,0.21119089468285368,nan
161792.0,0.06469910509251935,0.16473419085797733,nan
163840.0,0.03916470040434337,0.2028965694930883,nan
165888.0,0.11029221570552775,0.21841911284625815,nan
167936.0,0.07081108478671491,0.2163974707374069,nan
169984.0,0.06751888522009264,0.21447523606102625,nan
172032.0,0.10803951347263197,0.23103836483280188,nan
174080.0,0.024765179365932772,0.2139214963667162,nan
176128.0,0.09623523132630475,0.19285194782089238,nan
178176.0,0.0562591024870093,0.22295526852620715,nan
180224.0,0.09494276045696984,0.22895704119632718,nan
182272.0,0.05986506479913079,0.20586604921067542,nan
184320.0,0.09007435320370469,0.22357029981737442,nan
186368.0,0.13500617143264365,0.2095824036020973,nan
188416.0,0.10423750452805255,0.21765566920972854,nan
190464.0,0.05799794407512075,0.20599738180011984,nan
192512.0,0.09832401798738684,0.2122440276202933,nan
194560.0,0.08831377041209548,0.2188186327093767,nan
196608.0,0.11437901273879288,0.22414775270472256,nan
198656.0,0.10185243697999447,0.21633222623645879,nan
200704.0,0.08563176267172845,0.1973902088721832,30.748440748440743
202752.0,0.0942807613456913,0.22345732009072236,nan
204800.0,0.06583328135722866,0.20545005106673703,nan
206848.0,0.08166787619153021,0.19275956760282736,nan
208896.0,0.08476852144319161,0.19152971117913517,nan
210944.0,0.06774737487033539,0.20073583160227965,nan
212992.0,0.05359274666038918,0.20120417930023854,nan
215040.0,0.10374128220839621,0.20199372816557165,nan
217088.0,0.030024726377222716,0.16021847806762998,nan
219136.0,0.06620773770277841,0.20436731137970424,nan
221184.0,0.05901330713667102,0.21679896425132383,nan
223232.0,0.07100928369940915,0.2092313725049386,nan
225280.0,0.08336536952553755,0.20107203757083367,nan
227328.0,0.03395911445560676,0.19219654174880077,nan
229376.0,0.09968466612094184,0.19830936752721312,nan
231424.0,0.03264405082625831,0.22066767796947925,nan
233472.0,0.04143575455681633,0.18556678782838723,nan
235520.0,0.04542622733844098,0.17697930364364628,nan
237568.0,0.0795163606169301,0.2031192740448128,nan
239616.0,0.04994438286693924,0.2087834869042508,nan
241664.0,0.07766120307485191,0.16602833224883776,nan
243712.0,0.06965714559214686,0.22665374451889098,nan
245760.0,0.10296719833062659,0.22582681100447843,nan
247808.0,0.058646685111467964,0.2023887046464954,nan
249856.0,0.05277608775523953,0.19068694778005024,nan
251904.0,0.0975765071879584,0.18848291664820627,nan
253952.0,0.04045435365573884,0.22401252528407672,nan
256000.0,0.11509314778352778,0.21416619883253316,nan
258048.0,0.08040920900107786,0.20290016428118288,nan
260096.0,0.09508613454010503,0.2272921605328019,nan
262144.0,0.041488813165928076,0.18377522747743763,nan
264192.0,0.09530203060248182,0.2247558942068929,nan
266240.0,0.06957050794550607,0.23242735811373175,nan
268288.0,0.08250743398981294,0.20814329464374376,nan
270336.0,0.0866934585271253,0.21878021173673304,nan
272384.0,0.06663916851929837,0.18979588321225632,nan
274432.0,0.050602356458202866,0.18748791888096175,nan
276480.0,0.07962888784083208,0.23777791339679724,nan
278528.0,0.10125512221898852,0.2249760672866855,nan
280576.0,0.033974113633663025,0.20406881439562943,nan
282624.0,0.0801743754492053,0.19679512423992201,nan
284672.0,0.046370557868006576,0.18957027890239853,nan
286720.0,0.06397944862093859,0.20768037840726283,nan
288768.0,0.10943128884529987,0.21532674120116163,nan
290816.0,0.04789948225602635,0.22721406551133377,nan
292864.0,0.044403554209483415,0.17896517666598064,nan
294912.0,0.0618416828547853,0.18045952965259707,nan
296960.0,0.06080486312205101,0.17916889216182205,nan
299008.0,0.08581840317567954,0.22478827112102714,nan
301056.0,0.071876292918057,0.21007812605860426,32.68191268191268
303104.0,0.07570187535626692,0.17541711009107439,nan
305152.0,0.019261702557481625,0.1944183927441225,nan
307200.0,0.08890430652020445,0.19917976073807078,nan
309248.0,0.10815616988199075,0.21864879082230004,nan
311296.0,0.12754077967320682,0.20472527275033028,nan
313344.0,0.08220647205370181,0.20444692342153042,nan
315392.0,0.02973678400901601,0.19501785966763852,nan
317440.0,0.04644985383812518,0.17208513705095843,nan
319488.0,0.08124239900897048,0.20695685859929255,nan
321536.0,0.11121031625330316,0.22885353323717406,nan
323584.0,0.10818372337892736,0.2190533134196761,nan
325632.0,0.033336161489693275,0.1397713117894117,nan
327680.0,0.07171788170097458,0.1607657125816928,nan
329728.0,0.07941713996983052,0.22121408839912748,nan
331776.0,0.09337136089164354,0.20110241456018346,nan
333824.0,0.06475588969390249,0.21785668180913892,nan
335872.0,0.061588768850180636,0.18148188770813434,nan
337920.0,0.060641572256504274,0.22346511235299021,nan
339968.0,0.10340008349296642,0.22747405305533636,nan
342016.0,0.09681769484086708,0.23028734037837878,nan
344064.0,0.05726940171553341,0.19502824361914514,nan
346112.0,0.06849586023112081,0.21859197236507688,nan
348160.0,0.1079619728143244,0.22241044417521724,nan
350208.0,0.04569846612406564,0.2212885041016735,nan
352256.0,0.0966910099861855,0.20643554059233152,nan
354304.0,0.1311178444576941,0.1975551090853107,nan
356352.0,0.07816146182564052,0.20792041668915495,nan
358400.0,0.0489624635196907,0.1967699648536868,nan
360448.0,0.08359675809438252,0.2138234009737366,nan
362496.0,0.08075165892227656,0.21716224476440205,nan
364544.0,0.1414712725685644,0.20676261299601065,nan
366592.0,0.09046165192560904,0.21279223501933792,nan
368640.0,0.0873471917583716,0.18530199376038559,nan
370688.0,0.06806668388484385,0.16766380703411432,nan
372736.0,0.08231628798169077,0.2081872512146659,nan
374784.0,0.07166329426414814,0.21026441818625544,nan
376832.0,0.06181816682925015,0.19319924016814966,nan
378880.0,0.06421080968950099,0.22149859057795532,nan
380928.0,0.06424510930308665,0.20718178907850635,nan
382976.0,0.05310047825610557,0.20482167384106148,nan
385024.0,0.0477324228771739,0.2017012062394658,nan
387072.0,0.06780995044593295,0.2019429984126048,nan
389120.0,0.07831087427659333,0.19253630102609773,nan
391168.0,0.06819568734603447,0.21445793625686665,nan
393216.0,0.03482188930370861,0.20260799501677643,nan
395264.0,0.05160506221789081,0.20968783567575658,nan
397312.0,0.04469766312129356,0.14841170462065134,nan
399360.0,0.06300007025318513,0.1946181846680732,nan
401408.0,0.03998443319154868,0.21300052058845925,24.469854469854475
403456.0,0.07711344413173604,0.20251976767326868,nan
405504.0,0.06803147898427131,0.2049290780897527,nan
407552.0,0.06014859718361803,0.20491617451973637,nan
409600.0,0.0308164630317376,0.1888344999159756,nan
411648.0,0.06653541011925757,0.1808886434368923,nan
413696.0,0.06630499867231615,0.194653563722914,nan
415744.0,0.10931261716391645,0.20131031174706024,nan
417792.0,0.08953020222933007,0.1950403298259066,nan
419840.0,0.06287476279069841,0.1593116904811511,nan
421888.0,0.05387749700264895,0.16162921931603266,nan
423936.0,0.05230668594373129,0.21979105650956923,nan
425984.0,0.061640904232470976,0.1878381496060283,nan
428032.0,0.08741678668088293,0.18959783405301583,nan
430080.0,0.10733702295873962,0.22279942955969798,nan
432128.0,0.09170367560625044,0.20507295914092827,nan
434176.0,0.0666813625024223,0.22265768877121989,nan
436224.0,0.0664393885366064,0.19785233190457552,nan
438272.0,0.0866022809470848,0.21706010187601618,nan
440320.0,0.052402269252918215,0.1648915750355096,nan
442368.0,0.0734767954449049,0.20842270522790232,nan
444416.0,0.04739771939801565,0.16459489420717535,nan
446464.0,0.07448292042592605,0.20813970607622653,nan
448512.0,0.063492762175238,0.22387248008347763,nan
450560.0,0.07175277835051694,0.15490610629539697,nan
452608.0,0.08262832706967979,0.14117785435445077,nan
454656.0,0.09965661836733258,0.21533892122256418,nan
456704.0,0.049193049967451094,0.17499920186103451,nan
458752.0,0.13554577208005253,0.21560294621933312,nan
460800.0,0.11190691893790948,0.20369058287743486,nan
462848.0,0.07433678321581569,0.21994250872911575,nan
464896.0,0.05109956585435696,0.21781881560830207,nan
466944.0,0.08117545016087452,0.22349885042745213,nan
468992.0,0.08327693969440336,0.2110752479341185,nan
471040.0,0.07367516939930104,0.1959252710498617,nan
473088.0,0.09141560641449209,0.20458177861077034,nan
475136.0,0.09511672041778155,0.19911502982193746,nan
477184.0,0.038284710411656306,0.19868517159087307,nan
479232.0,0.053421557599956426,0.19112332057954226,nan
481280.0,0.06016067532178006,0.19033539609141747,nan
483328.0,0.07751545677955965,0.22038233476007213,nan
485376.0,0.11393478217043515,0.2181575564536679,nan
487424.0,0.06616673324379532,0.1911476578394357,nan
489472.0,0.09981638733237488,0.20984530737950624,nan
491520.0,0.1012314052868692,0.2096056727205293,nan
493568.0,0.03798515125540919,0.1984824385221791,nan
495616.0,0.08188395583128721,0.15092458143940204,nan
497664.0,0.060253069498098416,0.21783071410326152,nan
499712.0,0.08447455117159675,0.1835818816268127,nan
501760.0,0.08915650178097331,0.24150613949393265,28.565488565488568
503808.0,0.04616193478379639,0.2064584007721726,nan
505856.0,0.10443047666412275,0.1805867176352737,nan
507904.0,0.05526877569855092,0.20432315273693522,nan
509952.0,0.06571865097921713,0.15135351732504515,nan
512000.0,0.07254555068310634,0.17010525240005847,nan
514048.0,0.10177999027189022,0.22271707629984505,nan
516096.0,0.05509392897682376,0.1855152524180709,nan
518144.0,0.06896268687236314,0.19738407624257234,nan
520192.0,0.057086971945749014,0.2062092284904481,nan
522240.0,0.08468792752717119,0.21844784101398645,nan
524288.0,0.06390715273107486,0.21261496102223265,nan
526336.0,0.07231242507821667,0.1737226768079153,nan
528384.0,0.11809124308377061,0.19599784943514714,nan
530432.0,0.10856199131356031,0.20708289393547916,nan
532480.0,0.04532577171415147,0.2093743648816143,nan
534528.0,0.12694769898978525,0.2006148637146255,nan
536576.0,0.08924430337093822,0.184010881389599,nan
538624.0,0.07025943457623768,0.20336712611301008,nan
540672.0,0.07843136891101138,0.21256699689277406,nan
542720.0,0.035000213004039105,0.2099004247414654,nan
544768.0,0.03937678048331458,0.19560726099159004,nan
546816.0,0.09158959524064825,0.2098294170288409,nan
548864.0,0.07855107329161165,0.21812439381517762,nan
550912.0,0.12700050142460184,0.2320194066229811,nan
552960.0,0.03886686202881447,0.23022279245271954,nan
555008.0,0.05650575722231724,0.22118982719674163,nan
557056.0,0.08388156699299329,0.18170442743380066,nan
559104.0,0.09226619430640183,0.19892111298881274,nan
561152.0,0.1072075772698855,0.22499052870541963,nan
563200.0,0.09237257378406082,0.21963536112283855,nan
565248.0,0.09395730091649725,0.22317136306596183,nan
567296.0,0.04316932437487038,0.22263601532967997,nan
569344.0,0.08626557905820098,0.18889718842729158,nan
571392.0,0.08796811953669373,0.22787077878462164,nan
573440.0,0.05225618183441395,0.20318137906885603,nan
575488.0,0.08030985653349634,0.2240436857632033,nan
577536.0,0.13229419115852464,0.22424492251161995,nan
579584.0,0.1170829671463412,0.2331152334036014,nan
581632.0,0.08568790393499788,0.2073831524080343,nan
583680.0,0.10285323798674276,0.17317637707805142,nan
585728.0,0.06638030644133798,0.20734565222827495,nan
587776.0,0.09028106125279464,0.20866398969707528,nan
589824.0,0.06085421139632978,0.17739826823802912,nan
591872.0,0.054552554735121744,0.14924369646153007,nan
593920.0,0.059634807910849325,0.18734631309400057,nan
595968.0,0.05976330249992709,0.22721899199879977,nan
598016.0,0.07212768412341725,0.21332626317248402,nan
600064.0,0.09376172625680469,0.21542243784354492,nan
602112.0,0.060317402529613054,0.21081693455191441,34.07484407484407
604160.0,0.03891961805058086,0.20388652845608818,nan
606208.0,0.04961572387695134,0.20205875540989124,nan
608256.0,0.08205332333978643,0.22080536584173685,nan
610304.0,0.04928554471945201,0.20049667818664876,nan
612352.0,0.10846608655938006,0.22449289597607486,nan
614400.0,0.06447832153601046,0.22173179527484393,nan
616448.0,0.08872275226793311,0.2075585689395117,nan
618496.0,0.07755750803348296,0.19776530994119063,nan
620544.0,0.04615423666387158,0.19851584584187132,nan
622592.0,0.09844373614757408,0.208049809084828,nan
624640.0,0.0800996135208166,0.20269465063981257,nan
626688.0,0.0725347748624367,0.16300084512232066,nan
628736.0,0.09887905585079712,0.19055790298278227,nan
630784.0,0.0683185734050841,0.1779839621992406,nan
632832.0,0.07142660338919288,0.2264502080802108,nan
634880.0,0.046333321211879774,0.21617317801976943,nan
636928.0,0.09237442473276383,0.20518903763504368,nan
638976.0,0.0641577237232573,0.15862021610502222,nan
641024.0,0.033637412374599815,0.19096692595568465,nan
643072.0,0.07574072069019205,0.22280470570792418,nan
645120.0,0.11836825756458436,0.21921581682707592,nan
647168.0,0.10208731185636298,0.2101077342258646,nan
649216.0,0.09375263972787799,0.22365704371124734,nan
651264.0,0.11772640445788415,0.21122732062777175,nan
653312.0,0.07932728975227013,0.19334387911703785,nan
655360.0,0.10855280068547583,0.219418750804065,nan
657408.0,0.08941291236324458,0.19240792503044224,nan
659456.0,0.09362093302837164,0.15817641506082172,nan
661504.0,0.08867865612540154,0.23713147500592516,nan
663552.0,0.07302819788556941,0.22696700794384236,nan
665600.0,0.08665997932996514,0.19185268032828948,nan
667648.0,0.06914829504522396,0.21964777943624172,nan
669696.0,0.08883698844881502,0.21408067802981695,nan
671744.0,0.13757409558046388,0.2358061632254119,nan
673792.0,0.08156882921826558,0.1799117097195298,nan
675840.0,0.0976378439455316,0.20168909867313908,nan
677888.0,0.07084755326075691,0.20894132926829956,nan
679936.0,0.08765212187303989,0.22078784143393235,nan
681984.0,0.11388758683095823,0.19708613563783606,nan
684032.0,0.05603970371518357,0.19733088548762684,nan
686080.0,0.06309176191859676,0.19692059064326117,nan
688128.0,0.07014540104915368,0.18561151264534115,nan
690176.0,0.11124414061075548,0.23841640960506186,nan
692224.0,0.10570597199808922,0.2172428358376857,nan
694272.0,0.1304862418477834,0.20794711756007506,nan
696320.0,0.038204540928983496,0.19630553809203655,nan
698368.0,0.107541193216773,0.1996011927687498,nan
700416.0,0.1344001042106734,0.22128263550816574,nan
702464.0,0.05395856856369704,0.19677265572227542,27.754677754677754
704512.0,0.08485149376530915,0.18151172636577578,nan
706560.0,0.056023138549048036,0.20999183341818312,nan
708608.0,0.07539748095627305,0.21026250590987214,nan
710656.0,0.055639163920388576,0.19790519536428827,nan
712704.0,0.11471977464906152,0.20673958268637035,nan
714752.0,0.11112883586469723,0.22922114769897098,nan
716800.0,0.09462350454802734,0.1874993201927244,nan
718848.0,0.05503928147926182,0.1938250700628894,nan
720896.0,0.08318872663259014,0.18581349471250802,nan
722944.0,0.11682370474774235,0.20833353767065468,nan
724992.0,0.08078764901677266,0.21468081832239397,nan
727040.0,0.0655367895319584,0.19463607605793856,nan
729088.0,0.04459776778040558,0.21821958258561383,nan
731136.0,0.11521202025945751,0.21226473766270387,nan
733184.0,0.09580781141846628,0.1963564213561623,nan
735232.0,0.12014656780345721,0.1973350821150338,nan
737280.0,0.10273212327456047,0.21890925808923697,nan
739328.0,0.11202563297940843,0.22088769786233187,nan
741376.0,0.09646472252934023,0.18162287127724494,nan
743424.0,0.07116216401008645,0.1972933208005659,nan
745472.0,0.08421472142758951,0.22003129775428765,nan
747520.0,0.06446802780490343,0.15501149601111047,nan
749568.0,0.05966013440542507,0.18650130529279224,nan
751616.0,0.06141417578039054,0.18276066439739622,nan
753664.0,0.13239918248890015,0.19719627964380834,nan
755712.0,0.030210985218615455,0.17404560886359613,nan
757760.0,0.08213122637296574,0.1508773652651617,nan
759808.0,0.08053168758335374,0.18785263809636651,nan
761856.0,0.07613948474727397,0.1929285215426169,nan
763904.0,0.1054387704539445,0.20771718116415067,nan
765952.0,0.04357342684612997,0.19994614238041009,nan
768000.0,0.0866216838794694,0.18740013381903878,nan
770048.0,0.06119128606002966,0.19962769033914882,nan
772096.0,0.09059784029242071,0.22630779322778685,nan
774144.0,0.0773134107058002,0.20796135370371732,nan
776192.0,0.08193270528735092,0.20962872423159262,nan
778240.0,0.07101510337792466,0.21507184219386974,nan
780288.0,0.0786627960162356,0.2110072136500141,nan
782336.0,0.054851603877668374,0.19775384068081459,nan
784384.0,0.054336427478951246,0.2056760245202463,nan
786432.0,0.04367341718688308,0.19281734259538358,nan
788480.0,0.09485494539913628,0.216384306733997,nan
790528.0,0.06468952769781734,0.2092486416354445,nan
792576.0,0.01751166233470687,0.18783409985490107,nan
794624.0,0.11667945738762699,0.2088076889532596,nan
796672.0,0.07970303620394856,0.22465296488335862,nan
798720.0,0.13884512106839286,0.24027195048340313,nan
800768.0,0.12220808086969141,0.2343166006051809,nan
802816.0,0.1210045535814753,0.22761553805594795,28.32640332640333
804864.0,0.08896762480601164,0.2054569405843209,nan
806912.0,0.07725065454550545,0.14524995649327263,nan
808960.0,0.1065586058885242,0.21200139535905266,nan
811008.0,0.037295327972410905,0.19600497254886332,nan
813056.0,0.07170434551209098,0.20875132846154942,nan
815104.0,0.11912668009970236,0.21872745515513087,nan
817152.0,0.0895220719151098,0.18145423092153315,nan
819200.0,0.04154025746105444,0.1476071396226058,nan
821248.0,0.09284357355473111,0.22695639317050378,nan
823296.0,0.08959592876027717,0.19377830227331247,nan
825344.0,0.07337105394140836,0.20036865207702254,nan
827392.0,0.11328318546583165,0.20814968168184422,nan
829440.0,0.04454025055516905,0.21691502227451095,nan
831488.0,0.10781960725467529,0.19809796691781656,nan
833536.0,0.06643365256547257,0.1949061187029752,nan
835584.0,0.07727050002673458,0.18321605467761518,nan
837632.0,0.10631714437402544,0.21074829493421224,nan
839680.0,0.09609895180318351,0.21164617096209,nan
841728.0,0.07959583960006775,0.20719908800408685,nan
843776.0,0.09135456602181456,0.2042383550593946,nan
845824.0,0.021931529294914747,0.16328852581926293,nan
847872.0,0.12331455910162419,0.21703632204496098,nan
849920.0,0.11146089160440877,0.20141824139030562,nan
851968.0,0.07816128049708654,0.20251415872601033,nan
854016.0,0.09207535416050064,0.2038331517970193,nan
856064.0,0.034655629360716325,0.19195179236582188,nan
858112.0,0.10028772422121998,0.16906902715226,nan
860160.0,0.08339077366937526,0.21522173661283733,nan
862208.0,0.0968463219031355,0.21508270104310834,nan
864256.0,0.1113006600267201,0.21988950381043432,nan
866304.0,0.07290931385731157,0.19989819815983817,nan
868352.0,0.06735066566670887,0.1957373482699223,nan
870400.0,0.0927541914889067,0.22262744052407019,nan
872448.0,0.11240410448570543,0.16932659855412363,nan
874496.0,0.09835082706508372,0.21800133023883103,nan
876544.0,0.0675057438135336,0.16925359605530751,nan
878592.0,0.10410452790586364,0.17914507880624628,nan
880640.0,0.046396443347794934,0.19847893502488875,nan
882688.0,0.09000559806643313,0.22993828616064485,nan
884736.0,0.0980127174225652,0.180391043492275,nan
886784.0,0.07137582422731215,0.15336009203505738,nan
888832.0,0.07044173192496125,0.17933098809871142,nan
890880.0,0.10948694628602056,0.19576036537832536,nan
892928.0,0.07313097433926842,0.17490562886175898,nan
894976.0,0.08047321421510413,0.23092195019632064,nan
897024.0,0.07066390493679889,0.17512136894296962,nan
899072.0,0.07136353046154657,0.223935544413778,nan
901120.0,0.11134599632816881,0.21872006351977694,nan
903168.0,0.11801633842516082,0.24470447918252572,29.230769230769234
905216.0,0.10227954246828946,0.20084006613173672,nan
907264.0,0.05482751857613484,0.20279895027385922,nan
909312.0,0.11615121660775186,0.21004313319997142,nan
911360.0,0.01872109717898522,0.14902897698974246,nan
913408.0,0.10524260318232971,0.23604270914467443,nan
915456.0,0.11301332402008432,0.21367891614800885,nan
917504.0,0.128450862617675,0.22692448995004008,nan
919552.0,0.11165406680560186,0.20795978180560917,nan
921600.0,0.09943332716155538,0.18427676113126862,nan
923648.0,0.08520764619648437,0.20525833752242698,nan
925696.0,0.0887046009044189,0.18803917505462106,nan
927744.0,0.08478215520384658,0.1969601188971794,nan
929792.0,0.10324756534149997,0.21005900434997632,nan
931840.0,0.04321180634515056,0.18443182135636477,nan
933888.0,0.05099104138816336,0.1823990659948536,nan
935936.0,0.09521466357831347,0.17550892916602215,nan
937984.0,0.10765308160211344,0.19607054180477906,nan
940032.0,0.08551912350373224,0.18808335456291825,nan
942080.0,0.09979240191321351,0.20096387658589523,nan
944128.0,0.055891128806015086,0.23346541419134784,nan
946176.0,0.06332256356186658,0.18014805933920114,nan
948224.0,0.12056685474305251,0.18854865910225269,nan
950272.0,0.07856021548731194,0.2023446900869527,nan
952320.0,0.14397974953094647,0.21620328292642138,nan
954368.0,0.1002158978191546,0.19776081882653507,nan
956416.0,0.08681969613492102,0.18795239095385638,nan
958464.0,0.07075145237370363,0.19627307872467317,nan
960512.0,0.10983693430032083,0.20050882240494663,nan
962560.0,0.08514286546858651,0.1936735738815799,nan
964608.0,0.06292787704875422,0.19411941958416795,nan
966656.0,0.10526992370375912,0.21349460140874735,nan
968704.0,0.0824234345659803,0.21691366992804456,nan
970752.0,0.12531983511914516,0.22369682256420043,nan
972800.0,0.0889402532320338,0.18396149978752088,nan
974848.0,0.12100211856797434,0.20933723993078202,nan
976896.0,0.11561238441535379,0.21345014817385213,nan
978944.0,0.09770620988982338,0.1992566467461181,nan
980992.0,0.06512512193985097,0.15484206961151817,nan
983040.0,0.09756122418877396,0.23131381683946609,nan
985088.0,0.13153002971468447,0.21186824303360532,nan
987136.0,0.12262319110046434,0.19191036556746355,nan
989184.0,0.12139893585296357,0.22164575511979465,nan
991232.0,0.08331718542295197,0.17604817492520017,nan
993280.0,0.1343476688616614,0.23260048487011392,nan
995328.0,0.10845134910547474,0.20931191762451562,nan
997376.0,0.12992418817364207,0.17965561377966283,nan
999424.0,0.12346795589037801,0.20105032312933613,nan
1001472.0,0.10759826191068331,0.211435908780403,nan
1003520.0,0.10227438113198632,0.2039073640487729,28.752598752598754
1005568.0,0.12211562273499965,0.2030803010145837,nan
1007616.0,0.06960534824569234,0.19930233802384803,nan
1009664.0,0.09935826894726005,0.22138721448033236,nan
1011712.0,0.0877250953438164,0.17300817210368002,nan
1013760.0,0.1290393229739092,0.2194454015533594,nan
1015808.0,0.07151613748839239,0.17011388975451514,nan
1017856.0,0.08407209867745767,0.22306739496769798,nan
1019904.0,0.13218730469559087,0.22132974812707526,nan
1021952.0,0.10605589423372241,0.20796904133049335,nan
1024000.0,0.07319666383205642,0.17600175354873723,nan
1026048.0,0.09388337106813868,0.19001973428736307,nan
1028096.0,0.08384797662800557,0.15656187266728813,nan
1030144.0,0.10280970282581765,0.17821187054983315,nan
1032192.0,0.11680761350282753,0.21448956041086653,nan
1034240.0,0.08142185348385936,0.17201835207021876,nan
1036288.0,0.08695986423525776,0.1865736679874233,nan
1038336.0,0.09727805353130672,0.21677435360383068,nan
1040384.0,0.10464979354741107,0.22395801684475902,nan
1042432.0,0.11457788135102143,0.21051122149106313,nan
1044480.0,0.14967388248211216,0.2158446335817547,nan
1046528.0,0.12744549315932646,0.19094802813378317,nan
1048576.0,0.06917391502508288,0.18968102580624227,nan
1050624.0,0.09516925699721075,0.197996963330372,nan
1052672.0,0.11680260370176379,0.21411957774688098,nan
1054720.0,0.09466813691958932,0.21554510303332378,nan
1056768.0,0.13599871301819214,0.20617532007833592,nan
1058816.0,0.09102627085109678,0.19386728771162798,nan
1060864.0,0.09632532127223054,0.22020873963841883,nan
1062912.0,0.08740556721535343,0.2289209318698263,nan
1064960.0,0.11550592902656584,0.2203342134046558,nan
1067008.0,0.08180507678634023,0.19361314447884556,nan
1069056.0,0.09940770116092917,0.1685177935976676,nan
1071104.0,0.130317717528607,0.19316432000431485,nan
1073152.0,0.09540049813483854,0.19255097019761486,nan
1075200.0,0.10466797713810175,0.20080593537666794,nan
1077248.0,0.08856617955248319,0.20796244522859264,nan
1079296.0,0.07620111349643943,0.1898540352682008,nan
1081344.0,0.09304576641662947,0.19269114805346965,nan
1083392.0,0.07481097940896808,0.17224847614875544,nan
1085440.0,0.09089025961064573,0.17229096205058203,nan
1087488.0,0.06979648994607907,0.1745384500611314,nan
1089536.0,0.048185589809173895,0.2039131270513123,nan
1091584.0,0.06957917815440506,0.1763283204419689,nan
1093632.0,0.09706385202801657,0.20701053770402464,nan
1095680.0,0.13402101392819965,0.20729979083302585,nan
1097728.0,0.08719149602739404,0.17828027784382564,nan
1099776.0,0.10582182319720984,0.17195717398529287,nan
1101824.0,0.10942297399865897,0.21807602256338518,nan
1103872.0,0.14683321096869478,0.2105681739261313,31.299376299376302
1105920.0,0.12534162226104728,0.1890076828890506,nan
1107968.0,0.1309570795682079,0.17911899448273014,nan
1110016.0,0.12497366399976637,0.2001945511404452,nan
1112064.0,0.13618171809473636,0.19388661823267575,nan
1114112.0,0.10134622995007395,0.19956363813862316,nan
1116160.0,0.1171374808281707,0.22255555689813294,nan
1118208.0,0.10794831492756436,0.20654169525380153,nan
1120256.0,0.12662145966932664,0.19637582038456405,nan
1122304.0,0.13712323255313685,0.1697850233113627,nan
1124352.0,0.0788827113382477,0.16773513177662897,nan
1126400.0,0.0834237948840932,0.1826208418577091,nan
1128448.0,0.15481378447520058,0.21544647264696368,nan
1130496.0,0.10232660113114944,0.21590778952881456,nan
1132544.0,0.09332283377527066,0.1786988223215144,nan
1134592.0,0.12321526575967823,0.1593565476982519,nan
1136640.0,0.11925430257015052,0.20885974442453029,nan
1138688.0,0.09485896701316647,0.16956326513435116,nan
1140736.0,0.11051469884594209,0.21421956190515604,nan
1142784.0,0.12773452406675972,0.17613330248394132,nan
1144832.0,0.08521505291399781,0.18344682343209395,nan
1146880.0,0.09371758018194506,0.18029406424316013,nan
1148928.0,0.10093435401804149,0.20406861292208633,nan
1150976.0,0.0643039320658425,0.19053829878206746,nan
1153024.0,0.12714618276591383,0.22666104880737953,nan
1155072.0,0.10043267472885692,0.18144522673389127,nan
1157120.0,0.05588013409481517,0.20872007361667488,nan
1159168.0,0.08031312074785173,0.20226801823787885,nan
1161216.0,0.10078948004897005,0.19330090302798214,nan
1163264.0,0.08968819445424182,0.1602078417274032,nan
1165312.0,0.09183833004734412,0.16864667533313965,nan
1167360.0,0.12473502775346751,0.19700352678097136,nan
1169408.0,0.10079681949060681,0.18822086140998817,nan
1171456.0,0.10561610584873304,0.20200469726192577,nan
1173504.0,0.12567003568109308,0.20716211600989848,nan
1175552.0,0.09412344419971302,0.20730275295782646,nan
1177600.0,0.09911211927510624,0.19895732293314142,nan
1179648.0,0.1705639706912736,0.18479857510974554,nan
1181696.0,0.08404249539769262,0.19937257978606893,nan
1183744.0,0.0983260405320299,0.22819756013360354,nan
1185792.0,0.10743692747668251,0.19256232868848225,nan
1187840.0,0.10156860671856649,0.21925137770352945,nan
1189888.0,0.137139842132199,0.19345534260900085,nan
1191936.0,0.13933354514526353,0.1765993055749089,nan
1193984.0,0.11835191939122697,0.1795658029014063,nan
1196032.0,0.07621759103327413,0.21239832828547614,nan
1198080.0,0.10951899006569181,0.2195109921323749,nan
1200128.0,0.14012169310779649,0.22870647325279034,nan
1202176.0,0.10012435339215903,0.1912660600917127,nan
1204224.0,0.1327222486714683,0.2007561704835413,33.388773388773394
1206272.0,0.09447152131230807,0.1893590382338925,nan
1208320.0,0.1365188313441073,0.20723070860695214,nan
1210368.0,0.1282538942007575,0.20917937050664123,nan
1212416.0,0.1301428172087974,0.18039621112754028,nan
1214464.0,0.11579420971495724,0.18057430533237934,nan
1216512.0,0.11638283399099887,0.18020364979277825,nan
1218560.0,0.12741964571022102,0.22116898952411887,nan
1220608.0,0.1126769263133298,0.20921750481152648,nan
1222656.0,0.14490142348964383,0.20851433332115035,nan
1224704.0,0.13492822698261686,0.20835786113620153,nan
1226752.0,0.11560112386988275,0.19361750347789644,nan
1228800.0,0.13429854801994995,0.20770375440779473,nan
1230848.0,0.04975609649974923,0.12766431870055558,nan
1232896.0,0.1018178548928293,0.15497164557918064,nan
1234944.0,0.09956679001655303,0.20039034875504877,nan
1236992.0,0.11496909799514758,0.21642343761879487,nan
1239040.0,0.12024913064437015,0.1892254216555661,nan
1241088.0,0.08554303194371164,0.16961742608847927,nan
1243136.0,0.13214861633381494,0.21422585617220916,nan
1245184.0,0.1121112489149654,0.14701811239831708,nan
1247232.0,0.1251668773159667,0.16931532934983945,nan
1249280.0,0.13480400995567823,0.20362119472899584,nan
1251328.0,0.17573446778703308,0.1981465338033603,nan
1253376.0,0.12761140947121324,0.20106496433886456,nan
1255424.0,0.05740754226954378,0.17479430445290112,nan
1257472.0,0.1336324213080286,0.20748874043556323,nan
1259520.0,0.08114936118069982,0.21035579597696208,nan
1261568.0,0.0975825410199972,0.18802954493843954,nan
1263616.0,0.06085591700128613,0.18982389163031413,nan
1265664.0,0.09898801560755313,0.2165961051208821,nan
1267712.0,0.10298178246764192,0.17172943325938758,nan
1269760.0,0.08448546719094113,0.2111797463308065,nan
1271808.0,0.12527001768061577,0.1964979196442604,nan
1273856.0,0.11768021567905916,0.18720959358547692,nan
1275904.0,0.11530539213786911,0.18842355265629201,nan
1277952.0,0.09655339149857681,0.19341902853773915,nan
1280000.0,0.15378019327767256,0.20116774520413008,nan
1282048.0,0.14260107104509723,0.19050427899845643,nan
1284096.0,0.08021025316996386,0.15690484877341027,nan
1286144.0,0.09151159446882254,0.18728086001867794,nan
1288192.0,0.11700390404740656,0.18659182748724945,nan
1290240.0,0.07931650186104676,0.20627718879522886,nan
1292288.0,0.11610569200997017,0.1994333419887315,nan
1294336.0,0.104181707865263,0.17758381123484504,nan
1296384.0,0.06847185982585477,0.19841192895367296,nan
1298432.0,0.1378539104009497,0.22086830344342048,nan
1300480.0,0.0888870979162342,0.16715390972872926,nan
1302528.0,0.13851334829064027,0.2013144068831619,nan
1304576.0,0.14564851991965555,0.18695521114157101,36.37344074844075
1306624.0,0.12541035904714806,0.21889092870773177,nan
1308672.0,0.10835364224147422,0.18881452060603912,nan
1310720.0,0.11127067722526937,0.1915694706323512,nan
1312768.0,0.1350529970203508,0.21331735330769339,nan
1314816.0,0.11917475093123872,0.20242090423603848,nan
1316864.0,0.13358224413551914,0.20809229807687682,nan
1318912.0,0.12438226605211267,0.212584733168238,nan
1320960.0,0.08683862117392117,0.188384488849044,nan
1323008.0,0.09797207565653736,0.18411064635575788,nan
1325056.0,0.09360262291675928,0.17476289020375654,nan
1327104.0,0.11259667766430076,0.13986880430739332,nan
1329152.0,0.15434868955826664,0.20902093891533335,nan
1331200.0,0.10743101838638759,0.2066866907234361,nan
1333248.0,0.12487563951385128,0.19836168871835014,nan
1335296.0,0.13391768744753074,0.18750203633275717,nan
1337344.0,0.13770133019134612,0.21396678514222794,nan
1339392.0,0.11524651679629398,0.1513640279044665,nan
1341440.0,0.12506007966261398,0.16215449791813027,nan
1343488.0,0.1212075420498348,0.15404304842375208,nan
1345536.0,0.14388081031494426,0.20384853750543955,nan
1347584.0,0.11309701050800743,0.21318322196734857,nan
1349632.0,0.10311740353437339,0.18334834096763164,nan
1351680.0,0.07877035016161557,0.20085021417738022,nan
1353728.0,0.12905930183012515,0.2001841547185903,nan
1355776.0,0.1327965768833019,0.2096445418540583,nan
1357824.0,0.13317351874701305,0.18699849598987525,nan
1359872.0,0.19115442603468036,0.17890794266995214,nan
1361920.0,0.16153662439194313,0.19687616156659835,nan
1363968.0,0.12680240245084237,0.19544455484888282,nan
1366016.0,0.11180058088472192,0.19507857722105726,nan
1368064.0,0.12074653298310764,0.21501562637808092,nan
1370112.0,0.14333988209180404,0.20613059512169704,nan
1372160.0,0.13492783955694965,0.20953452053758956,nan
1374208.0,0.06620689556686539,0.1913618855946269,nan
1376256.0,0.11647282964912556,0.1941713959027003,nan
1378304.0,0.08060078973103192,0.17293287370660526,nan
1380352.0,0.0924224560685013,0.1789670734290881,nan
1382400.0,0.08325161528671868,0.18479183130684285,nan
1384448.0,0.11266174080739325,0.15623721467361198,nan
1386496.0,0.12650474619270638,0.20263962997939322,nan
1388544.0,0.1265606018380691,0.17402710584410555,nan
1390592.0,0.10859718982756199,0.18354971547857465,nan
1392640.0,0.16269416399909045,0.19244496491092405,nan
1394688.0,0.12995214702876984,0.20997315220741128,nan
1396736.0,0.13967791749426367,0.20509329222094966,nan
1398784.0,0.16057438627518966,0.19169275578655676,nan
1400832.0,0.16454675790640153,0.20104361869372028,nan
1402880.0,0.1555171824636872,0.20243360358359183,nan
1404928.0,0.13211497150938395,0.19385536548347992,27.12058212058212
1406976.0,0.14044837887160316,0.19730208406322314,nan
1409024.0,0.11758640803461445,0.1921652894132721,nan
1411072.0,0.154589729918229,0.2089431038865559,nan
1413120.0,0.0969846759618814,0.17557182282989595,nan
1415168.0,0.14082975828962957,0.20978826931760572,nan
1417216.0,0.14298951942556026,0.22165795243327013,nan
1419264.0,0.17034520399991507,0.21990138210916862,nan
1421312.0,0.13860425517442967,0.18804693033096984,nan
1423360.0,0.1784147775801251,0.21094414228501093,nan
1425408.0,0.1286434467523319,0.20839280117892414,nan
1427456.0,0.07698300849113052,0.19714054408332773,nan
1429504.0,0.10863362595568354,0.19552957523352218,nan
1431552.0,0.1681521840985444,0.20492185732306312,nan
1433600.0,0.07163634279570291,0.18418630084934887,nan
1435648.0,0.08906390806401811,0.2092931477229542,nan
1437696.0,0.10544888485772207,0.21080942331772415,nan
1439744.0,0.12353893513331998,0.19245038297160347,nan
1441792.0,0.14913864281585487,0.2219769764902195,nan
1443840.0,0.11855976307267041,0.19756931017646379,nan
1445888.0,0.11895682681455072,0.15770519718727904,nan
1447936.0,0.1341049544787464,0.1958518355516024,nan
1449984.0,0.19568605753308482,0.16552244770253466,nan
1452032.0,0.15340174225126318,0.18223311455212612,nan
1454080.0,0.14610444839721193,0.16275605068593765,nan
1456128.0,0.16326312524780331,0.20489585046272465,nan
1458176.0,0.12006172375420533,0.22772671231909092,nan
1460224.0,0.09710605041148034,0.21062330230448678,nan
1462272.0,0.09613649140585473,0.20495416288834178,nan
1464320.0,0.16314187413888603,0.2210251594118242,nan
1466368.0,0.14232602950929146,0.2329229015453742,nan
1468416.0,0.16820701135349164,0.21857524040463447,nan
1470464.0,0.2063633202543237,0.20763158116333957,nan
1472512.0,0.13897230251844764,0.2111975827674717,nan
1474560.0,0.10228595599083232,0.16960367454832775,nan
1476608.0,0.11948115685002533,0.17784132572512604,nan
1478656.0,0.09713887891383684,0.16313607257694146,nan
1480704.0,0.11774659095651874,0.16299369516955795,nan
1482752.0,0.1395881859247531,0.1794417649294098,nan
1484800.0,0.12780986545718606,0.16977108638837454,nan
1486848.0,0.1145648811669415,0.1838513793502116,nan
1488896.0,0.1451848902497913,0.18232627219892708,nan
1490944.0,0.11507338525889288,0.16127694666703116,nan
1492992.0,0.14098824213379824,0.18960180563369822,nan
1495040.0,0.12390696654523843,0.1474490839868431,nan
1497088.0,0.09982339067566337,0.202700254907567,nan
1499136.0,0.08884097765174359,0.2005761351365357,nan
1501184.0,0.10554598339362115,0.20837641696454548,nan
1503232.0,0.11591147651697385,0.21121901993890144,nan
1505280.0,0.1310864719451733,0.21975521865660816,39.68814968814969
1507328.0,0.11682162137563674,0.2156104713566852,nan
1509376.0,0.1391715161740611,0.22546517874042837,nan
1511424.0,0.1497748606705211,0.191250834600486,nan
1513472.0,0.12662893296343128,0.21360154387426225,nan
1515520.0,0.11056122569227672,0.22819243600336703,nan
1517568.0,0.135854507616334,0.19872989191525472,nan
1519616.0,0.1459911918781767,0.1902434743019604,nan
1521664.0,0.1369160755881565,0.21878549487821988,nan
1523712.0,0.15800839859438215,0.21372960614844055,nan
1525760.0,0.1603821062860789,0.22050742942994728,nan
1527808.0,0.2009149031628555,0.2117485098265721,nan
1529856.0,0.17791808598446507,0.20926795688665822,nan
1531904.0,0.14208525948462736,0.21920150777922093,nan
1533952.0,0.16978416528157186,0.21349312946052776,nan
1536000.0,0.13302066974906263,0.20782795282075386,nan
1538048.0,0.17890892259245367,0.19664976652623822,nan
1540096.0,0.17799092838644393,0.2054265922976867,nan
1542144.0,0.155961873453424,0.23036918816904875,nan
1544192.0,0.14261530848624954,0.22282612855782097,nan
1546240.0,0.1299929766880602,0.21000075560734224,nan
1548288.0,0.1371416822033893,0.22613722377989037,nan
1550336.0,0.1113766534146105,0.22196608599344933,nan
1552384.0,0.13274582021515585,0.23771393460824633,nan
1554432.0,0.11715383350138839,0.2064548558758229,nan
1556480.0,0.08717352808529086,0.20224253299113057,nan
1558528.0,0.15499531316994986,0.20641571796384067,nan
1560576.0,0.1306857833202425,0.21738079361012608,nan
1562624.0,0.1688218895928789,0.22213442138682335,nan
1564672.0,0.13208676041754136,0.18814077763225504,nan
1566720.0,0.14071150855251013,0.223162145464027,nan
1568768.0,0.12563487669099588,0.20756005117692836,nan
1570816.0,0.14891385772901405,0.2029774167080179,nan
1572864.0,0.11531029699037934,0.20905810927645543,nan
1574912.0,0.06177186639787921,0.20136559571542087,nan
1576960.0,0.19326830584800048,0.2215862662220417,nan
1579008.0,0.15152563261029567,0.23999849608870769,nan
1581056.0,0.13183103260287599,0.2135865374204451,nan
1583104.0,0.1352679534015434,0.21979177711821007,nan
1585152.0,0.17001239087497777,0.2188613249482134,nan
1587200.0,0.13350994688406748,0.22566687576215616,nan
1589248.0,0.12337382299255745,0.2249988814206325,nan
1591296.0,0.16391126680073753,0.21050182990469876,nan
1593344.0,0.17992626009257878,0.21579090829014447,nan
1595392.0,0.12609256405798341,0.2283531175403044,nan
1597440.0,0.1486070977897419,0.21956438861166147,nan
1599488.0,0.1426375713893082,0.2321159721154302,nan
1601536.0,0.13583814263276273,0.21664432949302603,nan
1603584.0,0.13867759693400955,0.22598010871737684,nan
1605632.0,0.1510809020249202,0.21706998023267154,46.33056133056134
1607680.0,0.1582494959542255,0.21923414217444356,nan
1609728.0,0.16485094797781724,0.21738862928714942,nan
1611776.0,0.12205636353465336,0.22277811352030694,nan
1613824.0,0.20700407647608926,0.20382979108885105,nan
1615872.0,0.11856417905834933,0.18959061062070728,nan
1617920.0,0.11669225283710745,0.2151364192285153,nan
1619968.0,0.15425353628427685,0.239066679798917,nan
1622016.0,0.12499396551381782,0.2246856638307055,nan
1624064.0,0.11121705432906276,0.20737619784038147,nan
1626112.0,0.18889393779877553,0.20821432014538704,nan
1628160.0,0.11749737852623396,0.2138844688599178,nan
1630208.0,0.1581470110947677,0.2109591342060819,nan
1632256.0,0.18579069160017186,0.19340146476337539,nan
1634304.0,0.14679920826533252,0.20018681592026957,nan
1636352.0,0.1407906171428164,0.19804123884578428,nan
1638400.0,0.12771251758251934,0.2027610181269945,nan
1640448.0,0.1277306448734593,0.19847026725841388,nan
1642496.0,0.12302892383895289,0.21086167218412175,nan
1644544.0,0.1535971653093531,0.20315766588631187,nan
1646592.0,0.14382161734115362,0.21870819895689472,nan
1648640.0,0.1282451868631115,0.2234849209880925,nan
1650688.0,0.132646099809401,0.21251769325595976,nan
1652736.0,0.15902477528944264,0.19925289980414135,nan
1654784.0,0.14476757925667183,0.20509609685784486,nan
1656832.0,0.12981628540983262,0.20394460563542474,nan
1658880.0,0.23974836518782439,0.20436993430597955,nan
1660928.0,0.15928366110830278,0.20107819620723336,nan
1662976.0,0.14563984915042924,0.19955170713077872,nan
1665024.0,0.24527424151242086,0.1818612437766881,nan
1667072.0,0.213680964922395,0.17976280161470184,nan
1669120.0,0.18929842302119676,0.20425393132464256,nan
1671168.0,0.24590164418213628,0.19227280567612037,nan
1673216.0,0.1329808537446402,0.2114026793528806,nan
1675264.0,0.10700469314182083,0.2238558936529981,nan
1677312.0,0.1940828793565143,0.2261612893010715,nan
1679360.0,0.13648456825812819,0.22020766013652915,nan
1681408.0,0.1502848179758702,0.21303400942231537,nan
1683456.0,0.1575618831783,0.20748469987195048,nan
1685504.0,0.1661090836391495,0.19790250071596663,nan
1687552.0,0.13331116059937836,0.21568274091543407,nan
1689600.0,0.13283238487057153,0.21634979901814205,nan
1691648.0,0.11268025961383933,0.20630057663153903,nan
1693696.0,0.18983870927862567,0.21692217679270392,nan
1695744.0,0.18047439362221107,0.2199732822072717,nan
1697792.0,0.20084438465574628,0.2077948149775936,nan
1699840.0,0.15329068211450078,0.20743958582466507,nan
1701888.0,0.16770642159713556,0.2141195558543755,nan
1703936.0,0.16989539626907302,0.21213505319754833,nan
1705984.0,0.12222962731111113,0.2289858504606327,49.428274428274435
1708032.0,0.16108167552861796,0.21417823706679365,nan
1710080.0,0.1284717589586916,0.22814803126148725,nan
1712128.0,0.06589848993926448,0.19211118011626682,nan
1714176.0,0.19544303648334488,0.21759807246284313,nan
1716224.0,0.1292449666764232,0.21885090226885762,nan
1718272.0,0.17676527508823298,0.22549952115658228,nan
1720320.0,0.1200949259064888,0.23216375993826432,nan
1722368.0,0.1539513514437923,0.22573110109209177,nan
1724416.0,0.16601969398579086,0.20432773795111986,nan
1726464.0,0.15592987780430315,0.2160910186722104,nan
1728512.0,0.1679618589423224,0.22789358772931112,nan
1730560.0,0.1632019874295604,0.22804529830603473,nan
1732608.0,0.19558170255116963,0.22330393267188683,nan
1734656.0,0.15830258335866926,0.230836913444483,nan
1736704.0,0.14317919351806863,0.2404311143421719,nan
1738752.0,0.11914972842607767,0.2362557788789998,nan
1740800.0,0.16808330868393279,0.22588450628762463,nan
1742848.0,0.14327231102401575,0.21296760026062037,nan
1744896.0,0.1317201498104777,0.22785088251573624,nan
1746944.0,0.1633064372307238,0.23411256782669657,nan
1748992.0,0.21355514324640074,0.21994777968408094,nan
1751040.0,0.2258253778629066,0.21332232287137567,nan
1753088.0,0.11961163976189335,0.22126694208198727,nan
1755136.0,0.20384586394170823,0.21352692155601966,nan
1757184.0,0.15667844448578344,0.23767245093138922,nan
1759232.0,0.15486889130671688,0.22937221766458887,nan
1761280.0,0.09674153087354406,0.2279056967219365,nan
1763328.0,0.14611124874645892,0.22151616704197552,nan
1765376.0,0.1954439443119267,0.22572268808466756,nan
1767424.0,0.18001592167649594,0.21677713337909152,nan
1769472.0,0.14893942610558508,0.23016616490937658,nan
1771520.0,0.2553302080955926,0.1940616465748202,nan
1773568.0,0.2293565541675882,0.20854783850233374,nan
1775616.0,0.23324115273151552,0.20693255224293355,nan
1777664.0,0.2140762460119675,0.2164360075979655,nan
1779712.0,0.21750174425676538,0.21237936247667907,nan
1781760.0,0.19401515033047317,0.22381101355027458,nan
1783808.0,0.1439540833403962,0.2442699053299461,nan
1785856.0,0.16031578573730335,0.2298084783088068,nan
1787904.0,0.20077643780372345,0.21713797296217538,nan
1789952.0,0.18186050826275224,0.23621391460466243,nan
1792000.0,0.20314029908919895,0.20443093506441695,nan
1794048.0,0.1639217764793458,0.22473825976061734,nan
1796096.0,0.22968458327935115,0.209354816349591,nan
1798144.0,0.15743187289608096,0.22156236416967992,nan
1800192.0,0.16112538963028167,0.23441831496070656,nan
1802240.0,0.1870390390803357,0.22300400786464003,nan
1804288.0,0.1382142041130283,0.2282840560118557,nan
1806336.0,0.20342997199190954,0.21736192922984626,67.50519750519751
1808384.0,0.23203758373684646,0.20079035159214775,nan
1810432.0,0.18743897997985726,0.2298014581109345,nan
1812480.0,0.24505519823849925,0.20288613339432238,nan
1814528.0,0.24639722521914775,0.2059909159720354,nan
1816576.0,0.15503707874666622,0.2336211033993057,nan
1818624.0,0.20342799904798378,0.2158599221541915,nan
1820672.0,0.20248731470240325,0.22359555271242587,nan
1822720.0,0.19572842413690833,0.22639378521297024,nan
1824768.0,0.16576737634651117,0.23505528174081153,nan
1826816.0,0.229753530485458,0.20933996435141963,nan
1828864.0,0.14646599013265504,0.22850444293477626,nan
1830912.0,0.2282563922030985,0.21510139823522983,nan
1832960.0,0.15232770577180052,0.241154103766847,nan
1835008.0,0.12992368887248457,0.23951033024984672,nan
1837056.0,0.19812969645254264,0.22665714379412125,nan
1839104.0,0.1974726146940637,0.22713520807319704,nan
1841152.0,0.19101712567780682,0.2312478093562454,nan
1843200.0,0.19855703978336042,0.22973586180008698,nan
1845248.0,0.1954310410616793,0.22292417621179425,nan
1847296.0,0.2083419787050154,0.21709934604529452,nan
1849344.0,0.22255891534119093,0.21054064154907906,nan
1851392.0,0.20108289663284665,0.2120613377278623,nan
1853440.0,0.19377504256193184,0.23214889719470863,nan
1855488.0,0.22567174049905112,0.2176546823232693,nan
1857536.0,0.21599017335940413,0.22204387283195892,nan
1859584.0,0.15110557132871344,0.2028061527916162,nan
1861632.0,0.24130945493983874,0.20106025563731847,nan
1863680.0,0.15878264557388902,0.23667275046948175,nan
1865728.0,0.1937112207528866,0.2314386332260698,nan
1867776.0,0.24684485019751887,0.2040771546825266,nan
1869824.0,0.19839858219069517,0.23481408473072585,nan
1871872.0,0.12347105819497185,0.22895471089001473,nan
1873920.0,0.2392343682803751,0.20870155441196778,nan
1875968.0,0.1883801936030568,0.22822265693295188,nan
1878016.0,0.20136991462550466,0.21526855624072472,nan
1880064.0,0.16404491131060944,0.23695959776242242,nan
1882112.0,0.14613679776999156,0.22571698014565852,nan
1884160.0,0.1591822182138717,0.22773112797795741,nan
1886208.0,0.1646388612084046,0.23755016511624744,nan
1888256.0,0.14462664157762983,0.23070601322741524,nan
1890304.0,0.13955187525451612,0.23800472742089693,nan
1892352.0,0.24370088510983856,0.20920279166193506,nan
1894400.0,0.15452523170899862,0.2118309235285526,nan
1896448.0,0.1452388907382651,0.23580487458095403,nan
1898496.0,0.20699231684187158,0.2172719239807085,nan
1900544.0,0.18390400927967876,0.23349355573411362,nan
1902592.0,0.17733451481324292,0.23676159285430634,nan
1904640.0,0.07794707169189953,0.21099138685893473,nan
1906688.0,0.1828866219995854,0.23138843086323363,56.64241164241164
1908736.0,0.2255892617764987,0.21875119505020205,nan
1910784.0,0.19557304864084435,0.22900000203278192,nan
1912832.0,0.2380371196138812,0.20548052799424985,nan
1914880.0,0.2290901002928458,0.2073177952142191,nan
1916928.0,0.12709990566356985,0.2285565515826534,nan
1918976.0,0.17399494788064518,0.2386413956302513,nan
1921024.0,0.25450207821220566,0.1848890820197487,nan
1923072.0,0.22754353867471444,0.21040072140008698,nan
1925120.0,0.18903087358559945,0.2320361868052487,nan
1927168.0,0.21241088086372506,0.21424115987462433,nan
1929216.0,0.208233889645426,0.21868127885833788,nan
1931264.0,0.1659684402232981,0.2273743555783378,nan
1933312.0,0.2169238192735476,0.21344557373867049,nan
1935360.0,0.18469021967876115,0.21390026609906673,nan
1937408.0,0.15245500866869544,0.22567885008001345,nan
1939456.0,0.2510538860050704,0.20132958057101205,nan
1941504.0,0.19813462437883267,0.21112786590555482,nan
1943552.0,0.22795254511945867,0.20310838814881835,nan
1945600.0,0.20721304273387478,0.22562446441514142,nan
1947648.0,0.21696024014280255,0.21171223833455108,nan
1949696.0,0.23662966315170433,0.2121710478416798,nan
1951744.0,0.1852987681867499,0.22372862285211872,nan
1953792.0,0.18851875217935102,0.23072050355055032,nan
1955840.0,0.24128071960759398,0.20213646468896468,nan
1957888.0,0.2554044183663984,0.201711387676277,nan
1959936.0,0.24355748189746618,0.2111030543739278,nan
1961984.0,0.25009478695040605,0.1965400559107663,nan
1964032.0,0.16303688740690758,0.20855887371124343,nan
1966080.0,0.13787191338319835,0.2253375966474053,nan
1968128.0,0.1124671460104957,0.23753353506468963,nan
1970176.0,0.06213376787301339,0.23105937848125604,nan
1972224.0,0.17260402947747333,0.247514920378857,nan
1974272.0,0.16387973712868042,0.22652002573507105,nan
1976320.0,0.2182489016499845,0.22341670269250277,nan
1978368.0,0.08417130501734145,0.2160181470844122,nan
1980416.0,0.14734320412742885,0.21741450122210593,nan
1982464.0,0.17665992403160546,0.22923944044177724,nan
1984512.0,0.22040730030150568,0.219156595298971,nan
1986560.0,0.18440412981517687,0.23407659105919054,nan
1988608.0,0.3039274490743664,0.1521352732221592,nan
1990656.0,0.2622913116214306,0.1718624937050115,nan
1992704.0,0.17809775465969127,0.22752813265250166,nan
1994752.0,0.20019318182811346,0.2264120047463933,nan
1996800.0,0.17406933746028752,0.23748283805243894,nan
1998848.0,0.1616897598029234,0.23241399056711243,nan
2000896.0,0.22454633815634956,0.21431889963940107,nan
2002944.0,0.188248868406708,0.22980622111475293,nan
2004992.0,0.18104022254517488,0.2267122633772681,nan
2007040.0,0.23426858047118967,0.21890243236012633,54.62577962577963
2009088.0,0.1795072359471014,0.2216109026844403,nan
2011136.0,0.1892316742495077,0.23053030589453044,nan
2013184.0,0.18659075015602453,0.22570219681994572,nan
2015232.0,0.19863998450176867,0.21780285731738241,nan
2017280.0,0.16268943603754832,0.23136311148930574,nan
2019328.0,0.2354287151883786,0.20700332802192198,nan
2021376.0,0.1685979644106729,0.23834701234589536,nan
2023424.0,0.21469883471471002,0.2234606325638306,nan
2025472.0,0.17341938209891586,0.22016962061680367,nan
2027520.0,0.2352286275862397,0.21075592962883336,nan
2029568.0,0.24120559997879093,0.2020411332037751,nan
2031616.0,0.15457320398719473,0.21189425143798093,nan
2033664.0,0.19888488920426745,0.20915011031504752,nan
2035712.0,0.06030719414379873,0.20849053116586824,nan
2037760.0,0.2168322898167717,0.20258379327642728,nan
2039808.0,0.22232803878833618,0.2121858251863748,nan
2041856.0,0.20981723598297045,0.20755734810597795,nan
2043904.0,0.15057623155517086,0.2256390475201034,nan
2045952.0,0.14234947092588798,0.23815748984939167,nan
2048000.0,0.22259836277076342,0.21508286488848175,nan
2050048.0,0.21770796006287685,0.21035571862766805,nan
2052096.0,0.17006012049652958,0.2353459768567118,nan
2054144.0,0.16959217701639054,0.23660870534186504,nan
2056192.0,0.18947340621014475,0.2055171262292301,nan
2058240.0,0.22759071080593954,0.20545500208380196,nan
2060288.0,0.19261869676018156,0.23027759026132927,nan
2062336.0,0.11445863628098372,0.2399148641148437,nan
2064384.0,0.15943153639318686,0.22298142986985925,nan
2066432.0,0.22805681915001513,0.2038806867546429,nan
2068480.0,0.1622530206651465,0.21940732404050226,nan
2070528.0,0.2019244169207296,0.21389874652957946,nan
2072576.0,0.25423416225860646,0.18807153637076418,nan
2074624.0,0.21572605591357585,0.20935977969004857,nan
2076672.0,0.20990052356514863,0.20685376043006276,nan
2078720.0,0.1451514653710037,0.2314492092117877,nan
2080768.0,0.15622310151223226,0.22512758525746154,nan
2082816.0,0.23638070673829484,0.2302952180499964,nan
2084864.0,0.16406770193535505,0.1770822075408955,nan
2086912.0,0.23323810061600941,0.18970507523481736,nan
2088960.0,0.1597058989521542,0.22573002014413224,nan
2091008.0,0.11356371595724951,0.2099429880890745,nan
2093056.0,0.24300680870571484,0.20243853220885671,nan
2095104.0,0.2623223659269419,0.17695858808458173,nan
2097152.0,0.27416906528707563,0.18845977320783047,nan
2099200.0,0.22707916066301176,0.21940701230250018,nan
2101248.0,0.23089345430788893,0.19924593858834608,nan
2103296.0,0.2891985381902348,0.15389826246182212,nan
2105344.0,0.2832431400010983,0.15560635607559267,nan
2107392.0,0.26848784740095877,0.1722302415964576,74.23076923076924
2109440.0,0.17530536563424784,0.23488509911165337,nan
2111488.0,0.2535342985564634,0.19313899266240356,nan
2113536.0,0.2249378711046642,0.20197542352471998,nan
2115584.0,0.23371093667470966,0.2122816677950201,nan
2117632.0,0.26061616767691037,0.1924942288416342,nan
2119680.0,0.17951466744564024,0.22581868961138524,nan
2121728.0,0.2390398823256541,0.19512449761956188,nan
2123776.0,0.2249310700767994,0.19988037623841973,nan
2125824.0,0.24476081861513144,0.19142818139974918,nan
2127872.0,0.2359040342704114,0.20454263351590884,nan
2129920.0,0.24880528796734297,0.19489185553947,nan
2131968.0,0.21355517909296665,0.21181259635195177,nan
2134016.0,0.1803816647057443,0.21841679694896865,nan
2136064.0,0.24652554778970576,0.19814053831326306,nan
2138112.0,0.19552435944186825,0.201104185472723,nan
2140160.0,0.2422760418221112,0.20546621320765515,nan
2142208.0,0.1401988940283342,0.2188727738702666,nan
2144256.0,0.24295678041529817,0.20915321761810834,nan
2146304.0,0.1691583903238177,0.21012249758809726,nan
2148352.0,0.1928245265135135,0.19880855918343446,nan
2150400.0,0.18864755375136416,0.22070822753899816,nan
2152448.0,0.22507352048884605,0.20161972688311597,nan
2154496.0,0.1907239772209951,0.23285025979052354,nan
2156544.0,0.22405633529835153,0.20869166687672058,nan
2158592.0,0.2630715783461181,0.17073397808124913,nan
2160640.0,0.17942339591662143,0.22705814040933173,nan
2162688.0,0.2244060834558873,0.2209891005657076,nan
2164736.0,0.19485416989053145,0.22264908880750997,nan
2166784.0,0.2792503601633955,0.1708817546352858,nan
2168832.0,0.15370403096007357,0.2238133617686868,nan
2170880.0,0.20821135900527415,0.21357238110892363,nan
2172928.0,0.2460351287016228,0.2104724430285136,nan
2174976.0,0.27916194439032055,0.17213116332024578,nan
2177024.0,0.20221502250152784,0.22000933960507962,nan
2179072.0,0.17961680943976643,0.2169439809038768,nan
2181120.0,0.22187397917619064,0.20696983423792253,nan
2183168.0,0.2425192259963096,0.199422319258075,nan
2185216.0,0.2863749695770102,0.15426446978157565,nan
2187264.0,0.1304515995262836,0.21502464526799245,nan
2189312.0,0.21568372655295726,0.2131074513137308,nan
2191360.0,0.1914517059488285,0.22636104327614168,nan
2193408.0,0.2488657942352639,0.19158166360726614,nan
2195456.0,0.21172759206623087,0.21907874254079993,nan
2197504.0,0.2379631986269009,0.2050386456944041,nan
2199552.0,0.19376651831502678,0.22296142929415655,nan
2201600.0,0.2474198687364871,0.1824931133515552,nan
2203648.0,0.2827215086212371,0.17860077455253276,nan
2205696.0,0.22973371345744387,0.21474014553740411,nan
2207744.0,0.23554225683086513,0.21350880052607926,64.49064449064448
2209792.0,0.261696128796071,0.19028350240809583,nan
2211840.0,0.24005801636223056,0.1914034988853175,nan
2213888.0,0.18841079283548584,0.21369316369749466,nan
2215936.0,0.22716676086268198,0.20013544183481238,nan
2217984.0,0.28144094703495925,0.17444023994312957,nan
2220032.0,0.23256955332606785,0.1920400750322395,nan
2222080.0,0.17470308737208573,0.23848960477686623,nan
2224128.0,0.18049692535423556,0.21983075580144834,nan
2226176.0,0.19931184327754972,0.23037261718768132,nan
2228224.0,0.22921858897516673,0.20808884731147614,nan
2230272.0,0.32221261089583375,0.11273613228921558,nan
2232320.0,0.31729247316710174,0.1305454290606672,nan
2234368.0,0.30151804584799613,0.13998073185800483,nan
2236416.0,0.21177935503016795,0.21983944233864403,nan
2238464.0,0.17168064627598353,0.2349943209126696,nan
2240512.0,0.25558761533264385,0.19236363349613222,nan
2242560.0,0.33331236568694034,0.10226979951454977,nan
2244608.0,0.1816266446446947,0.24492616767635392,nan
2246656.0,0.2121050637004837,0.21902456773956913,nan
2248704.0,0.20787876683049744,0.2415395805559632,nan
2250752.0,0.2112513877305566,0.22601868704098607,nan
2252800.0,0.19414991264902692,0.2166772185386768,nan
2254848.0,0.2837120041849198,0.1768996088261294,nan
2256896.0,0.2001017000874023,0.2204319739513105,nan
2258944.0,0.22656279635381543,0.222322600201744,nan
2260992.0,0.24823996125605463,0.2024890299286232,nan
2263040.0,0.31151684395832413,0.13934547825808394,nan
2265088.0,0.3025362961679341,0.1575685114604527,nan
2267136.0,0.2081971078897466,0.23003092634361963,nan
2269184.0,0.18811716273609325,0.2025031898752045,nan
2271232.0,0.20338253451485694,0.21415634470400507,nan
2273280.0,0.11462743406225667,0.25490852139030445,nan
2275328.0,0.2501475563925263,0.21205399550681245,nan
2277376.0,0.3291856660909427,0.12767289941938695,nan
2279424.0,0.24218909146126344,0.20071482504281074,nan
2281472.0,0.2816213902036321,0.17695150170656837,nan
2283520.0,0.2688517447864272,0.20258138121863442,nan
2285568.0,0.22842561235018577,0.22333201926245672,nan
2287616.0,0.2293604579373253,0.22388677726524756,nan
2289664.0,0.18376848216704794,0.22775207323706867,nan
2291712.0,0.21945354159426456,0.22043960358001888,nan
2293760.0,0.26155153585448976,0.18974680110292558,nan
2295808.0,0.23476343111794112,0.2274485676474629,nan
2297856.0,0.28493757814461707,0.17589928608520247,nan
2299904.0,0.20829815737043486,0.23026370832006574,nan
2301952.0,0.2779791640433481,0.1697125213990274,nan
2304000.0,0.31151261605205305,0.13870290867736235,nan
2306048.0,0.24195649792739327,0.20502989450765066,nan
2308096.0,0.17626044933943372,0.235532222276717,78.85654885654887
2310144.0,0.23791679342245803,0.18538461510599147,nan
2312192.0,0.31095294110481847,0.14565377345410574,nan
2314240.0,0.2972983820900841,0.1691848916736259,nan
2316288.0,0.25170576703271397,0.18645875313533272,nan
2318336.0,0.21007451989156145,0.2243540511263523,nan
2320384.0,0.22537769758061668,0.20095405285049986,nan
2322432.0,0.27876605108556707,0.18170027837833674,nan
2324480.0,0.16359310022036086,0.24368389410841554,nan
2326528.0,0.3294307348662947,0.10983955404244747,nan
2328576.0,0.2785012321906515,0.18987999325491878,nan
2330624.0,0.2885015209073897,0.18413411514515698,nan
2332672.0,0.14327255354843285,0.2350613898577926,nan
2334720.0,0.20511551406484893,0.21562831170442964,nan
2336768.0,0.2665970513582582,0.2016814929881408,nan
2338816.0,0.24637603042735154,0.19734519916272938,nan
2340864.0,0.29610119833616794,0.1693095833701827,nan
2342912.0,0.27813825001616876,0.18129310038667928,nan
2344960.0,0.14000076354737148,0.22963451560376721,nan
2347008.0,0.21194176953836608,0.24016775898743192,nan
2349056.0,0.30454376011177847,0.17173638067880412,nan
2351104.0,0.22093924196756393,0.2033057815931675,nan
2353152.0,0.2036758024181661,0.2290765106453881,nan
2355200.0,0.2789627712933136,0.19639556786287135,nan
2357248.0,0.12138184972524724,0.24818867133587927,nan
2359296.0,0.1302084550201664,0.23325810893957308,nan
2361344.0,0.1618369438180065,0.24382372224367757,nan
2363392.0,0.2474341764561614,0.20040979202396597,nan
2365440.0,0.2647637337872716,0.164828081094204,nan
2367488.0,0.277943914365003,0.18282594342107364,nan
2369536.0,0.25980275766228933,0.18875694393790385,nan
2371584.0,0.10761712271109719,0.21787755522866903,nan
2373632.0,0.1069757718616751,0.23435555713856443,nan
2375680.0,0.2287605506759264,0.2201755958589097,nan
2377728.0,0.15533117343505884,0.2459072213406187,nan
2379776.0,0.2271428501889281,0.2047508796218027,nan
2381824.0,0.2518807100730513,0.19962029786403906,nan
2383872.0,0.28974696666303545,0.17640919358294463,nan
2385920.0,0.1702709493822679,0.21147474011532477,nan
2387968.0,0.24744104282144092,0.2033759341698873,nan
2390016.0,0.31997081414208006,0.1347160708096154,nan
2392064.0,0.24887034442962255,0.17088097541039296,nan
2394112.0,0.25174712699925716,0.1745564711614292,nan
2396160.0,0.25709411812477245,0.17183732960919385,nan
2398208.0,0.2635455376110754,0.1981955311617039,nan
2400256.0,0.13214554837039783,0.22352269915055656,nan
2402304.0,0.13745394083365922,0.1994656157631729,nan
2404352.0,0.2525059544272663,0.1813409105946481,nan
2406400.0,0.29426105200133035,0.1604940156219353,nan
2408448.0,0.12199914812213379,0.22803013792309176,60.25987525987525
2410496.0,0.16927206933526198,0.21032161303332036,nan
2412544.0,0.18595093092261245,0.21081832368517148,nan
2414592.0,0.24744283442840503,0.17946045599415483,nan
2416640.0,0.1652297418575163,0.21724454078467964,nan
2418688.0,0.26922868736964933,0.17239053005824984,nan
2420736.0,0.28784032708016277,0.16590561360194112,nan
2422784.0,0.15959292183994978,0.21807431553480636,nan
2424832.0,0.14967284941533093,0.2296057889721166,nan
2426880.0,0.16376985334520286,0.2325697423412709,nan
2428928.0,0.2673924823778715,0.19229053346864433,nan
2430976.0,0.17514567107240758,0.22104275571946258,nan
2433024.0,0.16338046969815295,0.21336014867995648,nan
2435072.0,0.19442339914392007,0.22072106865429056,nan
2437120.0,0.25603634684856796,0.1963386808209236,nan
2439168.0,0.31543240426050584,0.11870046753748313,nan
2441216.0,0.15312416526170747,0.2349622750545386,nan
2443264.0,0.2935929547970637,0.1476378737602816,nan
2445312.0,0.16991657328885995,0.24067751161592993,nan
2447360.0,0.18746230461621918,0.23296453452120242,nan
2449408.0,0.10215788176052436,0.24052506784891264,nan
2451456.0,0.20429990074036833,0.22385676609021266,nan
2453504.0,0.2514689581494668,0.18258503292104794,nan
2455552.0,0.3171523669095497,0.146711121031006,nan
2457600.0,0.2122944948337506,0.22450329687243215,nan
2459648.0,0.22445005728771078,0.1942296674374285,nan
2461696.0,0.21823551855773426,0.2128157316455224,nan
2463744.0,0.13748795708570266,0.2377530982846664,nan
2465792.0,0.169681922522222,0.234263820764344,nan
2467840.0,0.11633513504754042,0.21795957408683847,nan
2469888.0,0.2613438542520503,0.18947243910168557,nan
2471936.0,0.21543894251073645,0.2166936258245441,nan
2473984.0,0.28282789668492225,0.17519190478327115,nan
2476032.0,0.23957408601974273,0.1962172502015902,nan
2478080.0,0.2194701852776235,0.19424648277346354,nan
2480128.0,0.2801687407859994,0.17107574154197042,nan
2482176.0,0.22964548140731023,0.21401362723790682,nan
2484224.0,0.2992010223178736,0.1494150942933142,nan
2486272.0,0.06298932383704944,0.19958641771682475,nan
2488320.0,0.2587043934423896,0.19263290130828914,nan
2490368.0,0.22707266121513034,0.203187281266762,nan
2492416.0,0.20854787315902718,0.22467626977865343,nan
2494464.0,0.26039878144976936,0.19822456531075627,nan
2496512.0,0.15101666423354584,0.22804341734998868,nan
2498560.0,0.2730083488514061,0.18261665088453582,nan
2500608.0,0.145698868043668,0.22335190491200893,nan
2502656.0,0.25997483166016305,0.19131600844843422,nan
2504704.0,0.25061927212931545,0.18677192346601504,nan
2506752.0,0.2013445978483867,0.20730918439460344,nan
2508800.0,0.22664759618657793,0.20084992428117707,69.42827442827442
2510848.0,0.31879822046017314,0.12140306254303287,nan
2512896.0,0.264115980482286,0.1883763014054137,nan
2514944.0,0.22348802891464614,0.19008465494583768,nan
2516992.0,0.20005855760055277,0.22733456653964876,nan
2519040.0,0.2719506087137742,0.15205490041304062,nan
2521088.0,0.18808897154999643,0.21487465479139853,nan
2523136.0,0.28413636917530916,0.17580298463795682,nan
2525184.0,0.233471253475743,0.19474630291798625,nan
2527232.0,0.26483633320384786,0.15319452371599154,nan
2529280.0,0.2639741076372024,0.15162060276907321,nan
2531328.0,0.21025920672242443,0.20039674261454338,nan
2533376.0,0.1476524155191783,0.18340170029081224,nan
2535424.0,0.2201907466592286,0.18708785167304248,nan
2537472.0,0.2161849314117652,0.1909754085441743,nan
2539520.0,0.20059086231016904,0.20141678388180703,nan
2541568.0,0.20471573528118142,0.2105901519242084,nan
2543616.0,0.1984660297673274,0.21567139952835254,nan
2545664.0,0.2475051338397879,0.1922105620684887,nan
2547712.0,0.16173565882932178,0.23037467445341311,nan
2549760.0,0.20053541774365818,0.2153178681885671,nan
2551808.0,0.2693435240627374,0.17736081974945678,nan
2553856.0,0.22066271061320084,0.17655298302458888,nan
2555904.0,0.2086909294117058,0.17822673005771864,nan
2557952.0,0.145285282490064,0.127541474207062,nan
2560000.0,0.2068776437838355,0.2081900868012411,nan
2562048.0,0.17133829514060245,0.17243738063967276,nan
2564096.0,0.20131429726313693,0.17113620726057077,nan
2566144.0,0.18261073221191548,0.13073101421166142,nan
2568192.0,0.16868158936807598,0.10987935874777235,nan
2570240.0,0.27128294366746125,0.1531817099263203,nan
2572288.0,0.1832073348321403,0.1586699255702691,nan
2574336.0,0.07400283192147447,0.19952794589077347,nan
2576384.0,0.18808323295069634,0.20196669536369208,nan
2578432.0,0.12416069399249564,0.19851721390761595,nan
2580480.0,0.13228955433755754,0.18173922436279083,nan
2582528.0,0.14112423104815564,0.17568362171643875,nan
2584576.0,0.2739618976861201,0.16761195348532487,nan
2586624.0,0.24895769976582105,0.16524937428291891,nan
2588672.0,0.24608023156313696,0.15300662247739866,nan
2590720.0,0.2186990619058668,0.17703716922360757,nan
2592768.0,0.1446745473308457,0.22008224823691766,nan
2594816.0,0.26467848047083836,0.14555479351390785,nan
2596864.0,0.2017321439121937,0.18908931653311467,nan
2598912.0,0.19704872860679415,0.19625575714485446,nan
2600960.0,0.1276086223348788,0.1543963276776811,nan
2603008.0,0.25703220808290683,0.19346104325200844,nan
2605056.0,0.21181134255130896,0.16699739336834213,nan
2607104.0,0.16475307582772913,0.1355084627724401,nan
2609152.0,0.2133407571722779,0.18257048656874753,22.577962577962577
2611200.0,0.12701107597519296,0.1767408827772476,nan
2613248.0,0.22754535055479339,0.1879375151464248,nan
2615296.0,0.24185919715672702,0.14678974587933655,nan
2617344.0,0.2585352308808857,0.17140863739532425,nan
2619392.0,0.15002826137181596,0.11017275017780809,nan
2621440.0,0.21567656495990115,0.20243161457760267,nan
2623488.0,0.23794008186258453,0.18898628697910289,nan
2625536.0,0.25237457345126735,0.16194719925074422,nan
2627584.0,0.18382081466286498,0.16364124747504402,nan
2629632.0,0.13276858056015306,0.07939918572521892,nan
2631680.0,0.21764865993317212,0.14010934174577366,nan
2633728.0,0.08980103811509513,0.16418508060339965,nan
2635776.0,0.1439105089223934,0.1554895523908972,nan
2637824.0,0.1708879995356345,0.16333420205423968,nan
2639872.0,0.17120661053792444,0.1601544754128957,nan
2641920.0,0.2631005267603055,0.13679142770911876,nan
2643968.0,0.1873547308036282,0.1470412792857906,nan
2646016.0,0.22883517162891065,0.17445065364141815,nan
2648064.0,0.19869294055072373,0.14759371777785374,nan
2650112.0,0.16406917333430243,0.14289528060064005,nan
2652160.0,0.27881964673527926,0.12618172821690937,nan
2654208.0,0.2242072599056462,0.14421394521251307,nan
2656256.0,0.09261535540171015,0.1550273026727902,nan
2658304.0,0.279941202200837,0.15478712505714515,nan
2660352.0,0.1377285142854564,0.1293768307155413,nan
2662400.0,0.08254202046571071,0.15456859495730313,nan
2664448.0,0.11156593254512998,0.1974720066851997,nan
2666496.0,0.11103287141897812,0.20174431108376364,nan
2668544.0,0.28104132416364763,0.16222776451438398,nan
2670592.0,0.21967592408807265,0.20631683193975794,nan
2672640.0,0.19069173164351788,0.19906468250888779,nan
2674688.0,0.12623181760025573,0.14963639407973336,nan
2676736.0,0.0982111768505294,0.20015565699229562,nan
2678784.0,0.24426229436455232,0.15323166794141116,nan
2680832.0,0.16841272959128517,0.11540948732968649,nan
2682880.0,0.17933492417882468,0.141706137986418,nan
2684928.0,0.19183500431000583,0.14231373635617808,nan
2686976.0,0.2254444193872017,0.1264175810516998,nan
2689024.0,0.1980223963237973,0.1806651391849029,nan
2691072.0,0.16116424230694246,0.1635686145831611,nan
2693120.0,0.25682330248662,0.16411310812238708,nan
2695168.0,0.14521057837179918,0.11448663472779641,nan
2697216.0,0.16135288469479947,0.12470076883835689,nan
2699264.0,0.1388162929270646,0.10527968236265464,nan
2701312.0,0.13029651818999594,0.12586585668312103,nan
2703360.0,0.1372258619667217,0.11730099524199765,nan
2705408.0,0.14199623316402027,0.10116975373795532,nan
2707456.0,0.18273642810233326,0.15038881049325628,nan
2709504.0,0.14062062998201735,0.13196405104565626,32.4948024948025
2711552.0,0.13011401863829755,0.11343050280964617,nan
2713600.0,0.1400424834301121,0.1979207318978838,nan
2715648.0,0.19091382572794802,0.1724184614369018,nan
2717696.0,0.1357281224531941,0.19838532741893847,nan
2719744.0,0.16053667284944023,0.14951199503848722,nan
2721792.0,0.1959239375074855,0.16304931969741143,nan
2723840.0,0.1374427312346359,0.19451122394771142,nan
2725888.0,0.16466936356516193,0.23047534923961455,nan
2727936.0,0.20307384603908024,0.19791238376279516,nan
2729984.0,0.19627491871534564,0.1933591447253301,nan
2732032.0,0.16951106395797083,0.19217468749006542,nan
2734080.0,0.17055440267597477,0.2038488912053953,nan
2736128.0,0.19118695748612932,0.19417871823117028,nan
2738176.0,0.2051199508932765,0.2223997247934467,nan
2740224.0,0.12186017017522241,0.21547125107507273,nan
2742272.0,0.1433481337637701,0.20563597970717207,nan
2744320.0,0.08012710477193268,0.22727249823771836,nan
2746368.0,0.13694446941596428,0.22022541432957457,nan
2748416.0,0.2520469159700053,0.17630718777289123,nan
2750464.0,0.18315421267448517,0.21692042979625684,nan
2752512.0,0.1580082955384331,0.16940544078019604,nan
2754560.0,0.1780992028524226,0.20687799652581526,nan
2756608.0,0.17977883414604456,0.2125200104492126,nan
2758656.0,0.17106137346686995,0.21113112130961206,nan
2760704.0,0.18797303796738063,0.2147574251742495,nan
2762752.0,0.21704520858495463,0.17783377956535898,nan
2764800.0,0.2034749660503944,0.20236236927682266,nan
2766848.0,0.18619466180966207,0.1810001141940107,nan
2768896.0,0.1667035563511564,0.2087637529650811,nan
2770944.0,0.1506030328251709,0.22008546176546417,nan
2772992.0,0.13093479830154198,0.22654902840566116,nan
2775040.0,0.1891782248027068,0.21802638286835352,nan
2777088.0,0.17187546013188515,0.20199787695999155,nan
2779136.0,0.18043662441272368,0.21195707076544784,nan
2781184.0,0.16226710296902497,0.20515865541835215,nan
2783232.0,0.20195594721927873,0.18578579208691662,nan
2785280.0,0.18444956767697515,0.21057368045523348,nan
2787328.0,0.16566011804282843,0.20234060334190096,nan
2789376.0,0.1457463415441587,0.20061165192884906,nan
2791424.0,0.24223045281493522,0.19816452347463445,nan
2793472.0,0.17991836580590864,0.20809707292296345,nan
2795520.0,0.19682395519568882,0.20631264876847635,nan
2797568.0,0.23482730029788446,0.18833135967458509,nan
2799616.0,0.21380473521896554,0.19120078329393658,nan
2801664.0,0.1957729898297682,0.19868772316955158,nan
2803712.0,0.2331910133356213,0.20411963882958542,nan
2805760.0,0.22541687007246833,0.21395489755712419,nan
2807808.0,0.22906839571624793,0.20711863644386702,nan
2809856.0,0.1740537949179631,0.22135036197436672,58.7941787941788
2811904.0,0.1904997183627702,0.2274731791348069,nan
2813952.0,0.15733110477611328,0.23173162982062154,nan
2816000.0,0.1580217645216154,0.22127845236560703,nan
2818048.0,0.15842005262033831,0.2204554733056405,nan
2820096.0,0.23500000991514247,0.20899516565201282,nan
2822144.0,0.19089002088378365,0.22369376538161934,nan
2824192.0,0.23445650431480103,0.20523969439423967,nan
2826240.0,0.253614612444757,0.1925255775595894,nan
2828288.0,0.28667919906540174,0.17906328787705428,nan
2830336.0,0.28736075720446375,0.17387325415007984,nan
2832384.0,0.2235849690172369,0.2103406528110018,nan
2834432.0,0.20714464845816744,0.21985283339091963,nan
2836480.0,0.2792599629900103,0.16909859719500545,nan
2838528.0,0.24431778483196057,0.21165024443864433,nan
2840576.0,0.21481271509975847,0.21275629823523382,nan
2842624.0,0.13327717204715633,0.23169129668663718,nan
2844672.0,0.1949808159600827,0.23035330159913056,nan
2846720.0,0.181118647140341,0.23105044804659616,nan
2848768.0,0.27939532902128256,0.18856768530258516,nan
2850816.0,0.2802974686054915,0.16755809162292093,nan
2852864.0,0.23137351365363368,0.20958109825330304,nan
2854912.0,0.20588888633197308,0.22105691002197075,nan
2856960.0,0.21645332025510913,0.22127630638727555,nan
2859008.0,0.24346532728215153,0.20433699053291018,nan
2861056.0,0.2855436125442963,0.17225223409876494,nan
2863104.0,0.14893711327582648,0.23715696843242148,nan
2865152.0,0.26915216384774643,0.18874342422600154,nan
2867200.0,0.2395828269235754,0.2064725118979495,nan
2869248.0,0.29741250624963533,0.15985303260053824,nan
2871296.0,0.16656527296383947,0.22916431674603155,nan
2873344.0,0.1233467116431829,0.21554988698305588,nan
2875392.0,0.1281673095965573,0.21981047222900352,nan
2877440.0,0.19241717892419985,0.22185768425533986,nan
2879488.0,0.227552758131438,0.21057003284181505,nan
2881536.0,0.24970306948077742,0.2151693520057356,nan
2883584.0,0.2362072968461142,0.22064009901582332,nan
2885632.0,0.31172215809425785,0.14058939824606947,nan
2887680.0,0.04917239967479459,0.2041777450599378,nan
2889728.0,0.12524226589119122,0.21440281845969741,nan
2891776.0,0.20237949379885084,0.21615479692844944,nan
2893824.0,0.20398533752327183,0.21609724403593142,nan
2895872.0,0.22205910797822104,0.2283657586566574,nan
2897920.0,0.3057723572522657,0.15781105876557805,nan
2899968.0,0.24203167874575132,0.20613501800909226,nan
2902016.0,0.2111734769094627,0.22402621834068645,nan
2904064.0,0.18577820988024035,0.24407450785893336,nan
2906112.0,0.2891055189866576,0.15896741241684573,nan
2908160.0,0.18647234517150352,0.23142804909461898,nan
2910208.0,0.27590564112885163,0.15648041738583987,72.75467775467776
2912256.0,0.2546004826377024,0.20680513751949087,nan
2914304.0,0.29293191977537436,0.1509257886434144,nan
2916352.0,0.23808522722439923,0.19868375638354907,nan
2918400.0,0.2518948357994476,0.19861510839359153,nan
2920448.0,0.22067242917188998,0.22400917497295983,nan
2922496.0,0.2335419440577328,0.20174614721039386,nan
2924544.0,0.30774147441214916,0.12801267468547986,nan
2926592.0,0.2065271941076834,0.22593979777372886,nan
2928640.0,0.2995644824422159,0.16380522707408834,nan
2930688.0,0.18729737025846482,0.23399434793972024,nan
2932736.0,0.20535412338781153,0.21441497161956896,nan
2934784.0,0.04241958883646866,0.21878925725063839,nan
2936832.0,0.2935140434597773,0.1609503640102744,nan
2938880.0,0.2780456384334006,0.1902319241177546,nan
2940928.0,0.2865071952465093,0.16891127585298957,nan
2942976.0,0.25218400371049576,0.20647581567227233,nan
2945024.0,0.1969664628053109,0.2353800903916116,nan
2947072.0,0.19334633587124142,0.21182374458038908,nan
2949120.0,0.33061367175924383,0.1271973912869307,nan
2951168.0,0.31971173027038535,0.1512989263770649,nan
2953216.0,0.18990894976983994,0.2455819128403618,nan
2955264.0,0.2134901777301494,0.22000999737843024,nan
2957312.0,0.26006806860181514,0.1898682205779831,nan
2959360.0,0.3152821936295104,0.13475260694884642,nan
2961408.0,0.2979652569994731,0.16922880427997264,nan
2963456.0,0.1771574185704642,0.2481000483166883,nan
2965504.0,0.23135025231828338,0.2202423857342359,nan
2967552.0,0.13253487716146495,0.20331044166680104,nan
2969600.0,0.10390021730095594,0.222838077118704,nan
2971648.0,0.2612132808525787,0.16563714878619393,nan
2973696.0,0.3014426977042266,0.1552031957810427,nan
2975744.0,0.10746854472015026,0.23857706996484976,nan
2977792.0,0.08059331728305688,0.23383460399129224,nan
2979840.0,0.09246744604431406,0.225589255984425,nan
2981888.0,0.28314441829783676,0.15855119407683133,nan
2983936.0,0.26792012788008623,0.1909085903122749,nan
2985984.0,0.13826699048262164,0.2160404868581508,nan
2988032.0,0.30496631365701155,0.15020995620985614,nan
2990080.0,0.26008450289032986,0.20445547909477785,nan
2992128.0,0.2601421219271557,0.178938601716601,nan
2994176.0,0.23801401519053478,0.19933779840758706,nan
2996224.0,0.1442410483103031,0.1897722093405804,nan
2998272.0,0.1064474815056431,0.22164666034298608,nan
3000320.0,0.2506168682052804,0.20185652731550688,nan
3002368.0,0.25786652805985,0.1926378975818165,nan
3004416.0,0.27463382957659643,0.16860820533243182,nan
3006464.0,0.26284917861962587,0.1858999739747637,nan
3008512.0,0.2832682079606346,0.16570510320042967,nan
3010560.0,0.1965758249904517,0.23073682515323118,44.88565488565489
3012608.0,0.18578417764278837,0.2197607594810279,nan
3014656.0,0.10139791030273392,0.2324488681075553,nan
3016704.0,0.27587789378058536,0.17558840092398162,nan
3018752.0,0.2519191255805619,0.18579477314437212,nan
3020800.0,0.2370893675108087,0.2046044019878267,nan
3022848.0,0.21222311159387885,0.2167878449670115,nan
3024896.0,0.2987331355999596,0.15514219592513023,nan
3026944.0,0.21939007830663126,0.21311822349700726,nan
3028992.0,0.2941390330395077,0.1684744586793547,nan
3031040.0,0.2858862590267819,0.16706763804460514,nan
3033088.0,0.2743224321022828,0.1771997855057156,nan
3035136.0,0.14520096004036623,0.21309481167928393,nan
3037184.0,0.26778105190846974,0.1742664125958454,nan
3039232.0,0.30953657914319244,0.14737085683191814,nan
3041280.0,0.17904057238669435,0.2269295322492408,nan
3043328.0,0.3264553135390219,0.12408548422584838,nan
3045376.0,0.2501651610811833,0.19638076413683228,nan
3047424.0,0.12867638434368667,0.20420431110499115,nan
3049472.0,0.2726274784318727,0.17402454384817712,nan
3051520.0,0.289310237983577,0.15796201494854362,nan
3053568.0,0.13450475790159483,0.24082621455950112,nan
3055616.0,0.22824833721803633,0.20701408430385798,nan
3057664.0,0.1431238267156862,0.2191996576411121,nan
3059712.0,0.32060950450996245,0.12845075485621518,nan
3061760.0,0.2784064225861995,0.1768681809390413,nan
3063808.0,0.27690765598997286,0.17182264363209482,nan
3065856.0,0.27230912424259135,0.1768723900356644,nan
3067904.0,0.3441883972035922,0.08392511378399244,nan
3069952.0,0.27831832292702896,0.2035301598026848,nan
3072000.0,0.28041691522446355,0.16803233206590204,nan
3074048.0,0.2669898460485732,0.17897532222879736,nan
3076096.0,0.2724711451511651,0.18653523349115594,nan
3078144.0,0.19609922839993799,0.21205844205836624,nan
3080192.0,0.27635129199049285,0.16312598067732548,nan
3082240.0,0.2697339653720623,0.169960475727712,nan
3084288.0,0.2580404491683246,0.1830507254087067,nan
3086336.0,0.3053728247238233,0.1533257204266563,nan
3088384.0,0.20580843486396228,0.1871636333302094,nan
3090432.0,0.295499321903806,0.15843966118710678,nan
3092480.0,0.27034539304545524,0.16263743784928783,nan
3094528.0,0.1551531394878068,0.22780552820209146,nan
3096576.0,0.22185126245787767,0.18484589294045212,nan
3098624.0,0.21832062885316456,0.2015298536393324,nan
3100672.0,0.32601899657892175,0.10658049103466732,nan
3102720.0,0.2649335842081033,0.17259960705653327,nan
3104768.0,0.2916422296925495,0.12697952149878033,nan
3106816.0,0.3269446389137648,0.08620548937359794,nan
3108864.0,0.3017255512118501,0.13702104874700954,nan
3110912.0,0.27770564855929347,0.17721330364133456,73.0873180873181
3112960.0,0.24081620861037267,0.19761469594046385,nan
3115008.0,0.29390238516118816,0.1732704537547378,nan
3117056.0,0.2541647803519016,0.17681956615698669,nan
3119104.0,0.2629169599187332,0.18342970551116927,nan
3121152.0,0.2927477107827652,0.14904994681369166,nan
3123200.0,0.25781920790099766,0.19084087276748402,nan
3125248.0,0.2119195660719894,0.2025361533358432,nan
3127296.0,0.18865079822686553,0.21778594914719637,nan
3129344.0,0.23966498950901777,0.17884906808397355,nan
3131392.0,0.2948993195728281,0.14777904849882764,nan
3133440.0,0.24741040387210117,0.19667822723183137,nan
3135488.0,0.20475979744841435,0.2196438853930427,nan
3137536.0,0.27910892821704736,0.17892000220566162,nan
3139584.0,0.2700567721668861,0.17374870627034542,nan
3141632.0,0.28248416616310157,0.16172108344424307,nan
3143680.0,0.22851138706055174,0.21387500696884196,nan
3145728.0,0.3136170710489913,0.13894347934625373,nan
3147776.0,0.24900442604041484,0.19652086631825794,nan
3149824.0,0.22109262272507935,0.22204712004353905,nan
3151872.0,0.14680209899494281,0.2421837024285211,nan
3153920.0,0.2743589125205939,0.18108469386410297,nan
3155968.0,0.2781553507397948,0.1682832586531676,nan
3158016.0,0.17672167097854558,0.22514143558530197,nan
3160064.0,0.2509818918905913,0.19962547993805277,nan
3162112.0,0.2412906059954435,0.1880836612117573,nan
3164160.0,0.18767957805817154,0.20566949560456857,nan
3166208.0,0.29196535055889555,0.14027910898227614,nan
3168256.0,0.27784956727240745,0.16384230709106723,nan
3170304.0,0.3153366178593108,0.12070845995608157,nan
3172352.0,0.20574568334166515,0.19244785777556433,nan
3174400.0,0.22830163027518033,0.18508436073705137,nan
3176448.0,0.2456715288127011,0.17823734575992617,nan
3178496.0,0.23171938038577053,0.1957151349283843,nan
3180544.0,0.24688398621458987,0.1626420571874496,nan
3182592.0,0.2776526468794761,0.1514791051974401,nan
3184640.0,0.18378549822942386,0.2256098200725931,nan
3186688.0,0.2435411355500339,0.1915113967288711,nan
3188736.0,0.22234076320753798,0.1828896138725867,nan
3190784.0,0.23416774043082872,0.19678450947697057,nan
3192832.0,0.21670370610618295,0.19257716608245357,nan
3194880.0,0.29873247019505295,0.15235052509238506,nan
3196928.0,0.2080008636337337,0.2307095707749521,nan
3198976.0,0.29072868409673003,0.16069617438941367,nan
3201024.0,0.24684010584159644,0.1922708389800857,nan
3203072.0,0.3394917562516761,0.0926685609870041,nan
3205120.0,0.31426791906210416,0.12909531652833484,nan
3207168.0,0.32872551282955004,0.11800643532992708,nan
3209216.0,0.2750255202437466,0.18029981377240362,nan
3211264.0,0.2056424815327552,0.22851035059702896,74.75051975051976
3213312.0,0.2697038235491418,0.18143985340119126,nan
3215360.0,0.30303057420292034,0.1509670824162883,nan
3217408.0,0.30077565163984876,0.13864751052626376,nan
3219456.0,0.140707722021389,0.22055144716103153,nan
3221504.0,0.2887153664212953,0.17656426936287567,nan
3223552.0,0.31794335175296556,0.12755363180132986,nan
3225600.0,0.16264383468386773,0.20910186025294372,nan
3227648.0,0.26877957901922084,0.17722595373402425,nan
3229696.0,0.21249943781838904,0.2155996739181212,nan
3231744.0,0.26932362639355933,0.17702967762345034,nan
3233792.0,0.29738797333626177,0.16952364576616852,nan
3235840.0,0.310663211709043,0.14917124312074106,nan
3237888.0,0.25045336569765303,0.19172655980597686,nan
3239936.0,0.19920891167308186,0.22958528026168154,nan
3241984.0,0.23559137474753777,0.19517724460256294,nan
3244032.0,0.2521072834245052,0.18179511550754068,nan
3246080.0,0.3332784796166123,0.11214436522422343,nan
3248128.0,0.33329330447458194,0.10294945703452162,nan
3250176.0,0.2963099101724703,0.16849934525118207,nan
3252224.0,0.3063374695321078,0.1575303881649959,nan
3254272.0,0.2813091693654749,0.16916137098635142,nan
3256320.0,0.2598058893444721,0.17295342708009598,nan
3258368.0,0.29274260312957234,0.16619035320838854,nan
3260416.0,0.3261653339384742,0.11329304282270566,nan
3262464.0,0.26520841658646965,0.20251048048072195,nan
3264512.0,0.27712252203928633,0.1885450439059843,nan
3266560.0,0.3189503996456883,0.1162194338467045,nan
3268608.0,0.28896616257451324,0.12018348051971287,nan
3270656.0,0.2337571073932486,0.1899764709621266,nan
3272704.0,0.22787008494931718,0.19716447206176474,nan
3274752.0,0.20474539446136816,0.23056451384621865,nan
3276800.0,0.3349667893521164,0.10427605446979653,nan
3278848.0,0.2904833998304911,0.15979726884297238,nan
3280896.0,0.2730773434646545,0.16987460248040126,nan
3282944.0,0.27355222848372207,0.16531676372996368,nan
3284992.0,0.28700367176756014,0.15449077340140113,nan
3287040.0,0.24425858441993725,0.20287845128223325,nan
3289088.0,0.3034661179128092,0.12929687825010402,nan
3291136.0,0.29395365032268284,0.14825364647309924,nan
3293184.0,0.12468462696207488,0.19283192708946595,nan
3295232.0,0.10851426561711933,0.21681436706032942,nan
3297280.0,0.0973681269523123,0.21897683318488384,nan
3299328.0,0.2911500394856165,0.15689224398098325,nan
3301376.0,0.27480109316767165,0.17446268330381043,nan
3303424.0,0.2057983795923518,0.21931274392851063,nan
3305472.0,0.2870784483132446,0.13512635691687788,nan
3307520.0,0.2669401784347638,0.18277425351452334,nan
3309568.0,0.2211279249027578,0.172775435256161,nan
3311616.0,0.2989378578719478,0.13104436788628598,74.95841995841997
3313664.0,0.33366631678202646,0.069131252469425,nan
3315712.0,0.3574485975172365,0.02707749404330914,nan
3317760.0,0.23891032032376147,0.1734691902647313,nan
3319808.0,0.1784191039162084,0.19303443723576116,nan
3321856.0,0.2768971467563993,0.15657165099923856,nan
3323904.0,0.3075520232257245,0.13325178363510518,nan
3325952.0,0.17642263613189565,0.22195158687869174,nan
3328000.0,0.189355852692072,0.21364748515518642,nan
3330048.0,0.2566600829933678,0.17029791212059595,nan
3332096.0,0.31524113314331814,0.1261715537892864,nan
3334144.0,0.16732531222924196,0.22986787010563905,nan
3336192.0,0.3022997871337437,0.14523725878875263,nan
3338240.0,0.28035599291369295,0.16890461064752843,nan
3340288.0,0.2810040712975246,0.160683135072027,nan
3342336.0,0.3458796557990381,0.07971766759696078,nan
3344384.0,0.28563078941185194,0.15842780081890365,nan
3346432.0,0.1990423129122218,0.2125851117351247,nan
3348480.0,0.28977386266734695,0.1514113761620743,nan
3350528.0,0.2937718724848987,0.15365044398545366,nan
3352576.0,0.26597233866142944,0.1701450035278262,nan
3354624.0,0.234495436024039,0.1965595091901015,nan
3356672.0,0.26983487529928724,0.16802594717843525,nan
3358720.0,0.27536483297846415,0.16758542383413785,nan
3360768.0,0.2245406221948325,0.21796619858753688,nan
3362816.0,0.268880111741677,0.16705212450308224,nan
3364864.0,0.20880441407546502,0.21203997187930665,nan
3366912.0,0.1993180835503212,0.1671066436176792,nan
3368960.0,0.160803242448006,0.22260408340057106,nan
3371008.0,0.2519799605168335,0.19751261821851288,nan
3373056.0,0.23878239680649932,0.19042476635610273,nan
3375104.0,0.2741058311279464,0.17489956331777592,nan
3377152.0,0.27170958312158155,0.16720755756117253,nan
3379200.0,0.2934076171832615,0.13471351176880578,nan
3381248.0,0.25483107098640745,0.1700405953328022,nan
3383296.0,0.33574242042341407,0.051530522485800666,nan
3385344.0,0.17866671244950685,0.22005713984249614,nan
3387392.0,0.26830709340667036,0.1736911032976361,nan
3389440.0,0.24951439665744038,0.17483868659568685,nan
3391488.0,0.3031271627271012,0.13545438892197253,nan
3393536.0,0.30607472814325176,0.1265751200593685,nan
3395584.0,0.29389870307913524,0.15007482224342628,nan
3397632.0,0.2304005253694513,0.1928857485237079,nan
3399680.0,0.2331851689722514,0.17671385829934588,nan
3401728.0,0.2581288079808082,0.15778812202231887,nan
3403776.0,0.31839876363682906,0.11166819006152039,nan
3405824.0,0.18583670636201846,0.22754966546537442,nan
3407872.0,0.21868641980656642,0.20284981739583915,nan
3409920.0,0.2878498872563676,0.154451031297427,nan
3411968.0,0.32582419032948595,0.10164068261604531,78.11850311850313
3414016.0,0.2170058196811568,0.18699296281116057,nan
3416064.0,0.302547722766254,0.12046701057100932,nan
3418112.0,0.200925658392838,0.19618788220444902,nan
3420160.0,0.2949046340583223,0.12874559349310366,nan
3422208.0,0.29907700313573965,0.1299584789915371,nan
3424256.0,0.2871179243636686,0.14136825671609543,nan
3426304.0,0.3104635230381258,0.11978717711672071,nan
3428352.0,0.3297866033011398,0.10755951243580911,nan
3430400.0,0.2889920793802018,0.15445008635836444,nan
3432448.0,0.2010137108758027,0.20764741223444363,nan
3434496.0,0.30951075194297795,0.13938358422957192,nan
3436544.0,0.17916299322138093,0.19307582097005724,nan
3438592.0,0.28452139999330095,0.1532412418348086,nan
3440640.0,0.2642885842603372,0.17837310927799255,nan
3442688.0,0.3069523214455737,0.12973790832934276,nan
3444736.0,0.22391313605216623,0.1922014174140455,nan
3446784.0,0.2971540660751402,0.12407079476492515,nan
3448832.0,0.30454160159934174,0.11224012531563426,nan
3450880.0,0.28410548615372144,0.14096610549165395,nan
3452928.0,0.319186462122769,0.09567999544901604,nan
3454976.0,0.29732094927280595,0.12051010729200891,nan
3457024.0,0.23799852957771975,0.19033645172639502,nan
3459072.0,0.2299761929695324,0.1982000105804135,nan
3461120.0,0.2766382677595774,0.1524866555034921,nan
3463168.0,0.30450868308337903,0.12454470455116397,nan
3465216.0,0.2803068670455864,0.13655763671796667,nan
3467264.0,0.29394451419901885,0.13977308773944433,nan
3469312.0,0.2733382343983497,0.1543660383395279,nan
3471360.0,0.2635759326307441,0.14433489186307083,nan
3473408.0,0.2675874935637954,0.16864873343417483,nan
3475456.0,0.25862457498842223,0.15843939896164996,nan
3477504.0,0.2826248246505154,0.1450717476863145,nan
3479552.0,0.2893402231079449,0.1517537028136889,nan
3481600.0,0.23652046132203064,0.19114824532696487,nan
3483648.0,0.2422025144643728,0.18663333016280947,nan
3485696.0,0.2049326821233285,0.21540744564207107,nan
3487744.0,0.3314778586903878,0.08648468135631059,nan
3489792.0,0.31350855002006295,0.11421912070474853,nan
3491840.0,0.22502366059536283,0.21774202009219523,nan
3493888.0,0.2897416762198588,0.14720031410809392,nan
3495936.0,0.11012108666471819,0.1778242324157161,nan
3497984.0,0.1927684637846186,0.2067270802396254,nan
3500032.0,0.0892316464564194,0.20202223998880062,nan
3502080.0,0.28436927017172636,0.14669783200197625,nan
3504128.0,0.2754448630898838,0.16753866339668513,nan
3506176.0,0.21262857337272478,0.20901845831981786,nan
3508224.0,0.23349879827871828,0.16519096968585437,nan
3510272.0,0.2534747424776834,0.18917512380662263,nan
3512320.0,0.17418578994067865,0.19015116864271953,69.30353430353429
3514368.0,0.21822491318640863,0.19520899389621918,nan
3516416.0,0.2491852929788348,0.17233886447836286,nan
3518464.0,0.2964279807987916,0.12299697848352516,nan
3520512.0,0.2672805935799559,0.17682041991645062,nan
3522560.0,0.3342218043497145,0.08557960215044058,nan
3524608.0,0.22639786153503375,0.19497621435599932,nan
3526656.0,0.3245597375079151,0.07908642199047825,nan
3528704.0,0.22514324169970812,0.1777911414831744,nan
3530752.0,0.32639891206325167,0.12084845403200492,nan
3532800.0,0.2319103028036947,0.16622471854774293,nan
3534848.0,0.3115605263118081,0.11874499031527865,nan
3536896.0,0.2986692875943967,0.14473020647723214,nan
3538944.0,0.24702502877145602,0.20274902625999808,nan
3540992.0,0.2951439398510364,0.12163149534938018,nan
3543040.0,0.28434270948480705,0.13677323015905252,nan
3545088.0,0.2845986106380928,0.15475844528996624,nan
3547136.0,0.3342013514873011,0.09908286092616436,nan
3549184.0,0.2744621841354579,0.16588491306909497,nan
3551232.0,0.29550945397971745,0.13243661418488323,nan
3553280.0,0.2692544625200789,0.16329749146772993,nan
3555328.0,0.23740343850871323,0.1941561536774974,nan
3557376.0,0.31669336016641997,0.09178051311297425,nan
3559424.0,0.3054702773508407,0.1422565560438547,nan
3561472.0,0.3144563233158055,0.13039807029688774,nan
3563520.0,0.27973052155514255,0.17244559206621657,nan
3565568.0,0.2963107992359063,0.15586247177947293,nan
3567616.0,0.28454601507783117,0.16379776084007489,nan
3569664.0,0.2861882086591256,0.16351565703047588,nan
3571712.0,0.2892244078137421,0.1550984665578253,nan
3573760.0,0.3433256066366157,0.08796777207501266,nan
3575808.0,0.30302471391925456,0.13388154979090147,nan
3577856.0,0.31336050447453323,0.11257897575316042,nan
3579904.0,0.26712437834540165,0.17583928039420774,nan
3581952.0,0.25578843183293026,0.17258819007313098,nan
3584000.0,0.2961302421424594,0.13835909601904128,nan
3586048.0,0.3259929522649109,0.10368485269314051,nan
3588096.0,0.35245230558371843,0.035904128067503774,nan
3590144.0,0.293976098163499,0.14509878517487942,nan
3592192.0,0.2437814242341257,0.18291985815201925,nan
3594240.0,0.290473218172031,0.13998959943285308,nan
3596288.0,0.18622169902768734,0.22582811503988312,nan
3598336.0,0.2597674074738388,0.18308272349463664,nan
3600384.0,0.2972168392455863,0.12968654109123587,nan
3602432.0,0.35650702080411867,0.04064459097974563,nan
3604480.0,0.3057627250738417,0.11986647255601388,nan
3606528.0,0.322829906430203,0.08816807959077522,nan
3608576.0,0.26998942423383177,0.14075632812486485,nan
3610624.0,0.2672977190618663,0.14948475892679172,nan
3612672.0,0.11251169222232707,0.23727126094345827,92.15176715176715
3614720.0,0.3147640476106624,0.09260952414440883,nan
3616768.0,0.24221733464484296,0.19242954985057997,nan
3618816.0,0.3138239363305414,0.10422004368141523,nan
3620864.0,0.21910310170347108,0.21208276001961135,nan
3622912.0,0.27740437856507355,0.1786336169437883,nan
3624960.0,0.2704127157806442,0.16891646056964962,nan
3627008.0,0.2957832551137288,0.1466375381093386,nan
3629056.0,0.21295094356854705,0.19986514812128797,nan
3631104.0,0.2930116929591192,0.1259055465670944,nan
3633152.0,0.21593813751024682,0.19321897660186862,nan
3635200.0,0.30502111769688345,0.12957906657509233,nan
3637248.0,0.3191709187631444,0.09241008649462024,nan
3639296.0,0.19915051346368565,0.2053255324138691,nan
3641344.0,0.32634551269484646,0.07888435950330601,nan
3643392.0,0.22172181178964828,0.22061607886496507,nan
3645440.0,0.2743299276914545,0.18150774172869166,nan
3647488.0,0.32084448760333356,0.11360304298949767,nan
3649536.0,0.28201518276974136,0.1680011212194175,nan
3651584.0,0.1311849401362755,0.22241736428936754,nan
3653632.0,0.20827959308765062,0.2123701171404833,nan
3655680.0,0.3085233342241453,0.11801936975844983,nan
3657728.0,0.15812856035125494,0.22483800800795167,nan
3659776.0,0.2927546523816943,0.149537670455453,nan
3661824.0,0.29768248415697396,0.1596056095278433,nan
3663872.0,0.25380029108954594,0.21018861640878836,nan
3665920.0,0.28343495455554596,0.16491388025827203,nan
3667968.0,0.27865827457930814,0.13965349461035592,nan
3670016.0,0.27814437800450376,0.15961364750066012,nan
3672064.0,0.3421779723527336,0.05341574530457165,nan
3674112.0,0.3480082031332617,0.07905652046842043,nan
3676160.0,0.2769969854176362,0.15905441137636053,nan
3678208.0,0.3179592730521452,0.08314747436021304,nan
3680256.0,0.22445797922915295,0.18696888019527522,nan
3682304.0,0.27687358381985516,0.15140926987627407,nan
3684352.0,0.31102440708901224,0.09386064706357243,nan
3686400.0,0.23985563330380216,0.19101499467804653,nan
3688448.0,0.26818019544162086,0.1587154697440258,nan
3690496.0,0.3118995161202275,0.10587344147724831,nan
3692544.0,0.311177655875502,0.10721020041290641,nan
3694592.0,0.2682925666387449,0.1716492966802108,nan
3696640.0,0.2792269203560123,0.16212787319520808,nan
3698688.0,0.2832418294681831,0.16503491873032913,nan
3700736.0,0.30735958144627784,0.12081236199253771,nan
3702784.0,0.3097927676728067,0.10164406657205445,nan
3704832.0,0.3220440437796217,0.08249986306873203,nan
3706880.0,0.23912730316851746,0.20195893927181952,nan
3708928.0,0.2613252149782284,0.17236529853467256,nan
3710976.0,0.26165020635105535,0.15361176076732694,nan
3713024.0,0.31276790730405024,0.0928572045063469,88.79417879417879
3715072.0,0.27936359019467255,0.12684392939620373,nan
3717120.0,0.13801020869920103,0.21280984896887312,nan
3719168.0,0.2458376796994422,0.1708161228497912,nan
3721216.0,0.33369866141342797,0.07386689139206867,nan
3723264.0,0.32658583017199705,0.08589555598848489,nan
3725312.0,0.2629739180913432,0.15444097378055022,nan
3727360.0,0.2629196425102685,0.15525824509354416,nan
3729408.0,0.30318988627242816,0.11823514225442057,nan
3731456.0,0.24442306959653246,0.1741053808935527,nan
3733504.0,0.31784062465852303,0.09781854168241376,nan
3735552.0,0.2885696402276169,0.16234124062438882,nan
3737600.0,0.32567567256881386,0.10679797550662669,nan
3739648.0,0.23742669121876941,0.21415150482807427,nan
3741696.0,0.24022249742029103,0.20177203651116837,nan
3743744.0,0.24945550793125432,0.18712059474639986,nan
3745792.0,0.33644989558604504,0.05061840743894807,nan
3747840.0,0.2920037580074424,0.14066655572732403,nan
3749888.0,0.26963955722595057,0.17057096802226068,nan
3751936.0,0.3148853417200158,0.14105675549121224,nan
3753984.0,0.24441896176985317,0.19293273281917084,nan
3756032.0,0.27130099692765525,0.1785572924027725,nan
3758080.0,0.3135150243168229,0.08845388943840059,nan
3760128.0,0.31013933730486165,0.11042463353010297,nan
3762176.0,0.33224788477206335,0.08435959519686298,nan
3764224.0,0.3434744792516172,0.06705985969040144,nan
3766272.0,0.31730618880807204,0.07935661198270606,nan
3768320.0,0.3095745721545399,0.11652254274343457,nan
3770368.0,0.2867067580829571,0.14212068840737646,nan
3772416.0,0.3156954299873604,0.10970154874290962,nan
3774464.0,0.3168627853627656,0.09181427245145822,nan
3776512.0,0.14002350697747434,0.22265200330165866,nan
3778560.0,0.04062632340978128,0.20222731963617702,nan
3780608.0,0.20023006704014196,0.18754784383639939,nan
3782656.0,0.28230912192121504,0.16848753975248382,nan
3784704.0,0.3436587213506842,0.028910730197258566,nan
3786752.0,0.33615470389281626,0.0723730701099349,nan
3788800.0,0.28941626175714097,0.18762747875563057,nan
3790848.0,0.32290587083067496,0.08902345067073614,nan
3792896.0,0.27282286757582974,0.1834809235769905,nan
3794944.0,0.15927378844073461,0.2560777826973777,nan
3796992.0,0.2971563735915481,0.148809144416539,nan
3799040.0,0.28028456638845434,0.1546254553774114,nan
3801088.0,0.3153330787122166,0.09906945235606707,nan
3803136.0,0.24129167099046617,0.19623462456342575,nan
3805184.0,0.24986739668808816,0.1963418431878914,nan
3807232.0,0.33877382266208766,0.06372396056506592,nan
3809280.0,0.20878815430669193,0.2410048996923514,nan
3811328.0,0.27926567236105776,0.15363312578206542,nan
3813376.0,0.25556344448271195,0.19712886403920105,95.32224532224532
3815424.0,0.28292932029329465,0.15951357573163485,nan
3817472.0,0.31322646046756086,0.0872799092020447,nan
3819520.0,0.3288622013990472,0.08838834805579679,nan
3821568.0,0.18066893311125568,0.23214997583860644,nan
3823616.0,0.3398100388688202,0.09155812153133863,nan
3825664.0,0.2739116026920625,0.17298563207595657,nan
3827712.0,0.3397362363268713,0.07279764080087238,nan
3829760.0,0.33453166596663886,0.051231488305150494,nan
3831808.0,0.32155995939324256,0.13291618328341778,nan
3833856.0,0.3213070762619163,0.11411815973521514,nan
3835904.0,0.3177155243942941,0.11842875644860017,nan
3837952.0,0.31254514738599015,0.12353915349040387,nan
3840000.0,0.3165634589306738,0.12501800192289617,nan
3842048.0,0.35733115959218076,0.07150442269249327,nan
3844096.0,0.3381789280618498,0.10259595278325404,nan
3846144.0,0.20602806297068166,0.22172870606130549,nan
3848192.0,0.1965603052646225,0.21937274056163975,nan
3850240.0,0.2888465667501051,0.16800637564546472,nan
3852288.0,0.31294354920916867,0.11017171865560567,nan
3854336.0,0.32519014311220645,0.1141574109705927,nan
3856384.0,0.2903636554146497,0.1484762345408246,nan
3858432.0,0.281661356227642,0.12816978324889666,nan
3860480.0,0.33887386469478054,0.10342385987876887,nan
3862528.0,0.3009923564098276,0.14909663151972244,nan
3864576.0,0.3138190140524033,0.11849542172842227,nan
3866624.0,0.2748371468132069,0.1602258010449036,nan
3868672.0,0.27922023167957377,0.15042237069496212,nan
3870720.0,0.2493854807158483,0.19469684034046433,nan
3872768.0,0.3195176240993919,0.09519794715187804,nan
3874816.0,0.2338883803917908,0.2068609176689658,nan
3876864.0,0.3138155223480412,0.1016035956052438,nan
3878912.0,0.29539467462477287,0.15432929140523038,nan
3880960.0,0.16613438970414085,0.22919484212992838,nan
3883008.0,0.27308241902943525,0.1811505821197291,nan
3885056.0,0.23472583160090238,0.22156278839590335,nan
3887104.0,0.32191037549630636,0.112374616750914,nan
3889152.0,0.2701726888628406,0.16100832251668568,nan
3891200.0,0.33302097825071936,0.05572668318918767,nan
3893248.0,0.32010232555553975,0.09238699975638154,nan
3895296.0,0.34468948678868083,0.07853644396540532,nan
3897344.0,0.20990649115590226,0.21190145441088884,nan
3899392.0,0.33646703692222624,0.07822290549563547,nan
3901440.0,0.26636155574443027,0.1666882442782497,nan
3903488.0,0.295766455286024,0.1490256860734119,nan
3905536.0,0.31659912994691203,0.11213630063380149,nan
3907584.0,0.23416256004470243,0.19260838185549545,nan
3909632.0,0.32508676028806194,0.058100519775679434,nan
3911680.0,0.3363966932355264,0.10511133774234957,nan
3913728.0,0.34615086734369077,0.022124128272669897,85.53014553014553
3915776.0,0.1681843323301008,0.23499503947085737,nan
3917824.0,0.2362939518986796,0.2017858297671085,nan
3919872.0,0.20046523325611115,0.25151481400595554,nan
3921920.0,0.31332973496804906,0.10161013738484902,nan
3923968.0,0.2749033595240498,0.14274554951142043,nan
3926016.0,0.3414700430216075,0.07493045008837983,nan
3928064.0,0.34360003517595117,0.08014644583644688,nan
3930112.0,0.3274757166748332,0.094633068795818,nan
3932160.0,0.3078749573780791,0.13074526920207435,nan
3934208.0,0.12526338850566146,0.24462512397949113,nan
3936256.0,0.24454834159153002,0.20866435854087972,nan
3938304.0,0.14923940607807856,0.23003636566416064,nan
3940352.0,0.06418208777977256,0.23267483609577896,nan
3942400.0,0.26086261610450756,0.17757158057468442,nan
3944448.0,0.11255131323741303,0.2394473611768208,nan
3946496.0,0.2543637499699963,0.16855807890691268,nan
3948544.0,0.2681872005986941,0.17732925323138235,nan
3950592.0,0.20299284745717336,0.2057337020172551,nan
3952640.0,0.31289852807178986,0.12257007316115327,nan
3954688.0,0.31145187537468566,0.08267461633971543,nan
3956736.0,0.3064214398853045,0.1276548389088545,nan
3958784.0,0.31895709404678785,0.10568748802176302,nan
3960832.0,0.3035851874819344,0.11475829106753445,nan
3962880.0,0.3380148981812221,0.0697261743935681,nan
3964928.0,0.33486250210126645,0.056105757660501354,nan
3966976.0,0.32033110783425023,0.09231878200791704,nan
3969024.0,0.17717968142328436,0.23348462296100836,nan
3971072.0,0.25548440872509925,0.1835641752052987,nan
3973120.0,0.2843335665017803,0.15960767885081326,nan
3975168.0,0.2727723832167123,0.18538418871441012,nan
3977216.0,0.328787263338127,0.11000061213096597,nan
3979264.0,0.2991031220906726,0.1172372676200397,nan
3981312.0,0.30560961707420287,0.15558763987049826,nan
3983360.0,0.31989530277162426,0.08434188224314297,nan
3985408.0,0.29532050004800886,0.1270216058696267,nan
3987456.0,0.28640166263323885,0.1638022946048514,nan
3989504.0,0.34913393716817487,0.02457003036596902,nan
3991552.0,0.2829040551406925,0.1533366393349072,nan
3993600.0,0.2763407909171618,0.1653333390868199,nan
3995648.0,0.34478756820957707,0.08149521610258616,nan
3997696.0,0.33662007062708804,0.0883056130726721,nan
3999744.0,0.32148368201255195,0.11123970606355284,nan
4001792.0,0.26511696094973203,0.15293390074898522,nan
4003840.0,0.30366661901885983,0.14749751154499025,nan
4005888.0,0.2963094370306176,0.14444228161461944,nan
4007936.0,0.30964356872136667,0.11187662674593636,nan
4009984.0,0.32176280346021646,0.0962812508692386,nan
4012032.0,0.2668540574113953,0.17540862507988822,nan
4014080.0,0.29729999013271546,0.13754551766569814,94.24116424116423
4016128.0,0.2640752278771582,0.17305380818027305,nan
4018176.0,0.3039874834102754,0.1413148319257745,nan
4020224.0,0.3174631704858817,0.10708333934952527,nan
4022272.0,0.3409011656479617,0.07296651721551138,nan
4024320.0,0.3057476132474649,0.0996077337297506,nan
4026368.0,0.23186689617174328,0.17515408503302654,nan
4028416.0,0.3408743235408145,0.04537690143576382,nan
4030464.0,0.26718165868529226,0.16718568700074907,nan
4032512.0,0.24460832156414036,0.1884075811068888,nan
4034560.0,0.2228213639578014,0.19792073529212972,nan
4036608.0,0.32412245491163805,0.0867118271923169,nan
4038656.0,0.31091469139746053,0.12575039098514168,nan
4040704.0,0.2924406509672095,0.1290797493008642,nan
4042752.0,0.3304701999134261,0.04727145222638102,nan
4044800.0,0.2162224782724126,0.20808478857175294,nan
4046848.0,0.3005550474541717,0.13628721143676337,nan
4048896.0,0.3190109645572084,0.0981724573256745,nan
4050944.0,0.33073957277399313,0.11861081063390562,nan
4052992.0,0.3164672601172479,0.12445835900785414,nan
4055040.0,0.2983244486921382,0.12669964197244243,nan
4057088.0,0.2657601647795237,0.16991542695919548,nan
4059136.0,0.2647366187664495,0.15892095673441903,nan
4061184.0,0.3329944984778239,0.07444741173734955,nan
4063232.0,0.2774261972290236,0.17190571590338258,nan
4065280.0,0.33864086845020935,0.045989466320641395,nan
4067328.0,0.3176101525173792,0.09026899896389712,nan
4069376.0,0.27223403855716966,0.1438753204105269,nan
4071424.0,0.31368458139618005,0.12369827228360522,nan
4073472.0,0.32525734795555383,0.09595887657497336,nan
4075520.0,0.322566648755934,0.07977353242475828,nan
4077568.0,0.35068000086312195,0.04183763544391365,nan
4079616.0,0.18063911273935712,0.22667460594909236,nan
4081664.0,0.2788009624617718,0.17922604835852504,nan
4083712.0,0.3362483586283969,0.051989161076471384,nan
4085760.0,0.3208304002573228,0.10093564675311748,nan
4087808.0,0.3174433709113332,0.0852907788576245,nan
4089856.0,0.31117046379505653,0.13032064049755626,nan
4091904.0,0.30248629813881855,0.1302107725809842,nan
4093952.0,0.3485737510158007,0.05077086085923976,nan
4096000.0,0.3314967139711169,0.09143423446724319,nan
4098048.0,0.2941464671815096,0.12988959663435917,nan
4100096.0,0.33698343638119077,0.08186156827462682,nan
4102144.0,0.3100302362800472,0.09189746863235737,nan
4104192.0,0.3263761591977138,0.1191896905285039,nan
4106240.0,0.31557404948620854,0.11865786083602722,nan
4108288.0,0.30765679902375176,0.10550033997988335,nan
4110336.0,0.23555676836886139,0.2137048562128822,nan
4112384.0,0.33000448599185567,0.07340707802522527,nan
4114432.0,0.21105435201507444,0.22755351960243014,89.72972972972974
4116480.0,0.3103282427714946,0.1362889959703979,nan
4118528.0,0.26640304540711923,0.1447384427971203,nan
4120576.0,0.32705237742032395,0.09118716911847848,nan
4122624.0,0.2501858236522498,0.17825637150946716,nan
4124672.0,0.3444460813964828,0.07912041990403791,nan
4126720.0,0.2967846068416147,0.10130890964613772,nan
4128768.0,0.333143476334107,0.03795752663482939,nan
4130816.0,0.3302643581962389,0.05774537398870574,nan
4132864.0,0.2573107701662737,0.18453946696981413,nan
4134912.0,0.3100960745089154,0.09533225860693124,nan
4136960.0,0.32088263957293695,0.1088966668847958,nan
4139008.0,0.3274751513300282,0.09799389614050173,nan
4141056.0,0.2652943475365647,0.2027743290237065,nan
4143104.0,0.3452868778853354,0.05656254742665151,nan
4145152.0,0.31074548904883537,0.11772669422011854,nan
4147200.0,0.32286987711657134,0.05144963758732038,nan
4149248.0,0.3137898958787161,0.1008068148738513,nan
4151296.0,0.2833349427943287,0.1522738739431247,nan
4153344.0,0.27130401636878776,0.18143409713481812,nan
4155392.0,0.3259984574147812,0.09023524713745548,nan
4157440.0,0.3333797376557918,0.07261327085908849,nan
4159488.0,0.3156821828139614,0.08416819420048444,nan
4161536.0,0.3033309379866379,0.11421304264838532,nan
4163584.0,0.33348968631643783,0.02692950550381215,nan
4165632.0,0.18308015672184175,0.22123456170346284,nan
4167680.0,0.2559234555755853,0.19447560369323783,nan
4169728.0,0.1384446119253198,0.20399121451922445,nan
4171776.0,0.30553162317286175,0.10875262652356932,nan
4173824.0,0.331224498013775,0.0294613225928325,nan
4175872.0,0.2923211957142412,0.13455621681456603,nan
4177920.0,0.24023486729480883,0.16871876100727218,nan
4179968.0,0.34971564585026377,0.024435732314504598,nan
4182016.0,0.26156190444766103,0.19259031412731317,nan
4184064.0,0.318633179399773,0.07379036776725775,nan
4186112.0,0.15051490845141485,0.23100367098170294,nan
4188160.0,0.28918016765229715,0.16237778837938385,nan
4190208.0,0.2320342574856493,0.19422675987906343,nan
4192256.0,0.23810389586673097,0.18342232105977327,nan
4194304.0,0.30947612583043327,0.12437012266981308,nan
4196352.0,0.28007095781064884,0.1549914026343666,nan
4198400.0,0.3226877789660248,0.09986867307094036,nan
4200448.0,0.3113655732925571,0.13795042443207034,nan
4202496.0,0.27916827725014526,0.1687297422131166,nan
4204544.0,0.3051931941597113,0.12339413589987443,nan
4206592.0,0.3277215183127333,0.07722667493299253,nan
4208640.0,0.31490645227008085,0.13467639210255844,nan
4210688.0,0.3087005834556632,0.1371910813526097,nan
4212736.0,0.32182331769840267,0.11846478967255436,nan
4214784.0,0.2603254053964367,0.17808705829859223,89.52182952182952
4216832.0,0.27974753608515723,0.14622631608558576,nan
4218880.0,0.30875133350132805,0.08955630591942264,nan
4220928.0,0.3237759718694442,0.07454570034296712,nan
4222976.0,0.25115082096025937,0.17097715945074285,nan
4225024.0,0.30319351079300827,0.15414259461501437,nan
4227072.0,0.3100708610002985,0.09715041559079693,nan
4229120.0,0.2750928355900011,0.17886128599409729,nan
4231168.0,0.16628584333206753,0.22912411321120962,nan
4233216.0,0.2940122316365017,0.15439016987172702,nan
4235264.0,0.338544000492741,0.054221116468420004,nan
4237312.0,0.234156124996932,0.2280393422878812,nan
4239360.0,0.2551746617098178,0.17718933251371632,nan
4241408.0,0.2681277670215896,0.1596125053798086,nan
4243456.0,0.3410948554586446,0.04526813541823279,nan
4245504.0,0.3310774676955746,0.06762001527053575,nan
4247552.0,0.354120363774759,0.017455417378377275,nan
4249600.0,0.30393598408707545,0.1145647804898578,nan
4251648.0,0.2507712476072697,0.19137680119366904,nan
4253696.0,0.31760966050845585,0.08952906100911742,nan
4255744.0,0.2140246385593533,0.19260208180906732,nan
4257792.0,0.31006938729369693,0.1319582994135447,nan
4259840.0,0.2676950659453097,0.1558787461898617,nan
4261888.0,0.32913962993285995,0.0929613041838652,nan
4263936.0,0.3387921564164285,0.07138439566621373,nan
4265984.0,0.3428219063315139,0.07640062084155173,nan
4268032.0,0.20333665317045613,0.20821686351224458,nan
4270080.0,0.3270102417877025,0.09508750702141053,nan
4272128.0,0.328922750340624,0.07638359218080873,nan
4274176.0,0.3385176565912664,0.04568321136194173,nan
4276224.0,0.13083881814645917,0.21770293749371689,nan
4278272.0,0.3033872927763367,0.10837433597604182,nan
4280320.0,0.3113610417141935,0.09751760657881445,nan
4282368.0,0.32076429297991016,0.09565521322170281,nan
4284416.0,0.2754743968923805,0.13894717657913977,nan
4286464.0,0.2897176107253787,0.13674192119101578,nan
4288512.0,0.23262286858876957,0.18400921198978296,nan
4290560.0,0.2415783647220885,0.17510924615857382,nan
4292608.0,0.30756545741791164,0.11797862305657428,nan
4294656.0,0.3107623761558592,0.09320512557987726,nan
4296704.0,0.3277534907418738,0.07947102170835496,nan
4298752.0,0.2077029012489467,0.192840305908666,nan
4300800.0,0.2448553622089252,0.17874594631905216,nan
4302848.0,0.2989502378538748,0.12213106035233075,nan
4304896.0,0.28316040134540876,0.14874279762490647,nan
4306944.0,0.2713846918837105,0.14847133038602273,nan
4308992.0,0.2746585341973445,0.17511506096864082,nan
4311040.0,0.30950585932404995,0.09200073614387984,nan
4313088.0,0.2855539160435715,0.14609509554657898,nan
4315136.0,0.30495819060515916,0.11806685251798993,97.28690228690229
4317184.0,0.32394058528477615,0.028918409223594038,nan
4319232.0,0.2946045518899266,0.1451496559596751,nan
4321280.0,0.32529202577786376,0.06285178706225825,nan
4323328.0,0.28332491393793746,0.13696941640169774,nan
4325376.0,0.25691825945487734,0.16673825430388134,nan
4327424.0,0.2155035350732336,0.2035300802069891,nan
4329472.0,0.31831514525230514,0.06426089978665164,nan
4331520.0,0.3015836471407309,0.13034760682496555,nan
4333568.0,0.2909098953306829,0.15070340109963334,nan
4335616.0,0.2532069692889235,0.1746299557385628,nan
4337664.0,0.24905155100909454,0.19384291388685548,nan
4339712.0,0.33415022735228783,0.01902390467899479,nan
4341760.0,0.17113543152217336,0.23773668876316784,nan
4343808.0,0.3325925479316574,0.025805921811272833,nan
4345856.0,0.14603975408669664,0.2196076065255135,nan
4347904.0,0.30840883567342237,0.11275093590902725,nan
4349952.0,0.08154826151955234,0.24312758661614395,nan
4352000.0,0.3203539614029836,0.06521651029161057,nan
4354048.0,0.23709374398716201,0.20643448596854735,nan
4356096.0,0.19788656535989613,0.20729623224215707,nan
4358144.0,0.15316284973745997,0.22091807753811987,nan
4360192.0,0.19709713461523284,0.22900704581942186,nan
4362240.0,0.2830735913706264,0.1540377531391974,nan
4364288.0,0.34182804211004925,0.050475640970717175,nan
4366336.0,0.27205748776260846,0.1709627801857737,nan
4368384.0,0.19965725459189135,0.18537073011787666,nan
4370432.0,0.3170834955683388,0.11188484690091223,nan
4372480.0,0.3057937337293834,0.11458277184271697,nan
4374528.0,0.29922440755170227,0.12964942728000062,nan
4376576.0,0.1822918923035141,0.21572716046724888,nan
4378624.0,0.3171939104111269,0.06440064830088948,nan
4380672.0,0.2544411311521189,0.16956439624123465,nan
4382720.0,0.16011340986068054,0.2086870935075802,nan
4384768.0,0.3119187471451223,0.0882896502287485,nan
4386816.0,0.19781448668026574,0.23051339250712824,nan
4388864.0,0.3335818791436239,0.03914315023965036,nan
4390912.0,0.3293141667268987,0.07576371034844469,nan
4392960.0,0.2562240885598478,0.1769577871987373,nan
4395008.0,0.26946549776414674,0.16664468933637758,nan
4397056.0,0.32194673218011977,0.0967349015459934,nan
4399104.0,0.2705382190518012,0.1512872427168214,nan
4401152.0,0.3163938960604725,0.07737962018772195,nan
4403200.0,0.29922600696645885,0.14637781700108343,nan
4405248.0,0.1822625339273956,0.22977127220421134,nan
4407296.0,0.3202791307652331,0.07014538795383263,nan
4409344.0,0.34192850345371595,0.058413984132102394,nan
4411392.0,0.20337901660678392,0.2060991723112231,nan
4413440.0,0.24447327978871974,0.19800561486187263,nan
4415488.0,0.306841531830166,0.12192449558282187,80.54054054054055
4417536.0,0.12971545323750472,0.24413426309188027,nan
4419584.0,0.31237647132570856,0.11940599209365138,nan
4421632.0,0.14527057360196047,0.24220414377587973,nan
4423680.0,0.2854275036615861,0.17252935984169607,nan
4425728.0,0.18766541722294533,0.22195826693551285,nan
4427776.0,0.296922753927458,0.14731191209177702,nan
4429824.0,0.3156470747866412,0.13919749831776992,nan
4431872.0,0.3015719337504711,0.13865363903809638,nan
4433920.0,0.21303981708655007,0.1970158478356574,nan
4435968.0,0.34245021128269193,0.04806291293223407,nan
4438016.0,0.22191540069500681,0.21432965294084597,nan
4440064.0,0.3088162589883624,0.14155607396954356,nan
4442112.0,0.32499338997312444,0.0675624690919151,nan
4444160.0,0.2921472302855732,0.1419000249485566,nan
4446208.0,0.027312755136825753,0.212334951692766,nan
4448256.0,0.16541364533537198,0.24017301293853907,nan
4450304.0,0.3066452295637412,0.13630902006792867,nan
4452352.0,0.12217598604271543,0.26204912065794994,nan
4454400.0,0.3319266023187788,0.12829284747615669,nan
4456448.0,0.2615309297170002,0.1764693977172961,nan
4458496.0,0.23230810215486844,0.21443881681834692,nan
4460544.0,0.32204489416855064,0.08572507617756973,nan
4462592.0,0.33118851242097225,0.1109030140807975,nan
4464640.0,0.15001618797789212,0.21599485208330804,nan
4466688.0,0.3331314513689368,0.04424905976221416,nan
4468736.0,0.18902763921260007,0.22589575069643897,nan
4470784.0,0.3068278467988397,0.10947410226762848,nan
4472832.0,0.3053775927190284,0.14601595545804344,nan
4474880.0,0.3452582133736512,0.057558677042489466,nan
4476928.0,0.32089534206193315,0.061481253129311936,nan
4478976.0,0.31465109112177775,0.11150570923786556,nan
4481024.0,0.34215972657806215,0.02268799549244022,nan
4483072.0,0.18460530034467876,0.24705663158564714,nan
4485120.0,0.3332744288177429,0.0729945883940335,nan
4487168.0,0.29948687230630244,0.12550286824300222,nan
4489216.0,0.25967140502379016,0.1958428324819163,nan
4491264.0,0.17634726344195348,0.21792107562821778,nan
4493312.0,0.3409998809999848,0.02879085420440205,nan
4495360.0,0.32563482412664746,0.07583294176613867,nan
4497408.0,0.0232493217658992,0.2447461777783571,nan
4499456.0,0.2522024696674555,0.17617018276825075,nan
4501504.0,0.3152080389699758,0.08863914592300776,nan
4503552.0,0.2103091454079259,0.21525333941910055,nan
4505600.0,0.32910589851544114,0.05541375226370219,nan
4507648.0,0.27675392216120587,0.18873918876733314,nan
4509696.0,0.3422602380591193,0.03702097071957039,nan
4511744.0,0.3537187412141703,0.03452214611860919,nan
4513792.0,0.35270205810897864,0.038203221143424504,nan
4515840.0,0.3008599842350216,0.15168276708947578,83.07692307692307
4517888.0,0.3440553187394727,0.04359551778268627,nan
4519936.0,0.3365340631676498,0.020982729592349144,nan
4521984.0,0.296818407889334,0.12610500844439457,nan
4524032.0,0.34520749616416013,0.0700945316662139,nan
4526080.0,0.2963295387597289,0.12443920762249179,nan
4528128.0,0.3001707973683274,0.12290140538730052,nan
4530176.0,0.35281663908277133,0.06417477766474741,nan
4532224.0,0.3430196035671367,0.07743563905007432,nan
4534272.0,0.36254253747398757,0.07426212539998008,nan
4536320.0,0.2855252489018131,0.1724874112889696,nan
4538368.0,0.25188602733928356,0.18630824164904666,nan
4540416.0,0.3505480109787579,0.07128649690717874,nan
4542464.0,0.29845483227242575,0.12209825753853268,nan
4544512.0,0.264379765655473,0.15639452460936987,nan
4546560.0,0.3263638805081364,0.055798835503096784,nan
4548608.0,0.3378219600814403,0.05626529044319034,nan
4550656.0,0.34534789870098853,0.040422259451760936,nan
4552704.0,0.2993227032140834,0.10807402502792389,nan
4554752.0,0.3265931220886974,0.08531023610052084,nan
4556800.0,0.3253050586052547,0.066597823718095,nan
4558848.0,0.31020346267415344,0.11324090350000157,nan
4560896.0,0.3224336246575864,0.08291659125571732,nan
4562944.0,0.3294370416761015,0.08721038474622715,nan
4564992.0,0.3274937396725698,0.0991735009255836,nan
4567040.0,0.3413746203773352,0.07777254987267619,nan
4569088.0,0.26920775025656596,0.12804699126942892,nan
4571136.0,0.2526991175928727,0.11544475620594649,nan
4573184.0,0.2228788404007359,0.14712169076574272,nan
4575232.0,0.30094007497403824,0.12212203080604035,nan
4577280.0,0.12844345348474712,0.20965690192320519,nan
4579328.0,0.23718462857497188,0.1592795092073456,nan
4581376.0,0.2656458584065946,0.15699447390712679,nan
4583424.0,0.22524455189489437,0.16572127520046753,nan
4585472.0,0.2481347043480838,0.1784070311338641,nan
4587520.0,0.30664656462325207,0.14408194249721393,nan
4589568.0,0.24765169570584528,0.2009612832616566,nan
4591616.0,0.3158858961099015,0.12188575950883584,nan
4593664.0,0.3391962544934948,0.07406725741192832,nan
4595712.0,0.31671202282079614,0.10302181301970834,nan
4597760.0,0.31789615233476637,0.1076176350401003,nan
4599808.0,0.32353742798985896,0.06538944194361326,nan
4601856.0,0.31693926724597055,0.09521743396988316,nan
4603904.0,0.32128740691203483,0.0981911653049616,nan
4605952.0,0.2492937671422203,0.18653251870463822,nan
4608000.0,0.2899857188643883,0.15517483137766924,nan
4610048.0,0.340083525113268,0.08484049573717703,nan
4612096.0,0.2819693160397324,0.14911802706262647,nan
4614144.0,0.29024799293770015,0.13028123255909732,nan
4616192.0,0.3319214938496718,0.09467135059569788,90.75883575883576
4618240.0,0.3169019439259533,0.07288249025735079,nan
4620288.0,0.30563816286928064,0.12116383432205552,nan
4622336.0,0.2281123892507452,0.19111646651561048,nan
4624384.0,0.3195385371073642,0.054638333955154335,nan
4626432.0,0.3268805972298139,0.0451245993459433,nan
4628480.0,0.3323598395504296,0.09367676798765462,nan
4630528.0,0.2397729680827262,0.1928127597679497,nan
4632576.0,0.23528325231483196,0.18636141883782362,nan
4634624.0,0.3003780854386723,0.14851306650595686,nan
4636672.0,0.28703454971702036,0.14694206463598714,nan
4638720.0,0.31775564089010955,0.07343779368918625,nan
4640768.0,0.2980062989655762,0.12467457614155508,nan
4642816.0,0.3238606809494672,0.07305201888340639,nan
4644864.0,0.27977855777069965,0.15254060102035247,nan
4646912.0,0.2894548869896636,0.13514290094143008,nan
4648960.0,0.28043967597500447,0.16399308884426586,nan
4651008.0,0.31933409052295025,0.12368210545319668,nan
4653056.0,0.271103952880345,0.18160934240232005,nan
4655104.0,0.3331409942310122,0.04484002610872069,nan
4657152.0,0.2303031905416903,0.21217594401811302,nan
4659200.0,0.30348602282544235,0.14428240689620575,nan
4661248.0,0.3270016512730335,0.0914523095248341,nan
4663296.0,0.2838719575539542,0.14158703679414386,nan
4665344.0,0.29707942627935513,0.14156336151872867,nan
4667392.0,0.26357026783580917,0.16638261426735754,nan
4669440.0,0.2913565819795555,0.12899277594678984,nan
4671488.0,0.24391633522601802,0.2001631274003813,nan
4673536.0,0.2815988104163124,0.14747008814865464,nan
4675584.0,0.31727550682676775,0.13744992366390826,nan
4677632.0,0.31778011894831926,0.07295053481937873,nan
4679680.0,0.3106528477860615,0.13099844067063965,nan
4681728.0,0.3284064643242065,0.07612736452974493,nan
4683776.0,0.3251000987518303,0.10645046097578106,nan
4685824.0,0.297657280114806,0.1497174840775896,nan
4687872.0,0.3117793414136545,0.12480731092242632,nan
4689920.0,0.32654841036360494,0.11210658232852345,nan
4691968.0,0.2838666269202584,0.17469324219991297,nan
4694016.0,0.32543761434684515,0.08661283007979287,nan
4696064.0,0.33950287125061696,0.07463452422849993,nan
4698112.0,0.3027793638475918,0.15946689568243536,nan
4700160.0,0.30849812555783607,0.1411363484378941,nan
4702208.0,0.32947413518809254,0.09247945117410249,nan
4704256.0,0.33663208770387365,0.07662160604531819,nan
4706304.0,0.28345065014196746,0.15757833831138024,nan
4708352.0,0.3273461543735472,0.10123352722204874,nan
4710400.0,0.285215466753725,0.17468246971471907,nan
4712448.0,0.2527114372010436,0.17803586172202662,nan
4714496.0,0.34610261663896075,0.08482002394050678,nan
4716544.0,0.30882514915984816,0.13305210985677776,88.82536382536384
4718592.0,0.29169722716023916,0.16671217169426522,nan
4720640.0,0.33353976748286124,0.03927189986903816,nan
4722688.0,0.3260913438154974,0.08672361080351941,nan
4724736.0,0.32601949318785084,0.10678043414024203,nan
4726784.0,0.30498534271612576,0.12995216218703728,nan
4728832.0,0.3319542277230455,0.03889223863547005,nan
4730880.0,0.2773586283833456,0.16458799273437907,nan
4732928.0,0.2704747712143487,0.20463891133299572,nan
4734976.0,0.32825365255692784,0.04436827577086209,nan
4737024.0,0.33990852340113364,0.0694538153617864,nan
4739072.0,0.29367275066256954,0.1777898023620804,nan
4741120.0,0.3365771926603235,0.05130506501580274,nan
4743168.0,0.3434035604767095,0.05205386030352866,nan
4745216.0,0.3620378871290494,0.09253753299176871,nan
4747264.0,0.218825746155153,0.20953868124140987,nan
4749312.0,0.34988446802864154,0.06076058038665881,nan
4751360.0,0.3201028936088935,0.091314532980898,nan
4753408.0,0.09523959208334781,0.24549742986350456,nan
4755456.0,0.19712393646648432,0.23828208082473584,nan
4757504.0,0.33084911969850733,0.026339138234831302,nan
4759552.0,0.33488354868598863,0.06786435731389097,nan
4761600.0,0.19899443482233628,0.2130456482002543,nan
4763648.0,0.32011155661853563,0.09741058633990435,nan
4765696.0,0.3046645527875813,0.14522193415805426,nan
4767744.0,0.31747627976072884,0.07811713400977723,nan
4769792.0,0.3299748024475776,0.07922876323733997,nan
4771840.0,0.21746911743928793,0.22197920238871682,nan
4773888.0,0.2737909380249233,0.15291996229519095,nan
4775936.0,0.22690065379960195,0.20255689739336202,nan
4777984.0,0.3307373820165687,0.08651426777237409,nan
4780032.0,0.23116238912995807,0.15868922999414173,nan
4782080.0,0.3318889375610954,0.07300968688924794,nan
4784128.0,0.27156215572583386,0.15419723963965945,nan
4786176.0,0.30328307340066785,0.14238046166209906,nan
4788224.0,0.3416307112485327,0.061692603189315944,nan
4790272.0,0.29958039901656297,0.15647637665302222,nan
4792320.0,0.26966128475120266,0.15898821721852324,nan
4794368.0,0.3182736195802186,0.06804132578305139,nan
4796416.0,0.3382445902433161,0.06068181701939344,nan
4798464.0,0.33542088016031635,0.06545383360506843,nan
4800512.0,0.3045210237336113,0.12411155539949478,nan
4802560.0,0.2899814538597949,0.14723362484688932,nan
4804608.0,0.2842382971902466,0.16595546511096998,nan
4806656.0,0.2163557535508574,0.208180637250685,nan
4808704.0,0.3540921841018617,0.03517261527001867,nan
4810752.0,0.29930485948391683,0.1682458785640104,nan
4812800.0,0.25503640829382773,0.1759096913387295,nan
4814848.0,0.3307709353396341,0.09743812189431571,nan
4816896.0,0.33008306310728186,0.08940457886086838,90.29106029106029
4818944.0,0.33528805983866206,0.08954249213676922,nan
4820992.0,0.32303078632932597,0.06553980343907785,nan
4823040.0,0.25396756625948613,0.1559778956123631,nan
4825088.0,0.28136364437740696,0.16953155554993213,nan
4827136.0,0.27468997194014055,0.15464306154698884,nan
4829184.0,0.2969384700355383,0.14730636783592793,nan
4831232.0,0.28407752222555405,0.16676446394296515,nan
4833280.0,0.32475907749764626,0.10287505534401768,nan
4835328.0,0.29702062837763216,0.1595967871763154,nan
4837376.0,0.2639080527777287,0.16722340407494823,nan
4839424.0,0.3047260168875323,0.09630244461350945,nan
4841472.0,0.329141940769798,0.05438446453483584,nan
4843520.0,0.34425445085403217,0.0371719898342194,nan
4845568.0,0.322313475430572,0.06988437668911512,nan
4847616.0,0.3234460089901092,0.09941057355205271,nan
4849664.0,0.2914204130187592,0.13918905843550047,nan
4851712.0,0.3295254016692448,0.026563948497601977,nan
4853760.0,0.29440930059880666,0.12814959852943797,nan
4855808.0,0.30053189501830246,0.12401664267664421,nan
4857856.0,0.307877398744542,0.09686933072584415,nan
4859904.0,0.33644603452093624,0.08783934964368663,nan
4861952.0,0.33142622769295527,0.07764359888850375,nan
4864000.0,0.3268915956975767,0.10459454078753393,nan
4866048.0,0.31409703365568337,0.10175220676151263,nan
4868096.0,0.3526053972330814,0.030319247086391,nan
4870144.0,0.3546790533871181,0.04574091693751521,nan
4872192.0,0.29190991565134267,0.12948928399360687,nan
4874240.0,0.3178963103702611,0.08020118572879713,nan
4876288.0,0.32056947980872486,0.06472793689375649,nan
4878336.0,0.3177071989748776,0.0714987563029007,nan
4880384.0,0.3287818527247848,0.04105788285885459,nan
4882432.0,0.2693129498699701,0.14290660448741924,nan
4884480.0,0.3225013802572565,0.11379667905913496,nan
4886528.0,0.2640141396589868,0.20386047138813806,nan
4888576.0,0.2644769168685153,0.19870852878746276,nan
4890624.0,0.29126060483641286,0.12392217595727564,nan
4892672.0,0.3105711383799741,0.12530996405188338,nan
4894720.0,0.3273725002166161,0.07908665728742852,nan
4896768.0,0.21300587049633157,0.2153881536209812,nan
4898816.0,0.22852557984487396,0.2007044314740647,nan
4900864.0,0.29285083933877254,0.144441117898899,nan
4902912.0,0.31800510321923375,0.14156741942275522,nan
4904960.0,0.2576492003733778,0.2099589841291547,nan
4907008.0,0.3358755577364861,0.05070673310109504,nan
4909056.0,0.3066242402142627,0.11188833684080714,nan
4911104.0,0.3282744648742909,0.06638861863227019,nan
4913152.0,0.31195175720603874,0.10840225686507579,nan
4915200.0,0.33522218125117187,0.09777417837990438,nan
4917248.0,0.32388479461895303,0.08372891940784187,96.36174636174636
4919296.0,0.31342928167483997,0.09010348182021737,nan
4921344.0,0.33964033906637103,0.07116414359642173,nan
4923392.0,0.3154757713057561,0.06555444048952543,nan
4925440.0,0.3170671594186395,0.06702510978990946,nan
4927488.0,0.3215636656893378,0.06970209007984421,nan
4929536.0,0.3325618745710184,0.06428697900574162,nan
4931584.0,0.3191566456966366,0.09188500714720887,nan
4933632.0,0.31311411475006057,0.10327184512722855,nan
4935680.0,0.317872116844767,0.09639271326742381,nan
4937728.0,0.32572260931346975,0.07319761532095946,nan
4939776.0,0.33060240020867027,0.12106271122669324,nan
4941824.0,0.29819299075366235,0.14701850050840948,nan
4943872.0,0.3376438123989966,0.09179215797733527,nan
4945920.0,0.3270586508783505,0.0992163920017147,nan
4947968.0,0.33226278459299263,0.06913854424722954,nan
4950016.0,0.284050305361533,0.15709214178011496,nan
4952064.0,0.31643168279928235,0.10468967278635885,nan
4954112.0,0.3381205484684464,0.0744285211588197,nan
4956160.0,0.3276487315627211,0.07536761139772334,nan
4958208.0,0.3255469420133306,0.05915301154133604,nan
4960256.0,0.17819328527359446,0.22512398098977712,nan
4962304.0,0.2856440745996494,0.13974588776009697,nan
4964352.0,0.29025628758736144,0.15753354904124245,nan
4966400.0,0.3118455489051303,0.12488039782260131,nan
4968448.0,0.34592302494216576,0.049254505310835375,nan
4970496.0,0.34376255084866986,0.04647144560036068,nan
4972544.0,0.32374798673070515,0.09878294750932595,nan
4974592.0,0.32922844180882516,0.026278239631476335,nan
4976640.0,0.32283256568845675,0.1038414209106287,nan
4978688.0,0.30866048962936,0.13006040665367444,nan
4980736.0,0.32373601683779263,0.08023910912425886,nan
4982784.0,0.33230425706806976,0.04570120846300602,nan
4984832.0,0.30074791704458353,0.18013143155674513,nan
4986880.0,0.32857257939713314,0.08899842506887808,nan
4988928.0,0.31448604585804274,0.13180593194144355,nan
4990976.0,0.2787353220578177,0.19676918359706885,nan
4993024.0,0.31939918371601506,0.126058470907391,nan
4995072.0,0.3238526415728097,0.046305877210692285,nan
4997120.0,0.2732839790882227,0.14196521913278878,nan
4999168.0,0.3337122457649555,0.08218394558981028,nan
5000000.0,0.3601290229824597,0.023642547943511512,88.49272349272348
