step,rollout_reward_mean,rollout_reward_std,eval_dcr_mean
2048.0,0.12660472238189008,0.24258041230546407,nan
4096.0,0.14412053243168219,0.22563630703223847,nan
6144.0,0.11044284023869952,0.22717057285525696,nan
8192.0,0.07828351783733517,0.2023102592293511,nan
10240.0,0.06562025640759027,0.1925507497588526,nan
12288.0,0.012405417097255567,0.2046554464139926,nan
14336.0,0.05524529425469705,0.2097939787920863,nan
16384.0,0.056143047121803326,0.2231893858843906,nan
18432.0,0.0581559877367441,0.21032218087024068,nan
20480.0,0.05921397423398701,0.17652755085946858,nan
22528.0,0.0604044015131555,0.20609607130997906,nan
24576.0,0.022061702530086453,0.20352309996064563,nan
26624.0,0.06465324763245595,0.18649014656925794,nan
28672.0,0.0779721167646116,0.21148178420146113,nan
30720.0,0.09755948206933619,0.24021660334024453,nan
32768.0,0.07061372985746578,0.20481213227146594,nan
34816.0,0.04819574469653138,0.20077881099084385,nan
36864.0,0.04056304601060677,0.183133381137737,nan
38912.0,0.05377560933767348,0.21879462561609447,nan
40960.0,0.07982784354730033,0.22229105076657008,nan
43008.0,0.06172609664582094,0.1772192592737269,nan
45056.0,0.05402680196410806,0.2101542604574723,nan
47104.0,0.055170005538387856,0.20700851152469243,nan
49152.0,0.02011021010550565,0.1871819633548672,nan
51200.0,0.07704553062858843,0.20581029064479278,nan
53248.0,0.06347701188817294,0.1984380061289619,nan
55296.0,0.06504085852316045,0.21877306163025842,nan
57344.0,0.04746059106665095,0.1875440644590264,nan
59392.0,0.07393449320588277,0.18722838365892688,nan
61440.0,0.05801403829396747,0.19077329448272365,nan
63488.0,0.057024270122249004,0.1813945900299898,nan
65536.0,0.06743547760077775,0.18101716019711306,nan
67584.0,0.08061930966603265,0.21894813533959942,nan
69632.0,0.021688580574389254,0.17026505479090573,nan
71680.0,0.043409107101656116,0.2000883068025509,nan
73728.0,0.08183615529397918,0.17660943612486366,nan
75776.0,0.07032525438218008,0.1997716276053754,nan
77824.0,0.07192249067670824,0.17775515241124817,nan
79872.0,0.06164686573223119,0.2010457240443912,nan
81920.0,0.05306323033922519,0.18509515321617548,nan
83968.0,0.08785548849653355,0.19461912417273364,nan
86016.0,0.03263565063288622,0.19230453869897948,nan
88064.0,0.05803638434936367,0.15542412419690604,nan
90112.0,0.09751967692689595,0.21841342757526358,nan
92160.0,0.045369539112031634,0.1591499632797499,nan
94208.0,0.11165784307318004,0.18812636663106658,nan
96256.0,0.06342030396279678,0.13576679943062825,nan
98304.0,0.060528171146693344,0.15905360626310724,nan
100352.0,0.08987865160333636,0.15995105403652565,18.71101871101871
102400.0,0.0695617838172437,0.15717120667146145,nan
104448.0,0.06931627366196547,0.1872068894945088,nan
106496.0,0.07628133587779815,0.1353490871219879,nan
108544.0,0.044936790991145066,0.1402642505982768,nan
110592.0,0.04909866505205958,0.1352946263924728,nan
112640.0,0.06547205393325575,0.17689977240808755,nan
114688.0,0.07767850081401224,0.19891796954969376,nan
116736.0,0.057486306112670166,0.207476684684874,nan
118784.0,0.05935664422858239,0.19121896333678737,nan
120832.0,0.05901487149706546,0.17369945881580787,nan
122880.0,0.07717520411731349,0.1640648008006334,nan
124928.0,0.06402990966844585,0.15646078975656796,nan
126976.0,0.07555546556775486,0.17101878720141392,nan
129024.0,0.05283098301297114,0.15302946867644318,nan
131072.0,0.07003130568369675,0.17592901870530864,nan
133120.0,0.06281496684813129,0.20275633335294185,nan
135168.0,0.0674849171321299,0.16392026707524637,nan
137216.0,0.07721498128927431,0.17870282916658084,nan
139264.0,0.05689640671740047,0.18937293798266966,nan
141312.0,0.09018288242694786,0.1764866596750212,nan
143360.0,0.03917671021056614,0.1617232947479594,nan
145408.0,0.07843395330789044,0.12747791883388404,nan
147456.0,0.09635156664160452,0.1695816152665496,nan
149504.0,0.08020722363463492,0.1476215473422619,nan
151552.0,0.07808599178996731,0.20550163130557478,nan
153600.0,0.07837825879730785,0.15111717633066016,nan
155648.0,0.06513081796628084,0.14219385263382,nan
157696.0,0.06277099955117235,0.120479454892571,nan
159744.0,0.07230078112816324,0.15196946456994848,nan
161792.0,0.07939727286076978,0.14845815600356993,nan
163840.0,0.05960135963275884,0.1478202067262372,nan
165888.0,0.08324108771765718,0.11395640937919213,nan
167936.0,0.07487380332827362,0.1612626359111113,nan
169984.0,0.08514328830819984,0.1822366633552912,nan
172032.0,0.06205747432546253,0.1439660125211672,nan
174080.0,0.05738025728764299,0.17269619265623384,nan
176128.0,0.06600760407847547,0.1378561097962331,nan
178176.0,0.08374013151378064,0.16392703965222144,nan
180224.0,0.09007197297252117,0.20389244239699889,nan
182272.0,0.06787717340087529,0.13766212589560248,nan
184320.0,0.0653141222237783,0.16077802833702728,nan
186368.0,0.0663426603304571,0.17547218407302204,nan
188416.0,0.06545674247508008,0.17184068959442242,nan
190464.0,0.07486617844241077,0.15361361543480523,nan
192512.0,0.07561535642518037,0.17510284605921805,nan
194560.0,0.08393026887918094,0.1716038581664033,nan
196608.0,0.0837601336051895,0.17335187059740803,nan
198656.0,0.07536851510642105,0.1655275688278847,nan
200704.0,0.06921208769062338,0.13905258807076043,16.465696465696467
202752.0,0.09296273405883082,0.18991804460758724,nan
204800.0,0.09601431280331749,0.15746161425498145,nan
206848.0,0.08961146541583544,0.18175667766027134,nan
208896.0,0.0901630840251476,0.18919257290904828,nan
210944.0,0.07871140592592571,0.1865228828894071,nan
212992.0,0.09963064460920934,0.14390310789975339,nan
215040.0,0.09146706673024138,0.1873403858980251,nan
217088.0,0.08670725659303138,0.12977542169648945,nan
219136.0,0.09018505656346774,0.16202654496816313,nan
221184.0,0.08134442123006214,0.13643654367416472,nan
223232.0,0.07532242456175149,0.17460184028364845,nan
225280.0,0.07903400117325868,0.13966155119660176,nan
227328.0,0.08897441132034722,0.18893612388275624,nan
229376.0,0.0960637695430257,0.1673872486959107,nan
231424.0,0.09264290289841216,0.15494891457239537,nan
233472.0,0.06890899073167914,0.15468097615937557,nan
235520.0,0.0639134043925966,0.15298659180265906,nan
237568.0,0.08225441019470853,0.156412290381729,nan
239616.0,0.08340906309019885,0.12477692669861593,nan
241664.0,0.08295212460703774,0.14313232067775766,nan
243712.0,0.09137309241290037,0.1478199888389114,nan
245760.0,0.07864735307852122,0.14274847332335502,nan
247808.0,0.08164835228583997,0.14053087179544543,nan
249856.0,0.08459505966119443,0.15407852123893204,nan
251904.0,0.07579391762086003,0.1316115732482618,nan
253952.0,0.09504612362701356,0.15044420899203903,nan
256000.0,0.08048469301441427,0.12766014056927336,nan
258048.0,0.08244658655974862,0.14884904770258645,nan
260096.0,0.08072005278511993,0.17449835335842825,nan
262144.0,0.0830326847204766,0.16995963816856718,nan
264192.0,0.08421210669007564,0.17327701146029964,nan
266240.0,0.07248518673835055,0.1632225911864826,nan
268288.0,0.08917390229660563,0.1239866535525146,nan
270336.0,0.09219941845955965,0.16505629824278284,nan
272384.0,0.0856147629556662,0.13216840253195117,nan
274432.0,0.09063609871959567,0.13310272606345752,nan
276480.0,0.08016810692691309,0.1626891058951842,nan
278528.0,0.08268397489952614,0.15438329360315003,nan
280576.0,0.10142811041073752,0.09441375290378382,nan
282624.0,0.09237128678451971,0.1702939527095732,nan
284672.0,0.08551829497286259,0.1475061396704972,nan
286720.0,0.09971111445913586,0.126728258186969,nan
288768.0,0.084288226972321,0.16809934087927547,nan
290816.0,0.10307114668717354,0.12955892623137086,nan
292864.0,0.09378667702439608,0.15160849255460562,nan
294912.0,0.08539718325793802,0.15312817070635854,nan
296960.0,0.0961625351708541,0.14570547364520464,nan
299008.0,0.08638301948971822,0.159844551311935,nan
301056.0,0.09059682593725235,0.14412674191976688,13.825363825363826
303104.0,0.080424623603202,0.1717010358770764,nan
305152.0,0.08795313128650002,0.11219994740435706,nan
307200.0,0.09057444965740494,0.14174092413277098,nan
309248.0,0.0927525975019823,0.16558015482092292,nan
311296.0,0.09602183207078432,0.1137284047079575,nan
313344.0,0.0927592212347878,0.14771489802975601,nan
315392.0,0.09390517125252147,0.09329085470593146,nan
317440.0,0.09250340756575795,0.1392079913943815,nan
319488.0,0.09124439382397767,0.1118161234277874,nan
321536.0,0.09153784929909599,0.14280502090855007,nan
323584.0,0.09076074852020771,0.15393772978377007,nan
325632.0,0.09259571390679244,0.12426518313942855,nan
327680.0,0.09915424593444484,0.1339470826664227,nan
329728.0,0.08965434546639672,0.11561933333339497,nan
331776.0,0.0966731758043718,0.11818053241271274,nan
333824.0,0.08686925093975452,0.14677542686084233,nan
335872.0,0.08023154349372177,0.14530337246962347,nan
337920.0,0.10098638157728765,0.09572875690035774,nan
339968.0,0.09866511065607081,0.14390244689835396,nan
342016.0,0.09248269595536662,0.1324928835467002,nan
344064.0,0.09746196637038558,0.13854818032017252,nan
346112.0,0.09118098023085432,0.15631751966535687,nan
348160.0,0.093735820019208,0.13743406170873015,nan
350208.0,0.09722422939321768,0.09870760507069593,nan
352256.0,0.09521492641693956,0.1289656295280111,nan
354304.0,0.10216959000170636,0.11083529369212682,nan
356352.0,0.08109020331961327,0.11250636758161857,nan
358400.0,0.09951368826767709,0.15019741130988656,nan
360448.0,0.09581610124748213,0.12513079395829355,nan
362496.0,0.09811297282929018,0.13780897940707398,nan
364544.0,0.10218322767714053,0.09929664636480319,nan
366592.0,0.10861489966539076,0.0947005775007219,nan
368640.0,0.0929644997713909,0.11408946173257177,nan
370688.0,0.09673608934947174,0.13330997375819123,nan
372736.0,0.09483772694336073,0.1233835858330963,nan
374784.0,0.08087913320605761,0.15862495002833937,nan
376832.0,0.10091234868051652,0.12572044286679407,nan
378880.0,0.09359704954673241,0.11132239854207734,nan
380928.0,0.08740403672942174,0.12183853876498499,nan
382976.0,0.0931560252823929,0.1451120905404328,nan
385024.0,0.10519966833586464,0.16224052923138782,nan
387072.0,0.09888840212999803,0.15392633361270783,nan
389120.0,0.09628597312439074,0.12457706803373493,nan
391168.0,0.08559558932674599,0.15976135503714098,nan
393216.0,0.08765852340587378,0.12492086003898888,nan
395264.0,0.09550145458208231,0.10912226964768564,nan
397312.0,0.09708333783538634,0.13147985495178366,nan
399360.0,0.10141208868552368,0.15794570402389843,nan
401408.0,0.1100392614234286,0.14484135546342028,10.124740124740125
403456.0,0.10598942893315991,0.1204758747794389,nan
405504.0,0.08559405968608566,0.14328129636768186,nan
407552.0,0.09074598425462832,0.14177472325494475,nan
409600.0,0.10068227096256765,0.1575341792662207,nan
411648.0,0.09980414500794269,0.14522157787490192,nan
413696.0,0.08967280316358581,0.10929133187612809,nan
415744.0,0.0998794310324008,0.12946544492520584,nan
417792.0,0.10185854917994572,0.12641343696712157,nan
419840.0,0.09979706409882672,0.14937217174625467,nan
421888.0,0.09227211960215288,0.13148694501990463,nan
423936.0,0.09802431520392968,0.12079528004976045,nan
425984.0,0.10178425234699542,0.10807161162835627,nan
428032.0,0.09855886103727311,0.1371465728453216,nan
430080.0,0.0987802388131656,0.0967762928359456,nan
432128.0,0.09203971552811807,0.10614061197793877,nan
434176.0,0.10450050465159613,0.13196812790189147,nan
436224.0,0.09939286814413767,0.14525901209456932,nan
438272.0,0.09510449626768044,0.14028393355548993,nan
440320.0,0.09734223080202424,0.1271825393640855,nan
442368.0,0.09304675429746073,0.13205272146296573,nan
444416.0,0.09546004915828624,0.12754421451198428,nan
446464.0,0.08141992527682243,0.14042992958496137,nan
448512.0,0.09468224924674348,0.14778754533754818,nan
450560.0,0.09675741622320098,0.11274676079985607,nan
452608.0,0.099974273191475,0.1458688184763506,nan
454656.0,0.08538920470997145,0.16431405589349282,nan
456704.0,0.0968036250191012,0.15845075280232052,nan
458752.0,0.08560511995366105,0.14617406720473197,nan
460800.0,0.09865973510583051,0.15134333697708022,nan
462848.0,0.09897254479053523,0.13729679736652736,nan
464896.0,0.09073134133271873,0.13564306657696962,nan
466944.0,0.08838901333956403,0.1374470212359201,nan
468992.0,0.10657921566831272,0.1488203670273286,nan
471040.0,0.08501827175507326,0.1602137859510623,nan
473088.0,0.09589814249190845,0.1212464920255719,nan
475136.0,0.09472419548645217,0.16848330304179457,nan
477184.0,0.09535594798355088,0.17087479351645202,nan
479232.0,0.08855206633508195,0.1492234856033699,nan
481280.0,0.09295345577170931,0.14115176931626983,nan
483328.0,0.0907138119048744,0.16051408523125515,nan
485376.0,0.07652952511450531,0.16803405245293576,nan
487424.0,0.09719863738351056,0.125299438455434,nan
489472.0,0.1008126440029922,0.15137311600789113,nan
491520.0,0.09386950243041228,0.1337904005709973,nan
493568.0,0.09846843082730945,0.11677329290227167,nan
495616.0,0.09909628081518557,0.10888411172740625,nan
497664.0,0.09607359473155189,0.14589753159202506,nan
499712.0,0.08887650559922171,0.16458499028576992,nan
501760.0,0.0724325233419342,0.1762237279162005,14.355509355509358
503808.0,0.0890955118113079,0.13318175320333978,nan
505856.0,0.10218724073983274,0.10820321812065072,nan
507904.0,0.105819924404811,0.16474659851297876,nan
509952.0,0.08735996303959964,0.13976006850414927,nan
512000.0,0.09214846079723057,0.13319554827579588,nan
514048.0,0.08715109054975617,0.1569744727194057,nan
516096.0,0.08154858958087068,0.14836683577325868,nan
518144.0,0.08663119851265746,0.16596345503333576,nan
520192.0,0.08868473229002216,0.195932745658603,nan
522240.0,0.09899166210259727,0.10258295942621704,nan
524288.0,0.08943746348774193,0.17704714179836695,nan
526336.0,0.09674149729754089,0.14384414641601614,nan
528384.0,0.08706576768193933,0.15068843779092825,nan
530432.0,0.09273208447087969,0.12621900912574893,nan
532480.0,0.09968369784813415,0.15031680330231484,nan
534528.0,0.08269246515268729,0.1680416049230594,nan
536576.0,0.10104458768042854,0.11720720662364023,nan
538624.0,0.08479173582224078,0.15001904959484744,nan
540672.0,0.09299075109309833,0.1613054140570098,nan
542720.0,0.10419169861530353,0.14592897601519594,nan
544768.0,0.09600477437214061,0.09503062820968015,nan
546816.0,0.09516181139478982,0.13483630205304972,nan
548864.0,0.10951130561978074,0.1149495976067189,nan
550912.0,0.08918709726487795,0.1608456747535647,nan
552960.0,0.10054190535212584,0.11713879567392604,nan
555008.0,0.08941499214234643,0.10796236159432993,nan
557056.0,0.08340409409876273,0.1704631054876807,nan
559104.0,0.0827497163995511,0.17057862718531486,nan
561152.0,0.09457015931086973,0.14096681623918333,nan
563200.0,0.08688070205509446,0.15202163514744899,nan
565248.0,0.08744573962278104,0.15036941082142966,nan
567296.0,0.09359757086944928,0.1387794541002017,nan
569344.0,0.0946669344647296,0.10484425553498977,nan
571392.0,0.07091943947036145,0.16810874391504763,nan
573440.0,0.09042636751941036,0.1537443657366435,nan
575488.0,0.0888384847636584,0.1262740703318273,nan
577536.0,0.08242767375485793,0.18852712182772857,nan
579584.0,0.09115333908638029,0.14521973216374864,nan
581632.0,0.08702830783229071,0.16070380554705532,nan
583680.0,0.10184382902643692,0.10885560069816592,nan
585728.0,0.1058901961562059,0.12208011048692427,nan
587776.0,0.0903115825936889,0.1447064813798083,nan
589824.0,0.09367391438754277,0.13714798182569934,nan
591872.0,0.08820689596972459,0.1523169470782388,nan
593920.0,0.09081114382874209,0.1520440446108143,nan
595968.0,0.10839285166578898,0.14246036619026062,nan
598016.0,0.08422253301873597,0.13138410224489636,nan
600064.0,0.11105846675591555,0.13790412276703845,nan
602112.0,0.0947053127048023,0.13300950371123407,12.411642411642411
604160.0,0.09113134665013099,0.17839771012140354,nan
606208.0,0.09297860670025959,0.13342230848421355,nan
608256.0,0.09984286343368054,0.1354686176615673,nan
610304.0,0.11838794313228407,0.15376885966503456,nan
612352.0,0.0852739276664859,0.15381253241284906,nan
614400.0,0.0879022921014534,0.15862548808980195,nan
616448.0,0.08985421093281487,0.1511306923436637,nan
618496.0,0.09054604715042694,0.1534941901153607,nan
620544.0,0.08972330086264296,0.12438037903201234,nan
622592.0,0.09385766594186742,0.16330343948866077,nan
624640.0,0.10311674829655182,0.12689938119371744,nan
626688.0,0.09637093982772994,0.1786754210703677,nan
628736.0,0.09969586672359412,0.13473412443797642,nan
630784.0,0.08556383898219057,0.16206096709754483,nan
632832.0,0.08881218423749569,0.15984868673024508,nan
634880.0,0.0968743214502143,0.13466308992708748,nan
636928.0,0.0919984844321938,0.1614241542841262,nan
638976.0,0.10084628344963786,0.14407237779474685,nan
641024.0,0.08022542564759559,0.1645759128789274,nan
643072.0,0.08810743816608456,0.19075028469305474,nan
645120.0,0.09843346489896104,0.11793108533637824,nan
647168.0,0.08057160555795637,0.1343432205832819,nan
649216.0,0.10011085770634584,0.12955993487146045,nan
651264.0,0.09543318513748639,0.14211066947857615,nan
653312.0,0.08634455574500244,0.15326244222959987,nan
655360.0,0.08861798439821957,0.14350121021070741,nan
657408.0,0.0943912592017902,0.10597010729382332,nan
659456.0,0.09098036742239644,0.14137206189577237,nan
661504.0,0.09442505892121417,0.16268395692939425,nan
663552.0,0.09838831158693828,0.13190084007135652,nan
665600.0,0.09843285955910727,0.15696098812878667,nan
667648.0,0.09365094906251015,0.13665020595660132,nan
669696.0,0.10216583958259892,0.16714743450514566,nan
671744.0,0.09620112689425432,0.14729301858375177,nan
673792.0,0.08381071206952545,0.12663461608455315,nan
675840.0,0.06887256611627589,0.18599080986397126,nan
677888.0,0.09724696703801508,0.13913742816213429,nan
679936.0,0.08461566955890307,0.13446699687228983,nan
681984.0,0.08786513618595321,0.12568290924302378,nan
684032.0,0.09463450635164236,0.15470275202131406,nan
686080.0,0.09459693536145446,0.1286014904583215,nan
688128.0,0.09236507313379405,0.12417689029376863,nan
690176.0,0.10817783800625529,0.10020402735930167,nan
692224.0,0.10464435817677034,0.10654369003326866,nan
694272.0,0.09658151656794564,0.13093981658530338,nan
696320.0,0.09319580525897424,0.1555336459041984,nan
698368.0,0.09900678935433219,0.14786510215581458,nan
700416.0,0.07665785240348486,0.15409950750606,nan
702464.0,0.09935248244251968,0.11646833711249743,10.5024255024255
704512.0,0.10201002039477484,0.12358697520477069,nan
706560.0,0.08918195181659622,0.11885814996509664,nan
708608.0,0.0959554996213226,0.13571528913749126,nan
710656.0,0.09061066095222584,0.16544043756090013,nan
712704.0,0.09552329041565313,0.14174768715261502,nan
714752.0,0.10197635340912523,0.16953062304374503,nan
716800.0,0.10094920067046728,0.13095886891206024,nan
718848.0,0.09637170219830446,0.14524817390751865,nan
720896.0,0.09102606669318637,0.1442628195180302,nan
722944.0,0.08875505809640963,0.1381756751242338,nan
724992.0,0.08845305974078602,0.13762826472326833,nan
727040.0,0.08445270390478951,0.12339805217097927,nan
729088.0,0.0956721193959318,0.13701057800466807,nan
731136.0,0.10354607439845048,0.11809017030493696,nan
733184.0,0.09089589917054805,0.15398772901906602,nan
735232.0,0.09176300178881512,0.16214610953898956,nan
737280.0,0.10377719065536262,0.1346940352754332,nan
739328.0,0.1101079160911811,0.14351711504977735,nan
741376.0,0.09854600633973742,0.13973687674183508,nan
743424.0,0.08641517539985157,0.18427269872337723,nan
745472.0,0.09733142806062542,0.1387553803496464,nan
747520.0,0.10217251643926417,0.1486121180693421,nan
749568.0,0.10005408979243711,0.11826622120570061,nan
751616.0,0.10178781830848088,0.13071992169187355,nan
753664.0,0.08111257818909137,0.18433461916707525,nan
755712.0,0.09379514498610812,0.15700668325041775,nan
757760.0,0.0903806451422067,0.13650426352588899,nan
759808.0,0.09853886469147034,0.13818320332005726,nan
761856.0,0.1000324738555506,0.1278253125811914,nan
763904.0,0.07810236997296724,0.1569519972764264,nan
765952.0,0.103295174807641,0.14428340321364702,nan
768000.0,0.09714385397866976,0.14933559878126762,nan
770048.0,0.10771613220936935,0.06430089147451488,nan
772096.0,0.11483637749529299,0.11681238823163752,nan
774144.0,0.09632428446306988,0.10492953274172499,nan
776192.0,0.06639854981842117,0.17660977824654547,nan
778240.0,0.09346109466771105,0.12617937784634642,nan
780288.0,0.09183006074961754,0.14542950119273032,nan
782336.0,0.10901632280535985,0.13537704171251164,nan
784384.0,0.09760706871509878,0.13412683653289068,nan
786432.0,0.08170831612897837,0.1558666717734138,nan
788480.0,0.11413501854300728,0.13968082386509012,nan
790528.0,0.09424388423108884,0.1339380889275128,nan
792576.0,0.10266770699294184,0.10692813658756965,nan
794624.0,0.10181500799724216,0.11331549014465275,nan
796672.0,0.10440361618056883,0.13013584840511097,nan
798720.0,0.09069810408653947,0.131106504449308,nan
800768.0,0.10814253973350318,0.14778773336021817,nan
802816.0,0.10084405418081183,0.10788338086981447,11.174636174636174
804864.0,0.08916966802312018,0.14876825430059135,nan
806912.0,0.10186447574589508,0.09592312128034743,nan
808960.0,0.10880497906891493,0.12815539413916463,nan
811008.0,0.09772131497140388,0.13604494159039426,nan
813056.0,0.09800083072083288,0.12575112080390616,nan
815104.0,0.08494438055232119,0.14127747726601259,nan
817152.0,0.09577214619537203,0.13830353784795849,nan
819200.0,0.09812163848943231,0.13252227754426638,nan
821248.0,0.08082922079065298,0.14375104025511723,nan
823296.0,0.0964645152618031,0.1178101216300074,nan
825344.0,0.10767525068921471,0.11397051586803274,nan
827392.0,0.09032130276928704,0.1585517459786773,nan
829440.0,0.09283774207845583,0.11614492258534644,nan
831488.0,0.09647641784639582,0.12309380055171008,nan
833536.0,0.0958285334224791,0.14346319070012953,nan
835584.0,0.09836745008067894,0.10927719019129827,nan
837632.0,0.09142112842597445,0.1504621863016338,nan
839680.0,0.08972114113525913,0.15459439148495638,nan
841728.0,0.09791895325514932,0.13757129864414608,nan
843776.0,0.09590989510411495,0.1267023401187844,nan
845824.0,0.08994056534151543,0.18714098615078723,nan
847872.0,0.09780816298478699,0.14553529948042718,nan
849920.0,0.09374162971719094,0.1325718659672355,nan
851968.0,0.10547262247321804,0.1157031883680093,nan
854016.0,0.10738926046839835,0.1296814882337097,nan
856064.0,0.10322335324708387,0.13249000808178235,nan
858112.0,0.09524120822139863,0.15506434025739868,nan
860160.0,0.08852349662923281,0.13862905932910313,nan
862208.0,0.10284825908128725,0.13683579988782704,nan
864256.0,0.08323766010306641,0.16864311133858736,nan
866304.0,0.08375168442378723,0.13577944282446414,nan
868352.0,0.10574163963612565,0.12844669106725531,nan
870400.0,0.10542348149984375,0.12971888298117426,nan
872448.0,0.10014917948186067,0.09734150540122762,nan
874496.0,0.09038129766909792,0.1543738624678627,nan
876544.0,0.08294138430760603,0.1505545194823217,nan
878592.0,0.09927488827038992,0.12632288598961874,nan
880640.0,0.08520291487149736,0.1520300041409838,nan
882688.0,0.0924176857103147,0.13954577119717113,nan
884736.0,0.09877410701190248,0.09605383801712662,nan
886784.0,0.1055044997739565,0.1247227759777485,nan
888832.0,0.10766752407655304,0.13578243589789865,nan
890880.0,0.09744442008506898,0.1266523395589711,nan
892928.0,0.10332137235995288,0.09758308337036194,nan
894976.0,0.0948956761846007,0.12794009805731252,nan
897024.0,0.10324272952069724,0.1365796744660797,nan
899072.0,0.09622071193549223,0.14737015276458504,nan
901120.0,0.10494443918335875,0.10344380601208837,nan
903168.0,0.08639282265972437,0.14270562273751278,10.197505197505198
905216.0,0.0944757060531986,0.15755367177389137,nan
907264.0,0.09605864708905737,0.1356589944492101,nan
909312.0,0.10283293255937442,0.1352785280878472,nan
911360.0,0.10524417937961988,0.13250409596522802,nan
913408.0,0.10784755072025809,0.12935942028034775,nan
915456.0,0.09324806255263773,0.13726532632299412,nan
917504.0,0.08722627496717793,0.13410092831704487,nan
919552.0,0.0926478924797636,0.13072904258118548,nan
921600.0,0.10551571058542329,0.13651303489044125,nan
923648.0,0.09519185122101706,0.1196096620481153,nan
925696.0,0.10473742948654549,0.10501282722487583,nan
927744.0,0.09363090897119755,0.195091829033826,nan
929792.0,0.10001590986521741,0.12984798840075107,nan
931840.0,0.08762359732686166,0.1414451956288634,nan
933888.0,0.10919999782436643,0.1424424419710976,nan
935936.0,0.1034168243042062,0.13926422882710524,nan
937984.0,0.1051606348651303,0.1255833168201554,nan
940032.0,0.09798884625522505,0.14022722735813276,nan
942080.0,0.11170016175716727,0.14286729422324898,nan
944128.0,0.1014676194085991,0.11722563902499385,nan
946176.0,0.10037025152477708,0.14138238628384467,nan
948224.0,0.1151726551628462,0.1163268102908557,nan
950272.0,0.10635282245493552,0.13576142727741936,nan
952320.0,0.10189170357201041,0.1420294772325529,nan
954368.0,0.1058350899847819,0.09304950392253915,nan
956416.0,0.10135979622986047,0.14304252370486145,nan
958464.0,0.08903693747242604,0.16764186325684677,nan
960512.0,0.09712695657012568,0.14825635551802258,nan
962560.0,0.10587529453498629,0.1408420834365677,nan
964608.0,0.10939218292939568,0.13623545143142504,nan
966656.0,0.10674544602851269,0.08864497511912219,nan
968704.0,0.10815381288342737,0.11023516260125334,nan
970752.0,0.1103834946115765,0.12232615310819657,nan
972800.0,0.09764052316754745,0.16024475430710736,nan
974848.0,0.09877647587679138,0.145279326533751,nan
976896.0,0.09328569119814899,0.15065066205598487,nan
978944.0,0.10078246444786096,0.1197618388902838,nan
980992.0,0.10892771663094886,0.13107357940922354,nan
983040.0,0.10736254475169994,0.11016062714814831,nan
985088.0,0.10003432167570414,0.16075464952122429,nan
987136.0,0.10449427021776839,0.13562158292909623,nan
989184.0,0.09668048626411699,0.15026116025667843,nan
991232.0,0.0835644438763145,0.11645682649836649,nan
993280.0,0.09932069326351842,0.14262262177900023,nan
995328.0,0.09970362164953972,0.12038236534067658,nan
997376.0,0.10890064341918296,0.13795790078529263,nan
999424.0,0.09921916449843275,0.14058098984681072,nan
1001472.0,0.09671846319523605,0.1246693380712026,nan
1003520.0,0.10738495208356459,0.11490220568495604,9.17879417879418
1005568.0,0.102290835109661,0.11187778815446286,nan
1007616.0,0.1100187467760387,0.07801156615101465,nan
1009664.0,0.09361534383580289,0.14367098553023935,nan
1011712.0,0.11077105017129757,0.1315914841942229,nan
1013760.0,0.09735729453189175,0.12872646829433762,nan
1015808.0,0.10383804864358237,0.10484111432435059,nan
1017856.0,0.11297399816229334,0.12835376648410618,nan
1019904.0,0.09434985026706975,0.1624934374714387,nan
1021952.0,0.10427813885605422,0.11263334652184344,nan
1024000.0,0.1107284989449144,0.10472499477428965,nan
1026048.0,0.10497091194235839,0.13571049808963334,nan
1028096.0,0.08774766531282563,0.11497964028127278,nan
1030144.0,0.1104648897611895,0.11316039987941996,nan
1032192.0,0.09940229042503188,0.13978032994148065,nan
1034240.0,0.10592980022748355,0.12908217585523013,nan
1036288.0,0.10808562713705405,0.12986404491332573,nan
1038336.0,0.09444948612709622,0.1541765530849181,nan
1040384.0,0.10453823216510083,0.14070622333024746,nan
1042432.0,0.10450532356009586,0.1452856634419582,nan
1044480.0,0.09093913973066083,0.14359582582386135,nan
1046528.0,0.10345818002929989,0.13444137775027268,nan
1048576.0,0.1135859154254375,0.11420246540309922,nan
1050624.0,0.1051564001981535,0.13200397266321365,nan
1052672.0,0.10316785643116551,0.14173802983955056,nan
1054720.0,0.0955356337382868,0.1279763407222512,nan
1056768.0,0.10233729253339952,0.10385096435589264,nan
1058816.0,0.11048571824795639,0.12131431649285145,nan
1060864.0,0.10202123518553916,0.11908027248286794,nan
1062912.0,0.09617449324350363,0.1517764069482137,nan
1064960.0,0.09527618534188328,0.14786417066169227,nan
1067008.0,0.0962042798514323,0.12920248003355544,nan
1069056.0,0.10375754538329549,0.09855121411580117,nan
1071104.0,0.08934937100790337,0.16029483792257,nan
1073152.0,0.09722503003806436,0.12909974681801265,nan
1075200.0,0.10793915316345391,0.10346943066298034,nan
1077248.0,0.10084665572214324,0.11375070182994523,nan
1079296.0,0.10792895520243993,0.13211294303188018,nan
1081344.0,0.0927482434580282,0.15022562661436858,nan
1083392.0,0.10838611438482684,0.11227813835948673,nan
1085440.0,0.10784965761867613,0.1257883052553116,nan
1087488.0,0.1053608298061403,0.10480894657425054,nan
1089536.0,0.10622799796283713,0.12427343052325077,nan
1091584.0,0.09625593218298063,0.11753282790892038,nan
1093632.0,0.09430252487682103,0.1345303212419373,nan
1095680.0,0.09439821937785,0.14668118862468746,nan
1097728.0,0.09784932310916769,0.15449295065810684,nan
1099776.0,0.10608430971601526,0.13162164869850732,nan
1101824.0,0.10400747904229796,0.12427533670497411,nan
1103872.0,0.10641660068323683,0.14378133159297848,10.28066528066528
1105920.0,0.10622465071908319,0.06689878142912088,nan
1107968.0,0.10534855081536015,0.11371264907953431,nan
1110016.0,0.10617184987336448,0.13604067446807783,nan
1112064.0,0.10604340663817494,0.13531244651231614,nan
1114112.0,0.10456490262830462,0.1073331479131315,nan
1116160.0,0.1117537106668032,0.14432554787197688,nan
1118208.0,0.10489079607725443,0.11174802915009714,nan
1120256.0,0.10352036051681365,0.0981698078842609,nan
1122304.0,0.10718885694813965,0.12526432449658334,nan
1124352.0,0.1122625278162542,0.08976497259757249,nan
1126400.0,0.11338097706623355,0.10208654206148976,nan
1128448.0,0.11159905706693135,0.08617215905053507,nan
1130496.0,0.11240982972710106,0.09195317799675684,nan
1132544.0,0.11493886602663343,0.11114926308281421,nan
1134592.0,0.11240391331665016,0.11918683612011682,nan
1136640.0,0.11582722081492017,0.10388677536381147,nan
1138688.0,0.11639933223505075,0.11792325139658882,nan
1140736.0,0.11547916336001861,0.09629920021180148,nan
1142784.0,0.1158131427777427,0.11509312166192393,nan
1144832.0,0.11408843742971564,0.08518627599732823,nan
1146880.0,0.11494838416398842,0.1014276492385859,nan
1148928.0,0.1203222174918599,0.09344961374170876,nan
1150976.0,0.12083131823582591,0.06463677441685653,nan
1153024.0,0.12037205549210041,0.09214038233757735,nan
1155072.0,0.12225045257330949,0.08578429311880105,nan
1157120.0,0.11654625178829058,0.10734003717531643,nan
1159168.0,0.11587588478262927,0.09275144492158986,nan
1161216.0,0.11368457617105224,0.09818995575474794,nan
1163264.0,0.11779112620600976,0.1091261021466625,nan
1165312.0,0.10657460735295816,0.1421426918401394,nan
1167360.0,0.11548198407565939,0.11022916076949679,nan
1169408.0,0.11877170286311782,0.0880312258525715,nan
1171456.0,0.11431118520860958,0.10301108700287233,nan
1173504.0,0.1168250755516467,0.11097062544348514,nan
1175552.0,0.11651625142200786,0.12013326433090615,nan
1177600.0,0.11045439455970457,0.0947188052102346,nan
1179648.0,0.11514752928326186,0.11977035922330095,nan
1181696.0,0.11304130287181344,0.12325423387167007,nan
1183744.0,0.11759523450987094,0.11585047669240506,nan
1185792.0,0.107149314996318,0.15960006301633797,nan
1187840.0,0.11849805145816125,0.11112465478776494,nan
1189888.0,0.10258195753272509,0.14336526617547446,nan
1191936.0,0.11211817369118848,0.13012499157514265,nan
1193984.0,0.11598981223266357,0.14700184681060866,nan
1196032.0,0.1207666460493639,0.14126670867470587,nan
1198080.0,0.11124797606812946,0.15107308481328097,nan
1200128.0,0.11409368121283996,0.12401519124443625,nan
1202176.0,0.11564338299724436,0.13981938599038657,nan
1204224.0,0.09665954125828591,0.1647019045006181,16.320166320166322
1206272.0,0.10643221393238265,0.17691519276269885,nan
1208320.0,0.11192343124739071,0.146050909357167,nan
1210368.0,0.1097597276745736,0.15650347158636968,nan
1212416.0,0.10732848974700904,0.15787385691731876,nan
1214464.0,0.11713298571112729,0.15150658398951136,nan
1216512.0,0.12535331547512976,0.15208089285045623,nan
1218560.0,0.11955269535329885,0.14867433744536465,nan
1220608.0,0.10774539623179101,0.16592050319455542,nan
1222656.0,0.11135560062276015,0.16134414993857496,nan
1224704.0,0.10867449617031442,0.15941271870201618,nan
1226752.0,0.11286714389582961,0.17226913995378945,nan
1228800.0,0.11428602799948066,0.16301235511464074,nan
1230848.0,0.12516949439740224,0.16658371964713897,nan
1232896.0,0.10210176086135668,0.1608765676961772,nan
1234944.0,0.12065364197211484,0.14812386665004396,nan
1236992.0,0.0987067141991445,0.17857345514694825,nan
1239040.0,0.10524812922248561,0.15620023375659026,nan
1241088.0,0.11258249688173375,0.1428233121189244,nan
1243136.0,0.12018049908401249,0.14401736735085896,nan
1245184.0,0.11271816917361319,0.17750938738535643,nan
1247232.0,0.0968775426067037,0.16835374979685602,nan
1249280.0,0.10108691853861818,0.1616806155271834,nan
1251328.0,0.12031977497562317,0.1443784203416477,nan
1253376.0,0.12206590714091453,0.16031966371865616,nan
1255424.0,0.11796788208889242,0.13740237170049072,nan
1257472.0,0.11724293670717903,0.1546188726542637,nan
1259520.0,0.11028434338494285,0.16204512300589452,nan
1261568.0,0.11216376652140227,0.1659020383551476,nan
1263616.0,0.11043758068301222,0.15606422564414268,nan
1265664.0,0.10868240967216164,0.1528622628199546,nan
1267712.0,0.11433430311131348,0.14297221721471617,nan
1269760.0,0.10758266011919751,0.16668631286019453,nan
1271808.0,0.12351497181627949,0.13788092494734278,nan
1273856.0,0.11830721905421138,0.16038295949822334,nan
1275904.0,0.12491996533431392,0.14538164434995354,nan
1277952.0,0.11912621014331842,0.17283549884102803,nan
1280000.0,0.11399438315651617,0.17545738755801654,nan
1282048.0,0.11474794062906557,0.15027145632823982,nan
1284096.0,0.11528930158210338,0.14241445116720747,nan
1286144.0,0.1181352337411985,0.16024496445208647,nan
1288192.0,0.10950940737445537,0.14915195637959466,nan
1290240.0,0.11880066433798785,0.1775180831787799,nan
1292288.0,0.1106408270695249,0.1772922457104341,nan
1294336.0,0.10957408794890557,0.17594716863662788,nan
1296384.0,0.11338291825809327,0.17714492764416415,nan
1298432.0,0.11431333755063883,0.16462908314509722,nan
1300480.0,0.12660180055520842,0.17507610814836366,nan
1302528.0,0.1090437899255073,0.1783122721623384,nan
1304576.0,0.10241160957201931,0.1827974547882476,19.708939708939717
1306624.0,0.11381133489251682,0.1709579886752325,nan
1308672.0,0.11663301222169414,0.1762723399297588,nan
1310720.0,0.10733622941203146,0.18814905885695715,nan
1312768.0,0.12771404509530604,0.1820564776845763,nan
1314816.0,0.1155850718190081,0.1305695453596202,nan
1316864.0,0.11874457124936696,0.1569525572932204,nan
1318912.0,0.11419570980113875,0.1877568184208779,nan
1320960.0,0.11856182343157623,0.18841130168820036,nan
1323008.0,0.11445626301695028,0.1817181002012783,nan
1325056.0,0.12225240611579753,0.20253754085701547,nan
1327104.0,0.1068611908285541,0.19490828630210993,nan
1329152.0,0.11198284613195517,0.21250239612868413,nan
1331200.0,0.10980531310783333,0.19342715711361247,nan
1333248.0,0.11569148989008289,0.1768815843370893,nan
1335296.0,0.10310295770084896,0.1839121775138272,nan
1337344.0,0.10674525799685872,0.17206880342659875,nan
1339392.0,0.11335493555827997,0.20720314324395359,nan
1341440.0,0.11379217977634817,0.1715706518662077,nan
1343488.0,0.11354181245911729,0.19364287960567178,nan
1345536.0,0.10025005757787422,0.2079584257446802,nan
1347584.0,0.09797854447898695,0.19593915836850026,nan
1349632.0,0.11816252375229444,0.18922629136492866,nan
1351680.0,0.1095888472815505,0.18834245416072992,nan
1353728.0,0.11402717890581426,0.1980043192346855,nan
1355776.0,0.11764026896082838,0.18363038841996307,nan
1357824.0,0.1116365608147255,0.17268044862170556,nan
1359872.0,0.11745821483662797,0.18732117026832687,nan
1361920.0,0.11764440234188112,0.17501705629870226,nan
1363968.0,0.1114151050525817,0.18231012304348793,nan
1366016.0,0.11582039888061708,0.1838942199625486,nan
1368064.0,0.12787463320202097,0.20540761693452475,nan
1370112.0,0.13107352978040115,0.18470684183244418,nan
1372160.0,0.1319602270112038,0.16959822512333952,nan
1374208.0,0.10528854105860094,0.19299817071414269,nan
1376256.0,0.1113433305308418,0.19328847429782828,nan
1378304.0,0.12610378605336936,0.19626660240703117,nan
1380352.0,0.10936819212203622,0.1783372449232313,nan
1382400.0,0.12184657341272284,0.18128773614427673,nan
1384448.0,0.12158434856253375,0.17500444449033062,nan
1386496.0,0.1199783054833797,0.19433643247653049,nan
1388544.0,0.10578674412146924,0.17521044669766186,nan
1390592.0,0.11904667162692101,0.1716187837680964,nan
1392640.0,0.11843260729071677,0.163092258738992,nan
1394688.0,0.10200635835505674,0.19178904850468811,nan
1396736.0,0.1138932371278924,0.18272447552653595,nan
1398784.0,0.11948728889678042,0.17814696766307908,nan
1400832.0,0.11330775607377987,0.16036920824285705,nan
1402880.0,0.11456067151995372,0.18846534133656986,nan
1404928.0,0.1194632836192954,0.17537918559634788,29.90644490644491
1406976.0,0.11095687995434962,0.21440263070601845,nan
1409024.0,0.11727366330962119,0.19860164725844612,nan
1411072.0,0.1124151416012948,0.20750056452952706,nan
1413120.0,0.09493017257108152,0.20475637479064676,nan
1415168.0,0.12050678476333455,0.20735623868587622,nan
1417216.0,0.1025287989058357,0.19921115179809948,nan
1419264.0,0.11774322698834745,0.17293116236103187,nan
1421312.0,0.12703110924664945,0.1886111524640396,nan
1423360.0,0.12406167518516995,0.16850646138518335,nan
1425408.0,0.11907320475936892,0.1507556914091967,nan
1427456.0,0.1243234895716385,0.18015942249505346,nan
1429504.0,0.11079762661446071,0.19172403698879256,nan
1431552.0,0.10937816563352289,0.17226805535947765,nan
1433600.0,0.11316869399778713,0.20699365368026057,nan
1435648.0,0.1075139993337705,0.19165361443750603,nan
1437696.0,0.1220084423001776,0.18127851247951132,nan
1439744.0,0.13378040905022232,0.19260334702242754,nan
1441792.0,0.11465362847617024,0.1783184312570962,nan
1443840.0,0.12138985614018855,0.16363541985328312,nan
1445888.0,0.11140428360248823,0.1883140411643099,nan
1447936.0,0.11412942687836443,0.20382115130131642,nan
1449984.0,0.1285147468633291,0.16557845130659168,nan
1452032.0,0.10827194806261482,0.2002817310782373,nan
1454080.0,0.1208387662647633,0.15563798089308234,nan
1456128.0,0.12383758558422496,0.20438520324381032,nan
1458176.0,0.1372410802048949,0.21993939245192734,nan
1460224.0,0.11267399505208125,0.2057457291913128,nan
1462272.0,0.11204446455715418,0.21408061262681316,nan
1464320.0,0.10989104082778202,0.22611337827049302,nan
1466368.0,0.1232918285518863,0.20784585512959886,nan
1468416.0,0.14848922106744694,0.2130212360786328,nan
1470464.0,0.09736130580273296,0.2209268690722796,nan
1472512.0,0.12613475399357743,0.22943509455777145,nan
1474560.0,0.14793585467128056,0.22598887814583143,nan
1476608.0,0.12393614968341213,0.20243832082591814,nan
1478656.0,0.11058230466801088,0.20634991837152605,nan
1480704.0,0.12800618315835827,0.19942836602765557,nan
1482752.0,0.12666224699114226,0.2132886798486889,nan
1484800.0,0.10127286378464886,0.22554843928936488,nan
1486848.0,0.17213287558947452,0.20734607503972924,nan
1488896.0,0.11316159118750707,0.1979281345757183,nan
1490944.0,0.13399435270579238,0.23114985432456817,nan
1492992.0,0.135657720231024,0.22729780842636446,nan
1495040.0,0.1198027220950487,0.20543095524121238,nan
1497088.0,0.11472151347879583,0.2275040110435279,nan
1499136.0,0.11151333898533972,0.21248050715369662,nan
1501184.0,0.12612752888330908,0.21266141079875953,nan
1503232.0,0.14287726238812096,0.2044518681205956,nan
1505280.0,0.11335932230182713,0.20671244309977171,36.92307692307692
1507328.0,0.10781839033985356,0.21006714155627013,nan
1509376.0,0.131077562320783,0.22952884681837593,nan
1511424.0,0.1165231756253362,0.19689319676606742,nan
1513472.0,0.10967910372740863,0.21118811305892793,nan
1515520.0,0.11357009337039932,0.2054631123235062,nan
1517568.0,0.10550101181708149,0.19610422533346838,nan
1519616.0,0.12954225274515604,0.22510529103087545,nan
1521664.0,0.09234649352068475,0.19811850554415925,nan
1523712.0,0.11082571744533484,0.22079907482255617,nan
1525760.0,0.10757122730124746,0.21463449982321303,nan
1527808.0,0.13965705294051747,0.23094147280619085,nan
1529856.0,0.1229054234195384,0.20392379341158623,nan
1531904.0,0.10420662916839339,0.1822306881874942,nan
1533952.0,0.12778788983212747,0.2160256789633135,nan
1536000.0,0.13009531098232552,0.1760026291715326,nan
1538048.0,0.11620859410884003,0.179765087805434,nan
1540096.0,0.14536835970855094,0.21166174828629655,nan
1542144.0,0.15505076849381672,0.22131795220361225,nan
1544192.0,0.10519197791167778,0.19700805804584529,nan
1546240.0,0.14427055612518672,0.1976122180452817,nan
1548288.0,0.10592305497402679,0.1953685985540784,nan
1550336.0,0.12462509574018601,0.18917889411338212,nan
1552384.0,0.11579495397692705,0.1973930057596238,nan
1554432.0,0.14920854867980232,0.19813189073174264,nan
1556480.0,0.1325574003278272,0.19326045431909913,nan
1558528.0,0.13600108344289957,0.19705706095939718,nan
1560576.0,0.10904077093986814,0.2008989571037501,nan
1562624.0,0.11856694351275993,0.1790554345541057,nan
1564672.0,0.11193337470480606,0.18179731281727227,nan
1566720.0,0.11462125516317175,0.20185673433400875,nan
1568768.0,0.1162254077321893,0.19552103177422744,nan
1570816.0,0.12001004524266518,0.21870442939674575,nan
1572864.0,0.10632460086105801,0.20569412513574672,nan
1574912.0,0.11031486840128546,0.21605842617414361,nan
1576960.0,0.11618289683079946,0.20784789625960773,nan
1579008.0,0.13158568365017778,0.21349778565259442,nan
1581056.0,0.11832637239226895,0.1904721657715241,nan
1583104.0,0.1352333335166661,0.1881952120053772,nan
1585152.0,0.12177310935901925,0.17107528087347285,nan
1587200.0,0.11548478364648385,0.18907062377439765,nan
1589248.0,0.11133628432644846,0.18035112112602156,nan
1591296.0,0.12484990728085274,0.169855332958895,nan
1593344.0,0.11860517031719683,0.18136012583643873,nan
1595392.0,0.1407412159821626,0.18584092689634482,nan
1597440.0,0.12421548056472628,0.17729600973254778,nan
1599488.0,0.1405098926922128,0.2070788946904427,nan
1601536.0,0.16149348844568093,0.19420389594675702,nan
1603584.0,0.12355815370130177,0.15812018717932624,nan
1605632.0,0.13183675445115497,0.18697455391016427,28.503118503118504
1607680.0,0.12144443229889751,0.17277086660103463,nan
1609728.0,0.11692401618245923,0.1788001357701297,nan
1611776.0,0.12273568214536792,0.17323629923224942,nan
1613824.0,0.12347882295745705,0.16945389122707502,nan
1615872.0,0.12047883279529156,0.14968479174394042,nan
1617920.0,0.12718826793681948,0.12979492116303307,nan
1619968.0,0.1202064588790838,0.16890568291654567,nan
1622016.0,0.12179946933159558,0.15934857263093233,nan
1624064.0,0.12797803742599567,0.1176426040601569,nan
1626112.0,0.14901889918317818,0.1879301304371236,nan
1628160.0,0.13228345282112194,0.14651244825009718,nan
1630208.0,0.1330588949482497,0.10823196096110284,nan
1632256.0,0.13148721834784385,0.09634776823901282,nan
1634304.0,0.12860408089524822,0.11960823542208972,nan
1636352.0,0.1304813090721198,0.11994813650666963,nan
1638400.0,0.13318029083743566,0.11491304770086622,nan
1640448.0,0.12800770132231876,0.1561477284544216,nan
1642496.0,0.12683756509370236,0.13180226876290216,nan
1644544.0,0.12201614584127732,0.16137078860594395,nan
1646592.0,0.12537141424628637,0.15835910192463837,nan
1648640.0,0.12173457280599012,0.14948491038634476,nan
1650688.0,0.12702890403078926,0.17363371203766628,nan
1652736.0,0.1303019784740863,0.14433924951263674,nan
1654784.0,0.12767247502183238,0.1348185365392389,nan
1656832.0,0.11943298212300135,0.16615077482232338,nan
1658880.0,0.1268892274447122,0.14032202572612293,nan
1660928.0,0.12635733354527282,0.15198651195088936,nan
1662976.0,0.1273096160604705,0.15828719016542953,nan
1665024.0,0.12366522807211758,0.1380590868655848,nan
1667072.0,0.1393499714417995,0.1675670524380925,nan
1669120.0,0.12661617843977788,0.15278066865929538,nan
1671168.0,0.12995386628463101,0.15249672085762214,nan
1673216.0,0.1191818778301293,0.18098524193669133,nan
1675264.0,0.12298329386878504,0.1597026918694811,nan
1677312.0,0.12393284759418417,0.17377223870287142,nan
1679360.0,0.1200483996347142,0.16740101589538206,nan
1681408.0,0.12948402352275037,0.1360609832242343,nan
1683456.0,0.12745710397401927,0.1570908432153336,nan
1685504.0,0.12893920888329347,0.1411101263665979,nan
1687552.0,0.12092720899590584,0.20180910916891498,nan
1689600.0,0.12914928102728518,0.1541246301781884,nan
1691648.0,0.12168133510034104,0.1647536773999718,nan
1693696.0,0.12646404912566506,0.1678265416080272,nan
1695744.0,0.11835076436839938,0.17092101606662202,nan
1697792.0,0.12479872220600788,0.1520632614602026,nan
1699840.0,0.1296407610480373,0.1358966765736819,nan
1701888.0,0.13220793631903327,0.14513432192751,nan
1703936.0,0.1490753382785528,0.18785382018739208,nan
1705984.0,0.12865423758749572,0.17545644451116163,20.935550935550935
1708032.0,0.12438025452370476,0.18604992324779848,nan
1710080.0,0.12266812830788462,0.16537257441268743,nan
1712128.0,0.15022011838066934,0.19751114507750933,nan
1714176.0,0.1197665723499502,0.19499903318048736,nan
1716224.0,0.1182988695184076,0.20202128714296375,nan
1718272.0,0.1263428914727069,0.17476661215660436,nan
1720320.0,0.11711271830553208,0.20261255495441083,nan
1722368.0,0.12763674467494104,0.14780461066886857,nan
1724416.0,0.12045490305727233,0.20130343861847347,nan
1726464.0,0.1560475584022386,0.2186714606176345,nan
1728512.0,0.12226750621289204,0.18769635288717554,nan
1730560.0,0.1188878945983549,0.20491552501442825,nan
1732608.0,0.11808161329730021,0.18363037993476677,nan
1734656.0,0.11852428494197026,0.2052876428685743,nan
1736704.0,0.11887362446639413,0.19101359778185506,nan
1738752.0,0.11387532504557978,0.22632678193120578,nan
1740800.0,0.11475555166682475,0.20720626407620407,nan
1742848.0,0.11768044182772658,0.1881192478549089,nan
1744896.0,0.12065595462478107,0.18700368076982354,nan
1746944.0,0.11893856496529437,0.18186614734210507,nan
1748992.0,0.12986406423532967,0.16732515603004158,nan
1751040.0,0.11319735306350585,0.20469939796027659,nan
1753088.0,0.127007536579568,0.1760727162545904,nan
1755136.0,0.128358169459398,0.16787106273847985,nan
1757184.0,0.14148884631124165,0.1964099337980384,nan
1759232.0,0.12157226153852946,0.17315745053507772,nan
1761280.0,0.12420065387879992,0.2032575664283512,nan
1763328.0,0.11482356036346786,0.18279603845381548,nan
1765376.0,0.11536515201574023,0.20899903422853536,nan
1767424.0,0.1183257479974407,0.2027832477476671,nan
1769472.0,0.11941204418454796,0.18007445910157538,nan
1771520.0,0.12216644519951504,0.19620817466706608,nan
1773568.0,0.12700616086186778,0.1529485229278728,nan
1775616.0,0.14011577144120768,0.20438007573855455,nan
1777664.0,0.12358000765830521,0.19873004173260714,nan
1779712.0,0.11991554876139422,0.20216798568150432,nan
1781760.0,0.14843016802096515,0.23292494377537593,nan
1783808.0,0.11764457657364179,0.21495156045176997,nan
1785856.0,0.11551060654723612,0.20869138326383685,nan
1787904.0,0.12332690943170199,0.20539842378678064,nan
1789952.0,0.11125570804861062,0.21255516757548634,nan
1792000.0,0.11717654254949683,0.21189683487352876,nan
1794048.0,0.11209423650961486,0.20755482469177072,nan
1796096.0,0.12295946532775355,0.22106371195039828,nan
1798144.0,0.12584359431397354,0.15469003658122152,nan
1800192.0,0.12289628081211304,0.16841124953883826,nan
1802240.0,0.12005938200534191,0.1875899310004587,nan
1804288.0,0.13238012646553993,0.16874520195786877,nan
1806336.0,0.11885895875489974,0.18867174900074848,16.496881496881496
1808384.0,0.12175913204243718,0.1789015273864168,nan
1810432.0,0.13539234874907663,0.20557876002470354,nan
1812480.0,0.1242748270970853,0.16381223013836507,nan
1814528.0,0.12413434657308259,0.19951610907614725,nan
1816576.0,0.135341537256887,0.18947437315375018,nan
1818624.0,0.12100859316891538,0.17471168078545843,nan
1820672.0,0.12040935104996853,0.18983690109529197,nan
1822720.0,0.11529132801789387,0.1865294070164308,nan
1824768.0,0.11553345237198587,0.19295189095808862,nan
1826816.0,0.15284755331901434,0.21781154186418486,nan
1828864.0,0.11230738606277094,0.20943116338478862,nan
1830912.0,0.11955386257313444,0.20304887402424288,nan
1832960.0,0.12253855381065444,0.16765750213349512,nan
1835008.0,0.11742726529708487,0.20979950845080278,nan
1837056.0,0.11083124709690045,0.21080584035140065,nan
1839104.0,0.12271149635972536,0.1837306655397946,nan
1841152.0,0.11852514393882711,0.16201973539751166,nan
1843200.0,0.1289070452974173,0.18058838604586835,nan
1845248.0,0.11187414937057742,0.19121467728578903,nan
1847296.0,0.12597133337855573,0.16549393635280193,nan
1849344.0,0.12798235964910742,0.16706249207629378,nan
1851392.0,0.12249254974897891,0.1823280398086752,nan
1853440.0,0.1268796014929752,0.166834057181561,nan
1855488.0,0.12599849984875458,0.11309525941361938,nan
1857536.0,0.12300544113367923,0.15214946741992463,nan
1859584.0,0.1393351683074688,0.14525580892624468,nan
1861632.0,0.12258056646675175,0.1559305509387062,nan
1863680.0,0.12342226114778759,0.13710837860309916,nan
1865728.0,0.12806341974634822,0.14025956769619755,nan
1867776.0,0.12356526655703783,0.15713673459312072,nan
1869824.0,0.131598021201713,0.15590674233553883,nan
1871872.0,0.12502386785167902,0.13950411192922174,nan
1873920.0,0.12241062563501315,0.1499509156455332,nan
1875968.0,0.12771203590285768,0.14868827435143747,nan
1878016.0,0.1253940033045302,0.15348908019447702,nan
1880064.0,0.12733383225270425,0.14114871730177167,nan
1882112.0,0.1250907401462668,0.16346787332410917,nan
1884160.0,0.1264666491786642,0.10351332230721759,nan
1886208.0,0.12255191775388564,0.15922712416703982,nan
1888256.0,0.13016584793778777,0.10625179586298422,nan
1890304.0,0.1318899104482447,0.15824522948580103,nan
1892352.0,0.1204132636942436,0.16472278317074956,nan
1894400.0,0.11628988863259039,0.16871668073218551,nan
1896448.0,0.12336796356352447,0.1594853381590927,nan
1898496.0,0.13465016630352866,0.16911878955884754,nan
1900544.0,0.13788168163667286,0.18101331609151136,nan
1902592.0,0.1295101418101723,0.13461641909012667,nan
1904640.0,0.12418512670710193,0.13130054841073566,nan
1906688.0,0.12841341435319947,0.15268177811679834,8.98128898128898
1908736.0,0.12674420590673047,0.12365988343700857,nan
1910784.0,0.12835354054202722,0.14326023832282797,nan
1912832.0,0.1273280746622356,0.1366959313723218,nan
1914880.0,0.1206496900067774,0.1620715595176424,nan
1916928.0,0.12770568840685761,0.16439471381711418,nan
1918976.0,0.12850569385700233,0.1390929706525706,nan
1921024.0,0.1512701001822594,0.18466131978359354,nan
1923072.0,0.1213605901203764,0.14810121576589436,nan
1925120.0,0.11820581038210637,0.1566500326198751,nan
1927168.0,0.1273217651052452,0.1574541176916158,nan
1929216.0,0.12649954148741788,0.13108263727186747,nan
1931264.0,0.12935367196003109,0.1320048159723141,nan
1933312.0,0.11989571078023264,0.14392217721327277,nan
1935360.0,0.14380512976847665,0.15404779476502553,nan
1937408.0,0.13044549194271032,0.1101849938879725,nan
1939456.0,0.1286659469326556,0.09841561697392476,nan
1941504.0,0.13182864230974448,0.15256683567456145,nan
1943552.0,0.12801377912238704,0.14073976670361774,nan
1945600.0,0.12158992362221253,0.1607529622826035,nan
1947648.0,0.13152710714082455,0.1732050093213266,nan
1949696.0,0.1260927811166769,0.15421468962238766,nan
1951744.0,0.13035599598159414,0.15564358775461626,nan
1953792.0,0.12064044006305674,0.15867817549933944,nan
1955840.0,0.12572315572540876,0.16342514855408105,nan
1957888.0,0.12552200553849674,0.19455316720170596,nan
1959936.0,0.10629465377649906,0.20224873580958883,nan
1961984.0,0.11374292768427374,0.15499576100555837,nan
1964032.0,0.12216637128991284,0.16977674865925305,nan
1966080.0,0.12639874672788265,0.1902525604422633,nan
1968128.0,0.12484668641625063,0.1840153840910874,nan
1970176.0,0.11949688702808475,0.2049779630882668,nan
1972224.0,0.11732723683243206,0.19598867428753816,nan
1974272.0,0.11676288670272711,0.20613000674157297,nan
1976320.0,0.10981880526525342,0.20833546420705962,nan
1978368.0,0.10746234115428616,0.1913426819349806,nan
1980416.0,0.11243912703999827,0.18221589794367085,nan
1982464.0,0.12619429651133957,0.2189091707309233,nan
1984512.0,0.11225244760651308,0.21190887496018168,nan
1986560.0,0.15266532907760738,0.21627066235632095,nan
1988608.0,0.1067579351749259,0.19671289280926763,nan
1990656.0,0.12325117920877585,0.21483925075557825,nan
1992704.0,0.12210468796461924,0.21049581789236113,nan
1994752.0,0.12541311224514845,0.21332211138094734,nan
1996800.0,0.12987609393146587,0.22446018434299495,nan
1998848.0,0.10678963787059129,0.21653828593883173,nan
2000896.0,0.13663223407225733,0.2147353690506742,nan
2002944.0,0.09676011284623504,0.21337630904811142,nan
2004992.0,0.11183970553796116,0.22690694788490798,nan
2007040.0,0.12015377097727774,0.21054913006431086,30.0
2009088.0,0.13143676007145588,0.22596431801651579,nan
2011136.0,0.12030394506482456,0.2089261315082482,nan
2013184.0,0.11403269665018699,0.21668922226835338,nan
2015232.0,0.13132776705747046,0.20975939691956863,nan
2017280.0,0.11936066608627992,0.1704642559087573,nan
2019328.0,0.06701472842466452,0.19042405732713413,nan
2021376.0,0.11252125155713841,0.18876625959411075,nan
2023424.0,0.13751730600096923,0.23575460372461046,nan
2025472.0,0.1401869074711909,0.21235165821464488,nan
2027520.0,0.15088273328218071,0.2138321641282944,nan
2029568.0,0.14552092608487607,0.19761825398341334,nan
2031616.0,0.1649804399181056,0.16055364702944772,nan
2033664.0,0.1303213054108089,0.20273900364160288,nan
2035712.0,0.13621474803677777,0.2095296304233422,nan
2037760.0,0.14112437764139965,0.1931497168333964,nan
2039808.0,0.1340325908911421,0.19699294913081736,nan
2041856.0,0.11316727884122822,0.1865846307785109,nan
2043904.0,0.1338784714082661,0.1709426804721394,nan
2045952.0,0.1317736760155035,0.1921838064241435,nan
2048000.0,0.12132126930996773,0.19083982984557463,nan
2050048.0,0.1262258931381262,0.16648894262770284,nan
2052096.0,0.1405628378520262,0.18925665540582334,nan
2054144.0,0.12623134901912614,0.16704075097989315,nan
2056192.0,0.12383071983687247,0.17760749727389355,nan
2058240.0,0.11890562148186803,0.16311114605162508,nan
2060288.0,0.12292208779305017,0.18256323287764523,nan
2062336.0,0.13283928418288096,0.19495134797959757,nan
2064384.0,0.12156751667729832,0.16033972180849904,nan
2066432.0,0.12432408604353556,0.16888545315948386,nan
2068480.0,0.12557515309623019,0.13459431575247852,nan
2070528.0,0.12659591686086422,0.1336130136450574,nan
2072576.0,0.11742256740005184,0.16835118311191274,nan
2074624.0,0.124510336050249,0.13784901102263192,nan
2076672.0,0.11811453048775652,0.1374377728591194,nan
2078720.0,0.11982397972942427,0.15884269649653043,nan
2080768.0,0.11859552156655356,0.1688982524983559,nan
2082816.0,0.1190765665149217,0.139821367500896,nan
2084864.0,0.15805888212993627,0.16338034151293002,nan
2086912.0,0.1280990019449649,0.12380696935889315,nan
2088960.0,0.12432810315031524,0.13679755306379773,nan
2091008.0,0.1249367843510343,0.140274244534031,nan
2093056.0,0.12785401832535506,0.09597051479045496,nan
2095104.0,0.1238920103529743,0.12331220117856892,nan
2097152.0,0.13218022274907698,0.09338991035692841,nan
2099200.0,0.12571494561746815,0.11708347462090722,nan
2101248.0,0.13320055263898456,0.10681370404875387,nan
2103296.0,0.1283344860095028,0.13235711002249703,nan
2105344.0,0.12498382345515244,0.16961350404720585,nan
2107392.0,0.1479361566343378,0.20900593285915664,18.60706860706861
2109440.0,0.12232460443303803,0.17387172992329245,nan
2111488.0,0.11759914929974155,0.1896983086596344,nan
2113536.0,0.13006853004815916,0.16221409874583334,nan
2115584.0,0.12228286374077425,0.15559566422366333,nan
2117632.0,0.10420800443613071,0.19735792253150802,nan
2119680.0,0.11021797145154527,0.18942509272964497,nan
2121728.0,0.1252665764186757,0.1673179615685534,nan
2123776.0,0.11703028546539163,0.15960716184959367,nan
2125824.0,0.11552833965655097,0.16383200641640572,nan
2127872.0,0.11655334741164691,0.1781317533772532,nan
2129920.0,0.10750243939941265,0.19116096551992434,nan
2131968.0,0.13391358017998578,0.1719279884028174,nan
2134016.0,0.12096264066773829,0.16206983862113483,nan
2136064.0,0.12176186689442443,0.1549787906040722,nan
2138112.0,0.1255435804592374,0.12988611799011662,nan
2140160.0,0.12184422074854559,0.17090622294968313,nan
2142208.0,0.12199337592228483,0.15185248736806745,nan
2144256.0,0.1252319994078677,0.12310931430149169,nan
2146304.0,0.1301658406031521,0.1149125086290906,nan
2148352.0,0.126280152897931,0.16647894942865693,nan
2150400.0,0.12444242487264638,0.14017832623013457,nan
2152448.0,0.1464013692431727,0.1575755298187941,nan
2154496.0,0.12230162889363227,0.1494981110595202,nan
2156544.0,0.12731750587966084,0.1414846166126868,nan
2158592.0,0.11783623374046956,0.15748598938250838,nan
2160640.0,0.12818499536154,0.11436982883557638,nan
2162688.0,0.12843672959735064,0.12700160324669013,nan
2164736.0,0.12845204084425338,0.13650719521326596,nan
2166784.0,0.1273712936778958,0.17049939404609366,nan
2168832.0,0.12455455253629101,0.1377317980668732,nan
2170880.0,0.12725003445713234,0.15068901444497854,nan
2172928.0,0.12961654910535564,0.10082443091926684,nan
2174976.0,0.1290199671823551,0.11455797827088907,nan
2177024.0,0.12417672112731812,0.1277840407564618,nan
2179072.0,0.12845858011215272,0.11684560639022742,nan
2181120.0,0.1300594146489717,0.10568574177780843,nan
2183168.0,0.12532560423803724,0.12685214105043532,nan
2185216.0,0.13149865739329872,0.10623027152142472,nan
2187264.0,0.12349806103603815,0.1531167360324221,nan
2189312.0,0.12048742162221746,0.15419438053964057,nan
2191360.0,0.1260085193466864,0.1554696916071231,nan
2193408.0,0.12223992104713333,0.14420368189212204,nan
2195456.0,0.11960551372660275,0.17532662283853273,nan
2197504.0,0.11749419280457005,0.16021637657181828,nan
2199552.0,0.11533420448062934,0.170934180164778,nan
2201600.0,0.13508708402501016,0.19393539514932148,nan
2203648.0,0.15746446548199836,0.22118694580935888,nan
2205696.0,0.11683659966779346,0.1844753128701212,nan
2207744.0,0.12796335981475143,0.11478201504712131,21.101871101871104
2209792.0,0.12768600983492626,0.14768378827786363,nan
2211840.0,0.12788745436055377,0.13981240264127848,nan
2213888.0,0.13070882407525738,0.11476708714852304,nan
2215936.0,0.1266439509944825,0.14660171928705337,nan
2217984.0,0.12108265466571443,0.1535740084258531,nan
2220032.0,0.12652785183488102,0.1638435071477949,nan
2222080.0,0.11722764749419676,0.1771297064926406,nan
2224128.0,0.1195566772441663,0.1621732365061909,nan
2226176.0,0.12003802447484042,0.16420230370012076,nan
2228224.0,0.11845224023779626,0.17346607948910128,nan
2230272.0,0.11993830532503373,0.17457967819416903,nan
2232320.0,0.1304843868634206,0.19830596230012548,nan
2234368.0,0.11514901156230817,0.18776446819741574,nan
2236416.0,0.11841207722059224,0.17594960677470292,nan
2238464.0,0.10749732586622412,0.18964935594251026,nan
2240512.0,0.11467581265291416,0.18829903401336273,nan
2242560.0,0.11696620205935021,0.17949067559077195,nan
2244608.0,0.1130667843398482,0.1833859627571913,nan
2246656.0,0.11590817252343986,0.1774055185140415,nan
2248704.0,0.12237455232273416,0.19510768292628447,nan
2250752.0,0.12188166143347084,0.175373321359487,nan
2252800.0,0.11798551895805409,0.17485076444190864,nan
2254848.0,0.11956839128978033,0.16502547423251776,nan
2256896.0,0.11782217270071461,0.15846003151766305,nan
2258944.0,0.12716424304598392,0.1427047379393675,nan
2260992.0,0.14334966947888883,0.19184463738327825,nan
2263040.0,0.12041362316176671,0.16390585545563835,nan
2265088.0,0.12497072293851515,0.16833050125183072,nan
2267136.0,0.12812516144445346,0.19851060803503018,nan
2269184.0,0.11201343810851172,0.20989235337802095,nan
2271232.0,0.12382517312023117,0.21188197270303608,nan
2273280.0,0.1378705415741454,0.2195928374542717,nan
2275328.0,0.11373699061934195,0.18407771862869152,nan
2277376.0,0.12546011002539695,0.2075356759832406,nan
2279424.0,0.11770731327063644,0.16957565806059,nan
2281472.0,0.13629245596013037,0.18904267049694976,nan
2283520.0,0.13668913023953544,0.17630630730862523,nan
2285568.0,0.11850342795258652,0.17417389910169548,nan
2287616.0,0.12143262498765564,0.1494033768085842,nan
2289664.0,0.12429946969447266,0.1846979115732607,nan
2291712.0,0.1280468525339391,0.18871896358812312,nan
2293760.0,0.15205448665992433,0.18770473901220125,nan
2295808.0,0.12723780244481553,0.16493786521476822,nan
2297856.0,0.1373771955277312,0.16959498168574585,nan
2299904.0,0.13570539426847447,0.1909825361874797,nan
2301952.0,0.12470681699775002,0.18248095929208172,nan
2304000.0,0.12704219255971158,0.17274506097644576,nan
2306048.0,0.12067939664659803,0.14623286981805123,nan
2308096.0,0.11700451425915381,0.17048668080785795,17.484407484407484
2310144.0,0.12193966960130115,0.17626764412136994,nan
2312192.0,0.12676970268325005,0.11211595412735598,nan
2314240.0,0.12396512984644004,0.14006058007275934,nan
2316288.0,0.12442524807026953,0.13697706406277166,nan
2318336.0,0.11767402950504072,0.146504373220357,nan
2320384.0,0.12886437222708252,0.10732634269355329,nan
2322432.0,0.12217671882006442,0.1441515886534248,nan
2324480.0,0.12823056128004504,0.13463664229160638,nan
2326528.0,0.12040928973118945,0.1567556829264836,nan
2328576.0,0.12206782835077346,0.14087782850748343,nan
2330624.0,0.1308493827627109,0.11332858376606138,nan
2332672.0,0.1210677655568603,0.14088005203073473,nan
2334720.0,0.12322898458845132,0.1397331829174465,nan
2336768.0,0.12552936186229993,0.12150765780259057,nan
2338816.0,0.1274012673167585,0.11869965168741112,nan
2340864.0,0.12357084466751422,0.15243531648922656,nan
2342912.0,0.12311873698218015,0.14946441276441216,nan
2344960.0,0.1162649559247778,0.15934308952678855,nan
2347008.0,0.11908611054970081,0.18470678276401156,nan
2349056.0,0.12321287846834661,0.14336808522896338,nan
2351104.0,0.12436188756042878,0.1591601807671285,nan
2353152.0,0.12487765345972657,0.1432565631298455,nan
2355200.0,0.12029250157393648,0.1492878425341027,nan
2357248.0,0.1304104920481519,0.1134560309235906,nan
2359296.0,0.1257888225708626,0.14406208899454429,nan
2361344.0,0.12879960828419676,0.1790187523760521,nan
2363392.0,0.13261620076829253,0.15148814442382233,nan
2365440.0,0.1289992947045687,0.16136931339963823,nan
2367488.0,0.15260079150347056,0.17427240028068708,nan
2369536.0,0.13689965629344003,0.14681095905257224,nan
2371584.0,0.11155109344451405,0.18244272223523764,nan
2373632.0,0.12807833373796706,0.12867233676143064,nan
2375680.0,0.12718306149710618,0.13249027421091739,nan
2377728.0,0.12925570961820362,0.10048180062554093,nan
2379776.0,0.1280363255463457,0.12010447820922225,nan
2381824.0,0.1319687078229726,0.09678290885886644,nan
2383872.0,0.13002648661261024,0.08751506408928765,nan
2385920.0,0.1299355183868411,0.12343474138760402,nan
2387968.0,0.1335656411525793,0.11982609186417491,nan
2390016.0,0.13067770267110315,0.09149345473554198,nan
2392064.0,0.13144932877104296,0.10130158363305568,nan
2394112.0,0.12674054511307395,0.12413759656445932,nan
2396160.0,0.125186104484378,0.12891774102274065,nan
2398208.0,0.13143883503313322,0.0969928756365301,nan
2400256.0,0.1335889973146035,0.07848849830099251,nan
2402304.0,0.12635117394558126,0.11568438216602284,nan
2404352.0,0.12303617090688636,0.12591329484299205,nan
2406400.0,0.13137484488047443,0.0960036125577532,nan
2408448.0,0.1284514708235864,0.10998082350046692,6.704781704781705
2410496.0,0.12243644093321203,0.130085921159592,nan
2412544.0,0.12818435110658616,0.10656261899806738,nan
2414592.0,0.13404317045818548,0.08696877347355822,nan
2416640.0,0.1279268284176989,0.12366380858664835,nan
2418688.0,0.125323035883017,0.13973111039131275,nan
2420736.0,0.1307074555487031,0.11615601458043452,nan
2422784.0,0.12872095229854225,0.13843385037576153,nan
2424832.0,0.13165349069264232,0.08684090618962828,nan
2426880.0,0.13188718793307727,0.11691351727451037,nan
2428928.0,0.12937680052066103,0.12369762034061724,nan
2430976.0,0.1301894071072977,0.1192116397160503,nan
2433024.0,0.12799150666857628,0.10983354164841248,nan
2435072.0,0.13201396769771484,0.09054592632574252,nan
2437120.0,0.1270644829295897,0.14919992506689458,nan
2439168.0,0.12968871352093136,0.11082299534968239,nan
2441216.0,0.13118570144752165,0.08845994763205607,nan
2443264.0,0.13346811009202203,0.09655731034873308,nan
2445312.0,0.12423671952932888,0.14567159029285606,nan
2447360.0,0.1264614727766498,0.142256246962313,nan
2449408.0,0.12741391743997768,0.13748629102061247,nan
2451456.0,0.13012190660808437,0.1365348530260289,nan
2453504.0,0.12917650773919492,0.11228191319915963,nan
2455552.0,0.12806341731442183,0.10022144572058893,nan
2457600.0,0.13053213284893916,0.10975390615798133,nan
2459648.0,0.1313887769080634,0.11058059608003189,nan
2461696.0,0.13321455447220637,0.1048151796656833,nan
2463744.0,0.13047185184208945,0.12571638718176803,nan
2465792.0,0.12641380484960327,0.12904888489984742,nan
2467840.0,0.1255526258927432,0.1310832690824911,nan
2469888.0,0.12607667446268406,0.16878401582366334,nan
2471936.0,0.1201061931281552,0.16818848192545285,nan
2473984.0,0.1334364937846769,0.16301084250308986,nan
2476032.0,0.12965061943170572,0.16396973579086194,nan
2478080.0,0.12700735542038522,0.13506020788268439,nan
2480128.0,0.12477924103022912,0.1456502713102125,nan
2482176.0,0.11834945695662982,0.15951942579138925,nan
2484224.0,0.1288875077717896,0.13602284543530918,nan
2486272.0,0.1273816770882233,0.12526625463485538,nan
2488320.0,0.12883120343427168,0.1446378824987445,nan
2490368.0,0.11994337454546272,0.14809192993198078,nan
2492416.0,0.1261386498103366,0.1480992130962907,nan
2494464.0,0.13425287265844058,0.186971716117454,nan
2496512.0,0.11832160974393646,0.1734139728291551,nan
2498560.0,0.12293669745608816,0.161247047467116,nan
2500608.0,0.11470279948567041,0.19423395933937523,nan
2502656.0,0.12682038519712913,0.1291663273868669,nan
2504704.0,0.13059826527323998,0.15815558791318468,nan
2506752.0,0.12974357750690765,0.15706217094947564,nan
2508800.0,0.117403703475527,0.17607316364014303,17.039658938393117
2510848.0,0.12717777531426597,0.12541510946668633,nan
2512896.0,0.13542289774715477,0.11290749401580905,nan
2514944.0,0.13104541248160453,0.132890268965087,nan
2516992.0,0.13037684069546784,0.14459290960989316,nan
2519040.0,0.12257343645083651,0.16430334720206974,nan
2521088.0,0.13120341635874436,0.11421751452222802,nan
2523136.0,0.12923250682329285,0.11422735137735683,nan
2525184.0,0.1295150618795117,0.10700618690705806,nan
2527232.0,0.13016323772028673,0.12242305729704456,nan
2529280.0,0.1323304495822285,0.12050085581808234,nan
2531328.0,0.1277100334140261,0.13505999659858514,nan
2533376.0,0.13036335173269345,0.10158230755374854,nan
2535424.0,0.12536883435166013,0.10872170507746945,nan
2537472.0,0.13037722261946133,0.13263974643243925,nan
2539520.0,0.12673372491190893,0.13291691597683822,nan
2541568.0,0.12730267300440687,0.14274981984929422,nan
2543616.0,0.12346010313753528,0.1474095124226437,nan
2545664.0,0.12539884758340955,0.14346145791770332,nan
2547712.0,0.1249566442009899,0.15976090773954496,nan
2549760.0,0.12656840650466133,0.12681496305001455,nan
2551808.0,0.12069195220178128,0.15621571266754256,nan
2553856.0,0.12966510288669836,0.12213793527297263,nan
2555904.0,0.13337365038613552,0.15519463576411457,nan
2557952.0,0.12950985260301617,0.11229354093147298,nan
2560000.0,0.13072057265062084,0.11019982255289354,nan
2562048.0,0.13511587582647494,0.10809928919213734,nan
2564096.0,0.13377457889263145,0.09168781059565699,nan
2566144.0,0.13283455933887472,0.13170483205920178,nan
2568192.0,0.12873853030206947,0.11708156698535091,nan
2570240.0,0.13239224662702495,0.11368987404060257,nan
2572288.0,0.1375605451923984,0.14998412766346156,nan
2574336.0,0.13314751108590817,0.12452794874511715,nan
2576384.0,0.13130346856817174,0.1218140662712688,nan
2578432.0,0.12665559683731553,0.12940664967004703,nan
2580480.0,0.13005261385644892,0.14318466755435574,nan
2582528.0,0.12962866504552706,0.11900929198808856,nan
2584576.0,0.12924458586161955,0.1442445699309847,nan
2586624.0,0.12938606543557676,0.11719751597047243,nan
2588672.0,0.12658624558811957,0.12462171322135049,nan
2590720.0,0.13062068438537536,0.11162513339495882,nan
2592768.0,0.12607644776876295,0.1211004809568875,nan
2594816.0,0.1325445766583473,0.09094468488107495,nan
2596864.0,0.13050940985627385,0.12538842530354913,nan
2598912.0,0.1348433635685158,0.09366806090026814,nan
2600960.0,0.13402978536226645,0.0820126189226484,nan
2603008.0,0.12555357682750617,0.16039499036120866,nan
2605056.0,0.13561751581823864,0.09600076141120137,nan
2607104.0,0.13084361976253783,0.13793408528229162,nan
2609152.0,0.12307455539559047,0.13447084938324713,12.827442827442828
2611200.0,0.12952437279829992,0.14690733525022504,nan
2613248.0,0.12497043885794817,0.15523752970781232,nan
2615296.0,0.12514668352484692,0.15222670831386453,nan
2617344.0,0.13033453578400522,0.1314860909239225,nan
2619392.0,0.13053641424947038,0.16213273921879376,nan
2621440.0,0.12342515635676296,0.1630403122322525,nan
2623488.0,0.12159311862077535,0.16766243293565544,nan
2625536.0,0.1274107722128524,0.13971726274908708,nan
2627584.0,0.12608376101535756,0.11473849730930444,nan
2629632.0,0.131875717403241,0.11202256511521898,nan
2631680.0,0.12679154833208023,0.1413476397095545,nan
2633728.0,0.1292367718531269,0.11051040169990724,nan
2635776.0,0.13241132352441176,0.09464022498416,nan
2637824.0,0.13562050185247929,0.0915722983111184,nan
2639872.0,0.13099632311936346,0.10178079891141117,nan
2641920.0,0.12640491356087294,0.11675256356141743,nan
2643968.0,0.12671480101556035,0.12680009856704103,nan
2646016.0,0.1267027051691927,0.11033516215944167,nan
2648064.0,0.13049326603268943,0.11164744640068415,nan
2650112.0,0.1357215658056244,0.08526579635775162,nan
2652160.0,0.12870913929032823,0.11210717664915884,nan
2654208.0,0.12795758351525946,0.144125002898277,nan
2656256.0,0.1259185532526694,0.12978672824588455,nan
2658304.0,0.1309397301222625,0.10367263133851254,nan
2660352.0,0.1265080495808083,0.12421499366891123,nan
2662400.0,0.13172307393214105,0.09849096510455568,nan
2664448.0,0.13006673770453314,0.15077515221045187,nan
2666496.0,0.13343913586522363,0.157031469265125,nan
2668544.0,0.12546166124895466,0.13898508822599517,nan
2670592.0,0.12377377327128022,0.14146152446906649,nan
2672640.0,0.1242170726885989,0.13375728684164775,nan
2674688.0,0.1310160510706943,0.10560561818647013,nan
2676736.0,0.12288105578464929,0.1333981852169993,nan
2678784.0,0.1224601542753361,0.1526447392222573,nan
2680832.0,0.12920199825173434,0.13976934243093708,nan
2682880.0,0.11988167165565534,0.15459312233806735,nan
2684928.0,0.1139268303220727,0.16801169974604538,nan
2686976.0,0.1158635645327353,0.15868566914606322,nan
2689024.0,0.12310079984291512,0.137669975276136,nan
2691072.0,0.12561933713102358,0.12365074632955303,nan
2693120.0,0.12626038797531286,0.12718530779330936,nan
2695168.0,0.12919220915207114,0.10558681264928567,nan
2697216.0,0.1262193315599664,0.13390466790502636,nan
2699264.0,0.12381109388591895,0.145103703204216,nan
2701312.0,0.12387979587607995,0.11769470017351531,nan
2703360.0,0.12502144787294855,0.12192150373046157,nan
2705408.0,0.13134633588611266,0.11961501363267367,nan
2707456.0,0.12764169069408637,0.15102330806780248,nan
2709504.0,0.1194179829214363,0.16234625576358722,11.954261954261957
2711552.0,0.12649366213385244,0.12693272418601123,nan
2713600.0,0.1322304848461915,0.10903477177146256,nan
2715648.0,0.13298465613685723,0.1350451272668272,nan
2717696.0,0.12223645208022266,0.13381856719313429,nan
2719744.0,0.12933509607990867,0.12438702553691164,nan
2721792.0,0.12545178382753244,0.1266127118486629,nan
2723840.0,0.1250227083037234,0.12902325838339673,nan
2725888.0,0.13354847497945538,0.13949164169242478,nan
2727936.0,0.1323629118538508,0.13341219209374036,nan
2729984.0,0.12504792530271897,0.14019803869626982,nan
2732032.0,0.11893238295080645,0.178425042310825,nan
2734080.0,0.12345131579864059,0.15040509441338845,nan
2736128.0,0.12301776364322714,0.1676180336855249,nan
2738176.0,0.12962606022156067,0.13727833892798988,nan
2740224.0,0.1274019383646347,0.12866544721667547,nan
2742272.0,0.1251595759655207,0.15231302296886726,nan
2744320.0,0.12658456430967832,0.1340332518652238,nan
2746368.0,0.1257594499264237,0.1254012872938734,nan
2748416.0,0.1303091201671141,0.11370018261364313,nan
2750464.0,0.1335281743282921,0.13206125819342474,nan
2752512.0,0.1278406079900011,0.11296997868541853,nan
2754560.0,0.12699676896900292,0.13709572984819232,nan
2756608.0,0.12419333995731129,0.16352421174323062,nan
2758656.0,0.12073050253288642,0.15087754374263068,nan
2760704.0,0.13367999546759846,0.14797539645532154,nan
2762752.0,0.12203709611800023,0.15573363995343048,nan
2764800.0,0.13121042031800284,0.11448571074323974,nan
2766848.0,0.12865973346439902,0.14976975014295346,nan
2768896.0,0.11968180512296847,0.18315407176660262,nan
2770944.0,0.1265112286151342,0.14708085408807275,nan
2772992.0,0.09814286699880964,0.15623667931625482,nan
2775040.0,0.12490594575514216,0.14601678299228263,nan
2777088.0,0.1291419203736023,0.1193107493442831,nan
2779136.0,0.1296879953795194,0.1286181091927994,nan
2781184.0,0.12388651856309296,0.15837228693175695,nan
2783232.0,0.12806637587164674,0.14702717046990418,nan
2785280.0,0.12518889006493322,0.15415739265099063,nan
2787328.0,0.12827821053798552,0.17448581632641902,nan
2789376.0,0.12576456567582772,0.16190381009801588,nan
2791424.0,0.13435798123635595,0.1983291724604494,nan
2793472.0,0.12536356782372382,0.16322786934958763,nan
2795520.0,0.11555814011526128,0.19791353309385482,nan
2797568.0,0.12200351588685435,0.1789274875112979,nan
2799616.0,0.1244584223905393,0.18878427622686747,nan
2801664.0,0.12289507088720572,0.16075779370095145,nan
2803712.0,0.12943350449980712,0.1774512066145733,nan
2805760.0,0.12276489149208555,0.19732797727308388,nan
2807808.0,0.11782681736046005,0.20605919476350132,nan
2809856.0,0.11646948625880331,0.2001585766778463,19.01247401247401
2811904.0,0.12217474981389345,0.17629529181398762,nan
2813952.0,0.12841819821058253,0.14845237498981506,nan
2816000.0,0.12405054293713547,0.19119844603703956,nan
2818048.0,0.11705676756430183,0.1822812913309978,nan
2820096.0,0.12457825064608521,0.16304141888909096,nan
2822144.0,0.12564241123267772,0.14277160984698542,nan
2824192.0,0.12546202011002244,0.1521046963511344,nan
2826240.0,0.1356437868730161,0.15185989875058875,nan
2828288.0,0.12660982337963528,0.15316665499579973,nan
2830336.0,0.1321941103070503,0.08473628470394684,nan
2832384.0,0.13329266753327568,0.10556495982253905,nan
2834432.0,0.13147039198197644,0.14742963815810547,nan
2836480.0,0.1410424438197374,0.1466547700904889,nan
2838528.0,0.13233535385359838,0.13218041527036148,nan
2840576.0,0.13098109423869886,0.11760961199824935,nan
2842624.0,0.1280201289515425,0.13709407762371537,nan
2844672.0,0.13216475925823362,0.10067998758826013,nan
2846720.0,0.1300612267422659,0.11255713007237202,nan
2848768.0,0.1317871718414416,0.13705231878645704,nan
2850816.0,0.13190196373278684,0.08805588903962445,nan
2852864.0,0.12897498604651078,0.10033674228693425,nan
2854912.0,0.13136230164122728,0.11313935342551865,nan
2856960.0,0.12934978349599469,0.1272951036893784,nan
2859008.0,0.12187099922422247,0.14766847940708186,nan
2861056.0,0.12101579146950278,0.16266632949067555,nan
2863104.0,0.12607517121831194,0.1393187058118719,nan
2865152.0,0.12547262187050487,0.14566966752155497,nan
2867200.0,0.1271346404701367,0.13977125898972365,nan
2869248.0,0.12908880818047347,0.17954673914873845,nan
2871296.0,0.1208598674172672,0.14473310828813718,nan
2873344.0,0.11834535579682776,0.17047008684419795,nan
2875392.0,0.12557002702499936,0.16163830878657784,nan
2877440.0,0.12728685726588718,0.17878966723179773,nan
2879488.0,0.11732521541336494,0.1812749783377653,nan
2881536.0,0.11879231993341957,0.157829099652529,nan
2883584.0,0.1265321372143579,0.1744196737314405,nan
2885632.0,0.12154773191494236,0.16116327867100064,nan
2887680.0,0.12012728778189455,0.15341283694629662,nan
2889728.0,0.1486180191153146,0.1929824646756517,nan
2891776.0,0.13731662752863893,0.145092599768855,nan
2893824.0,0.13163609266106066,0.12673662138156044,nan
2895872.0,0.16015544709574164,0.142891809085553,nan
2897920.0,0.12657600734170302,0.13139270855340104,nan
2899968.0,0.12949559014443274,0.13016955146044,nan
2902016.0,0.12706657414144845,0.12072883463979688,nan
2904064.0,0.1284558901492728,0.1302534071097111,nan
2906112.0,0.13220672599859823,0.15325843115810794,nan
2908160.0,0.12103982866360644,0.13996098179089345,nan
2910208.0,0.13135944143789388,0.11865203600245604,14.43866943866944
2912256.0,0.12579079670586518,0.13535703559017379,nan
2914304.0,0.12754826294044672,0.14479100413031848,nan
2916352.0,0.1310238334634099,0.11277176002177665,nan
2918400.0,0.11701739493187166,0.1750419619418946,nan
2920448.0,0.12475936455554436,0.14571571745845513,nan
2922496.0,0.12554409329439734,0.15234404721427916,nan
2924544.0,0.12572910825525996,0.1597173753799278,nan
2926592.0,0.10742595341976785,0.21526737287011227,nan
2928640.0,0.12119095446606676,0.16732205393386385,nan
2930688.0,0.13064648938581236,0.12370165278577619,nan
2932736.0,0.12749874949913087,0.13359041198969823,nan
2934784.0,0.13839151759685048,0.15527619013222113,nan
2936832.0,0.12021299201855648,0.15141854725070913,nan
2938880.0,0.12444329229482967,0.16798132946306604,nan
2940928.0,0.1312363327381873,0.13305330808731156,nan
2942976.0,0.1275668056621867,0.13414809010915346,nan
2945024.0,0.12084543318457278,0.1502651338851201,nan
2947072.0,0.1331552157478239,0.15685300843022063,nan
2949120.0,0.12943455750348054,0.1764931720976148,nan
2951168.0,0.12544703939710364,0.15887241254237408,nan
2953216.0,0.11977948378995154,0.16782897321007062,nan
2955264.0,0.12090297788402518,0.15034598939448945,nan
2957312.0,0.13715604776492882,0.16641802184386112,nan
2959360.0,0.13312206299340074,0.15044380029367782,nan
2961408.0,0.12220942316085157,0.18014144684442202,nan
2963456.0,0.11271158213362246,0.18835096974705548,nan
2965504.0,0.119089205498538,0.18369413730876002,nan
2967552.0,0.13284351957975526,0.1745781920076564,nan
2969600.0,0.12167243391614153,0.15544197950139527,nan
2971648.0,0.12399458395340346,0.1611094066693851,nan
2973696.0,0.12774190031532445,0.15947746901992443,nan
2975744.0,0.13408605879180796,0.08734703968132645,nan
2977792.0,0.12638287693745748,0.1602112605530006,nan
2979840.0,0.13192347120032108,0.09429285841036614,nan
2981888.0,0.13068821431468852,0.09636985303993421,nan
2983936.0,0.121299431589487,0.15496490542355237,nan
2985984.0,0.1281084682653918,0.122674414341346,nan
2988032.0,0.12945270494540312,0.09163355520427272,nan
2990080.0,0.12815757611934284,0.15018277947600636,nan
2992128.0,0.13007639702311125,0.1377880229861638,nan
2994176.0,0.12699242324029747,0.13273039923634825,nan
2996224.0,0.12929012256977265,0.11801316484170106,nan
2998272.0,0.12849949114214732,0.0881363775413968,nan
3000320.0,0.13256584746093986,0.09438990476815867,nan
3002368.0,0.13041219909122886,0.08966744986653759,nan
3004416.0,0.13044168641789916,0.08906769324233103,nan
3006464.0,0.1323263935487876,0.11597600814256832,nan
3008512.0,0.13052564284871118,0.09943170447560935,nan
3010560.0,0.146427379512369,0.13006457833260757,12.297297297297296
3012608.0,0.12913192001993865,0.09867147325546106,nan
3014656.0,0.12907840538897186,0.12019847151238532,nan
3016704.0,0.12962450515216986,0.12851926647248055,nan
3018752.0,0.13416097619992842,0.12792025376311578,nan
3020800.0,0.12956473129444962,0.12899940763988732,nan
3022848.0,0.12445153542800769,0.14610084468805687,nan
3024896.0,0.1332795496939228,0.09434433250688819,nan
3026944.0,0.13400009255573617,0.07114482613596221,nan
3028992.0,0.1295967879182584,0.1148771127745474,nan
3031040.0,0.12951380080153196,0.0927867138888102,nan
3033088.0,0.12625697200720437,0.13739685973487892,nan
3035136.0,0.12401905724856846,0.15468751645858916,nan
3037184.0,0.12514214360818618,0.14377287971796374,nan
3039232.0,0.12250132448953385,0.1425730272387314,nan
3041280.0,0.12549023035269738,0.1344231256774356,nan
3043328.0,0.12807328781101135,0.12080802502580672,nan
3045376.0,0.12197941340630863,0.14368817223064997,nan
3047424.0,0.13019311035454884,0.11554378344376169,nan
3049472.0,0.12490399674381616,0.1538171360131746,nan
3051520.0,0.13049079106179437,0.130842173183087,nan
3053568.0,0.13058919915265088,0.14900663632877523,nan
3055616.0,0.12552046125770505,0.12639977664692206,nan
3057664.0,0.12246340893417032,0.13556405144107114,nan
3059712.0,0.13263541435356302,0.12140000043836371,nan
3061760.0,0.12444182262309009,0.15236751316064379,nan
3063808.0,0.13048510140666453,0.13494102095979932,nan
3065856.0,0.12815884231049823,0.13403037016777872,nan
3067904.0,0.15082659516570068,0.14864871001801208,nan
3069952.0,0.12885039284491057,0.13868264128020483,nan
3072000.0,0.1231616922654887,0.13649303635495658,nan
3074048.0,0.1245336381329713,0.13714813849812368,nan
3076096.0,0.13035708205016172,0.1292784579848011,nan
3078144.0,0.13225649254886251,0.10685339242322088,nan
3080192.0,0.1277037461397642,0.1307333956571841,nan
3082240.0,0.12839182866302795,0.10103496119203847,nan
3084288.0,0.131230468182884,0.13574200727546393,nan
3086336.0,0.13038724704536261,0.095129203768788,nan
3088384.0,0.13029853138569514,0.08208414832514617,nan
3090432.0,0.12866357400420986,0.10307587274699725,nan
3092480.0,0.125319113714652,0.10059720342907566,nan
3094528.0,0.1321389988288259,0.10704908975463621,nan
3096576.0,0.13483502110992845,0.09721618531252109,nan
3098624.0,0.13277715910802002,0.09503362263750849,nan
3100672.0,0.13217652037858227,0.1249655939309648,nan
3102720.0,0.12837296700335685,0.12651436406682065,nan
3104768.0,0.12975993929912713,0.1069102445857157,nan
3106816.0,0.13020549927534897,0.09371457109731512,nan
3108864.0,0.1262906555471043,0.12326061338201201,nan
3110912.0,0.1308583310407058,0.1238609957801816,9.885654885654887
3112960.0,0.12697243012556816,0.1275315709618067,nan
3115008.0,0.1280866354804166,0.11817045213463805,nan
3117056.0,0.12876835933527447,0.15391317996634732,nan
3119104.0,0.1334352434963236,0.12061331923686693,nan
3121152.0,0.12456012521419808,0.14151723569181282,nan
3123200.0,0.11832217074437294,0.16859900885797185,nan
3125248.0,0.12383154470127423,0.13022223301852937,nan
3127296.0,0.13331165606628984,0.12056036792620259,nan
3129344.0,0.12176405433130784,0.13773415571694295,nan
3131392.0,0.12353447009926448,0.13394462254295023,nan
3133440.0,0.12710157937117406,0.12930637850275947,nan
3135488.0,0.12938543037093525,0.13517026395709636,nan
3137536.0,0.12588554306022537,0.12677482061655201,nan
3139584.0,0.1291355274391744,0.11441382199527118,nan
3141632.0,0.13108855674609238,0.09912405524707682,nan
3143680.0,0.12519066173129503,0.12833550920727538,nan
3145728.0,0.12246678434071563,0.12805642616994853,nan
3147776.0,0.12245255379027553,0.15302423263442483,nan
3149824.0,0.13029175714629673,0.10253587804675175,nan
3151872.0,0.12550426741040896,0.12649444074886199,nan
3153920.0,0.13039577871967517,0.10314095456350957,nan
3155968.0,0.1310133839031568,0.09608148917155213,nan
3158016.0,0.12737261479537518,0.121493756472151,nan
3160064.0,0.12914709199447694,0.10908568995540453,nan
3162112.0,0.13285137721527684,0.08581647807640591,nan
3164160.0,0.13159236133668853,0.07299563334244506,nan
3166208.0,0.12819714872576873,0.11084708554315252,nan
3168256.0,0.1327777663762818,0.08528432306872205,nan
3170304.0,0.13118080184307054,0.09988347839578365,nan
3172352.0,0.13163147246505452,0.10738906603281848,nan
3174400.0,0.12998893182682114,0.09150881816080615,nan
3176448.0,0.13029403211781546,0.10273383973714073,nan
3178496.0,0.13258848425147363,0.07538130516335674,nan
3180544.0,0.129295899789734,0.0955039061240408,nan
3182592.0,0.13234436709056968,0.06523878887730433,nan
3184640.0,0.1295044212960902,0.1238764743418913,nan
3186688.0,0.12941018888314743,0.10599012514191176,nan
3188736.0,0.12597158956666768,0.133187434895946,nan
3190784.0,0.12501788417387588,0.10609792475671316,nan
3192832.0,0.13445469504715588,0.14530951372645776,nan
3194880.0,0.131516937079566,0.09109533447269422,nan
3196928.0,0.13355649601498965,0.11739415632015478,nan
3198976.0,0.13208366649086165,0.09378680000172067,nan
3201024.0,0.1314296827444736,0.08864367092494821,nan
3203072.0,0.1285834850056532,0.1297675069352023,nan
3205120.0,0.12928985317385938,0.12554269359431172,nan
3207168.0,0.13594573445305314,0.08320142024109396,nan
3209216.0,0.13239822919480637,0.09334523182288368,nan
3211264.0,0.12367823623381191,0.13857170721461404,6.632016632016631
3213312.0,0.1304297440282557,0.11963723892963211,nan
3215360.0,0.12876678419871562,0.09824558184529528,nan
3217408.0,0.12795879654890663,0.11199360810900663,nan
3219456.0,0.12671910666635444,0.16647825339447964,nan
3221504.0,0.126378824635152,0.11371190787975796,nan
3223552.0,0.13547326082305272,0.08613001671015845,nan
3225600.0,0.13289399892223241,0.07951484781561273,nan
3227648.0,0.1354826784552296,0.07787541842960095,nan
3229696.0,0.1324853413876318,0.08622279266434293,nan
3231744.0,0.12904039551639185,0.121072110343368,nan
3233792.0,0.12662158645817176,0.14486352531096613,nan
3235840.0,0.13314426267749785,0.11117408726487468,nan
3237888.0,0.12699297125703493,0.10867235424531,nan
3239936.0,0.1264757960139537,0.1266308497229147,nan
3241984.0,0.13256021263865914,0.10143495958483169,nan
3244032.0,0.13259111304157636,0.09598408922626395,nan
3246080.0,0.12431399412184714,0.12943967013199378,nan
3248128.0,0.13218558533957317,0.12099652897367676,nan
3250176.0,0.1303972208461549,0.12024324259696255,nan
3252224.0,0.12682455052722183,0.13446353515893142,nan
3254272.0,0.12543996941801036,0.1449575892958812,nan
3256320.0,0.12555135811693924,0.14657161907842908,nan
3258368.0,0.13212934362281353,0.1667812634593858,nan
3260416.0,0.1336943624894869,0.10632389291482527,nan
3262464.0,0.1270922251965639,0.12499165969612999,nan
3264512.0,0.12769688332942034,0.14758141815891726,nan
3266560.0,0.12672245386930836,0.11565456578429043,nan
3268608.0,0.1270082659948399,0.14177865019019958,nan
3270656.0,0.12745843329493495,0.11015861242422285,nan
3272704.0,0.12738554687272877,0.12863416720583395,nan
3274752.0,0.12849902987041165,0.12277424904568898,nan
3276800.0,0.12389257866192095,0.12687074102075427,nan
3278848.0,0.1327460590644591,0.09179580266305473,nan
3280896.0,0.1291528803597813,0.14849057730900508,nan
3282944.0,0.11772786248605688,0.16949379526661634,nan
3284992.0,0.1306184686994029,0.14488546765206917,nan
3287040.0,0.12355436189250096,0.13405666547386202,nan
3289088.0,0.12536855892498913,0.14514802493030876,nan
3291136.0,0.13405668760375195,0.11992725597460326,nan
3293184.0,0.1308742475486582,0.10738830050084794,nan
3295232.0,0.13287081906533782,0.11192615381082385,nan
3297280.0,0.12785315515205042,0.10577703139729457,nan
3299328.0,0.13185043177626787,0.10746283503218712,nan
3301376.0,0.1283742524903249,0.1280053905956039,nan
3303424.0,0.13129025531870703,0.11044878406147776,nan
3305472.0,0.13267031521242917,0.08697289159739018,nan
3307520.0,0.13419480714781049,0.10771594122092285,nan
3309568.0,0.15005143830473106,0.11393277447744082,nan
3311616.0,0.1297813295692064,0.11296407883992625,10.602910602910603
3313664.0,0.13162289009559014,0.1085829195321976,nan
3315712.0,0.12296239247194357,0.15423176915083972,nan
3317760.0,0.12611592189440313,0.14268077841734694,nan
3319808.0,0.12635949447162675,0.1502194836257662,nan
3321856.0,0.12438818464542477,0.16243167424885535,nan
3323904.0,0.11873849381437207,0.17015621452651333,nan
3325952.0,0.1285993739177259,0.1622208851176785,nan
3328000.0,0.12510698185801444,0.14185135913246666,nan
3330048.0,0.12645256766266347,0.16660537039215434,nan
3332096.0,0.12695268078363303,0.14982212393015878,nan
3334144.0,0.13121717910541864,0.15864498017646805,nan
3336192.0,0.12788172160940314,0.1332014126787777,nan
3338240.0,0.13170285041545068,0.12363635278580834,nan
3340288.0,0.12985701343956704,0.14272579006022532,nan
3342336.0,0.13277886625912522,0.1437008232647925,nan
3344384.0,0.12448974964201928,0.14397233635510032,nan
3346432.0,0.13006563224443435,0.10685941562254354,nan
3348480.0,0.1302955005887962,0.11263142020279601,nan
3350528.0,0.1281939783205226,0.14110911687744115,nan
3352576.0,0.13137824355890165,0.10175100153514431,nan
3354624.0,0.12819701375108095,0.11932816036674466,nan
3356672.0,0.1320507876880212,0.09338088375731446,nan
3358720.0,0.12818547807164407,0.13667294689756246,nan
3360768.0,0.12791286867493987,0.14533203809002382,nan
3362816.0,0.13074590046000992,0.12048926005725943,nan
3364864.0,0.12887652938751912,0.11857452758187381,nan
3366912.0,0.1273093567711211,0.13483978163008883,nan
3368960.0,0.13059332006882216,0.10512229792400538,nan
3371008.0,0.12910601531522928,0.12802508798812992,nan
3373056.0,0.12287174372706508,0.1427793419698288,nan
3375104.0,0.1287488480303156,0.12914861159997162,nan
3377152.0,0.1301450619523758,0.12038635962327177,nan
3379200.0,0.13399990647894178,0.11140285582878148,nan
3381248.0,0.12854464218217468,0.14357111181371113,nan
3383296.0,0.1315902526887629,0.1322695441026223,nan
3385344.0,0.1345522460478875,0.15599734919759276,nan
3387392.0,0.13085378185033192,0.12898806925345752,nan
3389440.0,0.13405744892153917,0.11627664281762423,nan
3391488.0,0.12733957972861676,0.12763931701192752,nan
3393536.0,0.13193335699757902,0.11282093943124823,nan
3395584.0,0.13014981971494816,0.1278014144991403,nan
3397632.0,0.13357501826638984,0.08221336288560405,nan
3399680.0,0.13144885229832487,0.09579318921106139,nan
3401728.0,0.13480179677311613,0.10298022125623388,nan
3403776.0,0.13495935650546798,0.08669673373089022,nan
3405824.0,0.12829229746558635,0.12811455826677207,nan
3407872.0,0.12714296495468677,0.11156570803455593,nan
3409920.0,0.13202222930432705,0.1295227668472675,nan
3411968.0,0.1308526840224819,0.10369864619562669,9.106029106029107
3414016.0,0.13039464464132294,0.09436522286137296,nan
3416064.0,0.13239517945674578,0.10859740631477766,nan
3418112.0,0.1313716219322119,0.09676223120638565,nan
3420160.0,0.13344464924315536,0.09522954546719217,nan
3422208.0,0.13207956161425194,0.1310952923090768,nan
3424256.0,0.1304714005132866,0.14006081178215837,nan
3426304.0,0.12707605900450775,0.14850111527959484,nan
3428352.0,0.13011645453811885,0.12188561968182943,nan
3430400.0,0.13331717371220775,0.10644778808376627,nan
3432448.0,0.1324954296386449,0.14464734425602627,nan
3434496.0,0.13604597436232635,0.11444015649037077,nan
3436544.0,0.12991742065841444,0.1028317207818625,nan
3438592.0,0.12926391028643197,0.11851903491203547,nan
3440640.0,0.1298788970511406,0.11069628971827003,nan
3442688.0,0.13207230674792722,0.11784025345554348,nan
3444736.0,0.1292745628828439,0.13767146895573895,nan
3446784.0,0.13056276662454977,0.11442055692338612,nan
3448832.0,0.12494080248595194,0.1583008636966204,nan
3450880.0,0.13286438838079492,0.13942150486380026,nan
3452928.0,0.13068802763032483,0.14651259089135277,nan
3454976.0,0.12296561273211715,0.15480178569079472,nan
3457024.0,0.12413978344030333,0.15127077131343764,nan
3459072.0,0.12258182003815052,0.1566886549849559,nan
3461120.0,0.1371449260267238,0.09473977276955532,nan
3463168.0,0.12805641319101915,0.11146601906950976,nan
3465216.0,0.13196530872623907,0.1069887066421255,nan
3467264.0,0.12924478937721598,0.13006110775966898,nan
3469312.0,0.13115081744165186,0.12203305512587775,nan
3471360.0,0.1424640602978966,0.11743166454758693,nan
3473408.0,0.12820885958106107,0.10571416557041169,nan
3475456.0,0.13220118474868375,0.1225900793718728,nan
3477504.0,0.13036873745328575,0.13606906491965612,nan
3479552.0,0.134102964671206,0.09492469030051164,nan
3481600.0,0.13170350075458467,0.11112445334193849,nan
3483648.0,0.1300659648447893,0.11632045086161998,nan
3485696.0,0.13112904708637732,0.10343001433352626,nan
3487744.0,0.13071378584962648,0.0906062221574033,nan
3489792.0,0.13075137499414766,0.07787524081962244,nan
3491840.0,0.12845344686156812,0.09001734873661894,nan
3493888.0,0.13282241908967116,0.07111888156576433,nan
3495936.0,0.13187465682906033,0.09621311783726146,nan
3497984.0,0.13422808665835054,0.09822876604255261,nan
3500032.0,0.13061915997382834,0.12002328824641738,nan
3502080.0,0.1334727075518588,0.08705579377635611,nan
3504128.0,0.13153696569804751,0.09764574921103333,nan
3506176.0,0.13053085707198725,0.11024068945698062,nan
3508224.0,0.12864318548512316,0.10884033763993348,nan
3510272.0,0.13047157596898173,0.10510251768951753,nan
3512320.0,0.12869550206599373,0.11444853027629628,7.266112266112266
3514368.0,0.13509781793840264,0.07843222862490758,nan
3516416.0,0.13379466765001474,0.09173806446107426,nan
3518464.0,0.13195535045955165,0.10734836955286761,nan
3520512.0,0.13073823518977096,0.11138411524998136,nan
3522560.0,0.1352094379942876,0.098328537358775,nan
3524608.0,0.1268318107239539,0.13771866725095416,nan
3526656.0,0.13262666510493754,0.07768986672038157,nan
3528704.0,0.13161334005316974,0.10520405381136783,nan
3530752.0,0.1285344163937923,0.11141790237924763,nan
3532800.0,0.12956381619987062,0.1101092875852888,nan
3534848.0,0.13282883588589273,0.09407460236387433,nan
3536896.0,0.13028764419744993,0.12189062634865294,nan
3538944.0,0.12805381892729098,0.14752103424780333,nan
3540992.0,0.12927056999253206,0.13224940577912603,nan
3543040.0,0.13118414455498206,0.10005294460037051,nan
3545088.0,0.12821489233750322,0.1114469204553312,nan
3547136.0,0.13382447524737626,0.10262171601127672,nan
3549184.0,0.13268037411735606,0.0922674338231466,nan
3551232.0,0.13299374739331501,0.10066074561498654,nan
3553280.0,0.12993565834674503,0.11959941089685469,nan
3555328.0,0.130355327659158,0.09806624731583057,nan
3557376.0,0.13153478699347979,0.08312474320493253,nan
3559424.0,0.12957528526432333,0.09003359026581499,nan
3561472.0,0.12925946758366819,0.08903989905396188,nan
3563520.0,0.1314763227046835,0.07788481523198891,nan
3565568.0,0.13083172412288685,0.09301238860239379,nan
3567616.0,0.1283296661781037,0.11596994473600546,nan
3569664.0,0.13359245677472742,0.09631132149347113,nan
3571712.0,0.13119466954728937,0.10911977298411164,nan
3573760.0,0.1281665923540286,0.13446095672260294,nan
3575808.0,0.1341009469458895,0.11532051520804874,nan
3577856.0,0.13312702540446902,0.11809212789581561,nan
3579904.0,0.12426456209135878,0.1425499678020668,nan
3581952.0,0.12346939191910533,0.18954085219560995,nan
3584000.0,0.12430738251400947,0.17550119221366803,nan
3586048.0,0.12577718430552828,0.17494927752793088,nan
3588096.0,0.12220181038087856,0.17484290281824572,nan
3590144.0,0.12642895716317873,0.1570859812314944,nan
3592192.0,0.12713342765214888,0.15671259201977802,nan
3594240.0,0.1243615438132367,0.14353194559628518,nan
3596288.0,0.12993093856280902,0.14452007885304502,nan
3598336.0,0.12629456093260782,0.13722255894558913,nan
3600384.0,0.1343038164230305,0.11771209267177561,nan
3602432.0,0.13081223166235167,0.12355522004045937,nan
3604480.0,0.12496179745538125,0.14053503387506724,nan
3606528.0,0.11985344600854524,0.17258031914657795,nan
3608576.0,0.12284277845756275,0.17422339639777434,nan
3610624.0,0.12366404013636116,0.16660813993288306,nan
3612672.0,0.12405187562673944,0.2083068822027976,15.8004158004158
3614720.0,0.12642451600531932,0.16044310106583523,nan
3616768.0,0.1225589826392056,0.16288550273205044,nan
3618816.0,0.11811381069052496,0.17114638567990975,nan
3620864.0,0.12401158834463527,0.15301268637782642,nan
3622912.0,0.12665456167530714,0.14478111968912863,nan
3624960.0,0.12913772612001923,0.13413845230913943,nan
3627008.0,0.12807061672509515,0.12624263989302492,nan
3629056.0,0.13110228341048524,0.11502143638277419,nan
3631104.0,0.12160250495313649,0.15109127125202587,nan
3633152.0,0.1304152112929504,0.10176994418534563,nan
3635200.0,0.1285047578573641,0.12001933609830466,nan
3637248.0,0.13174290580107423,0.09609769784931912,nan
3639296.0,0.1291614148723203,0.13953649197965717,nan
3641344.0,0.1328868822009187,0.15685230924598864,nan
3643392.0,0.11357056291247239,0.13464908144983867,nan
3645440.0,0.12934389171555882,0.11348107977577558,nan
3647488.0,0.13539982632967196,0.10183925359412513,nan
3649536.0,0.1428353481575813,0.15716736813750154,nan
3651584.0,0.13212481822658942,0.11108662171679343,nan
3653632.0,0.13330344485812867,0.11626434985662219,nan
3655680.0,0.1322572920353135,0.11385846380278726,nan
3657728.0,0.13549287324886466,0.15169294910847428,nan
3659776.0,0.11764410256966656,0.16992742883689196,nan
3661824.0,0.1294570311307875,0.16331295625612458,nan
3663872.0,0.13548591535085178,0.18156327789798873,nan
3665920.0,0.1259466603792959,0.14829587329961133,nan
3667968.0,0.1300422188806093,0.1420055475551114,nan
3670016.0,0.13050893661146934,0.1154314010257837,nan
3672064.0,0.12880759290025845,0.10788264868122137,nan
3674112.0,0.1320375192013563,0.10025208742473825,nan
3676160.0,0.12945416020848505,0.08362512606818705,nan
3678208.0,0.11852511752436412,0.14173364683060405,nan
3680256.0,0.12967138052159508,0.08320245728584699,nan
3682304.0,0.13295379113286687,0.06393769822950865,nan
3684352.0,0.13439203135678757,0.09631581439866477,nan
3686400.0,0.12827645311985522,0.11683925300463559,nan
3688448.0,0.12472300722372891,0.14154811545915116,nan
3690496.0,0.13325885438543147,0.13384895482410122,nan
3692544.0,0.1294892070119355,0.1191576156014392,nan
3694592.0,0.12834420791237156,0.13592353423748063,nan
3696640.0,0.13652732908488213,0.11282995781846965,nan
3698688.0,0.15534944197179168,0.15102824416725666,nan
3700736.0,0.1261798991957905,0.12584471495086075,nan
3702784.0,0.1306771463653461,0.11733571663150481,nan
3704832.0,0.11459934147696643,0.16713886587064666,nan
3706880.0,0.1394472721058681,0.14442438091346113,nan
3708928.0,0.13542843011115777,0.14500421827632326,nan
3710976.0,0.12047443881281761,0.15261889067043902,nan
3713024.0,0.13212608853730587,0.10045108085498095,18.076923076923077
3715072.0,0.1271504536977215,0.12440943066568717,nan
3717120.0,0.12655767925502823,0.14006720290692415,nan
3719168.0,0.16086192093662988,0.15053515744372029,nan
3721216.0,0.12648214818561573,0.15610803745539978,nan
3723264.0,0.14041065319835305,0.13932945830420837,nan
3725312.0,0.12882905323502328,0.11810515007021921,nan
3727360.0,0.1329508443276015,0.10120561295870142,nan
3729408.0,0.13232175577502417,0.09432188474150964,nan
3731456.0,0.13320843856055664,0.08505882238962997,nan
3733504.0,0.12933009924590427,0.10127864315758535,nan
3735552.0,0.11971363786138664,0.11915520278799242,nan
3737600.0,0.12668204612129333,0.11686848201312687,nan
3739648.0,0.129966481247349,0.10011082162848205,nan
3741696.0,0.12650097475120106,0.11364102432555474,nan
3743744.0,0.1268560169686061,0.12013730613313338,nan
3745792.0,0.13271930000049648,0.11114171921736689,nan
3747840.0,0.14130185440289025,0.07537324285901843,nan
3749888.0,0.130093332856148,0.12837397445839052,nan
3751936.0,0.09650071051839922,0.11079781081937203,nan
3753984.0,0.10670102023952222,0.15679895156546372,nan
3756032.0,0.1290643179776641,0.13428967922788024,nan
3758080.0,0.1285350403336345,0.1154313930412361,nan
3760128.0,0.13114069187954977,0.12451955707067425,nan
3762176.0,0.1287169787715651,0.10890748457201106,nan
3764224.0,0.1266665740202843,0.12480462060679076,nan
3766272.0,0.1367109405792058,0.12679259942541238,nan
3768320.0,0.13399692507883504,0.14833863193373442,nan
3770368.0,0.13228292818077975,0.12670616935385906,nan
3772416.0,0.13213589062157965,0.12695049958296672,nan
3774464.0,0.12388271662784399,0.14343137870768646,nan
3776512.0,0.14183443183015956,0.163149276736764,nan
3778560.0,0.1307663888881356,0.14961656229177966,nan
3780608.0,0.12378052942648668,0.13943827697942798,nan
3782656.0,0.12939200768049136,0.1334414050039778,nan
3784704.0,0.13291623601830183,0.0980308077865808,nan
3786752.0,0.1332568250240148,0.11277732888630963,nan
3788800.0,0.12770283922539105,0.1093841522648774,nan
3790848.0,0.13142753425524256,0.11157257703139076,nan
3792896.0,0.13405966568278282,0.11996629110642955,nan
3794944.0,0.1314107384040762,0.12224562462420238,nan
3796992.0,0.12813980373054282,0.13741914270235683,nan
3799040.0,0.1294116706382564,0.1379079202171824,nan
3801088.0,0.13064304635860002,0.14007755927403223,nan
3803136.0,0.10412836113165519,0.14457170731460062,nan
3805184.0,0.1287764164126561,0.15262301326281275,nan
3807232.0,0.1299691033784926,0.13377031636312023,nan
3809280.0,0.1309264520845244,0.11614354292539962,nan
3811328.0,0.12732580683170303,0.1699181379000904,nan
3813376.0,0.15777138903284343,0.13058544388401,10.571725571725572
3815424.0,0.133415723127075,0.09112551679752398,nan
3817472.0,0.12041390807576355,0.14778071678599888,nan
3819520.0,0.1357183384879848,0.13485557830312364,nan
3821568.0,0.12720751781772288,0.1598265392614194,nan
3823616.0,0.11961241907345108,0.1749547329145503,nan
3825664.0,0.11874916858926603,0.1653420691942015,nan
3827712.0,0.130646514520597,0.14662118504527166,nan
3829760.0,0.12597349255818452,0.13733692006264284,nan
3831808.0,0.12875285821081775,0.11672552418733564,nan
3833856.0,0.12963298665234024,0.12878957650559184,nan
3835904.0,0.1404474201782927,0.15240079222550568,nan
3837952.0,0.12928478366107865,0.1313469539097707,nan
3840000.0,0.13087249078571528,0.11294982971346462,nan
3842048.0,0.13324316148525162,0.09027507601876443,nan
3844096.0,0.13176361168706358,0.0970318496075143,nan
3846144.0,0.12850688543533317,0.12388787821222082,nan
3848192.0,0.16476539090762474,0.14372081704888087,nan
3850240.0,0.12356303032523329,0.13258381425297489,nan
3852288.0,0.12697159987714254,0.1446144746764986,nan
3854336.0,0.1279473979136075,0.13230433341238096,nan
3856384.0,0.12128152057275395,0.16074914111230124,nan
3858432.0,0.13267764788100644,0.1359073795446893,nan
3860480.0,0.1269651106525743,0.14016430280452577,nan
3862528.0,0.13815823041191538,0.15396577368581757,nan
3864576.0,0.12053372796817373,0.17815529291975465,nan
3866624.0,0.128842950906286,0.19496746945241003,nan
3868672.0,0.13399595451001078,0.19284473704903213,nan
3870720.0,0.12799372563052877,0.14943963313544617,nan
3872768.0,0.11307020913925783,0.1406238609885819,nan
3874816.0,0.12859788407562184,0.14979898389896568,nan
3876864.0,0.1383254926561689,0.14848888943620925,nan
3878912.0,0.12826736919308848,0.15592574745985738,nan
3880960.0,0.1436980947826248,0.14297644970528192,nan
3883008.0,0.15471163418694733,0.1642821038832526,nan
3885056.0,0.1285662504941797,0.12659737695970483,nan
3887104.0,0.14459475401551275,0.1591575710752932,nan
3889152.0,0.12192441944043697,0.11809907679166892,nan
3891200.0,0.12489236354616812,0.14159561272626214,nan
3893248.0,0.12639471963382048,0.1508239363162178,nan
3895296.0,0.1268820968655751,0.13364176172328152,nan
3897344.0,0.12611185848374207,0.1380755728417405,nan
3899392.0,0.13004008624735852,0.1293776197122791,nan
3901440.0,0.13092957565131239,0.11246038945176519,nan
3903488.0,0.1354650395714918,0.15031612595697,nan
3905536.0,0.13166972062163568,0.11461498773293659,nan
3907584.0,0.12834477219055795,0.1132689283761928,nan
3909632.0,0.15078197877320876,0.14312811659104419,nan
3911680.0,0.1320871531416969,0.1107251761106539,nan
3913728.0,0.1311401497790733,0.12192303072803275,9.324324324324325
3915776.0,0.13254860848782463,0.09498925525732053,nan
3917824.0,0.1331826485378419,0.08085195223163778,nan
3919872.0,0.13377389627102643,0.10885047883420328,nan
3921920.0,0.1599067434568709,0.14067320483644877,nan
3923968.0,0.15967184851178445,0.1217610578647805,nan
3926016.0,0.12948608277821794,0.0921999178869821,nan
3928064.0,0.13337674606459132,0.09293077158042069,nan
3930112.0,0.12854958315895493,0.13941715919967929,nan
3932160.0,0.1161020667374253,0.1380011274388883,nan
3934208.0,0.1272792806093192,0.1438446014113617,nan
3936256.0,0.12413693977132698,0.1652722763572721,nan
3938304.0,0.120820121400152,0.19639149091335084,nan
3940352.0,0.11952845134434459,0.16884613411331623,nan
3942400.0,0.12300469767713798,0.1958367707786913,nan
3944448.0,0.13064196665595193,0.11351877897487737,nan
3946496.0,0.12350085515913642,0.18443011128090692,nan
3948544.0,0.13025515897860965,0.13944484673042218,nan
3950592.0,0.13065278026982918,0.15470331205005206,nan
3952640.0,0.1250367814785638,0.15196681121739358,nan
3954688.0,0.12491324550080013,0.14286608778480853,nan
3956736.0,0.1245592712684686,0.1572000082905311,nan
3958784.0,0.11999953385644183,0.17092712675022925,nan
3960832.0,0.11993069368134607,0.14111336262948052,nan
3962880.0,0.1280972274720258,0.14892267328113537,nan
3964928.0,0.12730423979707844,0.1375656807790223,nan
3966976.0,0.12853890367025772,0.1441978709417944,nan
3969024.0,0.13045271559272986,0.09955273286484895,nan
3971072.0,0.1280785728634948,0.10837976766540762,nan
3973120.0,0.1280063981847057,0.1664665027135795,nan
3975168.0,0.1317433527259695,0.14637765895750998,nan
3977216.0,0.1290582421164058,0.14145932276850112,nan
3979264.0,0.13454930500897766,0.176276923113972,nan
3981312.0,0.11947318088666684,0.1776263439496363,nan
3983360.0,0.12675485342887033,0.1515702790171156,nan
3985408.0,0.12480515164129977,0.16929684540849274,nan
3987456.0,0.12564671577069664,0.1655007056117425,nan
3989504.0,0.13652142166742348,0.12650058692552085,nan
3991552.0,0.12884944470813867,0.1370017022512787,nan
3993600.0,0.12668600595465246,0.12851643056010015,nan
3995648.0,0.13466526328705325,0.14336814781999832,nan
3997696.0,0.12194947938075541,0.16692169290254094,nan
3999744.0,0.1319278881572458,0.11444216987189568,nan
4001792.0,0.13005570730389018,0.11987852935075731,nan
4003840.0,0.1341059470198412,0.11633999805983976,nan
4005888.0,0.13078518739720887,0.12833974725680117,nan
4007936.0,0.13181174285274258,0.09633903654990432,nan
4009984.0,0.13211377682639253,0.09191728186179643,nan
4012032.0,0.13275579957525405,0.08842466087457657,nan
4014080.0,0.1313185180574495,0.09374913562130073,6.486486486486487
4016128.0,0.13368127516427347,0.09010559484614578,nan
4018176.0,0.12633988507953742,0.1164339662242542,nan
4020224.0,0.13173687416085045,0.10691681538630732,nan
4022272.0,0.12699181472982957,0.11576918885843213,nan
4024320.0,0.13364468109931577,0.15851225443941167,nan
4026368.0,0.1281513502669209,0.12803908677989606,nan
4028416.0,0.11876987564719955,0.16716341183370095,nan
4030464.0,0.1199507668499794,0.15630381948765507,nan
4032512.0,0.12603719909654335,0.16311167581179328,nan
4034560.0,0.12246561932647337,0.17320208445283478,nan
4036608.0,0.15993894924763535,0.16521902111804967,nan
4038656.0,0.13122643139294235,0.144397373388561,nan
4040704.0,0.13158316975880785,0.12305015634065349,nan
4042752.0,0.1292103455302001,0.15185549555921501,nan
4044800.0,0.1274943503991117,0.12870246848834505,nan
4046848.0,0.13157211643154387,0.14459194790703547,nan
4048896.0,0.12688845854522154,0.16516933546781182,nan
4050944.0,0.12671162956543297,0.1583952817640946,nan
4052992.0,0.1298332341812041,0.14093193740243176,nan
4055040.0,0.12964586351044305,0.12288899502464742,nan
4057088.0,0.13315952627680197,0.11541542646215587,nan
4059136.0,0.13200608687474902,0.10077581801702576,nan
4061184.0,0.12934279797265297,0.09503558396814007,nan
4063232.0,0.13012478280947,0.09767145753210811,nan
4065280.0,0.1298008280279695,0.09070687161731128,nan
4067328.0,0.1321974162339074,0.1015162442964117,nan
4069376.0,0.1325718406421218,0.10817150783339077,nan
4071424.0,0.1292516189012045,0.10990580776387394,nan
4073472.0,0.13195313424940477,0.14033920629367752,nan
4075520.0,0.12557822514621791,0.13491003057057085,nan
4077568.0,0.13298382397983868,0.10757748472366405,nan
4079616.0,0.13418741638240098,0.10926014101664863,nan
4081664.0,0.13181338415673938,0.11541942777596217,nan
4083712.0,0.13099262727607508,0.13212870457434564,nan
4085760.0,0.13252017596554322,0.13653125335482477,nan
4087808.0,0.12395872933764018,0.17533950587047414,nan
4089856.0,0.12814844389430968,0.13795058051968687,nan
4091904.0,0.1301751285526282,0.11588993814877122,nan
4093952.0,0.1282950406509436,0.14505998265507955,nan
4096000.0,0.1290760627282484,0.12868624201273776,nan
4098048.0,0.12951857447094994,0.1388076901733874,nan
4100096.0,0.12577399170379655,0.16214659767514125,nan
4102144.0,0.12406331839579389,0.17608800915939024,nan
4104192.0,0.13001248403478446,0.14786554323408246,nan
4106240.0,0.13596686835484748,0.18040712587717223,nan
4108288.0,0.12192719125970305,0.19146272205515255,nan
4110336.0,0.12199485666010534,0.1761111561528575,nan
4112384.0,0.12493611045863062,0.14586707396445897,nan
4114432.0,0.11661872063536863,0.17133855333163886,8.180873180873181
4116480.0,0.12226032655828929,0.1775852222548825,nan
4118528.0,0.12369284724186055,0.14905455236386642,nan
4120576.0,0.1555321639939982,0.164600881590736,nan
4122624.0,0.14184581015802006,0.11709212989265687,nan
4124672.0,0.13507478659589667,0.15207651354222682,nan
4126720.0,0.11901058374687606,0.15910814569041393,nan
4128768.0,0.12864987247337817,0.12647155659221165,nan
4130816.0,0.12163987068677991,0.15870670821784907,nan
4132864.0,0.13089341994989473,0.15134719396447885,nan
4134912.0,0.13001388673408182,0.11331988203898792,nan
4136960.0,0.10919419508480029,0.15127474097093857,nan
4139008.0,0.10997402655837553,0.1632784112744661,nan
4141056.0,0.12956936194872087,0.15960959224122437,nan
4143104.0,0.12119454089252081,0.17111802855514469,nan
4145152.0,0.12424221206953813,0.16430795990985525,nan
4147200.0,0.12190058381664441,0.17039635127873104,nan
4149248.0,0.1261407950369101,0.1927553723518341,nan
4151296.0,0.12006190338429326,0.1669718785531281,nan
4153344.0,0.13327670047345697,0.13247052427014702,nan
4155392.0,0.13045871839628462,0.1389253092060213,nan
4157440.0,0.12779744392515108,0.16833819868313735,nan
4159488.0,0.12595517494561703,0.15190282482002593,nan
4161536.0,0.13363386377334177,0.14613259100996367,nan
4163584.0,0.1284934788173841,0.14327672098823308,nan
4165632.0,0.14196354466661082,0.15872336718884636,nan
4167680.0,0.13255584648477792,0.16191510984911514,nan
4169728.0,0.1437541739149153,0.18030554232908888,nan
4171776.0,0.12335398048179927,0.15335837013597442,nan
4173824.0,0.12972368457914765,0.17494653225289106,nan
4175872.0,0.11796011418770784,0.163616390050932,nan
4177920.0,0.11647279964886649,0.15704606918324315,nan
4179968.0,0.13003185734837805,0.15927519141623545,nan
4182016.0,0.12075896225758415,0.17391746265490363,nan
4184064.0,0.11911621176143225,0.1760183560042967,nan
4186112.0,0.13881302399187692,0.19104676559537753,nan
4188160.0,0.12742153094952482,0.16082289443433315,nan
4190208.0,0.12622340421325257,0.1293113668302263,nan
4192256.0,0.132271759980503,0.13903594462842808,nan
4194304.0,0.12379870743022732,0.14882397948574116,nan
4196352.0,0.13234950551567543,0.11305447056246251,nan
4198400.0,0.1265373530949678,0.16008284486975638,nan
4200448.0,0.12889349374977827,0.12189570410125579,nan
4202496.0,0.1256036267897232,0.15258669817036816,nan
4204544.0,0.13003805744757857,0.12162178326964465,nan
4206592.0,0.13044095872422606,0.11718636612103878,nan
4208640.0,0.13543302227838488,0.11678755106513013,nan
4210688.0,0.12599042371914476,0.15388649975420723,nan
4212736.0,0.13354406437987867,0.14197689498766553,nan
4214784.0,0.10394649613478513,0.18714427128255576,9.625779625779625
4216832.0,0.13969948985951586,0.12211202958573478,nan
4218880.0,0.13112522295746065,0.11127785104398583,nan
4220928.0,0.12469360624478837,0.1553597044400099,nan
4222976.0,0.15351377070836209,0.16087861251084226,nan
4225024.0,0.13961393735831262,0.19328294404611746,nan
4227072.0,0.12748634924090435,0.13547916211099242,nan
4229120.0,0.15572240598953746,0.15576830611258463,nan
4231168.0,0.13078450479893744,0.1522941576990288,nan
4233216.0,0.12563651390675545,0.15555197825842368,nan
4235264.0,0.14661610658910929,0.1522989452347686,nan
4237312.0,0.13309963435196187,0.08814994583639241,nan
4239360.0,0.15501809004696465,0.14342997314259634,nan
4241408.0,0.1320692729228286,0.12271862376295485,nan
4243456.0,0.1349366705488164,0.11605815066293229,nan
4245504.0,0.13085184738143754,0.1388598328645347,nan
4247552.0,0.13281370921364488,0.1528549539637648,nan
4249600.0,0.12302646559927352,0.1575238778486081,nan
4251648.0,0.1274263136443448,0.11708815450471521,nan
4253696.0,0.1270246901200666,0.13328267310810799,nan
4255744.0,0.12493446257285448,0.165452172978248,nan
4257792.0,0.1264157710301867,0.14232366634849944,nan
4259840.0,0.1286458144713824,0.12691339272341892,nan
4261888.0,0.12322394424927291,0.16413079659350502,nan
4263936.0,0.12980012536859603,0.16685919089671067,nan
4265984.0,0.16376552674428257,0.18575615496405357,nan
4268032.0,0.123932597526115,0.18443734782129423,nan
4270080.0,0.13404696972132318,0.20363803615034207,nan
4272128.0,0.11897547361012871,0.19925242314275596,nan
4274176.0,0.1187976963687592,0.17582366232583516,nan
4276224.0,0.12144760068911073,0.1732155493898734,nan
4278272.0,0.1391341817496926,0.15317612025651292,nan
4280320.0,0.1295574576593675,0.1720095217536411,nan
4282368.0,0.14933106873488428,0.1701493415133728,nan
4284416.0,0.13912163742628592,0.18231614816637517,nan
4286464.0,0.12586108075394087,0.20502966737768974,nan
4288512.0,0.11852815845966434,0.16724640314994924,nan
4290560.0,0.12321316048424938,0.1854837379031811,nan
4292608.0,0.13267210372071375,0.17365347006947315,nan
4294656.0,0.12684736998318086,0.18309985539137838,nan
4296704.0,0.11491818150246275,0.18217778270598725,nan
4298752.0,0.12965842486117268,0.17145179728656412,nan
4300800.0,0.1270268480423682,0.1829043965050315,nan
4302848.0,0.11729564191341404,0.19976640903551185,nan
4304896.0,0.12083430819287477,0.17128011593437195,nan
4306944.0,0.10638967001214414,0.18503061116466646,nan
4308992.0,0.1276633886530334,0.1889298783471128,nan
4311040.0,0.12522903115409223,0.16448687819597624,nan
4313088.0,0.1291207667254753,0.12160035913008692,nan
4315136.0,0.12872283585769442,0.14925053516321007,14.594594594594597
4317184.0,0.1420268759378872,0.18451958412333555,nan
4319232.0,0.14657851551717166,0.1523433042163946,nan
4321280.0,0.16354868196693828,0.15089209843261137,nan
4323328.0,0.12959467953111825,0.1341344588848223,nan
4325376.0,0.12619581449684586,0.15601100150152442,nan
4327424.0,0.12652312579772443,0.1721275435513639,nan
4329472.0,0.11998696807589695,0.16030926982995009,nan
4331520.0,0.13520204697976945,0.17229847179892693,nan
4333568.0,0.1299616587638026,0.15841178580645793,nan
4335616.0,0.12426804144922794,0.14260715083770542,nan
4337664.0,0.12892431914432861,0.15476547665522844,nan
4339712.0,0.1251341954079907,0.16068159732539303,nan
4341760.0,0.12718550103004728,0.1530669821910641,nan
4343808.0,0.1300900625891412,0.1326635884297757,nan
4345856.0,0.11975694568780153,0.1477719428861757,nan
4347904.0,0.1321308532021094,0.1645056063670309,nan
4349952.0,0.12659737871213406,0.1434770768232021,nan
4352000.0,0.1264427282385876,0.12731178551601918,nan
4354048.0,0.12751774660668785,0.1589201772584257,nan
4356096.0,0.12266749283492495,0.13111204445424762,nan
4358144.0,0.1374391248592339,0.14366274318714065,nan
4360192.0,0.13090571585157063,0.08579900099575075,nan
4362240.0,0.15835606825815837,0.12590731913668243,nan
4364288.0,0.12352495016424714,0.16545456074918577,nan
4366336.0,0.12620462347917108,0.13781940735797504,nan
4368384.0,0.14953231191069624,0.1724663667591404,nan
4370432.0,0.12946998989999114,0.1738359040109595,nan
4372480.0,0.15363581767363588,0.15756343749994628,nan
4374528.0,0.13358565878386833,0.16106544274450954,nan
4376576.0,0.12683380616451273,0.14994346479321966,nan
4378624.0,0.12682185369565313,0.17821735720961893,nan
4380672.0,0.120801623018489,0.13812069997173088,nan
4382720.0,0.12428563005192647,0.15728043307228742,nan
4384768.0,0.14126523691221082,0.15322425760512207,nan
4386816.0,0.13226752834915081,0.15634532894998537,nan
4388864.0,0.130912052068147,0.15089788013978173,nan
4390912.0,0.13138224481446026,0.18919706504417882,nan
4392960.0,0.13961754525782008,0.16861840777854167,nan
4395008.0,0.12042585677386172,0.170108158192497,nan
4397056.0,0.12366402753485675,0.15637018464905797,nan
4399104.0,0.12798278446867156,0.14155261442408448,nan
4401152.0,0.12765558090293608,0.1292248726146821,nan
4403200.0,0.12308685396096775,0.15632670546602334,nan
4405248.0,0.12100469408294201,0.14802178430098623,nan
4407296.0,0.129208478252108,0.15261596194706067,nan
4409344.0,0.12546267198403865,0.13276552339204634,nan
4411392.0,0.1277134122267026,0.13168813790616593,nan
4413440.0,0.13215853319543314,0.1071119932082589,nan
4415488.0,0.1312926409166827,0.09122574505581826,8.3991683991684
4417536.0,0.13451780354475593,0.1297837165698557,nan
4419584.0,0.13519292333244348,0.13280600415817911,nan
4421632.0,0.1283834769500791,0.13189033789746765,nan
4423680.0,0.12673389124867931,0.14904354481896068,nan
4425728.0,0.15469791834155058,0.17581545311499563,nan
4427776.0,0.12635987393315765,0.15510528026716608,nan
4429824.0,0.14653535289214223,0.19395358800418952,nan
4431872.0,0.12240596080466093,0.17788487388894894,nan
4433920.0,0.12639357670196402,0.1785243473042311,nan
4435968.0,0.15703771824340465,0.2015845167450405,nan
4438016.0,0.10117307105194477,0.21029879299938417,nan
4440064.0,0.11876839970548346,0.2113854980322315,nan
4442112.0,0.10378519600646097,0.21611286003687794,nan
4444160.0,0.12026278973282062,0.17752403933467173,nan
4446208.0,0.11149278673008059,0.18474579802266441,nan
4448256.0,0.18134949728769806,0.19606598911845094,nan
4450304.0,0.12077292666104983,0.1624287510776209,nan
4452352.0,0.12717621266047255,0.15497230336333484,nan
4454400.0,0.12106746866861241,0.1736091310184505,nan
4456448.0,0.14384311592197369,0.17588922443423943,nan
4458496.0,0.1515538917778396,0.1884317418910562,nan
4460544.0,0.12568834569540116,0.18336476193258774,nan
4462592.0,0.11348574215469998,0.19006304480623296,nan
4464640.0,0.12362746372259686,0.17588029047043385,nan
4466688.0,0.1275199245269497,0.16203493225884988,nan
4468736.0,0.12678267561308704,0.1843814074884723,nan
4470784.0,0.13013043423681672,0.13920837575301803,nan
4472832.0,0.12760686152090311,0.145012341102095,nan
4474880.0,0.1282010224193146,0.13531105234891286,nan
4476928.0,0.1351803715526736,0.1265520026320965,nan
4478976.0,0.13305957297738386,0.14591059466945797,nan
4481024.0,0.1299382093290242,0.12699235121776106,nan
4483072.0,0.13104133052485084,0.14280882270673279,nan
4485120.0,0.1443556995824206,0.1764700134234642,nan
4487168.0,0.12292557107333218,0.16401694301499115,nan
4489216.0,0.16592229118079987,0.16841045802014273,nan
4491264.0,0.1283877735933006,0.14222224722850696,nan
4493312.0,0.12319174050146622,0.17933260567842127,nan
4495360.0,0.14808341050057744,0.17548813376407724,nan
4497408.0,0.13203544869802863,0.1338823576788648,nan
4499456.0,0.13349161777875185,0.15381788686230133,nan
4501504.0,0.14392824790673736,0.13553587522358923,nan
4503552.0,0.13037299191883805,0.1271228531639664,nan
4505600.0,0.1271594703033252,0.1418516306397567,nan
4507648.0,0.12713272655282482,0.17434632447900275,nan
4509696.0,0.12490958803402416,0.15383120854599816,nan
4511744.0,0.133012955218107,0.1250581679242004,nan
4513792.0,0.13018213410837598,0.15309518160949193,nan
4515840.0,0.12864912924460564,0.12318967992592499,15.997920997921003
4517888.0,0.13437028194052109,0.12566023763069503,nan
4519936.0,0.1311242727004403,0.13833077762485543,nan
4521984.0,0.1436105676629642,0.12190663377672523,nan
4524032.0,0.13002223365141796,0.13340060654978148,nan
4526080.0,0.12111231107111793,0.15516150293193595,nan
4528128.0,0.13841311769255515,0.12450670497553026,nan
4530176.0,0.12249719005120016,0.15805665158464938,nan
4532224.0,0.1271667270427081,0.13135949372767927,nan
4534272.0,0.13090631073958703,0.12360499751452184,nan
4536320.0,0.1254134328755641,0.1438432413280026,nan
4538368.0,0.13270795740934843,0.12778684076143607,nan
4540416.0,0.13322441226653542,0.09940485749022605,nan
4542464.0,0.13092572581035378,0.15174189111067465,nan
4544512.0,0.1312934401887617,0.11572226757326141,nan
4546560.0,0.1567938923707508,0.17956280232133734,nan
4548608.0,0.12690423588824457,0.18400504966174702,nan
4550656.0,0.12834591444130894,0.163214249519867,nan
4552704.0,0.11678209466109901,0.18254242775742024,nan
4554752.0,0.1225268069221272,0.17745661166644422,nan
4556800.0,0.12388022007241045,0.1673809558211453,nan
4558848.0,0.12235326969917965,0.16989165311449492,nan
4560896.0,0.12390852695716345,0.15876929141093388,nan
4562944.0,0.18171664871579712,0.17172108430962985,nan
4564992.0,0.1288462601369678,0.15203775476280432,nan
4567040.0,0.12006583342554422,0.19332824220063527,nan
4569088.0,0.13038153173341746,0.2006766803301586,nan
4571136.0,0.11861191901745041,0.2014779068438377,nan
4573184.0,0.17491094808465762,0.20340209387876826,nan
4575232.0,0.11199828758729621,0.17181671790637124,nan
4577280.0,0.14220358568156322,0.17834430774266352,nan
4579328.0,0.1568280292790682,0.20291661503814543,nan
4581376.0,0.1459805387107253,0.21577665602753324,nan
4583424.0,0.11859078586622687,0.20755565104790663,nan
4585472.0,0.12097747629427331,0.1856554736424209,nan
4587520.0,0.11933361246374313,0.2049913977013339,nan
4589568.0,0.12545435751565556,0.19306028914655615,nan
4591616.0,0.13324651959993283,0.19262676923713543,nan
4593664.0,0.16590222333115234,0.19679692874875146,nan
4595712.0,0.12325182203892598,0.18697156671137935,nan
4597760.0,0.14322764766122692,0.16056841095715915,nan
4599808.0,0.12654528598146358,0.16126556057185004,nan
4601856.0,0.13552049602797137,0.16306559393674191,nan
4603904.0,0.13073720190791333,0.1470096724741055,nan
4605952.0,0.12790046223484952,0.1442396427842464,nan
4608000.0,0.13209685800401139,0.11391974414311033,nan
4610048.0,0.15022596050875353,0.1503218050131805,nan
4612096.0,0.138537022960653,0.1308731606384625,nan
4614144.0,0.13067105963521553,0.10108156100127563,nan
4616192.0,0.13163161426162495,0.0739965903803761,14.667359667359667
4618240.0,0.13178361602948224,0.08117449062835701,nan
4620288.0,0.1328869984979194,0.11361514169200079,nan
4622336.0,0.13242231609463662,0.09198716298881615,nan
4624384.0,0.1308669871244624,0.10560420802398486,nan
4626432.0,0.12987604600638109,0.1279479443174263,nan
4628480.0,0.13080140699721704,0.13244296947375814,nan
4630528.0,0.142157121500116,0.11672917746226631,nan
4632576.0,0.18236335802546094,0.1978036347793904,nan
4634624.0,0.17897110667263663,0.17471609941032523,nan
4636672.0,0.12412159135943047,0.1803885553439956,nan
4638720.0,0.14974043819372918,0.17168663445434582,nan
4640768.0,0.14190215227151104,0.20406292071223442,nan
4642816.0,0.12175813410753313,0.17052177750823086,nan
4644864.0,0.12608845760051468,0.19303595228641385,nan
4646912.0,0.12998914150723592,0.18529578983756356,nan
4648960.0,0.12784706647315403,0.1583578574731892,nan
4651008.0,0.1296481019017981,0.17851011010166862,nan
4653056.0,0.1152918791110028,0.19258021137841722,nan
4655104.0,0.16380761850907555,0.20261223073652732,nan
4657152.0,0.14784873119715874,0.1951784274537016,nan
4659200.0,0.197410995993287,0.16644590706695273,nan
4661248.0,0.18213157674611075,0.16817733333608947,nan
4663296.0,0.1256092075177852,0.13389224455243176,nan
4665344.0,0.13030499556601166,0.1150006458532482,nan
4667392.0,0.14061792418091992,0.14085878386699324,nan
4669440.0,0.1474245392081714,0.14289953479426123,nan
4671488.0,0.14721696861459302,0.1657398278375038,nan
4673536.0,0.14689287345545238,0.15392853204634585,nan
4675584.0,0.131541774741709,0.12038259216152697,nan
4677632.0,0.12309460211246935,0.15877658989229368,nan
4679680.0,0.1398533915189954,0.1704862424251346,nan
4681728.0,0.12857191553154865,0.1832238316923075,nan
4683776.0,0.13342299875358032,0.11052767820215108,nan
4685824.0,0.12823713039334728,0.12311551690066858,nan
4687872.0,0.12799548542749895,0.15694222958079668,nan
4689920.0,0.12653766124637847,0.1279753159051855,nan
4691968.0,0.13359171523577756,0.11528939728121458,nan
4694016.0,0.14407654813910803,0.1327804663171026,nan
4696064.0,0.13212513140219811,0.1568857926733627,nan
4698112.0,0.12908097594094203,0.11666524221721615,nan
4700160.0,0.12951362103669783,0.13031059976128595,nan
4702208.0,0.13197763486543262,0.10181345147634104,nan
4704256.0,0.1334545950894605,0.12495685190227793,nan
4706304.0,0.12772000057124153,0.10346747693811423,nan
4708352.0,0.1296527028235599,0.09926864924840777,nan
4710400.0,0.13306684725326456,0.09093946097374446,nan
4712448.0,0.12703578804277263,0.1358448970237061,nan
4714496.0,0.12421577135993415,0.14832535950387474,nan
4716544.0,0.12991229739524127,0.12988779914635468,18.627858627858632
4718592.0,0.12577695501394942,0.1295689775353015,nan
4720640.0,0.12562960288868513,0.12784546581515047,nan
4722688.0,0.1184516866909163,0.1450551620078676,nan
4724736.0,0.11110832902717908,0.14896909804695085,nan
4726784.0,0.13300655633346536,0.17195155480617985,nan
4728832.0,0.12865148755850137,0.13702463161772363,nan
4730880.0,0.12870019165677055,0.11484659888867632,nan
4732928.0,0.14396735165450547,0.15989140654909917,nan
4734976.0,0.1292244314613748,0.11682160087791783,nan
4737024.0,0.13123539878678908,0.11004101074620633,nan
4739072.0,0.12211734996444112,0.16263977298472454,nan
4741120.0,0.12590162136998528,0.15616441801904007,nan
4743168.0,0.16510578881239849,0.2086332580706487,nan
4745216.0,0.14143268772192097,0.19896684181015398,nan
4747264.0,0.11855701474996505,0.19038401402691155,nan
4749312.0,0.18079213887882248,0.18098569436384923,nan
4751360.0,0.12332106548565952,0.1648707096067332,nan
4753408.0,0.12932112295875964,0.1257007735843152,nan
4755456.0,0.1346139677565374,0.14381163361311824,nan
4757504.0,0.125530840307027,0.13781480262282647,nan
4759552.0,0.1267811850989727,0.13672764446037408,nan
4761600.0,0.14703796692161397,0.1597684839988981,nan
4763648.0,0.139157353536572,0.1290892214298791,nan
4765696.0,0.1250997043190323,0.14318104906336737,nan
4767744.0,0.1242312259058376,0.1511476835320732,nan
4769792.0,0.13180742602401857,0.16232037090003265,nan
4771840.0,0.15860542296093053,0.15748059548418258,nan
4773888.0,0.13062021855141376,0.1732045608602462,nan
4775936.0,0.12738844159681897,0.10195087231987844,nan
4777984.0,0.13136702854514612,0.11781783723764909,nan
4780032.0,0.13647623477286475,0.11737613408114791,nan
4782080.0,0.133190411820141,0.09152750897329635,nan
4784128.0,0.13181144619841442,0.09630345839623485,nan
4786176.0,0.1295491954707944,0.10650214460036819,nan
4788224.0,0.12969011954839577,0.09634989717923853,nan
4790272.0,0.15255012386497419,0.1370078500833321,nan
4792320.0,0.1269922359407072,0.14488398481149212,nan
4794368.0,0.13287036303769778,0.07273800780212394,nan
4796416.0,0.13101534445024104,0.10097533328565182,nan
4798464.0,0.13239954381822477,0.12971303528437073,nan
4800512.0,0.12922579694328906,0.14203330820199142,nan
4802560.0,0.15627660136432417,0.14475155221192446,nan
4804608.0,0.12836084807189754,0.14783100031554555,nan
4806656.0,0.12793813270005316,0.13039861934698183,nan
4808704.0,0.13316103449795041,0.10903212526623672,nan
4810752.0,0.12894237498457484,0.12565137185923334,nan
4812800.0,0.13648546320085397,0.10149709613687405,nan
4814848.0,0.14542027610990657,0.15647301350206677,nan
4816896.0,0.13119396473331352,0.12917451284249565,9.854469854469857
4818944.0,0.12531700844824756,0.14342911421473445,nan
4820992.0,0.13203142964141845,0.1269950033577341,nan
4823040.0,0.1261469586236958,0.13107185418160272,nan
4825088.0,0.12585561196612677,0.1420501710413604,nan
4827136.0,0.12733674382174598,0.14811279849669148,nan
4829184.0,0.12975920525265217,0.1761251848461055,nan
4831232.0,0.14566632105936744,0.17255524361497163,nan
4833280.0,0.1223959788473124,0.14871628047348162,nan
4835328.0,0.1250249300407974,0.1596102993063914,nan
4837376.0,0.13261423780591663,0.1724358626340843,nan
4839424.0,0.12846999101223014,0.13730693813049924,nan
4841472.0,0.12562824906369863,0.13062209388006238,nan
4843520.0,0.12915195456294598,0.11900332221563904,nan
4845568.0,0.12646278422231305,0.14925441790456584,nan
4847616.0,0.12565217602477777,0.13726461238579168,nan
4849664.0,0.12921814037060725,0.12309484812086287,nan
4851712.0,0.13530558295912237,0.08573847777675164,nan
4853760.0,0.1071309685443707,0.16171004158797184,nan
4855808.0,0.1286813006133512,0.1195858394446365,nan
4857856.0,0.1285863961975094,0.12839418639129555,nan
4859904.0,0.12382971884292693,0.15905346805378454,nan
4861952.0,0.13970215960613047,0.1762693417700682,nan
4864000.0,0.12836810570802054,0.17152108202066127,nan
4866048.0,0.13036602687492616,0.12409310457244933,nan
4868096.0,0.09009144217490267,0.1430684629978687,nan
4870144.0,0.12458956146129935,0.16204338375907273,nan
4872192.0,0.12795675560760605,0.1669941459424483,nan
4874240.0,0.1281677030937865,0.14078528676387161,nan
4876288.0,0.12509522317979355,0.1529237550276096,nan
4878336.0,0.13079545404092863,0.12715347159846002,nan
4880384.0,0.12700314485689804,0.13128893657265536,nan
4882432.0,0.1312120070398441,0.09975942750842494,nan
4884480.0,0.13155018782006,0.08355320858175619,nan
4886528.0,0.1330635040108291,0.10757926232129694,nan
4888576.0,0.1299388402770935,0.1130367345509931,nan
4890624.0,0.13005292435718918,0.1007343216728484,nan
4892672.0,0.13339034543570033,0.11677753872264994,nan
4894720.0,0.16433794398171095,0.11455772215455566,nan
4896768.0,0.07227538201933212,0.14160689611324084,nan
4898816.0,0.1488329618799698,0.14630376927737826,nan
4900864.0,0.1336533994867986,0.07672889908402833,nan
4902912.0,0.12984853282306874,0.09506648116905606,nan
4904960.0,0.17193384000417122,0.1550994601354669,nan
4907008.0,0.15280666893240613,0.14814280694063314,nan
4909056.0,0.13177122111586284,0.08856931227883312,nan
4911104.0,0.13305510372193297,0.07344352073272929,nan
4913152.0,0.1337583416564052,0.0854816493521298,nan
4915200.0,0.11592832318004521,0.1299943702833105,nan
4917248.0,0.1292907100393061,0.10314743959833123,6.185031185031185
4919296.0,0.12595925641718497,0.1316421374872978,nan
4921344.0,0.13143370139814542,0.09097960637471873,nan
4923392.0,0.12968809938634904,0.11938219233829633,nan
4925440.0,0.13018529238909973,0.11753226826028916,nan
4927488.0,0.13103078006282082,0.10281562198699257,nan
4929536.0,0.1322588921313807,0.13977722477970084,nan
4931584.0,0.13356149419944452,0.0944441853185494,nan
4933632.0,0.1291678708802464,0.12393428880925947,nan
4935680.0,0.1568674174682968,0.15596647668640506,nan
4937728.0,0.12874204242206608,0.13266369221003727,nan
4939776.0,0.13098591971516493,0.14583448518786096,nan
4941824.0,0.12818274847952713,0.12577896855711343,nan
4943872.0,0.13155763267735884,0.1603098953603794,nan
4945920.0,0.12669248408796008,0.12684631145577033,nan
4947968.0,0.12685272654225602,0.13752609786410952,nan
4950016.0,0.1288884003289985,0.16072378230575635,nan
4952064.0,0.1420107516416464,0.12255684773291911,nan
4954112.0,0.15933425598898618,0.15324133303562107,nan
4956160.0,0.13968621720855487,0.14609561998900902,nan
4958208.0,0.1665295096104795,0.11222642309102217,nan
4960256.0,0.1284831138298086,0.10269456261732993,nan
4962304.0,0.13374597752928682,0.09920082427266559,nan
4964352.0,0.13407938711172246,0.10502034207421007,nan
4966400.0,0.132827433092102,0.12742981928821864,nan
4968448.0,0.13218486339205948,0.10792346224337325,nan
4970496.0,0.13239567427632176,0.10369970394200649,nan
4972544.0,0.131030840754653,0.16339073424769263,nan
4974592.0,0.1324868413797275,0.09628805816303891,nan
4976640.0,0.13006030911720995,0.14320407277767874,nan
4978688.0,0.12887755929919087,0.13331483925288887,nan
4980736.0,0.13037996468064267,0.16235539211209216,nan
4982784.0,0.12796606528232674,0.13324191835186058,nan
4984832.0,0.12495611075884247,0.1276663855997273,nan
4986880.0,0.1288166874392923,0.1208574793648003,nan
4988928.0,0.1302634113968465,0.11826011404982754,nan
4990976.0,0.12971250869529055,0.12311352720133145,nan
4993024.0,0.13416692199355368,0.07355636840574506,nan
4995072.0,0.13515898650224978,0.08419541542988052,nan
4997120.0,0.13185338374182798,0.08305569977178044,nan
4999168.0,0.12873882378362422,0.08825208645707587,nan
5000000.0,0.12947646651111494,0.11906993228891288,6.663201663201664
