step,rollout_reward_mean,rollout_reward_std,eval_dcr_mean
2048.0,0.19859813186745473,0.23823970437687694,nan
4096.0,0.22365637110193595,0.19523666966153794,nan
6144.0,0.08814120558441749,0.23099614905686405,nan
8192.0,0.046175651538410106,0.2033098161877826,nan
10240.0,0.11590106104403573,0.21854243009630886,nan
12288.0,0.1416465226755056,0.23422791826368275,nan
14336.0,0.11576884356480635,0.2100416091869602,nan
16384.0,0.08934103132605019,0.20457201322075508,nan
18432.0,0.05768859997642811,0.22857012607564264,nan
20480.0,0.08921231898936242,0.2433572819678609,nan
22528.0,0.09970444682483101,0.24189335066022216,nan
24576.0,0.08513549381532734,0.2413415144705059,nan
26624.0,0.06839156505409513,0.224729150308386,nan
28672.0,0.0297672120455008,0.2073265363059039,nan
30720.0,0.05059175872523858,0.22650592766009714,nan
32768.0,0.0651370068944839,0.16674673159065886,nan
34816.0,0.09882210570185115,0.24771162523160858,nan
36864.0,0.0985266484113183,0.2019958208903931,nan
38912.0,0.06401727426719099,0.20837216496166416,nan
40960.0,0.06768910939948629,0.18168074651571225,nan
43008.0,0.05971465355904004,0.23090153699370514,nan
45056.0,0.09338015349404803,0.21700085870295377,nan
47104.0,0.024894592570418324,0.20738141903344223,nan
49152.0,0.08526362913782859,0.21186525949744858,nan
51200.0,0.04959531533305121,0.23758545268744316,nan
53248.0,0.04463594374562256,0.18785177657991237,nan
55296.0,0.1119503197038613,0.20929977085415297,nan
57344.0,0.013486047021764168,0.19087679961887027,nan
59392.0,0.021235836026058434,0.21685855189435402,nan
61440.0,0.08040816701171698,0.22112243087038785,nan
63488.0,0.0727365028901879,0.22902693779947694,nan
65536.0,0.06192194037857735,0.22420583315250558,nan
67584.0,0.11018633664073116,0.23765291270131952,nan
69632.0,0.05400022525680169,0.1698921973567122,nan
71680.0,0.11024333257607868,0.23616769168912227,nan
73728.0,0.05046911234949068,0.22939347373850288,nan
75776.0,0.07817392009961781,0.21036187629868938,nan
77824.0,0.07570743084452841,0.2212806185158898,nan
79872.0,0.09282014397399425,0.21087011750452872,nan
81920.0,0.08845251451879586,0.2008984915530199,nan
83968.0,0.07221089164389538,0.20133386574938894,nan
86016.0,0.11923501274950922,0.2062106835378841,nan
88064.0,0.029926889126191864,0.21861385048641588,nan
90112.0,0.0707413944172089,0.21280764495139307,nan
92160.0,0.009714012697308112,0.19984092956957397,nan
94208.0,0.04173114334465126,0.18868224467096542,nan
96256.0,0.046359888512394656,0.18997713798675728,nan
98304.0,0.09666008564600909,0.2132907804641173,nan
100352.0,0.07329221832562699,0.21312204673012553,30.58212058212058
102400.0,0.04507808222661857,0.1923259667874283,nan
104448.0,0.0811508677549744,0.2339789453003704,nan
106496.0,0.07075063252993241,0.21501381782687662,nan
108544.0,0.06537126902529955,0.18843440428364025,nan
110592.0,0.054123436355677276,0.20029683255733963,nan
112640.0,0.09842979771712801,0.24349700673966204,nan
114688.0,0.04441756483471207,0.1786912536268051,nan
116736.0,0.05704784907571038,0.19188884050681584,nan
118784.0,0.0947218082683236,0.20689221770064858,nan
120832.0,0.03355121329357295,0.20397066938864603,nan
122880.0,0.01636171172639196,0.13924806581274635,nan
124928.0,0.07300221380004022,0.19456882725579194,nan
126976.0,0.0324883663784728,0.1785249936467055,nan
129024.0,0.03479621259166275,0.18789173725281258,nan
131072.0,0.07233996364627118,0.21064430332437317,nan
133120.0,0.08897312531619772,0.2184289520352534,nan
135168.0,0.06685386753402711,0.23046762613298397,nan
137216.0,0.1319762553428105,0.23995222386130557,nan
139264.0,0.061588825017083945,0.19545599576470024,nan
141312.0,0.11612331254910091,0.21215021509182982,nan
143360.0,0.059525837478546784,0.19142688050403134,nan
145408.0,0.051891942777441004,0.21140728395252545,nan
147456.0,0.04086624899267445,0.17751113229802798,nan
149504.0,0.08453909904680078,0.2284825734700929,nan
151552.0,0.04561098637632053,0.21672219591578254,nan
153600.0,0.08986007058262674,0.21699736893147314,nan
155648.0,0.053618564363804494,0.20544608002182774,nan
157696.0,0.08488529164760812,0.1968039488409361,nan
159744.0,0.08953348968093316,0.22909464511433064,nan
161792.0,0.04079225594407615,0.19280409300947937,nan
163840.0,0.0901876341808171,0.21590918059468364,nan
165888.0,0.08311511334867523,0.20808703836426143,nan
167936.0,0.0549586101534361,0.18317406054751265,nan
169984.0,0.1076556543355142,0.21646265589630553,nan
172032.0,0.07682181081817402,0.2211207500052794,nan
174080.0,0.07061949217010896,0.17348626469604522,nan
176128.0,0.06798310238168863,0.2158491859848591,nan
178176.0,0.05718699092005647,0.21257758899525983,nan
180224.0,0.047607215890417026,0.18623492338517286,nan
182272.0,0.06296321510941187,0.2240468221217407,nan
184320.0,0.07588902987497222,0.21025032126246374,nan
186368.0,0.09235988177492496,0.20953403024763598,nan
188416.0,0.06591185723903467,0.22032510557379392,nan
190464.0,0.09635560290287418,0.2064534693947564,nan
192512.0,0.08680977819074304,0.22319648452220514,nan
194560.0,0.08859867478618583,0.17924443071948182,nan
196608.0,0.07662287616988807,0.19104016627864548,nan
198656.0,0.0843680431675719,0.1912306038671308,nan
200704.0,0.0718061888818227,0.22628912135028675,27.640332640332645
202752.0,0.049861661875823,0.20733281104336473,nan
204800.0,0.08893828416062151,0.18673659791422154,nan
206848.0,0.08789524953940375,0.2023883957407856,nan
208896.0,0.06999208547973924,0.20347897874132173,nan
210944.0,0.06351335248906295,0.1836589697809353,nan
212992.0,0.08160778001775074,0.21309586295371327,nan
215040.0,0.07436960477586449,0.19317658418943673,nan
217088.0,0.12441783099260163,0.19457299926218685,nan
219136.0,0.06385495001305988,0.19751358935156174,nan
221184.0,0.06549780530820039,0.18607550945193055,nan
223232.0,0.0846090636835801,0.2261071832255138,nan
225280.0,0.09879343322774414,0.23300592863791053,nan
227328.0,0.08415293116204264,0.20754213147309827,nan
229376.0,0.07028191732729543,0.20438181009956072,nan
231424.0,0.10344551437021539,0.22371836276846416,nan
233472.0,0.07464368256290792,0.19957089823194837,nan
235520.0,0.08317559841127664,0.2361142283883092,nan
237568.0,0.06610643411992985,0.2310714407742769,nan
239616.0,0.051429246914149206,0.1771526023919022,nan
241664.0,0.05941550359051429,0.21914301048824816,nan
243712.0,0.099182131971182,0.22095573095165963,nan
245760.0,0.08303764374103591,0.21324511879079897,nan
247808.0,0.09200165690455318,0.19177419299248033,nan
249856.0,0.10305618682691206,0.21870854499290374,nan
251904.0,0.08425240705948683,0.2096055036822351,nan
253952.0,0.06797574906475061,0.20756025235585104,nan
256000.0,0.08814764182091564,0.17812658012810698,nan
258048.0,0.12413344008855168,0.20613606750254834,nan
260096.0,0.0742235226072542,0.19466085525359408,nan
262144.0,0.04539285155814812,0.19288913337337837,nan
264192.0,0.06481232404480537,0.19171473468194314,nan
266240.0,0.07803846089244479,0.18997249061318783,nan
268288.0,0.08018767639738152,0.18553372890053413,nan
270336.0,0.07166882819650125,0.21649885477725717,nan
272384.0,0.10849748680032689,0.22663099022488978,nan
274432.0,0.09328220002359444,0.19417616270215163,nan
276480.0,0.08033258715557982,0.22311391770331607,nan
278528.0,0.05841473796292475,0.18013548388757544,nan
280576.0,0.08828191395363696,0.2022162924992209,nan
282624.0,0.08463876407063209,0.20301155831899817,nan
284672.0,0.08905150343884889,0.20096416909923265,nan
286720.0,0.07321114329457822,0.21442990333639494,nan
288768.0,0.07839782639582815,0.20417182875874676,nan
290816.0,0.08087998989608947,0.2000774232337441,nan
292864.0,0.07047076406644454,0.20077557422161812,nan
294912.0,0.07695903197829179,0.19609243735722595,nan
296960.0,0.07866748377124824,0.2270868140908907,nan
299008.0,0.051539299082893536,0.21433282721609279,nan
301056.0,0.0516887843421432,0.22968324368258877,27.754677754677754
303104.0,0.05619126583690767,0.19787689572005998,nan
305152.0,0.0902445124582773,0.20271506172971032,nan
307200.0,0.07930048097959744,0.21149677959817004,nan
309248.0,0.06215193390067847,0.18534334017679224,nan
311296.0,0.046584447981544735,0.20087629882915017,nan
313344.0,0.08453402250324246,0.20535067329870296,nan
315392.0,0.08528367059297079,0.2000384221219258,nan
317440.0,0.06476144191806123,0.21694232654463733,nan
319488.0,0.059653356172391245,0.1628580614218864,nan
321536.0,0.095002449943598,0.18637946830101498,nan
323584.0,0.05994194659499963,0.20878498423863417,nan
325632.0,0.03604021975012198,0.19840441589779095,nan
327680.0,0.06620840354605843,0.18974487942701698,nan
329728.0,0.04814514352267572,0.2204126677026869,nan
331776.0,0.05491256761147772,0.2018527497303109,nan
333824.0,0.08363734879428071,0.23125627607278812,nan
335872.0,0.0539318659942096,0.22448048160349027,nan
337920.0,0.07186299566347207,0.18858250092387682,nan
339968.0,0.054467719827811026,0.18935294815875497,nan
342016.0,0.1089642090437522,0.20836719502644574,nan
344064.0,0.03959632305008906,0.1947440843604405,nan
346112.0,0.11530396302453293,0.23709091053083828,nan
348160.0,0.0871875993328193,0.208003805598165,nan
350208.0,0.057789646744496215,0.22041733846434486,nan
352256.0,0.05258018499806985,0.18945972194614916,nan
354304.0,0.0634848774999168,0.19083570818037668,nan
356352.0,0.07044769894763933,0.21929438862669667,nan
358400.0,0.06862315567683983,0.20041033891740337,nan
360448.0,0.07475222290153599,0.21284741161963494,nan
362496.0,0.07779279590732364,0.18997538269415903,nan
364544.0,0.05440657415967333,0.21685741922290885,nan
366592.0,0.09246732048901118,0.2266596807192888,nan
368640.0,0.07032247110106156,0.2238049977373971,nan
370688.0,0.05868101409534357,0.23215508073550686,nan
372736.0,0.08690187528654549,0.19458650333287617,nan
374784.0,0.10938103609093854,0.2277091057562747,nan
376832.0,0.05337996223196139,0.20811765489158768,nan
378880.0,0.06393474313360198,0.21494693517855448,nan
380928.0,0.024619182518210884,0.16747041806888915,nan
382976.0,0.06382809534816282,0.21186314565700895,nan
385024.0,0.06830179798278144,0.18494465256464462,nan
387072.0,0.10575829723647925,0.212756108336516,nan
389120.0,0.05555205001263143,0.21985165866032108,nan
391168.0,0.07000285768501127,0.22785774750948776,nan
393216.0,0.060109284454427224,0.1984878253430987,nan
395264.0,0.07664394172164515,0.2287537843438434,nan
397312.0,0.10847412460673869,0.22113464985497516,nan
399360.0,0.051776379756843655,0.16821307046589098,nan
401408.0,0.07326759339317879,0.19419550082147105,33.07692307692308
403456.0,0.05709708667352869,0.1746299913537085,nan
405504.0,0.0625981596764234,0.17070390791261877,nan
407552.0,0.06300630741701488,0.20192685085136575,nan
409600.0,0.07234462323936572,0.19367639001539133,nan
411648.0,0.07421818850154052,0.23399147030775722,nan
413696.0,0.08284519924226147,0.22871443914347248,nan
415744.0,0.09569400637376997,0.19778129722892596,nan
417792.0,0.07725060929827361,0.19089880952632404,nan
419840.0,0.07670012627704621,0.212343146073144,nan
421888.0,0.06536097181237246,0.17542054579006391,nan
423936.0,0.03590025806092144,0.22488340698111145,nan
425984.0,0.10310056598895107,0.20926721982172194,nan
428032.0,0.061518335714382144,0.21449010057962486,nan
430080.0,0.06240073192010996,0.20234220783255713,nan
432128.0,0.09026769923840296,0.20826952027956794,nan
434176.0,0.05750603230385342,0.2117057659223044,nan
436224.0,0.0788842586200576,0.18394540127383086,nan
438272.0,0.09185885398813098,0.2001129827046526,nan
440320.0,0.04370103652003231,0.20945770185271362,nan
442368.0,0.1154885682779755,0.23407209824712066,nan
444416.0,0.02767876066363534,0.1936118653601505,nan
446464.0,0.09626603462023714,0.22196548814740363,nan
448512.0,0.056190755814615995,0.17959113170610316,nan
450560.0,0.06258932071271942,0.18840469077504135,nan
452608.0,0.046518248965813705,0.1527855964410601,nan
454656.0,0.07392704467364106,0.19706129704698522,nan
456704.0,0.06260907377532604,0.18172909776010884,nan
458752.0,0.033673568080160685,0.1827614834861172,nan
460800.0,0.09087016839369323,0.19079795565734503,nan
462848.0,0.05859428121640945,0.22127516667818178,nan
464896.0,0.0768153318902618,0.22088437431769012,nan
466944.0,0.05432484331723661,0.21324850486938404,nan
468992.0,0.037472405770402985,0.20111349182458366,nan
471040.0,0.08318732631471326,0.20167372168610243,nan
473088.0,0.09220796028471374,0.2074189513723425,nan
475136.0,0.07947165695761682,0.20408131894963044,nan
477184.0,0.08445292451605639,0.19284479506049787,nan
479232.0,0.07120459559072764,0.17962624183429068,nan
481280.0,0.07038344520249669,0.21791296420272419,nan
483328.0,0.020057503829435767,0.19279598210218132,nan
485376.0,0.08947812193472582,0.18272862727706682,nan
487424.0,0.06852208693769346,0.2160430100031313,nan
489472.0,0.08056690499641841,0.2182568304910359,nan
491520.0,0.09647815422449188,0.22443160526005593,nan
493568.0,0.07225181689038991,0.20033199197078558,nan
495616.0,0.06194020059429661,0.18609130554507503,nan
497664.0,0.07860975508575326,0.20773947913488341,nan
499712.0,0.061754783326160474,0.15158449065833288,nan
501760.0,0.08159888021095665,0.19605394309357205,24.15800415800416
503808.0,0.08829566134251259,0.19325165383405074,nan
505856.0,0.07241294475958394,0.1952964337828471,nan
507904.0,0.05525544487119384,0.18510210942905977,nan
509952.0,0.06914351414306757,0.18563291402494106,nan
512000.0,0.0652703371045914,0.19698817702606117,nan
514048.0,0.07768321170123448,0.1816438719340782,nan
516096.0,0.06697078932349826,0.20349172297004428,nan
518144.0,0.0803710390162797,0.21588355660959413,nan
520192.0,0.09309154151659851,0.19614370097169384,nan
522240.0,0.09807493891255292,0.20931139524881093,nan
524288.0,0.09332767884414472,0.19958525153976353,nan
526336.0,0.0673688090383679,0.20523517797451687,nan
528384.0,0.10024030214332658,0.21696877516088434,nan
530432.0,0.05828195885132832,0.17462543306537706,nan
532480.0,0.08169683504855159,0.20724250005162806,nan
534528.0,0.09766371906171022,0.20369516812900124,nan
536576.0,0.08909609816611314,0.2013003069358198,nan
538624.0,0.07448812659880406,0.2060911230842468,nan
540672.0,0.0796143953118458,0.21252644230277484,nan
542720.0,0.08744085630811099,0.20949388527756677,nan
544768.0,0.07688525199799198,0.19958460853055052,nan
546816.0,0.08953667688271363,0.2186082304617516,nan
548864.0,0.08163436423719803,0.1899710211660949,nan
550912.0,0.0812502987520833,0.19836332467639584,nan
552960.0,0.12550101291196164,0.20011464566413498,nan
555008.0,0.07008126029266404,0.18956082772643,nan
557056.0,0.04902286635438245,0.1987043028215045,nan
559104.0,0.08143448818849386,0.2066719957710085,nan
561152.0,0.05659502228445446,0.179478759671259,nan
563200.0,0.1126243033528907,0.22138806592396498,nan
565248.0,0.07844574926744362,0.20963894248982037,nan
567296.0,0.06856267472496566,0.18368246034872626,nan
569344.0,0.07090613787095576,0.18738689531168298,nan
571392.0,0.08633637585177398,0.2201869621241292,nan
573440.0,0.06255403327360377,0.2054278159043093,nan
575488.0,0.0689787238605469,0.17170608334217566,nan
577536.0,0.04872389194106087,0.19948211934432153,nan
579584.0,0.05134109573120202,0.17422887052017075,nan
581632.0,0.09043732162462476,0.2135467199282112,nan
583680.0,0.10620042090817008,0.19796525739951684,nan
585728.0,0.07400573857074526,0.2187398805592257,nan
587776.0,0.08986312246448556,0.21761784929140957,nan
589824.0,0.08715539173070039,0.20230806703054555,nan
591872.0,0.0669026450822228,0.18342707845127107,nan
593920.0,0.0888573520300246,0.21285146987555867,nan
595968.0,0.08182938216734377,0.2154004975783666,nan
598016.0,0.07893838771910106,0.21892917356368122,nan
600064.0,0.1142183103924552,0.1804455337777331,nan
602112.0,0.07632705776120646,0.22770386732059456,29.449064449064444
604160.0,0.07555927753231101,0.2353254631184608,nan
606208.0,0.058848762580397784,0.2068608074677538,nan
608256.0,0.07101587784122429,0.20855574122985793,nan
610304.0,0.028160044800101848,0.19756170192453115,nan
612352.0,0.023260691264936788,0.1842999146394901,nan
614400.0,0.1048639720127584,0.23930517667682072,nan
616448.0,0.07593250222558184,0.18772770977151715,nan
618496.0,0.04390403567530248,0.2016587601137647,nan
620544.0,0.07921197524046462,0.22668458212634274,nan
622592.0,0.05047085758814464,0.2149808575793454,nan
624640.0,0.09087394302509576,0.21919175726038162,nan
626688.0,0.11056243157925938,0.2153349253933347,nan
628736.0,0.05618900770328138,0.20029470343788097,nan
630784.0,0.0984345527669376,0.22008033347740175,nan
632832.0,0.059972282266426674,0.20174988614978653,nan
634880.0,0.09090570554668212,0.16523313880521864,nan
636928.0,0.037302516133579496,0.18740867210857864,nan
638976.0,0.09037726605214624,0.19633417093314723,nan
641024.0,0.08954894616993771,0.21709745971447883,nan
643072.0,0.08276937962518767,0.19219679527594538,nan
645120.0,0.04959645041412673,0.20726973715983166,nan
647168.0,0.05072664408163352,0.149230596036682,nan
649216.0,0.0998493191218697,0.218910362258219,nan
651264.0,0.06910723941528274,0.22704681902187204,nan
653312.0,0.07922484332573489,0.21206479137185133,nan
655360.0,0.06792720189560496,0.18936817381965226,nan
657408.0,0.05510626770980396,0.1652166978022099,nan
659456.0,0.058028448199318135,0.2061244389849986,nan
661504.0,0.07908962028906161,0.208822598627035,nan
663552.0,0.06612064501274832,0.1569765164996684,nan
665600.0,0.05276250016796526,0.19764572557078253,nan
667648.0,0.05578412800284033,0.19922178431735915,nan
669696.0,0.09025738330566532,0.2124649615382456,nan
671744.0,0.08472689939495485,0.2240163900375332,nan
673792.0,0.0697818318863621,0.19929604839870632,nan
675840.0,0.0765304807261413,0.18433901361438806,nan
677888.0,0.07672607120124361,0.20024279381774882,nan
679936.0,0.05847914610043005,0.2206219630714654,nan
681984.0,0.043053512570087236,0.18777434274962343,nan
684032.0,0.07457355114372682,0.19431627036553661,nan
686080.0,0.0793109568527978,0.1629754671798353,nan
688128.0,0.07136361879211864,0.1868542008057048,nan
690176.0,0.0451787341253598,0.18792924628188912,nan
692224.0,0.08028693152482146,0.20923133735677538,nan
694272.0,0.090394488439236,0.1966121319778359,nan
696320.0,0.05501293754891881,0.2075756836962926,nan
698368.0,0.059259587866802355,0.19902882645636316,nan
700416.0,0.06781191794378308,0.18356689259963302,nan
702464.0,0.08422283719309365,0.2334425497451138,25.53014553014553
704512.0,0.0820384834539451,0.24056650305842062,nan
706560.0,0.07502937242332777,0.2165885751563805,nan
708608.0,0.0907372945421149,0.2082476086023316,nan
710656.0,0.07016466633799681,0.22009660277312168,nan
712704.0,0.06236523930679329,0.2219889482146485,nan
714752.0,0.062146933138740104,0.18623033251094712,nan
716800.0,0.05831908270275834,0.2000875851234834,nan
718848.0,0.07408900256440946,0.19809941010212487,nan
720896.0,0.08172274220709944,0.20346113082325182,nan
722944.0,0.059314582527762214,0.18837258987722638,nan
724992.0,0.07113900426010816,0.16637981720803538,nan
727040.0,0.09632769409002884,0.21927277147227187,nan
729088.0,0.08649140717517342,0.19295758515909162,nan
731136.0,0.08283085086530263,0.19502200778176917,nan
733184.0,0.07660368977903523,0.21058979229001806,nan
735232.0,0.09205790079192497,0.22437072134885955,nan
737280.0,0.11406292187656872,0.22409136113417127,nan
739328.0,0.05287937753197769,0.19118125963743246,nan
741376.0,0.10036835487006819,0.20444888433417854,nan
743424.0,0.08705084104518318,0.22023189338757615,nan
745472.0,0.07110441911126669,0.19813800838730872,nan
747520.0,0.08675372975313661,0.20921849720042265,nan
749568.0,0.05422209493240325,0.19070888338754616,nan
751616.0,0.0905357506961889,0.17897933301693564,nan
753664.0,0.07399195638734495,0.21387092032748545,nan
755712.0,0.07409517579442974,0.22533470138322775,nan
757760.0,0.07798033555929657,0.20402358298218692,nan
759808.0,0.09715745708843913,0.22383576437277494,nan
761856.0,0.03516539052412672,0.18535755839710077,nan
763904.0,0.05835337877984516,0.20691390129662882,nan
765952.0,0.09704726714938058,0.20328930969523776,nan
768000.0,0.09747000405549378,0.200267843294753,nan
770048.0,0.06277306209510886,0.2097872936518922,nan
772096.0,0.08322456396104203,0.22064985354367392,nan
774144.0,0.09413906979016554,0.21738700839182762,nan
776192.0,0.11851547647478103,0.23353480043751118,nan
778240.0,0.08484573828482217,0.175120444143615,nan
780288.0,0.10252679828781446,0.22717248955677052,nan
782336.0,0.05832480910162649,0.2095324989590236,nan
784384.0,0.07465564716421054,0.21650742088457103,nan
786432.0,0.03651722525663875,0.19538368373522805,nan
788480.0,0.07639484777159405,0.20805859616598815,nan
790528.0,0.07907433036575434,0.23392935341667875,nan
792576.0,0.0839390055234355,0.21320029465791643,nan
794624.0,0.10960081782021973,0.2249009096892612,nan
796672.0,0.11029492787740336,0.19437054129358902,nan
798720.0,0.10060797055415677,0.2152628344758145,nan
800768.0,0.07357498450141106,0.15074750841904055,nan
802816.0,0.07486368054967991,0.19414042319024274,25.353430353430355
804864.0,0.11898908327415689,0.222462396835159,nan
806912.0,0.1054310893604888,0.22588481802075813,nan
808960.0,0.11702908855236607,0.18557783821336177,nan
811008.0,0.09161110754868385,0.20106478566905148,nan
813056.0,0.06402406178769042,0.2144880429562728,nan
815104.0,0.07567902043981636,0.20871741813647401,nan
817152.0,0.04983085391345327,0.18806834269959688,nan
819200.0,0.08401925309192113,0.16913757300589338,nan
821248.0,0.05609057259084152,0.19932414281260613,nan
823296.0,0.08611055094428238,0.18431958775372195,nan
825344.0,0.11331592101965274,0.18269404116170052,nan
827392.0,0.0989826901040978,0.20655624277613446,nan
829440.0,0.11048000695000061,0.1943058846486803,nan
831488.0,0.07639608005376461,0.20793671527644256,nan
833536.0,0.11239714382145755,0.2169277783477878,nan
835584.0,0.0652787295339853,0.19080320871371645,nan
837632.0,0.0787377897198849,0.21108004213487733,nan
839680.0,0.09421615237659114,0.18577052361057889,nan
841728.0,0.08813074102978115,0.2212122998712356,nan
843776.0,0.10564427009681115,0.22266000751769305,nan
845824.0,0.061468363167352935,0.16915803391304604,nan
847872.0,0.08086885721359557,0.17119722878488855,nan
849920.0,0.11115947688503461,0.19389826974222657,nan
851968.0,0.09035933880454355,0.2238588750267482,nan
854016.0,0.10240167297573424,0.19846447822956065,nan
856064.0,0.06937925155309821,0.19538967675683055,nan
858112.0,0.09355515754969443,0.223869671081518,nan
860160.0,0.12423600106965657,0.22346881195027501,nan
862208.0,0.09329665348482036,0.1931982991176777,nan
864256.0,0.07726963782858037,0.2012808784297555,nan
866304.0,0.042341168234286214,0.20103826536814956,nan
868352.0,0.11066307251242483,0.23072383782842476,nan
870400.0,0.061750930950790144,0.18952527500542918,nan
872448.0,0.05549583396256785,0.2147889549751736,nan
874496.0,0.08192652229561145,0.19316630640240617,nan
876544.0,0.09076609308558176,0.21102083033376562,nan
878592.0,0.1299319962279683,0.20603188867036984,nan
880640.0,0.1124090999495253,0.2261263809181074,nan
882688.0,0.08507902714287685,0.21142960924824603,nan
884736.0,0.0912524665655178,0.2126722463231388,nan
886784.0,0.09803945023231936,0.18981317214257618,nan
888832.0,0.07829409872658949,0.22239194257662426,nan
890880.0,0.09668928070220498,0.22317545702335195,nan
892928.0,0.06736887116474372,0.21201431185598085,nan
894976.0,0.08519994068994158,0.22259611087064002,nan
897024.0,0.1202492443646594,0.21474952513393786,nan
899072.0,0.07220327174342331,0.18504098744266767,nan
901120.0,0.08073134179535374,0.1800480821646057,nan
903168.0,0.0576602622755729,0.2196040132444912,27.068607068607065
905216.0,0.07504809067281087,0.1947679859579644,nan
907264.0,0.07468250694037679,0.20171511110530235,nan
909312.0,0.08641003308318063,0.20829640507574065,nan
911360.0,0.05648463918533497,0.20336147865358617,nan
913408.0,0.07837100073814177,0.21155915781162848,nan
915456.0,0.08806900864195372,0.19916988863349322,nan
917504.0,0.10832387982692843,0.2186713641681821,nan
919552.0,0.14324214676615307,0.230233818436979,nan
921600.0,0.0654348329570753,0.1865376588953294,nan
923648.0,0.07178900768421452,0.19812705859842214,nan
925696.0,0.08917847034467899,0.19025580145100654,nan
927744.0,0.06542484849681031,0.1733902689178851,nan
929792.0,0.07342200810188718,0.21294788822287805,nan
931840.0,0.10140076392691365,0.22635021789962492,nan
933888.0,0.09780489115806394,0.19495240581129547,nan
935936.0,0.06767946407492992,0.2297393172645776,nan
937984.0,0.06401201650116933,0.19576856116713084,nan
940032.0,0.07762767730508144,0.17869908150161734,nan
942080.0,0.07128878272817984,0.22263435089048353,nan
944128.0,0.11244299311510964,0.21849125186590737,nan
946176.0,0.09477766900134937,0.20164677218953328,nan
948224.0,0.08441083157959209,0.22511899192940962,nan
950272.0,0.07258203208168734,0.2056471052595037,nan
952320.0,0.0705278424005766,0.18521599386072415,nan
954368.0,0.08467117290442186,0.22115527879680405,nan
956416.0,0.07907569260707267,0.20471451286335304,nan
958464.0,0.11608770641787275,0.21980298323202696,nan
960512.0,0.07872810631486467,0.18847642670944054,nan
962560.0,0.09327057759356233,0.2057107343158907,nan
964608.0,0.08138285695769049,0.2289102757470883,nan
966656.0,0.07563552131749005,0.19775998614808707,nan
968704.0,0.10944227226235598,0.20792423230863483,nan
970752.0,0.08418824111009421,0.22220323416480423,nan
972800.0,0.0660626046176854,0.21596348780336155,nan
974848.0,0.06204398087379376,0.21232962445716583,nan
976896.0,0.08602652949312925,0.21295263541505882,nan
978944.0,0.11922796983317954,0.20010360456803156,nan
980992.0,0.08372812517159962,0.202453422854298,nan
983040.0,0.10672225138832382,0.23191195079687296,nan
985088.0,0.06162153149638963,0.2049661811072571,nan
987136.0,0.09180902480334707,0.2111069291254983,nan
989184.0,0.08705022793272947,0.21000567994176056,nan
991232.0,0.11831217440519555,0.19093070639216503,nan
993280.0,0.08915712512010918,0.20276124474296608,nan
995328.0,0.06245501944681301,0.20500772590461108,nan
997376.0,0.07306886072706512,0.18178781730175025,nan
999424.0,0.06756861770027517,0.21328289451794974,nan
1001472.0,0.06069486603070393,0.17646764176541813,nan
1003520.0,0.09634613345833645,0.23056411886164313,32.62993762993763
1005568.0,0.06292834525385674,0.17674995582083833,nan
1007616.0,0.07403441848928428,0.19833067158787632,nan
1009664.0,0.10956892905793181,0.2077339628671645,nan
1011712.0,0.11983887266179498,0.2382998893189055,nan
1013760.0,0.06057981047162522,0.22417411573608503,nan
1015808.0,0.09338090673582097,0.23187457745134937,nan
1017856.0,0.09381214270386663,0.2170088586131564,nan
1019904.0,0.043963618260208635,0.19365510446109785,nan
1021952.0,0.08224580678011872,0.23119832824862874,nan
1024000.0,0.11133543336836843,0.22343932930290228,nan
1026048.0,0.07837096362089863,0.23248646974378812,nan
1028096.0,0.0939158108127551,0.22507220249444893,nan
1030144.0,0.06667900209984638,0.18487286094002908,nan
1032192.0,0.044924351886329525,0.19456795613332276,nan
1034240.0,0.10124662043775823,0.2003609648637119,nan
1036288.0,0.06955925769114019,0.2109985096890191,nan
1038336.0,0.06564533354963559,0.21249541707681227,nan
1040384.0,0.07465244311004073,0.20737887454060105,nan
1042432.0,0.1017099583997795,0.20401130212608437,nan
1044480.0,0.05993677983937073,0.2204689984853796,nan
1046528.0,0.04952150863709931,0.17931424181531497,nan
1048576.0,0.1039174436552403,0.20703810168194195,nan
1050624.0,0.07634644945656248,0.23149956059986596,nan
1052672.0,0.08009601668345943,0.204488244366747,nan
1054720.0,0.08935793795260388,0.17912715481170083,nan
1056768.0,0.07602159866601668,0.2106500572423072,nan
1058816.0,0.08824169591032191,0.2134160646686837,nan
1060864.0,0.06662454937574525,0.2012117058647842,nan
1062912.0,0.06422343403218755,0.19721694853707733,nan
1064960.0,0.07944165428411287,0.20409475407841315,nan
1067008.0,0.07721877045573032,0.18971845694544423,nan
1069056.0,0.05202183011864192,0.19836728670688372,nan
1071104.0,0.08185082017428255,0.21646439223443,nan
1073152.0,0.10208222255892307,0.1906531353029608,nan
1075200.0,0.10998927372716265,0.21526094428955916,nan
1077248.0,0.12133427666916771,0.21533528155587006,nan
1079296.0,0.04138502315751479,0.19677048038178135,nan
1081344.0,0.08770499671710227,0.21832168642269684,nan
1083392.0,0.06630156467277401,0.19988580238844267,nan
1085440.0,0.07804966931629159,0.19008044256845877,nan
1087488.0,0.13372495224492473,0.21932381067389556,nan
1089536.0,0.07426007008935755,0.1911072626650365,nan
1091584.0,0.06333462289198925,0.19762528265947296,nan
1093632.0,0.09406904519589578,0.21140606901921047,nan
1095680.0,0.09565347992937666,0.19732086955695294,nan
1097728.0,0.07876760558015772,0.22179394486254667,nan
1099776.0,0.08087924007883757,0.234083287312005,nan
1101824.0,0.06042619372921431,0.19148699204900677,nan
1103872.0,0.1240156435929271,0.20298020346531923,32.972972972972975
1105920.0,0.13061471531427166,0.2112456551942982,nan
1107968.0,0.0978659014963467,0.22755033488781404,nan
1110016.0,0.10083651937955715,0.22220478549345027,nan
1112064.0,0.0454520619667925,0.20567184558364196,nan
1114112.0,0.10308660977158238,0.20558332334911775,nan
1116160.0,0.0856530252051681,0.21440594825139933,nan
1118208.0,0.10305406129174233,0.19919412344910267,nan
1120256.0,0.08414301366987582,0.1779794257682132,nan
1122304.0,0.08376627292640496,0.219989945396915,nan
1124352.0,0.05111600569713047,0.21359501766395966,nan
1126400.0,0.07817040290482594,0.18401090180053836,nan
1128448.0,0.0848589798223912,0.18240201460677327,nan
1130496.0,0.04778831589393173,0.18698047501367734,nan
1132544.0,0.053794669989422624,0.19295679146557776,nan
1134592.0,0.08931982594252004,0.22780394984507518,nan
1136640.0,0.0714646788405161,0.2118359902348471,nan
1138688.0,0.11095349589833248,0.20855522903612994,nan
1140736.0,0.08994718939619509,0.22122643569933675,nan
1142784.0,0.11611485716345477,0.2079115172327084,nan
1144832.0,0.053476638817529884,0.20085873575469892,nan
1146880.0,0.0972635533403043,0.22174490840760397,nan
1148928.0,0.09664616705323519,0.21305082281577,nan
1150976.0,0.07598081554425984,0.2279089308153009,nan
1153024.0,0.11191177814331173,0.21649822589222387,nan
1155072.0,0.07911303074341157,0.22395012325148803,nan
1157120.0,0.09730908416924769,0.18474458308081304,nan
1159168.0,0.08436234756683561,0.18794134120686118,nan
1161216.0,0.08563913270204226,0.23183440598711405,nan
1163264.0,0.07689645431378962,0.21375109693846603,nan
1165312.0,0.10292894192916373,0.19752035884499747,nan
1167360.0,0.10364798891123675,0.20114074506814808,nan
1169408.0,0.07746985742874606,0.1614456706376656,nan
1171456.0,0.09980214336745631,0.18326215953897748,nan
1173504.0,0.0856408096972558,0.19619120030713746,nan
1175552.0,0.053768629285917004,0.18781888603632485,nan
1177600.0,0.09419324041049001,0.20181420335907127,nan
1179648.0,0.0836758958042638,0.1634794983398225,nan
1181696.0,0.0709273227540333,0.18524054142212754,nan
1183744.0,0.07981363224549698,0.18913340161154285,nan
1185792.0,0.11668011907240229,0.21136442953206513,nan
1187840.0,0.06429238020461309,0.1990646031982715,nan
1189888.0,0.09830218437693636,0.21236407233583526,nan
1191936.0,0.06897870315999106,0.18817454253919536,nan
1193984.0,0.0699919743427975,0.20203237357320195,nan
1196032.0,0.1037721367103793,0.16928064294733,nan
1198080.0,0.09963375632138008,0.23225717347257613,nan
1200128.0,0.0792359767248175,0.1847957277082871,nan
1202176.0,0.05686891301105798,0.19704947240789075,nan
1204224.0,0.06322598606783929,0.1838646757011314,29.57380457380458
1206272.0,0.076312210529257,0.20118457629862008,nan
1208320.0,0.06122899277660597,0.21226452037452356,nan
1210368.0,0.1037855375553472,0.2126703246677235,nan
1212416.0,0.08363415336038547,0.20491227136113888,nan
1214464.0,0.1125274571115716,0.2354547907532104,nan
1216512.0,0.09159464821034147,0.20278756131088777,nan
1218560.0,0.10236210580026184,0.16977726505671223,nan
1220608.0,0.09640301538240834,0.21291468703400418,nan
1222656.0,0.09066071210260056,0.19366119067209456,nan
1224704.0,0.09347074607616096,0.2246506089575081,nan
1226752.0,0.07491318939566127,0.1973507095142656,nan
1228800.0,0.0852386113080481,0.1902802236672875,nan
1230848.0,0.0809669188114443,0.2035129713966899,nan
1232896.0,0.06676764306632746,0.2100396816371998,nan
1234944.0,0.11909055903214254,0.2163059929787836,nan
1236992.0,0.08555597004804819,0.213334029144123,nan
1239040.0,0.07091801581351675,0.1839414444122637,nan
1241088.0,0.06546879677386375,0.1904610494635211,nan
1243136.0,0.1269750623226464,0.2189126088190199,nan
1245184.0,0.09263729220927953,0.2219755760528692,nan
1247232.0,0.0892081165412423,0.21403864838884906,nan
1249280.0,0.07685688813430944,0.1793487599541978,nan
1251328.0,0.08834528940186111,0.2111950930873442,nan
1253376.0,0.10552626403566218,0.2084843050546694,nan
1255424.0,0.07033322315185467,0.2234835730335707,nan
1257472.0,0.07319102059331083,0.1946535554717403,nan
1259520.0,0.09825315398346707,0.21059242551023627,nan
1261568.0,0.07653562672599744,0.21879836632783228,nan
1263616.0,0.09420932529937964,0.20890281775111227,nan
1265664.0,0.09176175538116263,0.22534734341464127,nan
1267712.0,0.11517785820528378,0.21486863081794932,nan
1269760.0,0.08277777679963999,0.2022659548925129,nan
1271808.0,0.124141697198766,0.21815260200816147,nan
1273856.0,0.07676864342814502,0.1993045397342433,nan
1275904.0,0.08305795292117234,0.2248684185254579,nan
1277952.0,0.08035029760196309,0.19472447280122926,nan
1280000.0,0.1014502652943492,0.21775319043655678,nan
1282048.0,0.07724958637370673,0.21136407003041846,nan
1284096.0,0.1048785138863163,0.2042437455600837,nan
1286144.0,0.06878546034316316,0.20565218714929606,nan
1288192.0,0.13154466295070794,0.2026323019039674,nan
1290240.0,0.08907994806175754,0.2250795696038066,nan
1292288.0,0.09774697399644242,0.20663534209183793,nan
1294336.0,0.0905328964889288,0.2226912601491503,nan
1296384.0,0.12750903837360444,0.2070567812996007,nan
1298432.0,0.10481222676992333,0.18864563810612642,nan
1300480.0,0.06972762186613408,0.18247252091457122,nan
1302528.0,0.07128293276119702,0.2050273820068712,nan
1304576.0,0.10092867525105534,0.218494588195193,30.12474012474012
1306624.0,0.05149801942733259,0.1556374232264566,nan
1308672.0,0.1274337669460061,0.20991720319211052,nan
1310720.0,0.10157874935606037,0.21510442680851596,nan
1312768.0,0.0838259857413706,0.20792409464683181,nan
1314816.0,0.1377149392134589,0.23593207522553597,nan
1316864.0,0.09266761456568257,0.1961542652611171,nan
1318912.0,0.09133848915265691,0.21204902880003243,nan
1320960.0,0.09126582443023187,0.19515089620511603,nan
1323008.0,0.08708152466635172,0.20080718143829834,nan
1325056.0,0.045788210992298226,0.19667534417621726,nan
1327104.0,0.12072225484015119,0.22390916902670233,nan
1329152.0,0.09322706475199913,0.20055209761991777,nan
1331200.0,0.0956928430004817,0.19745286937991544,nan
1333248.0,0.10177276797313262,0.21605062625332003,nan
1335296.0,0.12626098201703026,0.2295607574485822,nan
1337344.0,0.10424701241913549,0.18863021182759632,nan
1339392.0,0.09423902701501219,0.2190251398513034,nan
1341440.0,0.11137590242391514,0.21990358769046517,nan
1343488.0,0.09085631699815955,0.2001764825056126,nan
1345536.0,0.08026025985370538,0.2026648223387136,nan
1347584.0,0.12654071832605257,0.22084670351553565,nan
1349632.0,0.08941805627633065,0.18791526219955754,nan
1351680.0,0.1153970000517324,0.2387804966006981,nan
1353728.0,0.07957186423690096,0.19138667139378615,nan
1355776.0,0.10329816262577635,0.19376709361123348,nan
1357824.0,0.08370003094113093,0.18886037241977163,nan
1359872.0,0.13647616475591712,0.2156926912740211,nan
1361920.0,0.09664266462926617,0.21949884112905463,nan
1363968.0,0.13119269678478546,0.20642406860958645,nan
1366016.0,0.08519938055879,0.1914947485780213,nan
1368064.0,0.1272546267695693,0.2146719513355042,nan
1370112.0,0.12930519738836926,0.2187254337533181,nan
1372160.0,0.07767291619618354,0.21283425335368986,nan
1374208.0,0.12582961524026742,0.23238685283680516,nan
1376256.0,0.10719021059611065,0.18532022651342028,nan
1378304.0,0.10892575277798833,0.20682656095154375,nan
1380352.0,0.07482950007346525,0.2195083718746379,nan
1382400.0,0.06134687670859523,0.20484524056163267,nan
1384448.0,0.13158794293758325,0.22505772045046601,nan
1386496.0,0.14285066783721484,0.23777090973234485,nan
1388544.0,0.0795701535962813,0.1825823723684743,nan
1390592.0,0.10575693161057509,0.18294970066446564,nan
1392640.0,0.09434285874691566,0.1790941990900948,nan
1394688.0,0.07835780822372371,0.22755235253845985,nan
1396736.0,0.07456890896957272,0.207499824840312,nan
1398784.0,0.07253545757804127,0.239536947802668,nan
1400832.0,0.09495180805358436,0.22500617770003556,nan
1402880.0,0.10791336848237132,0.21848823890282945,nan
1404928.0,0.09126130274656331,0.21831646830244125,38.66943866943868
1406976.0,0.0902204109579478,0.21819813913425556,nan
1409024.0,0.09104272757604015,0.21419981919364622,nan
1411072.0,0.11945560804577027,0.19524520416527136,nan
1413120.0,0.06915137766644114,0.1993171123271629,nan
1415168.0,0.11539803693294017,0.22054828154336442,nan
1417216.0,0.0972948924102203,0.21277254373402257,nan
1419264.0,0.0631785715247129,0.1781898245867025,nan
1421312.0,0.1233495814701098,0.20599462023606005,nan
1423360.0,0.09402747400533804,0.19804361821905223,nan
1425408.0,0.10411042789606756,0.20254461600365722,nan
1427456.0,0.112230523626266,0.2056663741370918,nan
1429504.0,0.11614751505834377,0.21721597158210562,nan
1431552.0,0.11532824068146275,0.20341429949642179,nan
1433600.0,0.12484765808440859,0.20748256038674204,nan
1435648.0,0.09628772791377256,0.2178904324284717,nan
1437696.0,0.12977266891329403,0.23034272993726582,nan
1439744.0,0.11065762913439615,0.21824705643968592,nan
1441792.0,0.10785994741038701,0.22648630078908039,nan
1443840.0,0.07469433159424596,0.20216732898374554,nan
1445888.0,0.081837394375945,0.22124343516956327,nan
1447936.0,0.08886496928101356,0.19529230849475365,nan
1449984.0,0.10631947485441152,0.2113179235579123,nan
1452032.0,0.13231181110715473,0.22291667609670074,nan
1454080.0,0.1022196870045537,0.20031681016221162,nan
1456128.0,0.09807977108887544,0.21822682982458722,nan
1458176.0,0.0799230624028984,0.20055236900781437,nan
1460224.0,0.09324050101966463,0.20192417505423108,nan
1462272.0,0.12076608884627954,0.23157488669335377,nan
1464320.0,0.10594794284360037,0.20776583323502212,nan
1466368.0,0.08953002687723824,0.18618812194025322,nan
1468416.0,0.10879470494987975,0.20403575046461936,nan
1470464.0,0.14979082834841675,0.22806879583945533,nan
1472512.0,0.12552812445219935,0.21959581306203016,nan
1474560.0,0.08446755925064615,0.2155146653724166,nan
1476608.0,0.11693513363375967,0.2251003114083272,nan
1478656.0,0.14052502174273457,0.22223155868737587,nan
1480704.0,0.12308990904104206,0.201391508170804,nan
1482752.0,0.09828939286524752,0.21961274976835737,nan
1484800.0,0.11675139165308442,0.2123896392972901,nan
1486848.0,0.06737838175627249,0.21884488733752372,nan
1488896.0,0.06811364398043006,0.21471351696278193,nan
1490944.0,0.11832908963936625,0.21490915804660726,nan
1492992.0,0.08452365364602443,0.22335384025589716,nan
1495040.0,0.11021798930493493,0.22889071016986134,nan
1497088.0,0.11747397383063549,0.2094972372253963,nan
1499136.0,0.09895414021747588,0.20386300653748007,nan
1501184.0,0.14041537717098823,0.22683774585807875,nan
1503232.0,0.07231950412434837,0.1905733050452045,nan
1505280.0,0.09425048397599464,0.2345498092921136,32.2972972972973
1507328.0,0.09526078562401138,0.20752991055667735,nan
1509376.0,0.11135013660648055,0.21943196306623175,nan
1511424.0,0.16902208096660043,0.22503595540852978,nan
1513472.0,0.07827456183710388,0.20681793063233173,nan
1515520.0,0.07738504990174624,0.21933197516977773,nan
1517568.0,0.06882518929159893,0.20239988207960483,nan
1519616.0,0.10108673191165904,0.22516350758482412,nan
1521664.0,0.0794483169914142,0.21150062036203554,nan
1523712.0,0.10158445528955067,0.1903389382548742,nan
1525760.0,0.11021560029571206,0.19198764772400903,nan
1527808.0,0.10939370336278686,0.2198596546449077,nan
1529856.0,0.10108159924737156,0.21796236122127757,nan
1531904.0,0.1026509067802068,0.21033423607089363,nan
1533952.0,0.11751441533686086,0.22507640696346462,nan
1536000.0,0.11906934612864595,0.21883045080604202,nan
1538048.0,0.11018401776074388,0.2170785503436938,nan
1540096.0,0.10185106401392477,0.18587729733274985,nan
1542144.0,0.12257674606984063,0.2323882440995499,nan
1544192.0,0.1186298280620349,0.22440932108340972,nan
1546240.0,0.1156911695093896,0.2305555505902176,nan
1548288.0,0.09462268726391404,0.21691099728871557,nan
1550336.0,0.13581216077941946,0.20324617727655844,nan
1552384.0,0.11883587991194641,0.23129112352298994,nan
1554432.0,0.09489622385359428,0.2118635189481235,nan
1556480.0,0.13070528996770442,0.22304445332506168,nan
1558528.0,0.08374476289268856,0.2045625741334997,nan
1560576.0,0.11559392520117763,0.2074271207635829,nan
1562624.0,0.14342963864741082,0.2236366408673974,nan
1564672.0,0.11953823613465905,0.23584876895489254,nan
1566720.0,0.09577755296619983,0.21408932974632394,nan
1568768.0,0.1309036947252055,0.21558621784611298,nan
1570816.0,0.09927240155288104,0.21221823696227737,nan
1572864.0,0.11368633583194135,0.2252819014626122,nan
1574912.0,0.10464597074690603,0.22126547022361734,nan
1576960.0,0.11888032304793872,0.22246221883679965,nan
1579008.0,0.0942039238775573,0.23566853568193025,nan
1581056.0,0.04957947027819709,0.21207720911779604,nan
1583104.0,0.08858411168959508,0.19750699371418126,nan
1585152.0,0.07783253346598568,0.21813802958580894,nan
1587200.0,0.10315055997016656,0.2282118889761718,nan
1589248.0,0.10623814789566477,0.2149226093939142,nan
1591296.0,0.10871758704162895,0.20998306864992372,nan
1593344.0,0.10136028992845876,0.1986592185690588,nan
1595392.0,0.11902345702756936,0.20437881072593278,nan
1597440.0,0.12097054253971387,0.20945921610897153,nan
1599488.0,0.11190254127881673,0.20645746580997273,nan
1601536.0,0.0776434610787918,0.20421066679024516,nan
1603584.0,0.1231032232647613,0.22062817805596194,nan
1605632.0,0.1059156759586603,0.2226116187968856,36.070686070686065
1607680.0,0.09290127607476983,0.19605848395667252,nan
1609728.0,0.07106145350670313,0.20527492560951702,nan
1611776.0,0.10366149294468292,0.2165851230999393,nan
1613824.0,0.15596951024374672,0.22056005173373816,nan
1615872.0,0.11619422367301577,0.1880191097051886,nan
1617920.0,0.15550556306918528,0.21965202751917334,nan
1619968.0,0.15475637199831704,0.2202846314119264,nan
1622016.0,0.09780485823988522,0.20483049511601126,nan
1624064.0,0.1450683351753687,0.2146830845065521,nan
1626112.0,0.1467839196980591,0.2299804209401885,nan
1628160.0,0.12738207851126873,0.21441295368321514,nan
1630208.0,0.11457082167913232,0.21803692870614358,nan
1632256.0,0.11548461248027649,0.2271125664201549,nan
1634304.0,0.15021470064308365,0.22250004797512835,nan
1636352.0,0.13561094208579014,0.21019231642897632,nan
1638400.0,0.12825163812067455,0.21861188292235703,nan
1640448.0,0.13726876383676803,0.22143231409380257,nan
1642496.0,0.06696496127147002,0.21143381912657333,nan
1644544.0,0.118645629689014,0.21157138130987674,nan
1646592.0,0.12252061858335603,0.20899725241641284,nan
1648640.0,0.17701945205278263,0.1985254672414652,nan
1650688.0,0.07866721357603361,0.21526449275731896,nan
1652736.0,0.11407135389259462,0.22601018914263016,nan
1654784.0,0.12628947177366756,0.23490585003373338,nan
1656832.0,0.13246481623560788,0.21183247504490016,nan
1658880.0,0.12496687216480898,0.21374442257375925,nan
1660928.0,0.14705514674435755,0.23422429327833486,nan
1662976.0,0.06965804609592041,0.20291507356288283,nan
1665024.0,0.07316657557897702,0.21377775521360043,nan
1667072.0,0.09335252336384796,0.22532108852363672,nan
1669120.0,0.10535170634056507,0.21461107876604146,nan
1671168.0,0.15575081297946974,0.21406914955032133,nan
1673216.0,0.11874445085121012,0.2243629405212252,nan
1675264.0,0.11105655561194111,0.2202027388014134,nan
1677312.0,0.11439086307116926,0.21658034905055557,nan
1679360.0,0.11094129033558481,0.23877621273861482,nan
1681408.0,0.11989020866452309,0.23542048687998807,nan
1683456.0,0.1213245520249308,0.21673254907168746,nan
1685504.0,0.08130814439157551,0.21908980790684907,nan
1687552.0,0.09270417191260263,0.20630686629477205,nan
1689600.0,0.09916113719481523,0.22819319128255802,nan
1691648.0,0.11189635484706406,0.22034101331317674,nan
1693696.0,0.11073835471537588,0.2205064728486803,nan
1695744.0,0.12170135629984918,0.2298912236716658,nan
1697792.0,0.13751642203614783,0.21844061887817554,nan
1699840.0,0.10047824717684925,0.20845436001221845,nan
1701888.0,0.11461196152926686,0.21831131883000343,nan
1703936.0,0.1379997017727717,0.2367394299341582,nan
1705984.0,0.12480083523362649,0.2414014716420112,39.272349272349274
1708032.0,0.144441648527449,0.222304520587988,nan
1710080.0,0.13204499996631305,0.231436629024425,nan
1712128.0,0.1364722069595518,0.23996819629766428,nan
1714176.0,0.1750951646745812,0.21141893372925694,nan
1716224.0,0.14768523723359844,0.2243063973760717,nan
1718272.0,0.12419293655976535,0.22197288524309278,nan
1720320.0,0.09316790452927712,0.22126640284597765,nan
1722368.0,0.11034339229897867,0.20230922503600396,nan
1724416.0,0.08735163504913734,0.21777002005229626,nan
1726464.0,0.1027920473876337,0.22943073935235703,nan
1728512.0,0.09900470039795636,0.21525349459778756,nan
1730560.0,0.11887011224996652,0.22945035386926985,nan
1732608.0,0.1318732284337913,0.2249611356907341,nan
1734656.0,0.10791270992368249,0.2410484209878319,nan
1736704.0,0.12424626011210689,0.20424492244546483,nan
1738752.0,0.15208657648463156,0.22060072543949943,nan
1740800.0,0.1316561249875479,0.23734723942414546,nan
1742848.0,0.12017928795143931,0.2248267213748496,nan
1744896.0,0.128502454309514,0.2252543938618041,nan
1746944.0,0.10369369064485259,0.21185593036587289,nan
1748992.0,0.13118699663056882,0.22763727806961692,nan
1751040.0,0.06671707806017764,0.20611514874974352,nan
1753088.0,0.14561290689859888,0.23224882177585313,nan
1755136.0,0.07855058789487904,0.22554694067900208,nan
1757184.0,0.09573965570686055,0.21051432272542084,nan
1759232.0,0.14661289566530936,0.22884797063583107,nan
1761280.0,0.07540446020713246,0.21621216235114157,nan
1763328.0,0.11878315793901319,0.23205974472975416,nan
1765376.0,0.067479537802505,0.2208295370266784,nan
1767424.0,0.146001783944182,0.2086148958811251,nan
1769472.0,0.1476021505886919,0.23195124113150495,nan
1771520.0,0.11558110195280787,0.2120765959501721,nan
1773568.0,0.12129866904954952,0.21751031206205781,nan
1775616.0,0.15696964700840088,0.22728909212910842,nan
1777664.0,0.17011596660493447,0.23424302212379186,nan
1779712.0,0.15062444356371385,0.2201767352547488,nan
1781760.0,0.16403082791624296,0.23776885189834207,nan
1783808.0,0.1106103855501631,0.18728125924445072,nan
1785856.0,0.09410492343317106,0.2144773291731175,nan
1787904.0,0.14133173390973358,0.22910991796951927,nan
1789952.0,0.19256354327846736,0.23937305889574736,nan
1792000.0,0.11367146243966318,0.2245004849058524,nan
1794048.0,0.12161342321148642,0.22110426718973986,nan
1796096.0,0.15273498403652752,0.22133864352176702,nan
1798144.0,0.08491723448871438,0.2158727862655229,nan
1800192.0,0.11958185508350418,0.23355300428089912,nan
1802240.0,0.13228097480614673,0.22644843042506013,nan
1804288.0,0.17570016030718327,0.23517704020450567,nan
1806336.0,0.14339473413152842,0.2442139840588539,51.143451143451145
1808384.0,0.1770922299053912,0.22299649309593916,nan
1810432.0,0.12070750168511686,0.24319880589310844,nan
1812480.0,0.1564023348518725,0.23655269011201366,nan
1814528.0,0.16827716810510762,0.22852467146633237,nan
1816576.0,0.11983022316402815,0.23673951792868395,nan
1818624.0,0.11676556987723793,0.218861688296019,nan
1820672.0,0.125551655229488,0.20859646314422778,nan
1822720.0,0.16719515790217124,0.22605070458229265,nan
1824768.0,0.09714004651622679,0.21447821202821227,nan
1826816.0,0.17153358080074466,0.2359121889521796,nan
1828864.0,0.08719107033862533,0.21671852306199219,nan
1830912.0,0.18104745836118943,0.21438063592356965,nan
1832960.0,0.16360114694282454,0.2276565911475848,nan
1835008.0,0.14137131669542446,0.22615340664618608,nan
1837056.0,0.11355741420275763,0.20838183088934956,nan
1839104.0,0.1387547999497558,0.20984018347486832,nan
1841152.0,0.10837091676362859,0.2266630544662577,nan
1843200.0,0.13509101910430382,0.23225187945193848,nan
1845248.0,0.09768361704872561,0.20987179666075678,nan
1847296.0,0.17294931815458525,0.22433656167164656,nan
1849344.0,0.16661257999730505,0.22664410953350783,nan
1851392.0,0.10949879663752242,0.24130087239825065,nan
1853440.0,0.09083045094820195,0.2208946660887303,nan
1855488.0,0.11963403866720773,0.23704820104136795,nan
1857536.0,0.15147132288574683,0.21780638944859443,nan
1859584.0,0.09627505948067538,0.21699293149242926,nan
1861632.0,0.13115896260726256,0.23713156849718747,nan
1863680.0,0.12491468728126891,0.22335622843472724,nan
1865728.0,0.11290833413151546,0.2191292736051259,nan
1867776.0,0.13568269666158947,0.21606361546764946,nan
1869824.0,0.1707193890158409,0.2151886785002555,nan
1871872.0,0.11304999381235298,0.22088880966260757,nan
1873920.0,0.10187115044521608,0.22361519390057327,nan
1875968.0,0.13047810834505008,0.22894530651319017,nan
1878016.0,0.10766655437827896,0.2195450279402293,nan
1880064.0,0.14109179321326898,0.23892347264905994,nan
1882112.0,0.11203482882733096,0.22440327743726676,nan
1884160.0,0.1505786491170206,0.23562039922261735,nan
1886208.0,0.09518389097077823,0.2368870545426633,nan
1888256.0,0.21233864121484305,0.20896128297629973,nan
1890304.0,0.23317359940782012,0.2015507649999682,nan
1892352.0,0.1357678402661546,0.2034007815800478,nan
1894400.0,0.16892995275148773,0.2053516911774626,nan
1896448.0,0.16283701168363962,0.2235856096162417,nan
1898496.0,0.1133292454462861,0.22750674664637724,nan
1900544.0,0.15179801665691156,0.22409713636310233,nan
1902592.0,0.13256565097543743,0.2141034780506483,nan
1904640.0,0.19407010095891575,0.226184596685617,nan
1906688.0,0.17344875973284263,0.22172618864231827,44.22037422037422
1908736.0,0.12639956526547447,0.2310661845654413,nan
1910784.0,0.11976275106148751,0.23643476373934375,nan
1912832.0,0.16185902488394738,0.23206638531321583,nan
1914880.0,0.14986015080754764,0.22954938080785917,nan
1916928.0,0.11079242821393484,0.2111918804663853,nan
1918976.0,0.06302235501496005,0.19914277287139429,nan
1921024.0,0.19136222016330826,0.22177993459772774,nan
1923072.0,0.16768218449686234,0.21873217072761922,nan
1925120.0,0.11458920725609105,0.21275190156334414,nan
1927168.0,0.13045615520959752,0.19631270051164154,nan
1929216.0,0.13731449812043278,0.21829146325373674,nan
1931264.0,0.15768730299328987,0.20434276755807157,nan
1933312.0,0.11380411567161483,0.2022772023068062,nan
1935360.0,0.10672626448300865,0.2115953292535096,nan
1937408.0,0.13668192437359555,0.22673640618687557,nan
1939456.0,0.14767216037197717,0.23172666141651876,nan
1941504.0,0.11113391363251716,0.22588608009359584,nan
1943552.0,0.17153613584952634,0.22411154585187254,nan
1945600.0,0.19699769953728646,0.21398790084107036,nan
1947648.0,0.1390385444433218,0.21886626288433855,nan
1949696.0,0.11366912231903395,0.2313238172338771,nan
1951744.0,0.11817108538636861,0.24238723512937912,nan
1953792.0,0.1469456995859399,0.22846770593702864,nan
1955840.0,0.19443569271276068,0.22050473921835964,nan
1957888.0,0.1724886883290659,0.21945832670613225,nan
1959936.0,0.13806708726089179,0.23963550138398618,nan
1961984.0,0.06509930316767153,0.19759243620908198,nan
1964032.0,0.15827281557230052,0.20855004579854716,nan
1966080.0,0.1880031757213907,0.20711073006305822,nan
1968128.0,0.08559711670799558,0.23169334195725164,nan
1970176.0,0.17713564005429316,0.24105156778010717,nan
1972224.0,0.18200041650178575,0.2250658171696565,nan
1974272.0,0.19595007727731817,0.22053114187831302,nan
1976320.0,0.16412768192232802,0.23057734283072415,nan
1978368.0,0.20383421239845906,0.2197989453346678,nan
1980416.0,0.12862319735117422,0.2201354682482456,nan
1982464.0,0.16366090617482376,0.23704049279937464,nan
1984512.0,0.23097337052365857,0.21259589261515174,nan
1986560.0,0.20665170180020564,0.21743114499228192,nan
1988608.0,0.15477551406020446,0.2120508669431286,nan
1990656.0,0.136145072656583,0.23324623253198343,nan
1992704.0,0.14847224388388153,0.23911096367169352,nan
1994752.0,0.12211928129966174,0.23467114501566624,nan
1996800.0,0.16182829332890084,0.22347129963287074,nan
1998848.0,0.11896961267242259,0.21279457269956942,nan
2000896.0,0.15253217330216923,0.23219399065062513,nan
2002944.0,0.15944872135884985,0.22770396306509078,nan
2004992.0,0.14048060112198668,0.22634462677239903,nan
2007040.0,0.1030303884863884,0.1958347458211593,38.75259875259876
2009088.0,0.09963821221286255,0.20966139805650755,nan
2011136.0,0.14001913469671934,0.1960786054274962,nan
2013184.0,0.11927388991522389,0.22115542860555706,nan
2015232.0,0.1581899779011911,0.22817620423820487,nan
2017280.0,0.17353793079428026,0.21954269960018333,nan
2019328.0,0.20172357283288941,0.21535208187452717,nan
2021376.0,0.1438375617449152,0.21112452636992196,nan
2023424.0,0.1281452561778275,0.2347647363964619,nan
2025472.0,0.10871046062231864,0.22990762936273804,nan
2027520.0,0.15734407663387662,0.22924961921601278,nan
2029568.0,0.15722898612138209,0.2327950926496063,nan
2031616.0,0.11899030596514398,0.23309287923597463,nan
2033664.0,0.16695255353745073,0.23499576906285904,nan
2035712.0,0.15630853586561982,0.2430481986804081,nan
2037760.0,0.1914827744106693,0.23053335449783102,nan
2039808.0,0.1673397136158548,0.23619529822144508,nan
2041856.0,0.20739563339537168,0.2161837533413864,nan
2043904.0,0.18637235777480132,0.23420987454864922,nan
2045952.0,0.1615299410584268,0.23952129130522093,nan
2048000.0,0.15003551915046437,0.22591833882828236,nan
2050048.0,0.16277608224333193,0.23775822471632307,nan
2052096.0,0.16869401213892055,0.24038998284207586,nan
2054144.0,0.14420325423128058,0.2437201495200328,nan
2056192.0,0.24668887156931382,0.2034437366323876,nan
2058240.0,0.15599645741718457,0.23056902229770487,nan
2060288.0,0.15364992425051305,0.2207523234086419,nan
2062336.0,0.15340643242812754,0.23886371945277282,nan
2064384.0,0.19436942072984859,0.22525486596605093,nan
2066432.0,0.2095034576672996,0.22572646530243307,nan
2068480.0,0.23486453439523539,0.21015134309518604,nan
2070528.0,0.16129824335779952,0.23881887379106895,nan
2072576.0,0.11641146489808585,0.22436393399452537,nan
2074624.0,0.2358940086630465,0.20889224932124947,nan
2076672.0,0.18014869539186046,0.2268836726900594,nan
2078720.0,0.09513971439865526,0.24397589798783284,nan
2080768.0,0.22680359176454415,0.21482674574753713,nan
2082816.0,0.16721600911377849,0.2374483844221892,nan
2084864.0,0.23347679824563464,0.21283735339412485,nan
2086912.0,0.20822175458440373,0.22672651505727734,nan
2088960.0,0.19221893028165682,0.23060799120136427,nan
2091008.0,0.27564859313964085,0.19747693699241023,nan
2093056.0,0.17172110172377295,0.24663202900603867,nan
2095104.0,0.24455942482389242,0.21344490567781055,nan
2097152.0,0.20324186490332152,0.2181935481711936,nan
2099200.0,0.19807224375730248,0.2365992255419638,nan
2101248.0,0.16050787672693678,0.22605318251935347,nan
2103296.0,0.17521061240601374,0.22940151240482148,nan
2105344.0,0.1318652347869737,0.2349499055782163,nan
2107392.0,0.18343292588039262,0.22008515196609005,57.723492723492726
2109440.0,0.2032024629505763,0.23254287053381,nan
2111488.0,0.21614907866459038,0.22756030625584955,nan
2113536.0,0.23007975613833548,0.2126197082080167,nan
2115584.0,0.0797582168780798,0.2401187783271739,nan
2117632.0,0.2795000527521568,0.1875757289800689,nan
2119680.0,0.06759138981582732,0.23929800992845168,nan
2121728.0,0.1900251258658055,0.22825808800937133,nan
2123776.0,0.2089596886995939,0.21602223951766306,nan
2125824.0,0.19494563317502323,0.2031797441109225,nan
2127872.0,0.10118143789590882,0.24010835154323323,nan
2129920.0,0.20716216026755385,0.214741793924353,nan
2131968.0,0.2753862428924775,0.18545741800496499,nan
2134016.0,0.1486399393897874,0.23611930152089125,nan
2136064.0,0.11593267494788023,0.2598065152888799,nan
2138112.0,0.22128692133479816,0.22687329085588756,nan
2140160.0,0.24165177152545847,0.2027116357953361,nan
2142208.0,0.2998806321653613,0.16838513646579575,nan
2144256.0,0.11738337917047703,0.21170865783454468,nan
2146304.0,0.2371691466045373,0.21781081493193244,nan
2148352.0,0.18869937954322996,0.22436688800275953,nan
2150400.0,0.21363038591630812,0.22586313082913215,nan
2152448.0,0.12572557514675683,0.22104983242213874,nan
2154496.0,0.28363845096543416,0.19289878192247556,nan
2156544.0,0.18172093494501101,0.2273009876482678,nan
2158592.0,0.23124963756510036,0.204118914468114,nan
2160640.0,0.17679558271077744,0.23753659113137246,nan
2162688.0,0.14609010282993745,0.22526993981454346,nan
2164736.0,0.1899695686630265,0.23581944163191748,nan
2166784.0,0.09019750799177542,0.24593644103562687,nan
2168832.0,0.139430286542311,0.2472595928243982,nan
2170880.0,0.1841775910153657,0.23691637918305564,nan
2172928.0,0.1794412943332902,0.2351579722856731,nan
2174976.0,0.15336251677472623,0.23408799899503643,nan
2177024.0,0.23822043771108212,0.22460609922659774,nan
2179072.0,0.1808664396311065,0.2420607830646272,nan
2181120.0,0.2331014104220953,0.22176621714353997,nan
2183168.0,0.14373477721727837,0.24541463111397788,nan
2185216.0,0.23246192826175222,0.21668603556912522,nan
2187264.0,0.18395647465986859,0.24539241360566122,nan
2189312.0,0.1837813030030942,0.23476624299857166,nan
2191360.0,0.13963054829669413,0.224848472131817,nan
2193408.0,0.19277630626443026,0.23549170633465827,nan
2195456.0,0.22568119789498847,0.2255919859767942,nan
2197504.0,0.2241450659355755,0.2180496267800896,nan
2199552.0,0.24857758727824167,0.21626330821886877,nan
2201600.0,0.2058911661169905,0.22158179072424092,nan
2203648.0,0.1916238609539319,0.21913784677208284,nan
2205696.0,0.17872499862244845,0.22710404615180946,nan
2207744.0,0.2270171572350102,0.22664528970586906,64.33471933471935
2209792.0,0.19045523579412288,0.241997560392427,nan
2211840.0,0.18498084303134588,0.2353432355716413,nan
2213888.0,0.14690528482911375,0.21587591806726494,nan
2215936.0,0.22640750616829952,0.2239168629751447,nan
2217984.0,0.23960174923495106,0.20759221419697507,nan
2220032.0,0.11337433322343803,0.22407366631113892,nan
2222080.0,0.20988048348190688,0.22389965195655992,nan
2224128.0,0.171062814877277,0.2293162388372073,nan
2226176.0,0.1421269286562313,0.22365542628679408,nan
2228224.0,0.23057268360639444,0.21432381401980158,nan
2230272.0,0.25487216778362326,0.19843281132849472,nan
2232320.0,0.22689045835739013,0.22624446050914554,nan
2234368.0,0.11631021923263479,0.24622651722931665,nan
2236416.0,0.2624521955790734,0.20248533406267158,nan
2238464.0,0.15508773124665642,0.23280335433744945,nan
2240512.0,0.23437968177031263,0.2097981177901287,nan
2242560.0,0.18343385547477709,0.22722021116704372,nan
2244608.0,0.14449001584290722,0.24517512633928057,nan
2246656.0,0.22035507823261236,0.2262282728806206,nan
2248704.0,0.26389883308014317,0.20246225648938845,nan
2250752.0,0.19788723487177318,0.23214617100723353,nan
2252800.0,0.18600030141856838,0.24657346783809866,nan
2254848.0,0.08475821183081098,0.22324625865186074,nan
2256896.0,0.17675966499777337,0.23853630760579408,nan
2258944.0,0.2287321139814195,0.21192992250675546,nan
2260992.0,0.20697450123077615,0.21667869616024032,nan
2263040.0,0.19009646095470284,0.23439958934101468,nan
2265088.0,0.15296949769067375,0.23911052323692134,nan
2267136.0,0.2025346396075126,0.23202858455921857,nan
2269184.0,0.21028110022702645,0.2228107424636623,nan
2271232.0,0.20239583574771142,0.22318080783391622,nan
2273280.0,0.17512842334435288,0.23874457880655495,nan
2275328.0,0.16548549299105897,0.22927913266737793,nan
2277376.0,0.1481172182426036,0.23595022567494614,nan
2279424.0,0.15123536696554768,0.24495790166822554,nan
2281472.0,0.18742427296202188,0.2298957187032178,nan
2283520.0,0.23283028261186572,0.2158443325350352,nan
2285568.0,0.26990591786898743,0.1840811715587902,nan
2287616.0,0.09876218930973055,0.23696170151718632,nan
2289664.0,0.18229760252598398,0.24358262789264046,nan
2291712.0,0.23006379056300585,0.2207275851293654,nan
2293760.0,0.21781330038292376,0.19660955213897544,nan
2295808.0,0.09800464758571968,0.22827906906911036,nan
2297856.0,0.2583122661661179,0.20719543468178825,nan
2299904.0,0.1538837148475102,0.24278935569837365,nan
2301952.0,0.20075209019732312,0.22785739123196802,nan
2304000.0,0.13520398264691288,0.23458518612335577,nan
2306048.0,0.15832698171953186,0.24337835646445055,nan
2308096.0,0.1665137895926732,0.23848113896077894,62.73388773388774
2310144.0,0.23614294007763215,0.20563668214122324,nan
2312192.0,0.16345124862929572,0.23388796866096728,nan
2314240.0,0.14188081908344918,0.24124726885840997,nan
2316288.0,0.23146775233121966,0.21568469945358534,nan
2318336.0,0.16674808479174252,0.23395691098622773,nan
2320384.0,0.2047935812696578,0.22359956153272265,nan
2322432.0,0.19041042582445122,0.23664327522051962,nan
2324480.0,0.14104935685935147,0.21399441562279722,nan
2326528.0,0.2012971844002319,0.22071254633308243,nan
2328576.0,0.2790286804564911,0.193701464124021,nan
2330624.0,0.16104549648417987,0.2463540476920757,nan
2332672.0,0.24015137450873375,0.21733286632875112,nan
2334720.0,0.13357429068842214,0.2397266027548055,nan
2336768.0,0.177286444462732,0.23115413343710764,nan
2338816.0,0.17351206939729696,0.22695488307672468,nan
2340864.0,0.1519039298393817,0.23163081701433352,nan
2342912.0,0.19962436097128666,0.22630539314730638,nan
2344960.0,0.23078482535756523,0.2068914616897573,nan
2347008.0,0.1545470712664555,0.2313491882616006,nan
2349056.0,0.1750725439492371,0.2350553118967373,nan
2351104.0,0.1931679040355979,0.22195207673994416,nan
2353152.0,0.19403643675774535,0.2191201637831966,nan
2355200.0,0.2044761186331902,0.22457663051857515,nan
2357248.0,0.2421223379136797,0.21972878140280988,nan
2359296.0,0.17739808256265774,0.23457750754937587,nan
2361344.0,0.26774753050814337,0.2018739942164943,nan
2363392.0,0.3118095312753953,0.14443385948216123,nan
2365440.0,0.25186965730406513,0.21173101643183342,nan
2367488.0,0.2932307992768183,0.17194541087851867,nan
2369536.0,0.1933598211477045,0.21996988818152066,nan
2371584.0,0.13074382357285771,0.23773628228115698,nan
2373632.0,0.17444848141379615,0.20966639533474227,nan
2375680.0,0.19075444907561984,0.20346251086448197,nan
2377728.0,0.20900024247558183,0.22456836721890328,nan
2379776.0,0.10907815721652286,0.22586763699625195,nan
2381824.0,0.21903505480259655,0.20797583402209974,nan
2383872.0,0.1992184024640881,0.21004543991677369,nan
2385920.0,0.22412708802409337,0.22883068213789778,nan
2387968.0,0.15513966563948023,0.2446833142977611,nan
2390016.0,0.1685270135697713,0.24394826306589693,nan
2392064.0,0.23305690313782254,0.22290713067015347,nan
2394112.0,0.28545719525016955,0.17569898201321119,nan
2396160.0,0.21878203534759064,0.22382387342611434,nan
2398208.0,0.22224831051714466,0.22516991941987902,nan
2400256.0,0.22097682514485112,0.21229199536771276,nan
2402304.0,0.21612938155634118,0.20944572820480908,nan
2404352.0,0.24631723102324898,0.20555029865577626,nan
2406400.0,0.27037412627217683,0.19080943918951224,nan
2408448.0,0.2052442721625638,0.22977413050908324,72.00623700623701
2410496.0,0.22556142435610096,0.21415424662475355,nan
2412544.0,0.2258525490375226,0.21884196536606573,nan
2414592.0,0.22004300862017273,0.21543374757579256,nan
2416640.0,0.21153758681237303,0.2272400603524441,nan
2418688.0,0.2740353786013784,0.17878068323922947,nan
2420736.0,0.09599165155137511,0.21500181969743828,nan
2422784.0,0.16022524692741916,0.2299369979496651,nan
2424832.0,0.25502943215464335,0.1919460743516475,nan
2426880.0,0.20738511525464037,0.22415721546007808,nan
2428928.0,0.1587254739968269,0.24935904459957625,nan
2430976.0,0.20475607101849053,0.22951386966539755,nan
2433024.0,0.14701989901635815,0.2515286708180671,nan
2435072.0,0.17833321601401075,0.23047272220255932,nan
2437120.0,0.1830107859907762,0.22823123095812506,nan
2439168.0,0.21535819628274125,0.22096801395265833,nan
2441216.0,0.14196697961640614,0.22668654252711914,nan
2443264.0,0.20303455243278845,0.2217152014671081,nan
2445312.0,0.24518807755815494,0.22617795560943196,nan
2447360.0,0.2176173303814628,0.22949442219054778,nan
2449408.0,0.17512048499584443,0.2463580035584354,nan
2451456.0,0.2646525888782273,0.19989098505653985,nan
2453504.0,0.1420391616090343,0.2353502658221558,nan
2455552.0,0.21706584993503977,0.22540475528905907,nan
2457600.0,0.30276986888457086,0.16312192049567859,nan
2459648.0,0.2675119846766647,0.20838211499874562,nan
2461696.0,0.1396092223799959,0.2269906240471397,nan
2463744.0,0.10712802070629997,0.24764213332153953,nan
2465792.0,0.179919169701587,0.23447205469252774,nan
2467840.0,0.19517106607197882,0.22714211189774794,nan
2469888.0,0.22021592731740258,0.2159591418074492,nan
2471936.0,0.23374630268484087,0.21149135638067718,nan
2473984.0,0.19552966587342419,0.22001705295712662,nan
2476032.0,0.15212070541855247,0.2373574540658649,nan
2478080.0,0.21142509740117166,0.23468054990367454,nan
2480128.0,0.21546605472160058,0.2189415977613015,nan
2482176.0,0.22660066506050114,0.20692839552040898,nan
2484224.0,0.23030906076024166,0.21913314629608782,nan
2486272.0,0.22398987215883162,0.21676134985365322,nan
2488320.0,0.24310874470301805,0.21559596393100977,nan
2490368.0,0.2051945377480316,0.22712568919043466,nan
2492416.0,0.24477978643806858,0.2134561308925441,nan
2494464.0,0.2086825087603308,0.22718192660441103,nan
2496512.0,0.2574362702113709,0.20256267356235905,nan
2498560.0,0.24929147789202702,0.20978535940974413,nan
2500608.0,0.15462484959144118,0.24374414647733147,nan
2502656.0,0.19527906748192486,0.22621934309539984,nan
2504704.0,0.3104311596061471,0.14038255760400173,nan
2506752.0,0.1921972224401781,0.23357055070070654,nan
2508800.0,0.2311536987726477,0.21131855318310716,61.54885654885654
2510848.0,0.19536883850420547,0.22818261894075778,nan
2512896.0,0.21841518119532527,0.21810915569517034,nan
2514944.0,0.18932290904840987,0.2471389417428843,nan
2516992.0,0.1825574991972077,0.23313424150710685,nan
2519040.0,0.16032625250219756,0.2398605755139795,nan
2521088.0,0.16729442694987107,0.25298500991668754,nan
2523136.0,0.22932042856481327,0.20972772693418687,nan
2525184.0,0.26457439946586603,0.20585205992376518,nan
2527232.0,0.19178942639728822,0.2425749143363874,nan
2529280.0,0.17687407527035173,0.24021197151104878,nan
2531328.0,0.023032266316377517,0.24340930902860658,nan
2533376.0,0.20720385981538297,0.2366644585411781,nan
2535424.0,0.044685281474620836,0.23618725680145233,nan
2537472.0,0.24834402897840385,0.20810380919163965,nan
2539520.0,0.21073245056511697,0.2218802206586617,nan
2541568.0,0.1358470915649634,0.24603665674525013,nan
2543616.0,0.26114737017583317,0.19365589493584018,nan
2545664.0,0.22587150406423734,0.22102087298033204,nan
2547712.0,0.20339894719190701,0.21376964793894418,nan
2549760.0,0.23685299713480248,0.2214212534874181,nan
2551808.0,0.09074627804477337,0.25746833496014715,nan
2553856.0,0.24135425079028108,0.20147589078861936,nan
2555904.0,0.21941623134692007,0.21592209016865657,nan
2557952.0,0.15246189172043242,0.245183692232865,nan
2560000.0,0.20565399101192114,0.22443754499956864,nan
2562048.0,0.21720606231155698,0.21721278096266064,nan
2564096.0,0.12236057057497926,0.2396434269772219,nan
2566144.0,0.15818960722580086,0.21193424564301203,nan
2568192.0,0.07680369441690522,0.24828310170561724,nan
2570240.0,0.2532159711787073,0.19516100444721446,nan
2572288.0,0.17338359096693823,0.23964439155114056,nan
2574336.0,0.2671862753920018,0.19180523161193735,nan
2576384.0,0.15795429594253868,0.24639584771003575,nan
2578432.0,0.07414948648709647,0.22568247937284355,nan
2580480.0,0.06334105886818121,0.23409087717498045,nan
2582528.0,0.26934597641505803,0.19762403014436955,nan
2584576.0,0.2831939146651199,0.18136199334828254,nan
2586624.0,0.13333340049220752,0.22697496283854984,nan
2588672.0,0.24384174481457638,0.21841359041328998,nan
2590720.0,0.15870720854586523,0.24460026370791318,nan
2592768.0,0.2410407746500018,0.2188358514523593,nan
2594816.0,0.15042687304625185,0.23877957139727302,nan
2596864.0,0.18151051640271562,0.24355357121580157,nan
2598912.0,0.2552711013033896,0.1993099264963772,nan
2600960.0,0.17614568024849717,0.23312205908557232,nan
2603008.0,0.14116752785176165,0.2371251432340321,nan
2605056.0,0.20005029672741448,0.2136866178327838,nan
2607104.0,0.17918138905325134,0.2261791865903128,nan
2609152.0,0.20238325104773439,0.20009763197575808,56.88149688149688
2611200.0,0.22565201406626323,0.2144143619113504,nan
2613248.0,0.28995910986374684,0.17041463892600733,nan
2615296.0,0.17539780550736914,0.214283851791124,nan
2617344.0,0.18295441565627651,0.22335929869228732,nan
2619392.0,0.21218340857358906,0.21491423410539515,nan
2621440.0,0.20883593582518423,0.22362878290349683,nan
2623488.0,0.24178092380164198,0.19059220217683429,nan
2625536.0,0.23610674942831578,0.1996812014546609,nan
2627584.0,0.21006617045969175,0.21976953457315307,nan
2629632.0,0.2633500478326104,0.1919137133114627,nan
2631680.0,0.17793857792809237,0.20809409126285885,nan
2633728.0,0.3130951367582271,0.14848950954178555,nan
2635776.0,0.19348853302993438,0.20399672689308565,nan
2637824.0,0.21598253118836747,0.2308948262515311,nan
2639872.0,0.20320602083873301,0.2297167501718201,nan
2641920.0,0.29337038983081587,0.16525234407830564,nan
2643968.0,0.2112644279183038,0.2353614516954638,nan
2646016.0,0.22094223380932143,0.23024520082674482,nan
2648064.0,0.17813820669213956,0.2401118141391713,nan
2650112.0,0.2736773560856265,0.1873499857608604,nan
2652160.0,0.20184580323230833,0.23249016549408383,nan
2654208.0,0.24626698076531126,0.2015547349851309,nan
2656256.0,0.22495677906149072,0.20258137481023697,nan
2658304.0,0.28594141794149647,0.19149325423348432,nan
2660352.0,0.1382680534009951,0.22672328048696505,nan
2662400.0,0.2037847085036561,0.23307819444543715,nan
2664448.0,0.17502406083711472,0.23460023353162857,nan
2666496.0,0.27994342832225005,0.1836374438954227,nan
2668544.0,0.29501938780876835,0.169958569892357,nan
2670592.0,0.29947810818210086,0.1522610818625827,nan
2672640.0,0.13750469474618243,0.20826508257078105,nan
2674688.0,0.19523913162684683,0.2402857534017548,nan
2676736.0,0.20390962663969187,0.23299939002822695,nan
2678784.0,0.11488343175994764,0.24774632972206587,nan
2680832.0,0.1915188521660882,0.22284924768694597,nan
2682880.0,0.28386364862603886,0.19345852473151245,nan
2684928.0,0.14207224882133704,0.20307684330239484,nan
2686976.0,0.17326140490669265,0.24748817808513338,nan
2689024.0,0.16535317363956958,0.2412647195867761,nan
2691072.0,0.24018301668606493,0.23001694076356433,nan
2693120.0,0.08404670951213562,0.24166024212602055,nan
2695168.0,0.24405177338321893,0.20772958971763475,nan
2697216.0,0.17849788271013037,0.229014116025447,nan
2699264.0,0.14641580779365174,0.23562397031983418,nan
2701312.0,0.23464187794739155,0.19399485861850252,nan
2703360.0,0.14944997797401163,0.2512040005072237,nan
2705408.0,0.22530888446860198,0.23034772104964324,nan
2707456.0,0.12124499411232637,0.25730528803285707,nan
2709504.0,0.27109947002898194,0.19772216309839347,75.62370062370063
2711552.0,0.2504288306697016,0.20225785145321953,nan
2713600.0,0.29795590509382536,0.1667797653216071,nan
2715648.0,0.29836838939848803,0.16542889120251048,nan
2717696.0,0.15346369081978378,0.22381885105918717,nan
2719744.0,0.30198820467781917,0.1543880824157105,nan
2721792.0,0.24828230010505611,0.20743401624091523,nan
2723840.0,0.22765927660061613,0.2204239463541552,nan
2725888.0,0.2176741573311524,0.18878757850979552,nan
2727936.0,0.2802403536427351,0.17693033306971906,nan
2729984.0,0.2451309119602877,0.20034032907061075,nan
2732032.0,0.34636148218653007,0.03682037491709244,nan
2734080.0,0.2859483624895578,0.1872438564834758,nan
2736128.0,0.3157411207575006,0.13416889604408053,nan
2738176.0,0.04631556341394737,0.210792032809154,nan
2740224.0,0.24397286967386644,0.20816201267789775,nan
2742272.0,0.25242200083473665,0.21047547648636772,nan
2744320.0,0.3328783796470161,0.13422240492181825,nan
2746368.0,0.08777598537388323,0.2237387322041243,nan
2748416.0,0.1818459136500959,0.2270497693628288,nan
2750464.0,0.21721507674931997,0.205537094881455,nan
2752512.0,0.16305869365150766,0.2272724311220961,nan
2754560.0,0.15930067221239325,0.22266878775767385,nan
2756608.0,0.2271850100408288,0.21116525324069735,nan
2758656.0,0.19874507557595694,0.21708406878860453,nan
2760704.0,0.1958967922151375,0.19379379307952704,nan
2762752.0,0.25567409327888363,0.17283257327322651,nan
2764800.0,0.1647255756237463,0.20917712444313943,nan
2766848.0,0.2700109996880343,0.18816097809171162,nan
2768896.0,0.24037788544176203,0.20186627434215262,nan
2770944.0,0.32798565689590475,0.11329178020118696,nan
2772992.0,0.2548684273672295,0.18506632155930813,nan
2775040.0,0.30330316308392663,0.11829861413538138,nan
2777088.0,0.2479755829392389,0.19287758180078501,nan
2779136.0,0.1799612224841508,0.224726708802225,nan
2781184.0,0.1907088356568355,0.22041349706547061,nan
2783232.0,0.2483313877501366,0.21235087779481834,nan
2785280.0,0.24102122732457285,0.2049096663471502,nan
2787328.0,0.2958970412665639,0.1724448247725437,nan
2789376.0,0.19695048978403917,0.20782203182799924,nan
2791424.0,0.27729585198316276,0.16957792585135717,nan
2793472.0,0.3094260106750605,0.13284992597070847,nan
2795520.0,0.23579001274700712,0.19859969438077854,nan
2797568.0,0.2938137938162143,0.13596466192075313,nan
2799616.0,0.22612776596098136,0.19896697823330226,nan
2801664.0,0.13969939898046332,0.25108090537139527,nan
2803712.0,0.16066192500974374,0.2533933781083059,nan
2805760.0,0.2860376919731858,0.15128487097343646,nan
2807808.0,0.29113637254676383,0.15558666469078491,nan
2809856.0,0.23144515476922176,0.19015443161939052,82.11018711018711
2811904.0,0.33210474683087254,0.1320445005900723,nan
2813952.0,0.16842236723110765,0.23002252747491467,nan
2816000.0,0.1978430161246162,0.223094871942324,nan
2818048.0,0.2577130258963329,0.1938062755254126,nan
2820096.0,0.23335917807332496,0.2011784317577593,nan
2822144.0,0.22623787427381808,0.2122005193762175,nan
2824192.0,0.2201521108888777,0.18973190373443785,nan
2826240.0,0.3169067228805381,0.1437766370332609,nan
2828288.0,0.21772702878599803,0.21562991334010248,nan
2830336.0,0.24977471882565802,0.19449006169046973,nan
2832384.0,0.31964276299646255,0.11993243839023517,nan
2834432.0,0.22880615220806194,0.23229417482040376,nan
2836480.0,0.24960979150317236,0.19552489668392736,nan
2838528.0,0.3181910463164106,0.09202654022315518,nan
2840576.0,0.24997086800088292,0.18673498481750161,nan
2842624.0,0.23725660666780798,0.2114774175079522,nan
2844672.0,0.17573892050716086,0.21787686670680853,nan
2846720.0,0.15587898194049143,0.2505500457017882,nan
2848768.0,0.11863312858697889,0.26665470345835146,nan
2850816.0,0.2682892193950897,0.18229197427352964,nan
2852864.0,0.3056370463862716,0.11138281883283369,nan
2854912.0,0.30251294742815094,0.14762972915056627,nan
2856960.0,0.27293752595277176,0.1740185725674215,nan
2859008.0,0.27850086445424704,0.15420434438700634,nan
2861056.0,0.20251843019510984,0.23718098704055607,nan
2863104.0,0.22898103011666354,0.2100793345914,nan
2865152.0,0.21236114954175062,0.2022464139994165,nan
2867200.0,0.038927494510046234,0.262942679564464,nan
2869248.0,0.3116589468008718,0.14584068470843245,nan
2871296.0,0.2587100284581977,0.175230973121904,nan
2873344.0,0.22105673761775035,0.20657255749588818,nan
2875392.0,0.2216052378214215,0.2022942274810836,nan
2877440.0,0.2188912550217657,0.2110740312333452,nan
2879488.0,0.23350170711018514,0.20981588528774744,nan
2881536.0,0.3126721161423032,0.1389985329370217,nan
2883584.0,0.3204334248038001,0.13444810834934348,nan
2885632.0,0.22218722860634565,0.21865095962635375,nan
2887680.0,0.3143329202764331,0.16591589167790857,nan
2889728.0,0.2092199146943291,0.18994445936004745,nan
2891776.0,0.24387070542838865,0.208674545396912,nan
2893824.0,0.22338604138775828,0.18654887373266252,nan
2895872.0,0.08508293548159708,0.23122567395747043,nan
2897920.0,0.12792981967715691,0.2289105786541621,nan
2899968.0,0.2627654271860051,0.20033143296512956,nan
2902016.0,0.21695306224852812,0.2215121965854792,nan
2904064.0,0.126742385034506,0.20789043354543538,nan
2906112.0,0.23953633292582305,0.197213488256198,nan
2908160.0,0.21345281197617638,0.19759060107600637,nan
2910208.0,0.20111415817317135,0.22952859453530775,91.54885654885655
2912256.0,0.26247108482382686,0.1711928613452294,nan
2914304.0,0.292053162722434,0.16463435314937225,nan
2916352.0,0.200607261909919,0.20808846611119675,nan
2918400.0,0.27872879741797324,0.16711614924973686,nan
2920448.0,0.3112579545160054,0.11864553645997972,nan
2922496.0,0.26127469278462134,0.17772711548527043,nan
2924544.0,0.251550968841009,0.18562919734714672,nan
2926592.0,0.3037151153954227,0.14067364218574227,nan
2928640.0,0.2835287866543172,0.163912636828827,nan
2930688.0,0.2422657484451406,0.21927612149792042,nan
2932736.0,0.29220756070184023,0.1629615604495674,nan
2934784.0,0.22832969491546745,0.23183398812102707,nan
2936832.0,0.31875041316006514,0.11958450693988919,nan
2938880.0,0.22475235793646622,0.18864790750221488,nan
2940928.0,0.28081811621471564,0.17714137686494724,nan
2942976.0,0.17199125670146553,0.25479376504808876,nan
2945024.0,0.23669478289548668,0.21377823241421542,nan
2947072.0,0.15701658815793626,0.24675507152274198,nan
2949120.0,0.20973112038485853,0.19618409287091676,nan
2951168.0,0.2208474617138615,0.2150601672076754,nan
2953216.0,0.34752761741623683,0.05100975888552003,nan
2955264.0,0.32825996421208675,0.09892937879442595,nan
2957312.0,0.3294598165647683,0.12538768301197029,nan
2959360.0,0.27669629992331135,0.1822707897518061,nan
2961408.0,0.22486270163483374,0.2392611692329157,nan
2963456.0,0.2977296219677084,0.14280083813254066,nan
2965504.0,0.17551795175858348,0.2295856758610182,nan
2967552.0,0.2857622816422235,0.16066263483326357,nan
2969600.0,0.2661647029533441,0.161927152598531,nan
2971648.0,0.24041299613276962,0.17770634151825834,nan
2973696.0,0.2936484927917129,0.14120295523393847,nan
2975744.0,0.23836477205230153,0.21785346927636778,nan
2977792.0,0.31327161262830405,0.12530194204952064,nan
2979840.0,0.27300992803932755,0.17166301414062005,nan
2981888.0,0.19132128820834637,0.18797383585240213,nan
2983936.0,0.21511219733458292,0.200655048883702,nan
2985984.0,0.3188486146649504,0.12898162081450695,nan
2988032.0,0.22436016691535737,0.194297993630006,nan
2990080.0,0.04066673706263326,0.19819818881060214,nan
2992128.0,0.2044129576493496,0.19752137437158537,nan
2994176.0,0.27703410733341965,0.17628501180828526,nan
2996224.0,0.24079421804821732,0.18904172772371577,nan
2998272.0,0.2527895613985884,0.18189696607971598,nan
3000320.0,0.1896466478160877,0.21442580433974084,nan
3002368.0,0.15468012988476096,0.2243912753482766,nan
3004416.0,0.2199295432614237,0.21239498381696945,nan
3006464.0,0.22258444750151146,0.2266596466811139,nan
3008512.0,0.28292968477668595,0.16580466204395006,nan
3010560.0,0.29731790075204784,0.1442572039329568,70.83160083160082
3012608.0,0.2609813345858346,0.17628334609474347,nan
3014656.0,0.20186840292633704,0.18002335331392244,nan
3016704.0,0.23072846740878453,0.18407592116350807,nan
3018752.0,0.2248348892818679,0.2050164525506167,nan
3020800.0,0.20521734596754201,0.18525644961417956,nan
3022848.0,0.12655339266916535,0.21770171673972907,nan
3024896.0,0.2507827209856719,0.163726977267708,nan
3026944.0,0.24160893417415513,0.21679902441564794,nan
3028992.0,0.2190983291722299,0.19829593969347237,nan
3031040.0,0.2691891874806866,0.17649429712000736,nan
3033088.0,0.22247973949097805,0.19620037295513695,nan
3035136.0,0.2111158816466177,0.2005713789432859,nan
3037184.0,0.25051994587043913,0.18239395766078276,nan
3039232.0,0.22884169305271643,0.19349224564778883,nan
3041280.0,0.27858879279692017,0.15889209806004198,nan
3043328.0,0.23893790713032442,0.20350858311169595,nan
3045376.0,0.07721742088982142,0.19225922338356927,nan
3047424.0,0.12885422437245164,0.23947592875983792,nan
3049472.0,0.25496553662753385,0.18311430532689205,nan
3051520.0,0.2586489017035481,0.18511227697508803,nan
3053568.0,0.24116068240199218,0.21582246967140054,nan
3055616.0,0.2706220092265741,0.1823897639696156,nan
3057664.0,0.3049998367968001,0.13870976059249818,nan
3059712.0,0.25539086879677,0.18348049162628413,nan
3061760.0,0.3165719630083535,0.15127626789025908,nan
3063808.0,0.30580425762172325,0.1489620439731982,nan
3065856.0,0.20648416063258762,0.21117592403443064,nan
3067904.0,0.24953900412767213,0.19037931149274256,nan
3069952.0,0.3004756910038706,0.16090609683770998,nan
3072000.0,0.22426150092412828,0.22814638442403082,nan
3074048.0,0.1742886913199143,0.212513485054895,nan
3076096.0,0.27106554795368076,0.18624975888623224,nan
3078144.0,0.2136768640195265,0.22157994044259519,nan
3080192.0,0.17009080302386886,0.21170980256189742,nan
3082240.0,0.27691607523682304,0.16422494417886674,nan
3084288.0,0.24945239277373818,0.20074146984498067,nan
3086336.0,0.24704439695003455,0.18978796170859843,nan
3088384.0,0.2289057205008655,0.20208098988196033,nan
3090432.0,0.196951193715294,0.22464344754922166,nan
3092480.0,0.2534190621541306,0.18440572907846484,nan
3094528.0,0.2568929514961667,0.18563709399759343,nan
3096576.0,0.2956666873731648,0.15088749687597183,nan
3098624.0,0.2677744376447111,0.20290064275964537,nan
3100672.0,0.3059817309904037,0.146366908523035,nan
3102720.0,0.24576017086555885,0.1952161993309945,nan
3104768.0,0.3216459346050633,0.12302414617424326,nan
3106816.0,0.24814997249994947,0.17382945624390364,nan
3108864.0,0.24790307775360207,0.18790716573493005,nan
3110912.0,0.3013555169072265,0.16490849908389063,74.46985446985447
3112960.0,0.2564467778815465,0.17653608419390926,nan
3115008.0,0.1663805185811925,0.22915783068558848,nan
3117056.0,0.27880874579962933,0.17751609783913616,nan
3119104.0,0.2908898522837804,0.15976079184676054,nan
3121152.0,0.33968545783955517,0.11644822877469323,nan
3123200.0,0.2054842462072518,0.2368954900810324,nan
3125248.0,0.25127787476619323,0.18815757305814587,nan
3127296.0,0.25943108416286786,0.1753439514966861,nan
3129344.0,0.30939346822809755,0.13639878644721715,nan
3131392.0,0.30390633076429346,0.1442333507736434,nan
3133440.0,0.25021547479451545,0.17676219582537936,nan
3135488.0,0.31964694368963975,0.13379417845869798,nan
3137536.0,0.3374255407525298,0.09760479490985666,nan
3139584.0,0.3549012609737924,0.02463496319640312,nan
3141632.0,0.30846332281606503,0.11780918104370046,nan
3143680.0,0.2986648526671214,0.13449875913811205,nan
3145728.0,0.2334485823421774,0.20398945653054978,nan
3147776.0,0.18944605302882195,0.2170453759200642,nan
3149824.0,0.1290992957916256,0.19170021612945493,nan
3151872.0,0.24445895847206894,0.19792892639102946,nan
3153920.0,0.18222116859399873,0.22651353368517035,nan
3155968.0,0.21159218862687687,0.19762388251944152,nan
3158016.0,0.19441948679770912,0.21014982556863004,nan
3160064.0,0.3341005411287178,0.06279289628900943,nan
3162112.0,0.2599939489669407,0.17606036890865162,nan
3164160.0,0.23193954174380324,0.2047266800022843,nan
3166208.0,0.2547901685960063,0.2047480266902731,nan
3168256.0,0.29934689610429044,0.15863265746326818,nan
3170304.0,0.22578481870666617,0.21413336044271833,nan
3172352.0,0.2393864523071093,0.20449955866201636,nan
3174400.0,0.2585468032332804,0.15784388256371462,nan
3176448.0,0.3493550807763537,0.0834322938444068,nan
3178496.0,0.2174466387264805,0.20928505184288335,nan
3180544.0,0.2815778694610821,0.15291293517840912,nan
3182592.0,0.18179215324527312,0.20487691657208498,nan
3184640.0,0.2119876889392911,0.20565308476086494,nan
3186688.0,0.13202460479557954,0.248574418979955,nan
3188736.0,0.2565831088204723,0.17349607503086956,nan
3190784.0,0.25545207956277827,0.2080806629889859,nan
3192832.0,0.17419594795864873,0.23508147282247313,nan
3194880.0,0.22269784992202418,0.2091771194985072,nan
3196928.0,0.2802973691251246,0.16016087618506852,nan
3198976.0,0.294675802417638,0.14207004435328638,nan
3201024.0,0.275710833717626,0.16144411460412278,nan
3203072.0,0.24044021317551184,0.18350864824520363,nan
3205120.0,0.2590624099308682,0.1787891950010638,nan
3207168.0,0.30535954164176254,0.14192016914847227,nan
3209216.0,0.34159087366849206,0.08557127994046483,nan
3211264.0,0.26844583065887345,0.17428320580016893,79.16839916839918
3213312.0,0.27863321084405923,0.17982558355361858,nan
3215360.0,0.23979894130141904,0.1919370782637745,nan
3217408.0,0.29058735492508725,0.16989032535352658,nan
3219456.0,0.2898043294064598,0.15411423668105556,nan
3221504.0,0.2940726268335945,0.1399143007107553,nan
3223552.0,0.2619318901029756,0.15919003097420156,nan
3225600.0,0.26754430792928485,0.1701533090692864,nan
3227648.0,0.20298101223685006,0.21098950339531355,nan
3229696.0,0.16950390597844917,0.20494483466957072,nan
3231744.0,0.295445712924603,0.13672689689427586,nan
3233792.0,0.296425030995927,0.1298528701243814,nan
3235840.0,0.16919839445730173,0.20667801177020242,nan
3237888.0,0.28714532633629447,0.16523490679862748,nan
3239936.0,0.3416906181201205,0.08844493783930905,nan
3241984.0,0.2974476595463977,0.12901617941320212,nan
3244032.0,0.3430948874906051,0.03600711466631703,nan
3246080.0,0.29575353965501094,0.15062319821241668,nan
3248128.0,0.33441344976524673,0.08872044055064526,nan
3250176.0,0.24277594035836042,0.18930179302443229,nan
3252224.0,0.2861091565760333,0.17799112742838713,nan
3254272.0,0.2895199994290306,0.16404934294201695,nan
3256320.0,0.276123138809945,0.15895074481486426,nan
3258368.0,0.25007666077645774,0.20120708189830921,nan
3260416.0,0.2148107781315657,0.19623626680605763,nan
3262464.0,0.27292923507521094,0.16405718372314135,nan
3264512.0,0.2591010823063933,0.1854183711944436,nan
3266560.0,0.2862719737508583,0.15408013708808596,nan
3268608.0,0.30382544722589816,0.12526987694606148,nan
3270656.0,0.25311763411004234,0.1632102323518702,nan
3272704.0,0.30060055924345164,0.12822171484562658,nan
3274752.0,0.3420444464087276,0.03929527059307235,nan
3276800.0,0.3090783567650538,0.11614940536373168,nan
3278848.0,0.23554912709827297,0.20103129262414096,nan
3280896.0,0.3036443779586326,0.10255387536982184,nan
3282944.0,0.18599460258608766,0.19586362381187386,nan
3284992.0,0.28881810063143304,0.15108953660826688,nan
3287040.0,0.20633516195207016,0.21429528513502932,nan
3289088.0,0.19024019895940322,0.18178951419740663,nan
3291136.0,0.14498137571495764,0.20531773728277183,nan
3293184.0,0.18062737116787414,0.19753182206010209,nan
3295232.0,0.19676452618599943,0.18773433141294318,nan
3297280.0,0.3313644321280426,0.07344714444392766,nan
3299328.0,0.29346363404449494,0.11707294544120866,nan
3301376.0,0.2004864054507568,0.23431661464927453,nan
3303424.0,0.21167187235408638,0.21215727575709992,nan
3305472.0,0.28999102509399177,0.12335865960328572,nan
3307520.0,0.18138571070017967,0.20688076456242266,nan
3309568.0,0.2192208463191086,0.20772646790612986,nan
3311616.0,0.2851254196332716,0.15113027122754957,81.58004158004158
3313664.0,0.224694320418017,0.18962335690968027,nan
3315712.0,0.19969235075951186,0.21301894204216756,nan
3317760.0,0.12974021716954445,0.2356469723501588,nan
3319808.0,0.24798936533120455,0.1851159466008104,nan
3321856.0,0.29994715914176895,0.09565612953881661,nan
3323904.0,0.26450142692817635,0.16590408960122857,nan
3325952.0,0.20057934226823546,0.22197155118321493,nan
3328000.0,0.22894618387389348,0.2044136282889769,nan
3330048.0,0.25229186139415716,0.19024115468579011,nan
3332096.0,0.17475610570187156,0.2498023058041276,nan
3334144.0,0.27791209237916337,0.1700180353700587,nan
3336192.0,0.3099645572835589,0.1272059250372409,nan
3338240.0,0.2261437009012354,0.21649650570323611,nan
3340288.0,0.2589256827392725,0.16346647334165043,nan
3342336.0,0.16252027385947854,0.2358651675291221,nan
3344384.0,0.2497404438969889,0.19556661796657634,nan
3346432.0,0.27955910065604883,0.18410552782086936,nan
3348480.0,0.22759860672299706,0.21992804892799167,nan
3350528.0,0.2638802777084983,0.19903100126885717,nan
3352576.0,0.24507055470345418,0.19481779929538437,nan
3354624.0,0.2792534858249286,0.15608102192377923,nan
3356672.0,0.24483718509255153,0.20539732354362564,nan
3358720.0,0.1963141132945544,0.21982300690343493,nan
3360768.0,0.2707800043191917,0.165095912366488,nan
3362816.0,0.2837153349941199,0.14897199478635387,nan
3364864.0,0.21598282138776753,0.22096461911644744,nan
3366912.0,0.26615306058761967,0.18394365803364843,nan
3368960.0,0.1904955429485915,0.2281375479847469,nan
3371008.0,0.2560805488879446,0.17139674774829966,nan
3373056.0,0.2828989179059995,0.15191701667734137,nan
3375104.0,0.27792265163192587,0.14157475781876513,nan
3377152.0,0.2772462332173995,0.13470978860185184,nan
3379200.0,0.2627906022621492,0.15939055980490408,nan
3381248.0,0.2871960446034414,0.16683464190475047,nan
3383296.0,0.18975383137143456,0.20222555279569152,nan
3385344.0,0.30327435065204844,0.12439031500066156,nan
3387392.0,0.2954118331936766,0.12889216186568792,nan
3389440.0,0.2519932454088416,0.19569369213973792,nan
3391488.0,0.27598985637938656,0.15478165436626,nan
3393536.0,0.29619789959105636,0.1271510402963286,nan
3395584.0,0.2763878825130111,0.15982783649769142,nan
3397632.0,0.2601296659494836,0.17368567292666193,nan
3399680.0,0.254385925097807,0.16298006456920028,nan
3401728.0,0.2432085861451588,0.18814548110007911,nan
3403776.0,0.29149374359370983,0.1557612765638712,nan
3405824.0,0.3247380927233474,0.07997929415404084,nan
3407872.0,0.33847781920471476,0.07621989286927085,nan
3409920.0,0.1753383311141559,0.19983060446790227,nan
3411968.0,0.30757174515040836,0.13938250794610096,87.15176715176715
3414016.0,0.2763391119964057,0.1619281356731797,nan
3416064.0,0.2892816647009535,0.15180285851428033,nan
3418112.0,0.18899242335641786,0.21694755379062466,nan
3420160.0,0.28862425513347634,0.13560451978906488,nan
3422208.0,0.3250024632684777,0.06789988163751505,nan
3424256.0,0.2980082590486638,0.12651978311887888,nan
3426304.0,0.21731448522978347,0.20007742610564716,nan
3428352.0,0.25621614939707466,0.18646950238703547,nan
3430400.0,0.2554806895675191,0.16778329950593784,nan
3432448.0,0.20692591923964637,0.20885677554669796,nan
3434496.0,0.28091961015905975,0.161604108114815,nan
3436544.0,0.29426904684907507,0.14326826789774944,nan
3438592.0,0.1621105629487066,0.2069122426251181,nan
3440640.0,0.11879687448416199,0.19470056760349821,nan
3442688.0,0.24450036221389537,0.1719806748577528,nan
3444736.0,0.25880951536919716,0.14804057589436254,nan
3446784.0,0.22314245851027686,0.16137386947279594,nan
3448832.0,0.21051320538822632,0.19267009484112407,nan
3450880.0,0.2824542446090219,0.1431696664928591,nan
3452928.0,0.32378561434130815,0.09994089996201024,nan
3454976.0,0.27312057829434555,0.1440625590320209,nan
3457024.0,0.2764665636307556,0.1639934561600423,nan
3459072.0,0.2220346980815941,0.19549328427854495,nan
3461120.0,0.2198145498956392,0.21059570295269062,nan
3463168.0,0.29013264719372883,0.11991490873408954,nan
3465216.0,0.33772594000006717,0.11242573549021434,nan
3467264.0,0.25063759555136894,0.18362876371918263,nan
3469312.0,0.3260459999532399,0.07850405389018102,nan
3471360.0,0.25509379973614466,0.18970910148995845,nan
3473408.0,0.2303361666922632,0.19353237090109707,nan
3475456.0,0.2114520672836929,0.21083551363117406,nan
3477504.0,0.218625147979512,0.19792292903590442,nan
3479552.0,0.30096289712341995,0.1105182167722693,nan
3481600.0,0.2485914760609496,0.17629767127137103,nan
3483648.0,0.28050533359817603,0.1481940120307378,nan
3485696.0,0.25434578736356345,0.16412639678410576,nan
3487744.0,0.21298071254701872,0.20490757620743635,nan
3489792.0,0.2736859214445743,0.15871119088029914,nan
3491840.0,0.2854848127011211,0.1502561809843966,nan
3493888.0,0.25224463991305707,0.18165170934101388,nan
3495936.0,0.320632994719374,0.12528915695494908,nan
3497984.0,0.2739531493372379,0.17788884503459354,nan
3500032.0,0.22449734745322497,0.19683116628769617,nan
3502080.0,0.19674871618061923,0.18993277640035167,nan
3504128.0,0.3058409144907125,0.13262769410944097,nan
3506176.0,0.2562619366680753,0.1810546020264502,nan
3508224.0,0.24452048205499044,0.18599655917431543,nan
3510272.0,0.28913283921238264,0.15667163264214523,nan
3512320.0,0.18585789698043273,0.20306166554747793,69.88565488565489
3514368.0,0.2702383751856652,0.1700443955906241,nan
3516416.0,0.11928675600697616,0.19649935517007078,nan
3518464.0,0.23347214136956007,0.2080323695190389,nan
3520512.0,0.21415231771480425,0.2039124781143857,nan
3522560.0,0.27507922129339873,0.17566155523294738,nan
3524608.0,0.31499843998931193,0.14241550356461374,nan
3526656.0,0.23876651344330896,0.1998916768036186,nan
3528704.0,0.3181501854634594,0.11944774315185079,nan
3530752.0,0.3152238949541721,0.12852996889341692,nan
3532800.0,0.3064985566191172,0.12571832280505146,nan
3534848.0,0.23568456636964275,0.16849956327842397,nan
3536896.0,0.2720531241776992,0.15758280579316825,nan
3538944.0,0.2566617064936953,0.1759729917084159,nan
3540992.0,0.2924804525730573,0.15237453292864844,nan
3543040.0,0.23666359269278772,0.18518842427112417,nan
3545088.0,0.2784973634012883,0.15907168225094162,nan
3547136.0,0.26192090293779136,0.19375247458503245,nan
3549184.0,0.2453951744875889,0.1770847458511855,nan
3551232.0,0.27684627820322394,0.16485756333877638,nan
3553280.0,0.19522055860117643,0.20920526070189296,nan
3555328.0,0.15531512909764886,0.21810388596130478,nan
3557376.0,0.28438244588327055,0.1583769064352264,nan
3559424.0,0.26611418255390606,0.16966694993320783,nan
3561472.0,0.24462004663002956,0.1488915548604582,nan
3563520.0,0.2648457155653102,0.17233722310307253,nan
3565568.0,0.3075208268326509,0.11517056715846215,nan
3567616.0,0.30461795695832805,0.1191267364711256,nan
3569664.0,0.23302915303371186,0.2083876082002331,nan
3571712.0,0.2957046298341022,0.14879390503858042,nan
3573760.0,0.2667515083451528,0.1551910426833384,nan
3575808.0,0.3235407596076223,0.034243720516845925,nan
3577856.0,0.259684888009126,0.15578450622018952,nan
3579904.0,0.28122822413709003,0.14680201716150915,nan
3581952.0,0.29821225063527773,0.13161222875863324,nan
3584000.0,0.33117845271206503,0.09941444965625564,nan
3586048.0,0.29678710873865255,0.12516386214187766,nan
3588096.0,0.261960180530617,0.1442420909542997,nan
3590144.0,0.2714306662201741,0.15397900550429028,nan
3592192.0,0.217871224343544,0.1789377931465053,nan
3594240.0,0.22301453543678115,0.174592410333444,nan
3596288.0,0.26754992906874414,0.14312365198728558,nan
3598336.0,0.2175318244330529,0.1908831857282969,nan
3600384.0,0.27175469209261616,0.14605787583937807,nan
3602432.0,0.1908159948278215,0.18525111328538507,nan
3604480.0,0.24761241426462846,0.16938316071667933,nan
3606528.0,0.2951629051277729,0.15781565887127008,nan
3608576.0,0.28916140395597223,0.13831485318658612,nan
3610624.0,0.2213746426798347,0.18909881865485434,nan
3612672.0,0.28035322667375917,0.1552018760377075,69.01247401247402
3614720.0,0.309172193991919,0.11088244100751964,nan
3616768.0,0.2889043001330548,0.13613207184339712,nan
3618816.0,0.2874057324219627,0.1503897368324542,nan
3620864.0,0.2847659193596794,0.11766072060827047,nan
3622912.0,0.22519693443532168,0.17310121392417419,nan
3624960.0,0.2668361300236755,0.17777550282702112,nan
3627008.0,0.23348714200421644,0.18751722149739525,nan
3629056.0,0.263055436534153,0.17488112484856191,nan
3631104.0,0.2815693199614953,0.17137399871557546,nan
3633152.0,0.2703367680516801,0.15874896089913115,nan
3635200.0,0.23597262980365244,0.17911892040099353,nan
3637248.0,0.23914801918585965,0.16186667888269454,nan
3639296.0,0.3017079464553395,0.12945017288215216,nan
3641344.0,0.3012382914249566,0.13325672038882738,nan
3643392.0,0.25701087899335107,0.18034038451428935,nan
3645440.0,0.24323729351667656,0.18207680133988063,nan
3647488.0,0.27768209190056103,0.14849466132221992,nan
3649536.0,0.23044423172171705,0.19691167669103063,nan
3651584.0,0.34212049831418345,0.07025478890159276,nan
3653632.0,0.28800657918508854,0.14407248782397367,nan
3655680.0,0.2867468233351718,0.15666537853651943,nan
3657728.0,0.2743694005764826,0.16502637909813042,nan
3659776.0,0.23800453827236748,0.19807134993251538,nan
3661824.0,0.2185490788316106,0.1999299078824224,nan
3663872.0,0.19187053766394238,0.1967276183698474,nan
3665920.0,0.30159300749851914,0.14485537178866217,nan
3667968.0,0.23666337864789988,0.21962922738887455,nan
3670016.0,0.25552066030994514,0.19102730526989187,nan
3672064.0,0.3089774614779277,0.13544986620980817,nan
3674112.0,0.31067364895852756,0.1267094153000336,nan
3676160.0,0.2348590857923586,0.22263411425487092,nan
3678208.0,0.2665174843657877,0.1688411458905372,nan
3680256.0,0.31924984844731075,0.11736332295309108,nan
3682304.0,0.29556985311934514,0.16040824472221132,nan
3684352.0,0.24360482550282328,0.21685001753736427,nan
3686400.0,0.2822219384670871,0.17434252029072814,nan
3688448.0,0.30418330647097563,0.1493619230093036,nan
3690496.0,0.30736591720886874,0.14034416521004317,nan
3692544.0,0.28477227722521503,0.15317949757253457,nan
3694592.0,0.3143954952395549,0.15038862430037286,nan
3696640.0,0.32787621288331126,0.07761958742603263,nan
3698688.0,0.22085733973035893,0.18462085121661417,nan
3700736.0,0.18620465848011336,0.23268557627733846,nan
3702784.0,0.24496207305703632,0.20576104539919166,nan
3704832.0,0.22187543469645274,0.2285022507065121,nan
3706880.0,0.3567737345523068,0.10656934370064158,nan
3708928.0,0.19550412288411587,0.23306043020083803,nan
3710976.0,0.20427323867665229,0.19984354086377826,nan
3713024.0,0.14434924103066693,0.22847785383544178,70.8108108108108
3715072.0,0.18968194807109545,0.21810664592580523,nan
3717120.0,0.25425284718577057,0.1814863350835313,nan
3719168.0,0.2791794685536376,0.18672533852043308,nan
3721216.0,0.3426668290331979,0.09373808082884143,nan
3723264.0,0.26334715935167696,0.1731391743599054,nan
3725312.0,0.2892319170939929,0.1595687094034005,nan
3727360.0,0.21233627074499506,0.24109121083249027,nan
3729408.0,0.2758396978651375,0.220704055699555,nan
3731456.0,0.3337403621176703,0.10261056719006988,nan
3733504.0,0.3300971063320184,0.10623239706435365,nan
3735552.0,0.27946551808778786,0.16875226097426393,nan
3737600.0,0.21334175267680988,0.22405627098203726,nan
3739648.0,0.22510490077891235,0.1993141438356543,nan
3741696.0,0.12103785708919133,0.19933445630949864,nan
3743744.0,0.34197964776546164,0.02641018038138058,nan
3745792.0,0.2095696930211255,0.19763551948129995,nan
3747840.0,0.28365338733841344,0.178323879599436,nan
3749888.0,0.31558947500870643,0.10300662006328795,nan
3751936.0,0.21994652170820972,0.21316638836835303,nan
3753984.0,0.16535012505048435,0.23285154698555502,nan
3756032.0,0.24176817781300664,0.16611839488746696,nan
3758080.0,0.13230685304676507,0.21675087842586044,nan
3760128.0,0.07272214432898477,0.24234406212368065,nan
3762176.0,0.22241844990050416,0.21520057787507038,nan
3764224.0,0.27757439662202826,0.1708275036694457,nan
3766272.0,0.32553191685887894,0.0672056169067982,nan
3768320.0,0.29191097276279787,0.12172969341163274,nan
3770368.0,0.29050059760166935,0.1378905871882051,nan
3772416.0,0.09360714778812546,0.22605174350944232,nan
3774464.0,0.3114327194287039,0.13251207759642927,nan
3776512.0,0.2759953082137436,0.13690227880762745,nan
3778560.0,0.3345867592527535,0.06517269001411698,nan
3780608.0,0.2906674457329956,0.14158224880264295,nan
3782656.0,0.3064369034395956,0.1094316872450557,nan
3784704.0,0.2844438009183121,0.1703116492442095,nan
3786752.0,0.3122294099131194,0.10155473711249677,nan
3788800.0,0.3186341493375783,0.1017061039495498,nan
3790848.0,0.20148911252638635,0.19598294552928033,nan
3792896.0,0.336124546068402,0.10330307659155602,nan
3794944.0,0.17621842635253676,0.23589855139133686,nan
3796992.0,0.16363212949942207,0.23508706699448195,nan
3799040.0,0.2601630950289682,0.18936729029205476,nan
3801088.0,0.0877456192557581,0.22495063500592824,nan
3803136.0,0.12009307368245964,0.20734708327934723,nan
3805184.0,0.24824565774800428,0.1734945046279006,nan
3807232.0,0.2743890830043445,0.127807769485301,nan
3809280.0,0.25486947887920597,0.173716136652431,nan
3811328.0,0.3091284557713037,0.1228760073003011,nan
3813376.0,0.3006355966096338,0.1362305342046984,79.72972972972971
3815424.0,0.3269749189026322,0.08464490088864554,nan
3817472.0,0.26390566452569536,0.13039515263210827,nan
3819520.0,0.29760647312188937,0.11124515417562666,nan
3821568.0,0.24430710268729022,0.17853901873701317,nan
3823616.0,0.3002168233277599,0.12926790232544896,nan
3825664.0,0.2685786937419264,0.1671491818936105,nan
3827712.0,0.30278874187570903,0.1345839318948839,nan
3829760.0,0.2956128054242556,0.14127366652356524,nan
3831808.0,0.30361840723955225,0.1379137114846767,nan
3833856.0,0.3351145882311979,0.04443735417395192,nan
3835904.0,0.06456446093941946,0.20788946419439472,nan
3837952.0,0.261268368550469,0.16461832309636504,nan
3840000.0,0.27485986061506384,0.16073537111249822,nan
3842048.0,0.2132645552373273,0.1986604244936118,nan
3844096.0,0.23110719697905172,0.19997574659860973,nan
3846144.0,0.22347764078620283,0.19148520510608016,nan
3848192.0,0.3020630227902914,0.12080108607857566,nan
3850240.0,0.19150829104844308,0.19346827861781096,nan
3852288.0,0.22211172201765905,0.18849175642907762,nan
3854336.0,0.2988614780662063,0.10600474598826085,nan
3856384.0,0.2368536478386223,0.1954464378198683,nan
3858432.0,0.26106448756778433,0.16697529836890226,nan
3860480.0,0.28863509695796613,0.1443708430886626,nan
3862528.0,0.11204230810466675,0.17608919490676972,nan
3864576.0,0.157043335259353,0.22470456382066162,nan
3866624.0,0.15493077051316767,0.19391370890671245,nan
3868672.0,0.30417012705853197,0.11880334502478464,nan
3870720.0,0.19324793273453506,0.21046157527516962,nan
3872768.0,0.21672574410855075,0.1811333676387802,nan
3874816.0,0.18887608714244375,0.2175865903451137,nan
3876864.0,0.25660182996455577,0.18505202321495873,nan
3878912.0,0.1586324787978483,0.22396392849895222,nan
3880960.0,0.2322473912563625,0.18643498370312828,nan
3883008.0,0.3002251171518301,0.14464585174875005,nan
3885056.0,0.26880882762835184,0.17114087103703926,nan
3887104.0,0.20230513341536116,0.24096683894331275,nan
3889152.0,0.27449706196308254,0.16810603447890549,nan
3891200.0,0.2416839607454515,0.19581399751408168,nan
3893248.0,0.2982227666739454,0.1621315297865928,nan
3895296.0,0.25178603494875074,0.18646986676103675,nan
3897344.0,0.3397200392418313,0.08286057371560876,nan
3899392.0,0.3153553085821199,0.11753123488355803,nan
3901440.0,0.2902073107713586,0.160465742758707,nan
3903488.0,0.3229846201594912,0.12682912042070715,nan
3905536.0,0.27297534909001575,0.17380943228346443,nan
3907584.0,0.1404906643020822,0.20461051895649374,nan
3909632.0,0.21245111968217978,0.21554816338319155,nan
3911680.0,0.2638616093623982,0.16931875227518364,nan
3913728.0,0.2625901376552928,0.16932679855967567,86.01871101871102
3915776.0,0.2769845824833404,0.14930606084027395,nan
3917824.0,0.2838954054237055,0.1634834237287525,nan
3919872.0,0.29836216437844254,0.14774157567041685,nan
3921920.0,0.30276533944455447,0.11676428573009223,nan
3923968.0,0.3023045328525782,0.115822604116273,nan
3926016.0,0.35161121594187283,0.042936488982122344,nan
3928064.0,0.24034174326148175,0.20632310801512216,nan
3930112.0,0.29489629759317043,0.16396399848317608,nan
3932160.0,0.23572016278881305,0.1904130373319663,nan
3934208.0,0.32246749136929354,0.11548218184517475,nan
3936256.0,0.2870265543713157,0.14700359474756922,nan
3938304.0,0.3090658925784354,0.14360253093155342,nan
3940352.0,0.15211495828053664,0.22828773745746173,nan
3942400.0,0.30817505251280836,0.1259239417187145,nan
3944448.0,0.3126364481872058,0.11258581437157938,nan
3946496.0,0.32499794092631695,0.11891413239377488,nan
3948544.0,0.3281113927134358,0.08667262897687512,nan
3950592.0,0.3266142640955283,0.09192544028542071,nan
3952640.0,0.17439500853773118,0.2060651921853298,nan
3954688.0,0.23267680515683578,0.19301046795311538,nan
3956736.0,0.2515112265981756,0.19194401528210303,nan
3958784.0,0.2577022301050612,0.18213697926156194,nan
3960832.0,0.2597138043913816,0.1732930936040246,nan
3962880.0,0.26440018881223315,0.1636749363144785,nan
3964928.0,0.2823140755611739,0.17443844161541927,nan
3966976.0,0.16676578877512238,0.1956359990991331,nan
3969024.0,0.28637050192991165,0.15410143514139601,nan
3971072.0,0.33601143710046544,0.0960523963284602,nan
3973120.0,0.30380942287536994,0.12965952007541334,nan
3975168.0,0.26328728982402605,0.15968015184854548,nan
3977216.0,0.31143383624868304,0.12936035559664347,nan
3979264.0,0.28336266225942924,0.1715464977536574,nan
3981312.0,0.28633781993784235,0.16401761604549608,nan
3983360.0,0.3244517517345925,0.10300472848583016,nan
3985408.0,0.3100756005702954,0.135842557951661,nan
3987456.0,0.30613199890097603,0.12441846617947537,nan
3989504.0,0.2667887674297198,0.16685983836995874,nan
3991552.0,0.2528395993352201,0.16469218908486682,nan
3993600.0,0.2854685416635072,0.14690250852537717,nan
3995648.0,0.3316673912867303,0.029868019742394083,nan
3997696.0,0.3622959128938863,0.027640059159249032,nan
3999744.0,0.26230093945188104,0.18306811863657987,nan
4001792.0,0.21492386971288124,0.20357919188951126,nan
4003840.0,0.3501539040594351,0.08377625232402336,nan
4005888.0,0.32173769508160033,0.08626194179294785,nan
4007936.0,0.2515452589649312,0.1916442692970938,nan
4009984.0,0.08956181417701775,0.23671336691223396,nan
4012032.0,0.2745357881353998,0.1676917636313451,nan
4014080.0,0.2969876275786112,0.15361507205560238,80.09355509355511
4016128.0,0.2608317824620801,0.16683565355874824,nan
4018176.0,0.26635383365697735,0.16075574797247738,nan
4020224.0,0.28036691187539714,0.15849745910232507,nan
4022272.0,0.21357436472401742,0.1983759956952264,nan
4024320.0,0.24420789128172737,0.18657892976297985,nan
4026368.0,0.27280502317884503,0.16095895453626433,nan
4028416.0,0.3146140678854674,0.11772789258880542,nan
4030464.0,0.2708221620283759,0.18059855394550153,nan
4032512.0,0.3206821189583403,0.10825792871545586,nan
4034560.0,0.29870753778364945,0.12691183311376733,nan
4036608.0,0.22976878204112477,0.21227302890977706,nan
4038656.0,0.31821054030634854,0.11491579813317486,nan
4040704.0,0.2709912554724324,0.16902110759629527,nan
4042752.0,0.33302369731640213,0.09248956877575448,nan
4044800.0,0.2578238517007577,0.16496708314860428,nan
4046848.0,0.3378557380899564,0.021732398161438623,nan
4048896.0,0.3271665157025557,0.08189086905115305,nan
4050944.0,0.3440580018909146,0.09161631793274204,nan
4052992.0,0.247406838180306,0.16023384689204065,nan
4055040.0,0.2729661035677985,0.19521376417010947,nan
4057088.0,0.3316100180929942,0.11297514598720648,nan
4059136.0,0.1524630125460089,0.22888642920223148,nan
4061184.0,0.16167011220163022,0.19980920948366487,nan
4063232.0,0.22516701181543836,0.193732141225872,nan
4065280.0,0.2977084834172998,0.13694271526531437,nan
4067328.0,0.30930815143811313,0.11622145208297142,nan
4069376.0,0.3263187315366835,0.07249942916345126,nan
4071424.0,0.2353382798712147,0.20426235850663993,nan
4073472.0,0.3317382500406473,0.035154451576808486,nan
4075520.0,0.14846412776322476,0.20032976290482515,nan
4077568.0,0.3148875156551999,0.1119302645401753,nan
4079616.0,0.3002416813390516,0.13944280035355996,nan
4081664.0,0.3222002968441221,0.057136926581568014,nan
4083712.0,0.2775549523020864,0.15051679693681316,nan
4085760.0,0.26385282076411654,0.15382346918626238,nan
4087808.0,0.282285842206783,0.1534145253588913,nan
4089856.0,0.316581669553895,0.08796131076727498,nan
4091904.0,0.29888278873974694,0.12729211994218192,nan
4093952.0,0.3008480017044449,0.13700801132719134,nan
4096000.0,0.30303004501807185,0.14208606373030866,nan
4098048.0,0.33124925093783975,0.0976427719355539,nan
4100096.0,0.2940620579336772,0.14345143419038126,nan
4102144.0,0.3307256199376276,0.07731064537674408,nan
4104192.0,0.30630100329678434,0.09920890331303178,nan
4106240.0,0.3319479514350394,0.05782771919677256,nan
4108288.0,0.3005812539592606,0.12042898787462075,nan
4110336.0,0.309991122289364,0.12389821275435531,nan
4112384.0,0.27331447995425706,0.17312219128821663,nan
4114432.0,0.2375023251488571,0.19443130442837867,71.28898128898129
4116480.0,0.2278418162162488,0.19632482042745433,nan
4118528.0,0.3432842522963301,0.06443753558352051,nan
4120576.0,0.3549507379406751,0.03368923194865619,nan
4122624.0,0.2809535099272292,0.194135914889912,nan
4124672.0,0.33699199307595845,0.07012592203587345,nan
4126720.0,0.27906202519560264,0.163229579344805,nan
4128768.0,0.2643379229080314,0.18047661991458774,nan
4130816.0,0.314188952951883,0.11958951855160113,nan
4132864.0,0.2996054540691634,0.1272263685991535,nan
4134912.0,0.32314325397675536,0.11642733497138247,nan
4136960.0,0.29767429315039046,0.1287307177573141,nan
4139008.0,0.25840427418827944,0.20126780394719881,nan
4141056.0,0.321417473577608,0.11199643574147329,nan
4143104.0,0.35064378315791234,0.043316890094306656,nan
4145152.0,0.34719652869363726,0.051908746884494386,nan
4147200.0,0.30686575628734913,0.13928115868303217,nan
4149248.0,0.310712198487291,0.09150294468419434,nan
4151296.0,0.3394618341289111,0.0721284025063215,nan
4153344.0,0.3449975978986112,0.0811987304599902,nan
4155392.0,0.2481499069652283,0.18779083761988347,nan
4157440.0,0.30366434853044977,0.16599710237050586,nan
4159488.0,0.26620526702158753,0.18894743118339244,nan
4161536.0,0.2874872130409408,0.17268196719829096,nan
4163584.0,0.34071980836489835,0.10106371971468517,nan
4165632.0,0.32863311252413274,0.12305910985051573,nan
4167680.0,0.30590283143317265,0.13759531376911713,nan
4169728.0,0.3140290129738338,0.13926936934839484,nan
4171776.0,0.34771649524766957,0.07628897565784247,nan
4173824.0,0.3328212354137636,0.03289302585764446,nan
4175872.0,0.3263956256650414,0.08119944575357928,nan
4177920.0,0.21950621605828657,0.21625403662718434,nan
4179968.0,0.20952329101956677,0.24251526108995164,nan
4182016.0,0.32023488845251,0.08616077726282823,nan
4184064.0,0.33223792869103624,0.07493890134190617,nan
4186112.0,0.3406226310427283,0.026412029997465124,nan
4188160.0,0.16191778221285297,0.22047401413825982,nan
4190208.0,0.32912874030252426,0.15761777762863144,nan
4192256.0,0.20116339542881728,0.197785154525103,nan
4194304.0,0.244687737067285,0.2045691312106184,nan
4196352.0,0.2574177638658615,0.20197974823447418,nan
4198400.0,0.060523675539880056,0.24758080469829727,nan
4200448.0,0.23911504423690766,0.21759049819537613,nan
4202496.0,0.30801693623203164,0.1400179987359712,nan
4204544.0,0.2116726180139381,0.2181595499289492,nan
4206592.0,0.2926391773186985,0.17035824729625504,nan
4208640.0,0.3620841067708549,0.038503859572468206,nan
4210688.0,0.3260708041872021,0.0886910027763496,nan
4212736.0,0.22432239150524774,0.14039134103378453,nan
4214784.0,0.30877984175643775,0.10250066287214729,85.71725571725571
4216832.0,0.33569021790153153,0.0698973815909502,nan
4218880.0,0.3014666235813287,0.13897091733843567,nan
4220928.0,0.3344698361506808,0.0952497860897388,nan
4222976.0,0.30770892652745385,0.10337995774959365,nan
4225024.0,0.19964999633354408,0.22448099122070309,nan
4227072.0,0.19415841654645494,0.20474117817436044,nan
4229120.0,0.22463995115473784,0.2176552618526997,nan
4231168.0,0.2690271442161358,0.1616603346329708,nan
4233216.0,0.3190505996096865,0.09265868800092283,nan
4235264.0,0.3005971285092585,0.1483402765442119,nan
4237312.0,0.33689928207732456,0.11477764043050694,nan
4239360.0,0.28407344541034907,0.1631794956828154,nan
4241408.0,0.3045129549045161,0.15714787332409869,nan
4243456.0,0.31637758142622363,0.12084078144817405,nan
4245504.0,0.3315033981857252,0.08181844896756896,nan
4247552.0,0.3040439179937871,0.1144180777005998,nan
4249600.0,0.3053091026471534,0.14324658480592428,nan
4251648.0,0.18501443972276876,0.2284779902499849,nan
4253696.0,0.3301024414002708,0.12177134364248868,nan
4255744.0,0.1742324450666582,0.22909502894658157,nan
4257792.0,0.17061343327609907,0.23588137159190706,nan
4259840.0,0.17910895813459007,0.1932066621422184,nan
4261888.0,0.20052819706199015,0.2143281571212283,nan
4263936.0,0.26252646438907296,0.19680709602073962,nan
4265984.0,0.2698145276241429,0.21034590286157842,nan
4268032.0,0.2370651740368927,0.18381181377236175,nan
4270080.0,0.31848065870883935,0.062171244344906264,nan
4272128.0,0.3473655670511526,0.039536114454585713,nan
4274176.0,0.27550079417966794,0.17117006441115937,nan
4276224.0,0.24257337218359423,0.21196009127948495,nan
4278272.0,0.31604934970699716,0.086819533852973,nan
4280320.0,0.2778694562467251,0.14133721151939477,nan
4282368.0,0.2637325135643208,0.18699965360204338,nan
4284416.0,0.18166210761779567,0.2555677279375302,nan
4286464.0,0.2716738015403315,0.16215240784064822,nan
4288512.0,0.27000095978281724,0.15459205134956494,nan
4290560.0,0.13478737627583348,0.2289632542743394,nan
4292608.0,0.25243184737888175,0.18012773708428334,nan
4294656.0,0.25265305620395495,0.17170243169994462,nan
4296704.0,0.28664830912747685,0.11701706562681108,nan
4298752.0,0.23742325380111623,0.1654573796741566,nan
4300800.0,0.32556303936496456,0.07401731365962369,nan
4302848.0,0.2086875891336256,0.20447342514523512,nan
4304896.0,0.29035802334190897,0.1429185158363714,nan
4306944.0,0.30603639324707055,0.11938558076290225,nan
4308992.0,0.2528146054267828,0.17264765017800537,nan
4311040.0,0.2899595894238241,0.10684673476049855,nan
4313088.0,0.2193780278949089,0.2038564889540197,nan
4315136.0,0.27826626219169376,0.147360647860665,87.38045738045739
4317184.0,0.315799126974895,0.0801048627924311,nan
4319232.0,0.25440886947406255,0.1416718629114599,nan
4321280.0,0.2910410657543104,0.13893656792477938,nan
4323328.0,0.22906710020820212,0.22411084766689643,nan
4325376.0,0.309611954085502,0.12248980488068874,nan
4327424.0,0.28883043489273785,0.16658326732594825,nan
4329472.0,0.32937584163529166,0.10842533876566995,nan
4331520.0,0.18133375546312838,0.2234533556149916,nan
4333568.0,0.2892126042793593,0.14208999113093018,nan
4335616.0,0.32106964936136445,0.08238210226736672,nan
4337664.0,0.10974893854192977,0.21862108359314658,nan
4339712.0,0.31225191216989256,0.09998920520269261,nan
4341760.0,0.2205223762959708,0.18165934472828554,nan
4343808.0,0.13442820080294196,0.23476971464270793,nan
4345856.0,0.3050497477105376,0.09459323192977737,nan
4347904.0,0.27726446734294014,0.1538323433525777,nan
4349952.0,0.32249067214809546,0.09169491779994586,nan
4352000.0,0.31383641261759504,0.0730705289410336,nan
4354048.0,0.30098356547987426,0.14263868769068946,nan
4356096.0,0.2955866541157756,0.14129436272887452,nan
4358144.0,0.31783011060521016,0.06396633991847442,nan
4360192.0,0.32712241644112294,0.0645039086547208,nan
4362240.0,0.3166666349813174,0.07724921758173511,nan
4364288.0,0.2860195404351522,0.13263195238898817,nan
4366336.0,0.2912622920673753,0.1406755884820667,nan
4368384.0,0.33190443074669174,0.05414095271452806,nan
4370432.0,0.24830661245500912,0.20715086515321957,nan
4372480.0,0.2862306439760825,0.15573459010276713,nan
4374528.0,0.29938670719716887,0.14842445025719506,nan
4376576.0,0.29782924037023434,0.13027890085245772,nan
4378624.0,0.31464922748359,0.09458253250476024,nan
4380672.0,0.3088954408732636,0.10008668952113632,nan
4382720.0,0.30462791301492403,0.10665225208178271,nan
4384768.0,0.25507960729288237,0.1750982156460955,nan
4386816.0,0.3038308046343794,0.1286830605528896,nan
4388864.0,0.30827885683189,0.11924598390800493,nan
4390912.0,0.3162388100982291,0.09063756031880037,nan
4392960.0,0.3100749795936083,0.12697281994906268,nan
4395008.0,0.3295584760682071,0.08543493532953428,nan
4397056.0,0.2907625216827554,0.14611570819930772,nan
4399104.0,0.3295440402593215,0.04901128687363091,nan
4401152.0,0.3031540272747161,0.11565564393906685,nan
4403200.0,0.32491147497026696,0.08753525052431928,nan
4405248.0,0.3241578784106727,0.07740390548644047,nan
4407296.0,0.30377684552285433,0.14800496031856394,nan
4409344.0,0.32709521131377434,0.08206462436817195,nan
4411392.0,0.2982219604162444,0.13168673015191001,nan
4413440.0,0.3039347761803808,0.10422358140590082,nan
4415488.0,0.09518036718351294,0.2220839491881121,93.91891891891893
4417536.0,0.30674791297309856,0.10613443071913334,nan
4419584.0,0.3361184789695263,0.08814232897803691,nan
4421632.0,0.3399749153806099,0.04480302877625504,nan
4423680.0,0.3529284910332114,0.04980639200858334,nan
4425728.0,0.33640974286459974,0.11909832966419598,nan
4427776.0,0.3197494837959447,0.09310795569824598,nan
4429824.0,0.34482442640777017,0.09386449186788999,nan
4431872.0,0.2956622371512273,0.12254578503108056,nan
4433920.0,0.32644099979599583,0.09054102630928704,nan
4435968.0,0.30370044656773687,0.1312652667943187,nan
4438016.0,0.3288742729236528,0.07561821292790126,nan
4440064.0,0.33499492439206524,0.04344263051521402,nan
4442112.0,0.3228111577749448,0.04355980327288318,nan
4444160.0,0.336983982362438,0.10556188506633511,nan
4446208.0,0.3433652379557308,0.08779865514678745,nan
4448256.0,0.33204065276960304,0.05757522834354426,nan
4450304.0,0.3002369724160271,0.13400885043010502,nan
4452352.0,0.32984822793778656,0.08552589099523158,nan
4454400.0,0.3133115994744363,0.15788635004302745,nan
4456448.0,0.22632511393588742,0.2012939709947035,nan
4458496.0,0.2618662828471706,0.1575504817857087,nan
4460544.0,0.3482644618279556,0.049884534779280086,nan
4462592.0,0.2954883317247424,0.13604674321122492,nan
4464640.0,0.3385009246021149,0.049045395601165276,nan
4466688.0,0.28101530037745914,0.1710123830905971,nan
4468736.0,0.2668004434803437,0.1829365080926473,nan
4470784.0,0.13599465971840682,0.23740726993122196,nan
4472832.0,0.2766824178533801,0.15154052109041483,nan
4474880.0,0.258582348257581,0.15428557288629893,nan
4476928.0,0.3125401525134704,0.13184905105911818,nan
4478976.0,0.26842114793847827,0.19303227789851926,nan
4481024.0,0.2995034459104987,0.13649760191137675,nan
4483072.0,0.2967099820587431,0.12534367665929408,nan
4485120.0,0.3181464970341056,0.10615898436249206,nan
4487168.0,0.29429524708205657,0.1386037575986459,nan
4489216.0,0.3209556324428146,0.10761035578336145,nan
4491264.0,0.3062235143182744,0.09131787093491105,nan
4493312.0,0.32864508646943597,0.07395093450584464,nan
4495360.0,0.33841064413462507,0.059487174117947635,nan
4497408.0,0.33746104453999853,0.05008698826213481,nan
4499456.0,0.27552949070374466,0.1814164008370043,nan
4501504.0,0.3436497194683016,0.0905430659042301,nan
4503552.0,0.26749680093126305,0.18188380937664522,nan
4505600.0,0.29972597786762667,0.14227889758436946,nan
4507648.0,0.3252893963386997,0.09712900449934068,nan
4509696.0,0.3235632366097634,0.06820932451235948,nan
4511744.0,0.3171809261319819,0.08724162775895718,nan
4513792.0,0.33548571632135693,0.06960075509420627,nan
4515840.0,0.22647223380200715,0.19942781982899463,94.38669438669439
4517888.0,0.33288216784805513,0.0943561155886774,nan
4519936.0,0.3066240859448156,0.10468923708295261,nan
4521984.0,0.3202616615044069,0.07546625699623333,nan
4524032.0,0.33132054082252005,0.025944440864383536,nan
4526080.0,0.3210218261035035,0.1451323920900125,nan
4528128.0,0.30626390660565134,0.128220431085407,nan
4530176.0,0.24956792811595552,0.18100943252594448,nan
4532224.0,0.21275672866578638,0.19572102752453152,nan
4534272.0,0.2786300638651336,0.13608629834661273,nan
4536320.0,0.25676735701881337,0.18503877581197858,nan
4538368.0,0.215655253325836,0.21922605449942145,nan
4540416.0,0.2184855715862417,0.21067231712685214,nan
4542464.0,0.16760299123864136,0.21638500362307267,nan
4544512.0,0.22464290518783608,0.18009003383073913,nan
4546560.0,0.2622904605267079,0.18164397751231104,nan
4548608.0,0.3147996554137702,0.12183131006478083,nan
4550656.0,0.3284941368027067,0.10576039531168424,nan
4552704.0,0.28902672702652865,0.11908126434966082,nan
4554752.0,0.3109936748358081,0.10886430709500441,nan
4556800.0,0.3088405855931443,0.08059402161265194,nan
4558848.0,0.3057029551996802,0.09799703160893353,nan
4560896.0,0.3142998608518536,0.1217629191581994,nan
4562944.0,0.3103959509377443,0.1246060813885706,nan
4564992.0,0.32878997416463884,0.06394182598780195,nan
4567040.0,0.27624602717739233,0.14112540359856326,nan
4569088.0,0.33728291677880495,0.06285843428228567,nan
4571136.0,0.33618454494615774,0.0640095450428384,nan
4573184.0,0.3346313482009303,0.05851951083003892,nan
4575232.0,0.34175361297375706,0.023131875001156314,nan
4577280.0,0.3107217686824922,0.10067255810030884,nan
4579328.0,0.2613010282058975,0.16278105946396015,nan
4581376.0,0.252320795874481,0.18179120366573304,nan
4583424.0,0.3237517918696451,0.11360122683546901,nan
4585472.0,0.33459858807565857,0.02467837219622949,nan
4587520.0,0.3169744473570504,0.07318362681799745,nan
4589568.0,0.3261533133729816,0.08084067517176646,nan
4591616.0,0.3229912515919834,0.06291468264752594,nan
4593664.0,0.30883726910604736,0.102032697225581,nan
4595712.0,0.32694488028602386,0.07651941634631496,nan
4597760.0,0.31560571398236037,0.0586106901463448,nan
4599808.0,0.2521900393558425,0.2004647208744543,nan
4601856.0,0.12753356774706426,0.23483182764109625,nan
4603904.0,0.21854363280068853,0.21461744248093068,nan
4605952.0,0.2978690511890367,0.13707602902601196,nan
4608000.0,0.28186486877516537,0.16303008894060664,nan
4610048.0,0.2795591305114384,0.1683205375838932,nan
4612096.0,0.33879418820061097,0.06022388145447613,nan
4614144.0,0.3452533720459976,0.04713956488713623,nan
4616192.0,0.2247889116977751,0.18856375848969412,82.69230769230771
4618240.0,0.3311296848937144,0.10231350248614306,nan
4620288.0,0.3204052453324314,0.10772796597210489,nan
4622336.0,0.29941809128098473,0.11829943953550687,nan
4624384.0,0.35857844202770955,0.025131441793383544,nan
4626432.0,0.11837589857830849,0.2436635197567662,nan
4628480.0,0.30658258260659593,0.15905893643059882,nan
4630528.0,0.26917691154675893,0.16786704340184466,nan
4632576.0,0.17444154526012273,0.24550214484264105,nan
4634624.0,0.28224784352136434,0.1867167208787456,nan
4636672.0,0.34552991000958544,0.12105038585750975,nan
4638720.0,0.2217927233423378,0.21152638668391616,nan
4640768.0,0.3120418311699752,0.10241802721338962,nan
4642816.0,0.3460065272928905,0.07748289779096056,nan
4644864.0,0.3001900066462916,0.13867837389247736,nan
4646912.0,0.06667093369204549,0.17887440351380202,nan
4648960.0,0.12208681200948751,0.23380704275729672,nan
4651008.0,0.18966364858302076,0.22395065877218212,nan
4653056.0,0.22393431721715334,0.20696970113857388,nan
4655104.0,0.24406818251718151,0.19183535075104324,nan
4657152.0,0.34329759416102784,0.07464252913148908,nan
4659200.0,0.31432250133025974,0.1019075622080741,nan
4661248.0,0.3256442303727104,0.10386747250577551,nan
4663296.0,0.2634141265248437,0.15657393959628732,nan
4665344.0,0.19430959801730446,0.19728599593586027,nan
4667392.0,0.31954855317658537,0.08214830649846948,nan
4669440.0,0.18123849038436762,0.21640564314784572,nan
4671488.0,0.20591787157094366,0.20982275032641592,nan
4673536.0,0.3264763061388993,0.07759553870421892,nan
4675584.0,0.2637399854761997,0.17436463124194126,nan
4677632.0,0.26211607435256046,0.1849786963950742,nan
4679680.0,0.31506275515565085,0.12191496146183135,nan
4681728.0,0.2962615229136934,0.12222272858833118,nan
4683776.0,0.30072568283839707,0.14091110945939261,nan
4685824.0,0.2956772400613398,0.14195350376364813,nan
4687872.0,0.2870652534082718,0.15013967665594843,nan
4689920.0,0.28434053646737767,0.14568024647794334,nan
4691968.0,0.3322708838652301,0.0615024402022866,nan
4694016.0,0.29191802875926776,0.1339994726086285,nan
4696064.0,0.3302162629763022,0.054384715737757036,nan
4698112.0,0.26995307117348594,0.10672886764698866,nan
4700160.0,0.22914332216778657,0.18458753417548845,nan
4702208.0,0.2891141665576743,0.1651535298374104,nan
4704256.0,0.17093898853943412,0.1520175395524062,nan
4706304.0,0.2129177841130336,0.13372487177660153,nan
4708352.0,0.17917552754824828,0.1992761300454019,nan
4710400.0,0.2031221972562532,0.22106877099563055,nan
4712448.0,0.21295983256290568,0.1937948052329114,nan
4714496.0,0.2789075021264169,0.14111204630815255,nan
4716544.0,0.2256056749732868,0.14041254138446446,76.63201663201663
4718592.0,0.2518380187856756,0.1397213215202057,nan
4720640.0,0.2373498190726715,0.14152162627046055,nan
4722688.0,0.2608488246603751,0.1571449634266929,nan
4724736.0,0.2194774782620605,0.16103213860614507,nan
4726784.0,0.27686250242234967,0.15034988147370004,nan
4728832.0,0.28380959793908334,0.14281172879554974,nan
4730880.0,0.18594539591089188,0.18951419111806303,nan
4732928.0,0.2589649425426732,0.16307629644950208,nan
4734976.0,0.317328025982471,0.07987616742159806,nan
4737024.0,0.17941803633310097,0.209306109025015,nan
4739072.0,0.26202994049704686,0.1543280869877616,nan
4741120.0,0.3314726166741052,0.07741154863234302,nan
4743168.0,0.3117112230822291,0.1201013995727909,nan
4745216.0,0.24434170044940917,0.1943140332764845,nan
4747264.0,0.31877189136532097,0.1135938307294312,nan
4749312.0,0.30856094154278046,0.12070744729316099,nan
4751360.0,0.32134427196879795,0.10607648553771644,nan
4753408.0,0.3016953766283893,0.12823168409329472,nan
4755456.0,0.3038136302602828,0.13736761387517935,nan
4757504.0,0.2910636240069535,0.15838837082906157,nan
4759552.0,0.3142646942830579,0.07939352998530524,nan
4761600.0,0.3187694732840545,0.11626786677938593,nan
4763648.0,0.24979861244686424,0.2043189148645754,nan
4765696.0,0.28598218789566965,0.15334929852370002,nan
4767744.0,0.30508246569813685,0.1052480922679686,nan
4769792.0,0.2788523104813015,0.16402051145391452,nan
4771840.0,0.33306817515901477,0.08190328804319462,nan
4773888.0,0.33172532451121284,0.09617330634584187,nan
4775936.0,0.3552552995801931,0.0423529976531977,nan
4777984.0,0.30892931727103745,0.13421350673918886,nan
4780032.0,0.20000603294110963,0.2394105624259186,nan
4782080.0,0.3087499032688016,0.1364235135778897,nan
4784128.0,0.2754441726156086,0.2043162749618931,nan
4786176.0,0.31524209631101735,0.05516614463035659,nan
4788224.0,0.28173828366270026,0.17766126504356586,nan
4790272.0,0.271080955478985,0.18701268889620842,nan
4792320.0,0.19844503231228397,0.2397462131281492,nan
4794368.0,0.27453990799943495,0.1782649529941206,nan
4796416.0,0.27676543620251004,0.18546477141502388,nan
4798464.0,0.323198255512477,0.0710121372922812,nan
4800512.0,0.2633206751179814,0.17924278422281303,nan
4802560.0,0.141550747650077,0.2095705309740595,nan
4804608.0,0.28001446229064697,0.18052040644499812,nan
4806656.0,0.2909941307006338,0.15019944381938125,nan
4808704.0,0.15627995162531946,0.23839952422250524,nan
4810752.0,0.3421313171718432,0.0747826702445189,nan
4812800.0,0.16052066115897295,0.24140682146006895,nan
4814848.0,0.31728367339309127,0.10690847402805682,nan
4816896.0,0.33134952166332304,0.10978614584986046,83.95010395010395
4818944.0,0.10858061573040254,0.2653612877914046,nan
4820992.0,0.28184745555237933,0.18619085603029245,nan
4823040.0,0.26078789749271397,0.19262489703777225,nan
4825088.0,0.1986855960358873,0.2237334776449252,nan
4827136.0,0.2574294195085847,0.1773174623792315,nan
4829184.0,0.314758025715571,0.07205575302929693,nan
4831232.0,0.2982484762049072,0.12699727592372834,nan
4833280.0,0.30107476969286096,0.13543752202357473,nan
4835328.0,0.2824271543135758,0.16603587833849665,nan
4837376.0,0.34758081971763377,0.038450867493452716,nan
4839424.0,0.3562468926109471,0.03513758436355836,nan
4841472.0,0.31925495074742644,0.14313539359077776,nan
4843520.0,0.27000923110722824,0.19045571613215195,nan
4845568.0,0.2974797835945826,0.15100981415795248,nan
4847616.0,0.19530964572810552,0.22163877733986995,nan
4849664.0,0.23436594404743427,0.20764945915675537,nan
4851712.0,0.14319682071510476,0.23177951058935173,nan
4853760.0,0.2920759829375484,0.15968136136704505,nan
4855808.0,0.2887085540460375,0.14030075395744943,nan
4857856.0,0.3156561619605948,0.14480075417497992,nan
4859904.0,0.305792934536957,0.1068756029303598,nan
4861952.0,0.2767699346257926,0.17231971715336833,nan
4864000.0,0.34935889778669327,0.035151909478087405,nan
4866048.0,0.22763050127949763,0.20445219347586072,nan
4868096.0,0.26144153838692347,0.19228604078576683,nan
4870144.0,0.28979871042643374,0.11098792584403487,nan
4872192.0,0.3370828434697638,0.03636053172971479,nan
4874240.0,0.34055609112815355,0.05919561379580159,nan
4876288.0,0.3093490036618961,0.12348221875754208,nan
4878336.0,0.3553988371029233,0.03512771704570474,nan
4880384.0,0.32909061957672675,0.10253547731249003,nan
4882432.0,0.31256250515016637,0.08360487516294628,nan
4884480.0,0.3447730741965038,0.057195355214727545,nan
4886528.0,0.18378038721014459,0.23261487422795382,nan
4888576.0,0.31739367531640894,0.11552320598106039,nan
4890624.0,0.31755427498375,0.09226123426095324,nan
4892672.0,0.3236347465520767,0.07195840684277742,nan
4894720.0,0.3116238739033034,0.12001243873616138,nan
4896768.0,0.319881988500872,0.11972854081028723,nan
4898816.0,0.26465923872344194,0.18716704827586655,nan
4900864.0,0.3331747479026034,0.04806381063893007,nan
4902912.0,0.3034801421935976,0.1358671511330946,nan
4904960.0,0.33076042502963354,0.03529917612416812,nan
4907008.0,0.32711020321537637,0.09708080354331654,nan
4909056.0,0.31194587302135535,0.12419241074248967,nan
4911104.0,0.3449844905516527,0.06569019049083519,nan
4913152.0,0.3093334006048887,0.1228960679580762,nan
4915200.0,0.33092924438451193,0.07742442190860971,nan
4917248.0,0.34533639796799515,0.038130082603500606,95.9043659043659
4919296.0,0.32642831109305337,0.09091095381255898,nan
4921344.0,0.31208867569996873,0.122225122352795,nan
4923392.0,0.33101512903606545,0.05460522846682415,nan
4925440.0,0.3366352462830573,0.07550560975666622,nan
4927488.0,0.31628677752079204,0.12929207673804025,nan
4929536.0,0.3186954958160539,0.08671934953350677,nan
4931584.0,0.30937869322938183,0.0947483934475613,nan
4933632.0,0.2749321183604009,0.17515745330063145,nan
4935680.0,0.30524112583577134,0.11509194201994706,nan
4937728.0,0.3156870756965215,0.08987031389878952,nan
4939776.0,0.32303573408909436,0.05757290750214813,nan
4941824.0,0.326484150432562,0.06494676160848467,nan
4943872.0,0.32631191151497047,0.03508292624489984,nan
4945920.0,0.2911402235957442,0.13536989769234484,nan
4947968.0,0.2950555808826544,0.14469426069875108,nan
4950016.0,0.2931690892555766,0.13495001282338637,nan
4952064.0,0.3283634221365487,0.0544984579632728,nan
4954112.0,0.3442638161925749,0.03621615694735378,nan
4956160.0,0.2268566761440512,0.2149871851865565,nan
4958208.0,0.32311535804520186,0.09929584093677463,nan
4960256.0,0.22792169752171088,0.19851506070807334,nan
4962304.0,0.30690040437090943,0.07361200565830123,nan
4964352.0,0.2983649223284254,0.14855151193797322,nan
4966400.0,0.3368407151121396,0.07742265974513438,nan
4968448.0,0.30357405534852855,0.12203076636955282,nan
4970496.0,0.29588319736780844,0.16851455057537454,nan
4972544.0,0.26996578077636035,0.17399747273946653,nan
4974592.0,0.3375883355764313,0.058518090885610385,nan
4976640.0,0.3085972055200525,0.10408615709204713,nan
4978688.0,0.3083399586182954,0.08769205004767887,nan
4980736.0,0.32263434102125965,0.05666049883480946,nan
4982784.0,0.3411474088553641,0.043411018065564085,nan
4984832.0,0.3174305020977948,0.07514943577342446,nan
4986880.0,0.3200938970155397,0.058448901862346476,nan
4988928.0,0.32813822752009936,0.053447450729057294,nan
4990976.0,0.26751878692398323,0.17391337734083287,nan
4993024.0,0.31552937122917735,0.14180214621612558,nan
4995072.0,0.2930863888784933,0.15254274578026683,nan
4997120.0,0.3231956009913997,0.11593978759569797,nan
4999168.0,0.3241273601399314,0.09795126574913607,nan
5000000.0,0.173545111487086,0.2671746036795175,96.67359667359668
