step,rollout_reward_mean,rollout_reward_std,eval_dcr_mean
2048.0,0.12759593331939006,0.24252092858360905,nan
4096.0,0.1447601808691822,0.2257256386409864,nan
6144.0,0.11095676974106017,0.2281472561158168,nan
8192.0,0.07764013039440547,0.20307094501216552,nan
10240.0,0.06819550060100252,0.19537078346146525,nan
12288.0,0.021144138312401483,0.20860401828912153,nan
14336.0,0.059272449812000715,0.21272951674407306,nan
16384.0,0.07160957886869843,0.22690066610155107,nan
18432.0,0.06366318201029655,0.2116064533631957,nan
20480.0,0.05862144984910254,0.17939203274645965,nan
22528.0,0.055466182089153604,0.2075518063487635,nan
24576.0,0.02107785274005597,0.20335823710882225,nan
26624.0,0.06418385624243214,0.18606478155460138,nan
28672.0,0.07302665294569177,0.20790088805878168,nan
30720.0,0.1008997667930126,0.23277026360601258,nan
32768.0,0.06961925245916756,0.20350542261600296,nan
34816.0,0.044144303100152944,0.20013840131123356,nan
36864.0,0.03970292574015019,0.18230115675924696,nan
38912.0,0.0459453348507964,0.21577553819696627,nan
40960.0,0.08717617486801997,0.22020235370308439,nan
43008.0,0.06364132291099234,0.17689648705641475,nan
45056.0,0.049657745536363554,0.20590561692794004,nan
47104.0,0.05661079802441665,0.2057306919600511,nan
49152.0,0.026825820598799687,0.15400101025298887,nan
51200.0,0.06935412619552465,0.2005729348248475,nan
53248.0,0.06491454008956585,0.1964448074566619,nan
55296.0,0.06052165370349695,0.19782027843224287,nan
57344.0,0.052520348866331924,0.18560063307488048,nan
59392.0,0.0768168609319017,0.18650287420151812,nan
61440.0,0.062348174841292944,0.1887024329340214,nan
63488.0,0.05803460593298873,0.18130496070281524,nan
65536.0,0.07160220876719559,0.17770914185336692,nan
67584.0,0.08270869811837306,0.21468154322747293,nan
69632.0,0.02440613946838832,0.16882479459144417,nan
71680.0,0.04200720266559162,0.19896143107187222,nan
73728.0,0.08644936010806809,0.17703788677779922,nan
75776.0,0.06996015235087652,0.19991113634353244,nan
77824.0,0.07422580767187575,0.17688229351421822,nan
79872.0,0.06437217220948682,0.20134525526421143,nan
81920.0,0.0620094196898354,0.18572076137068289,nan
83968.0,0.09131615535455301,0.1948221873586896,nan
86016.0,0.029957052162445902,0.19121552536708503,nan
88064.0,0.059354342455311765,0.1549445377580808,nan
90112.0,0.09937469149978803,0.2205219077570903,nan
92160.0,0.04793441727082893,0.1640609912944668,nan
94208.0,0.11018405730562084,0.18471250956934396,nan
96256.0,0.06370467945473934,0.14307462700493598,nan
98304.0,0.06361032055374757,0.16424477635462792,nan
100352.0,0.08767927983757756,0.16432791920940895,19.916839916839923
102400.0,0.06958357512007263,0.16074732474819767,nan
104448.0,0.06984554858373196,0.18819988234544127,nan
106496.0,0.09675471680097299,0.158736966972119,nan
108544.0,0.036536685201533754,0.1607956616764498,nan
110592.0,0.04750585030214157,0.13602688959840037,nan
112640.0,0.05896095388083068,0.18004514635896413,nan
114688.0,0.08306645263649938,0.20026066199908438,nan
116736.0,0.05902973618414249,0.21263862730623864,nan
118784.0,0.06524489928752236,0.1937053070593692,nan
120832.0,0.06616941648639948,0.18340685949105764,nan
122880.0,0.07417513109517876,0.17204771681729178,nan
124928.0,0.06559953420853319,0.16064860633488093,nan
126976.0,0.06763214206401481,0.1878966422968365,nan
129024.0,0.08625758339024701,0.17916144845268306,nan
131072.0,0.08143260172137337,0.1843835306355778,nan
133120.0,0.0662124033949991,0.18080845312391858,nan
135168.0,0.05786061227061743,0.17020134070689422,nan
137216.0,0.06664790939659467,0.18344003668782044,nan
139264.0,0.05117861033162216,0.19219163018334753,nan
141312.0,0.08830696214504373,0.1879063450981277,nan
143360.0,0.05777358117890628,0.17705699942524536,nan
145408.0,0.05869987494102449,0.15286512356934898,nan
147456.0,0.1114272384354496,0.17454809329802412,nan
149504.0,0.06842143438349459,0.1380269845225764,nan
151552.0,0.08360361999835536,0.20316420999608764,nan
153600.0,0.0878460695177217,0.16322730945568206,nan
155648.0,0.06778822836162889,0.14848027705917263,nan
157696.0,0.060343478235189506,0.12842199614426056,nan
159744.0,0.06739702584672835,0.1696056267920714,nan
161792.0,0.06408136784725596,0.16351893229134917,nan
163840.0,0.06003395810668528,0.16132046421398677,nan
165888.0,0.0758159706126571,0.0960853324673529,nan
167936.0,0.07808007467539149,0.1766456694034304,nan
169984.0,0.09496758978918661,0.1799838129351197,nan
172032.0,0.06479576178845317,0.157227885021504,nan
174080.0,0.08006243794346855,0.1803650237566083,nan
176128.0,0.04489386568096436,0.15216137443171832,nan
178176.0,0.08351598818933273,0.18375167319891322,nan
180224.0,0.07937613696336618,0.1969009606029416,nan
182272.0,0.06229780443644756,0.14329036742547027,nan
184320.0,0.06570194903288847,0.18406188910323318,nan
186368.0,0.07164087194069371,0.2047440514049774,nan
188416.0,0.072939397485961,0.17609464656089863,nan
190464.0,0.07250600512974509,0.14361963050522308,nan
192512.0,0.07448164302543597,0.18422437092515662,nan
194560.0,0.07553693279921109,0.16458138392838953,nan
196608.0,0.08602667026538524,0.18057964565076853,nan
198656.0,0.07537777667207511,0.18000395475996694,nan
200704.0,0.05686513548805077,0.13714308638994022,21.081081081081088
202752.0,0.0977735276515152,0.18803207700854405,nan
204800.0,0.10224245622068172,0.16956214983602266,nan
206848.0,0.08993467233763064,0.19265258096016533,nan
208896.0,0.08111751931157607,0.19147583128125795,nan
210944.0,0.07485897166469954,0.19323674728366333,nan
212992.0,0.10090648092536186,0.14959111120402138,nan
215040.0,0.09366878620080066,0.1816424259902824,nan
217088.0,0.08439957542278204,0.13403055756280227,nan
219136.0,0.0972060788937894,0.1741871067098744,nan
221184.0,0.07591515685565009,0.14637567120844175,nan
223232.0,0.0649669004944599,0.19098756686564064,nan
225280.0,0.0635838565333587,0.153313993271793,nan
227328.0,0.0800488669590439,0.199747586110864,nan
229376.0,0.09225691939762536,0.17433276526509336,nan
231424.0,0.0847346941059246,0.16236808456321947,nan
233472.0,0.07113166323947892,0.16876467866104256,nan
235520.0,0.055803885596241505,0.16090084963259993,nan
237568.0,0.07688813099032916,0.17679457903558043,nan
239616.0,0.0794077428454574,0.13111940612310963,nan
241664.0,0.07481968856832798,0.14948754855372115,nan
243712.0,0.08939912440096567,0.15760158902907714,nan
245760.0,0.0693013493443051,0.15017819702044097,nan
247808.0,0.0751835562387693,0.17742468375330636,nan
249856.0,0.07814180714814414,0.1824446745894935,nan
251904.0,0.07242639577434243,0.14432910513977737,nan
253952.0,0.0959851155480789,0.16108850885884574,nan
256000.0,0.06685538117964263,0.15153634013623662,nan
258048.0,0.08185619575134877,0.17219641499901644,nan
260096.0,0.08030857814202151,0.183958894489626,nan
262144.0,0.08084276863263982,0.1853607380205091,nan
264192.0,0.075553231601868,0.18927897276364405,nan
266240.0,0.06573911809075944,0.19066698673385712,nan
268288.0,0.0878646407824693,0.13318370696133366,nan
270336.0,0.09320229871145122,0.20662002911854246,nan
272384.0,0.08029777809728683,0.1736511458102792,nan
274432.0,0.090364566846295,0.14989179143390696,nan
276480.0,0.0715114092619595,0.17589472483785334,nan
278528.0,0.07624447776367582,0.17858982169489468,nan
280576.0,0.09427154371819685,0.13364835008719272,nan
282624.0,0.08394236965193896,0.19669125155551098,nan
284672.0,0.08038807666445083,0.17915133499491262,nan
286720.0,0.09520156787270408,0.13021407564022047,nan
288768.0,0.07005117875701655,0.15845175318732468,nan
290816.0,0.09068581733969464,0.1826682573717704,nan
292864.0,0.07721263101717575,0.17104607973402627,nan
294912.0,0.09830808903119084,0.17282375560505328,nan
296960.0,0.08899113060997914,0.1574424395970449,nan
299008.0,0.08806323525394982,0.1734230865651177,nan
301056.0,0.08299770733588313,0.15430408285689073,17.08939708939709
303104.0,0.08321836138569724,0.18231241654673427,nan
305152.0,0.09118117331583997,0.15436598204140006,nan
307200.0,0.09734889342201625,0.15002646334783887,nan
309248.0,0.09287727630678148,0.1855864996891048,nan
311296.0,0.0697399557529027,0.1670171119732132,nan
313344.0,0.08047787335788417,0.15384364878564438,nan
315392.0,0.08813125904838835,0.1197420769391709,nan
317440.0,0.08227791849481494,0.17187010971543068,nan
319488.0,0.09028620094640549,0.12591092234040968,nan
321536.0,0.08236554108083113,0.17502356773795794,nan
323584.0,0.09803583625074554,0.16544290126583247,nan
325632.0,0.0831704409130059,0.1545076175215615,nan
327680.0,0.08960870835884135,0.1522880732450407,nan
329728.0,0.08054472452028894,0.1368481919692964,nan
331776.0,0.08833372515070509,0.16168949142902916,nan
333824.0,0.07052687760018847,0.16341725866870396,nan
335872.0,0.07077354151466539,0.17208858991725418,nan
337920.0,0.08635386185779459,0.13320976548370078,nan
339968.0,0.09338725229433922,0.14276439294084292,nan
342016.0,0.08456598437038408,0.15528996501183331,nan
344064.0,0.09375280187638031,0.17069267824883966,nan
346112.0,0.0840610072206691,0.1450952238130864,nan
348160.0,0.09229974809238678,0.14348086774466615,nan
350208.0,0.09917288872327182,0.16280667309935454,nan
352256.0,0.0844795175318061,0.17132549324703442,nan
354304.0,0.08723167440901403,0.14521717521466396,nan
356352.0,0.09112706418328115,0.14912126680773932,nan
358400.0,0.10121058398894886,0.1949210559283138,nan
360448.0,0.08341819118296231,0.17167789428893865,nan
362496.0,0.0866853692716899,0.1577259295002678,nan
364544.0,0.09225993460593634,0.13155254851929207,nan
366592.0,0.09203265068306432,0.1387908293267608,nan
368640.0,0.08036898950702948,0.15558994478557528,nan
370688.0,0.07727042451433713,0.1750502884316422,nan
372736.0,0.08785030507834912,0.12451820332744656,nan
374784.0,0.09046720473882482,0.18736290477143833,nan
376832.0,0.08102073720455986,0.1515339575343377,nan
378880.0,0.09327892919096677,0.17635836182040698,nan
380928.0,0.07694133696659869,0.17614688914568244,nan
382976.0,0.08306127256694937,0.17902224607984019,nan
385024.0,0.09031251575089658,0.19055819899391616,nan
387072.0,0.0797820235584375,0.19186993663351343,nan
389120.0,0.09924646750151839,0.16699630409520147,nan
391168.0,0.10368185061821847,0.1810870576476263,nan
393216.0,0.10427846627045267,0.1832409050172856,nan
395264.0,0.07778194069956619,0.12712530669628544,nan
397312.0,0.08711279478996545,0.1576864940522699,nan
399360.0,0.09172804338867539,0.16607520682173368,nan
401408.0,0.08473945110070195,0.16574089550130558,13.305613305613306
403456.0,0.08523628590386682,0.15288523473486135,nan
405504.0,0.08219732940262783,0.18039543681967266,nan
407552.0,0.09681448674853287,0.1806409122136535,nan
409600.0,0.1079304947098721,0.16196168478316253,nan
411648.0,0.09855345898907741,0.18846112192927006,nan
413696.0,0.08359567608743593,0.1693179650176549,nan
415744.0,0.08604372731544212,0.16359419363695846,nan
417792.0,0.09560403779462939,0.1649983749074941,nan
419840.0,0.09162986629309978,0.18842357190116119,nan
421888.0,0.09850348189090125,0.1778103327057651,nan
423936.0,0.07354212774531246,0.13147555264567434,nan
425984.0,0.08912317293206733,0.14022341624897447,nan
428032.0,0.08165357622716703,0.15611769445371293,nan
430080.0,0.09525836985058855,0.1357775951028784,nan
432128.0,0.08597051458715887,0.13171525408777696,nan
434176.0,0.10691623812853651,0.14862799337788188,nan
436224.0,0.09382047459376919,0.16102513457223114,nan
438272.0,0.09020291710946209,0.15892564213676377,nan
440320.0,0.08791639671930841,0.1748666714856911,nan
442368.0,0.09661897381175692,0.18121271658674562,nan
444416.0,0.08322300468265398,0.15364782681541153,nan
446464.0,0.08742717246142381,0.11721658869541694,nan
448512.0,0.0888211919148813,0.17131460853782204,nan
450560.0,0.09142018854376904,0.16072922032500392,nan
452608.0,0.08648387485847564,0.1667803235315173,nan
454656.0,0.08280165754327366,0.16274871880860162,nan
456704.0,0.10356114864026503,0.1662045444950462,nan
458752.0,0.0756899750797947,0.16280189576979145,nan
460800.0,0.08307262368375441,0.15038143255961836,nan
462848.0,0.09853441089991372,0.13729454496469137,nan
464896.0,0.10119403305850998,0.13755491501243955,nan
466944.0,0.10182846464792487,0.160107668382094,nan
468992.0,0.09956128577182857,0.1677165120814998,nan
471040.0,0.08590427064844053,0.17238036705963464,nan
473088.0,0.08821978506565983,0.16183807152388388,nan
475136.0,0.08229443506432813,0.1783294628550459,nan
477184.0,0.08182210499242729,0.15442300677156165,nan
479232.0,0.09961459434358859,0.17701124539146693,nan
481280.0,0.09326985264779603,0.1659843922390195,nan
483328.0,0.0771429726706441,0.1547032860744107,nan
485376.0,0.09262634906460784,0.1595101823826847,nan
487424.0,0.07276944958196224,0.16414537778831065,nan
489472.0,0.09143122110248968,0.1849117607334819,nan
491520.0,0.08835761606618198,0.16463574976301648,nan
493568.0,0.07763801128995124,0.1288732699728024,nan
495616.0,0.08037083933238681,0.19487402366572962,nan
497664.0,0.090982816179051,0.18087864922684824,nan
499712.0,0.10165340129567824,0.17962145869197899,nan
501760.0,0.08281785280639223,0.1918239734936294,17.401247401247403
503808.0,0.09270790822674052,0.18633552953406032,nan
505856.0,0.07807522368783673,0.16766305294157008,nan
507904.0,0.08036519376074615,0.18409241251087569,nan
509952.0,0.08353776419016991,0.19114939527716437,nan
512000.0,0.08621948513948674,0.15661086661552745,nan
514048.0,0.0797144803838012,0.19548501699066892,nan
516096.0,0.08542523454834101,0.15422729914339783,nan
518144.0,0.08240679766951207,0.1563259811171658,nan
520192.0,0.07725442100239069,0.17631314550177568,nan
522240.0,0.08098308094404197,0.15221018257289268,nan
524288.0,0.09587315749509906,0.1542674036130997,nan
526336.0,0.09553729390316223,0.14752933599609439,nan
528384.0,0.10408345319302162,0.15777919525421177,nan
530432.0,0.07667281013476276,0.12505162880298273,nan
532480.0,0.0875623230889604,0.14425663792713914,nan
534528.0,0.0810840352878614,0.15293187797689292,nan
536576.0,0.07408373946178937,0.20420554088976925,nan
538624.0,0.09676078720662647,0.15874498945948234,nan
540672.0,0.09306466521157804,0.18559403508627778,nan
542720.0,0.09076085104522942,0.17389643842901878,nan
544768.0,0.07327299892738853,0.15856723661819744,nan
546816.0,0.0932446174610556,0.16097520082594585,nan
548864.0,0.08815951652333504,0.13666164783883986,nan
550912.0,0.08376721932944958,0.17060160089789164,nan
552960.0,0.10063281445615989,0.171355445196821,nan
555008.0,0.07724619603711491,0.17897349243308983,nan
557056.0,0.08033178866851935,0.18191103960242422,nan
559104.0,0.0959562702456507,0.2016584941132064,nan
561152.0,0.08174986250645905,0.14660062007386426,nan
563200.0,0.09311835890515573,0.17076666493514592,nan
565248.0,0.09463011043677667,0.17034006456045614,nan
567296.0,0.07914389302786858,0.17136389040490604,nan
569344.0,0.08516633956854672,0.14451270449715492,nan
571392.0,0.10116547952439484,0.18755915331292067,nan
573440.0,0.09459417592201928,0.18821153520320993,nan
575488.0,0.07266147668231045,0.1799638776174679,nan
577536.0,0.10297166775152611,0.19275786944122836,nan
579584.0,0.1014033477528153,0.17634904003205756,nan
581632.0,0.12113269596109694,0.18017540050538672,nan
583680.0,0.084794113682303,0.14553330467316458,nan
585728.0,0.09293956316967572,0.16852629903553612,nan
587776.0,0.08278918707738445,0.18358341010058513,nan
589824.0,0.08811566004618507,0.17219327854997485,nan
591872.0,0.08939285819930827,0.16912610539478534,nan
593920.0,0.07535528017003722,0.16944091498948688,nan
595968.0,0.11011560918072438,0.15746072720023613,nan
598016.0,0.07958381281886959,0.16337241255449975,nan
600064.0,0.07268726526517688,0.17551343627534538,nan
602112.0,0.0931254478424359,0.16599590487107932,17.754677754677754
604160.0,0.11370175329455756,0.20186362246009065,nan
606208.0,0.09110426015138628,0.18347084729651408,nan
608256.0,0.0811006696778028,0.18016352425695673,nan
610304.0,0.10306895229953804,0.1505831892506939,nan
612352.0,0.08014400130628524,0.18057918602786852,nan
614400.0,0.09376117355135238,0.17141948187756814,nan
616448.0,0.09097885950185583,0.14520583743098367,nan
618496.0,0.07431263998788289,0.17438499415910322,nan
620544.0,0.07077879937306107,0.15793709784289056,nan
622592.0,0.07937733391381976,0.18567413684897588,nan
624640.0,0.09196754658731968,0.15151655411409898,nan
626688.0,0.07830928137920255,0.19914124213356532,nan
628736.0,0.09478825697818616,0.18964982659761295,nan
630784.0,0.08696629112803106,0.16507580106340566,nan
632832.0,0.09484060584851187,0.18386877954912928,nan
634880.0,0.11016789494194665,0.18821168222531162,nan
636928.0,0.0895996219061901,0.17929462518394446,nan
638976.0,0.09626625734682642,0.16093613802446086,nan
641024.0,0.07576424972086357,0.1938718426890271,nan
643072.0,0.11195119450821994,0.18349552943404673,nan
645120.0,0.09664112595179737,0.16863911277336863,nan
647168.0,0.09536803484824208,0.18173472198874724,nan
649216.0,0.09311739503093183,0.14834788601032173,nan
651264.0,0.08902109789808654,0.18098717179080723,nan
653312.0,0.0989140327857958,0.18463954264892488,nan
655360.0,0.09362698942996273,0.19458314493919698,nan
657408.0,0.07376074979372099,0.13722100977095122,nan
659456.0,0.08519397248593613,0.15203997554909945,nan
661504.0,0.10353270162859896,0.1664615414091176,nan
663552.0,0.09693192701663367,0.17247484288234366,nan
665600.0,0.07473636760117763,0.17980460327128803,nan
667648.0,0.08077987060138161,0.17577775852299174,nan
669696.0,0.08496771459237237,0.17891959809315247,nan
671744.0,0.07798399595495398,0.17453574600157643,nan
673792.0,0.08180774463300008,0.14313546161831373,nan
675840.0,0.07963375104150461,0.18124890006378824,nan
677888.0,0.0768995471274762,0.13831595677986216,nan
679936.0,0.0833860460948993,0.13401030277103773,nan
681984.0,0.07592125885388426,0.17119936413750872,nan
684032.0,0.07513426357135816,0.18105519022526828,nan
686080.0,0.09594937759752954,0.16259202143275053,nan
688128.0,0.08366742320137828,0.12647755962041632,nan
690176.0,0.08967336650245794,0.18327785121749643,nan
692224.0,0.08230056626730181,0.16608421077294905,nan
694272.0,0.08528191015013653,0.15363382004027124,nan
696320.0,0.09942122392611742,0.17708775983614444,nan
698368.0,0.09855731262054344,0.15888880521304677,nan
700416.0,0.08219553085482283,0.1492021481940727,nan
702464.0,0.07015982063105847,0.1675707398455557,17.993762993762996
704512.0,0.09165137240848839,0.16338532767637223,nan
706560.0,0.0889595440976105,0.17563355487991533,nan
708608.0,0.07948313230523922,0.1751060959883005,nan
710656.0,0.07042676939066023,0.17223398770172657,nan
712704.0,0.08926285753501273,0.1633482270389965,nan
714752.0,0.05585652895632937,0.17453847686763838,nan
716800.0,0.08373143340800389,0.15043397435180808,nan
718848.0,0.08218941419651692,0.19129762815616544,nan
720896.0,0.07395312379144152,0.16630133296182273,nan
722944.0,0.06757482388464756,0.18309414560490547,nan
724992.0,0.08291389044650631,0.17779147828978706,nan
727040.0,0.08743484359535876,0.14067177003772,nan
729088.0,0.08119422734889464,0.1691478507360977,nan
731136.0,0.0763123006187646,0.17249693519455395,nan
733184.0,0.0873122562643241,0.14290164439499717,nan
735232.0,0.08262038527854951,0.1617051059782284,nan
737280.0,0.06343765439562342,0.19399378980367643,nan
739328.0,0.09525889496933163,0.1711993246509099,nan
741376.0,0.09856539890110942,0.16384955525539618,nan
743424.0,0.09305576290611386,0.18546194298426816,nan
745472.0,0.08659468774489372,0.17946250856050386,nan
747520.0,0.08303721502063283,0.1640898609660559,nan
749568.0,0.079263283048609,0.1519212585427494,nan
751616.0,0.10193007577685385,0.17280434097831127,nan
753664.0,0.08284201229819924,0.18312256620370654,nan
755712.0,0.07934837230363007,0.14881843252752305,nan
757760.0,0.08630177588193313,0.1683083708234431,nan
759808.0,0.09926259541789538,0.16247377644774025,nan
761856.0,0.11647604266000652,0.1641905321753169,nan
763904.0,0.07076763499433346,0.14794828083361986,nan
765952.0,0.09751589439674907,0.15034868830551593,nan
768000.0,0.09278961219150575,0.1845495084298975,nan
770048.0,0.09455650912908092,0.15580185152432613,nan
772096.0,0.08934595796986976,0.18868607561294162,nan
774144.0,0.08021318344755997,0.1697515695715244,nan
776192.0,0.06849467884500807,0.15133321364568306,nan
778240.0,0.09432614154899763,0.1419839098380789,nan
780288.0,0.10344671199522494,0.16492059730580733,nan
782336.0,0.06764036888411305,0.1465292529572445,nan
784384.0,0.06820064416727811,0.17178530320596863,nan
786432.0,0.08886617239724699,0.15667928833526132,nan
788480.0,0.08580158942941571,0.16850507162766915,nan
790528.0,0.08612589106951063,0.17049282220955242,nan
792576.0,0.086240810205579,0.1517648352732923,nan
794624.0,0.08098842759824729,0.1607629104143258,nan
796672.0,0.09071153955769508,0.14629410656936342,nan
798720.0,0.10427750662316818,0.1555204348698032,nan
800768.0,0.09276515269812409,0.1774118820766741,nan
802816.0,0.06835244542755242,0.15561079775476125,18.523908523908524
804864.0,0.06721206131448534,0.15523422674737114,nan
806912.0,0.08606426139417352,0.13486477516558473,nan
808960.0,0.08715243817115306,0.1930555555686024,nan
811008.0,0.08502944333632748,0.17846994314653047,nan
813056.0,0.09578897737990526,0.18134519618368214,nan
815104.0,0.08342072873512357,0.14235921455465142,nan
817152.0,0.09222550394710298,0.1526944822905335,nan
819200.0,0.0964742159447291,0.16002192165835705,nan
821248.0,0.08785130465237631,0.17177805765310578,nan
823296.0,0.07509438598901355,0.15994343146381,nan
825344.0,0.09268907471570281,0.14474411628094314,nan
827392.0,0.09053619354779313,0.18190365988795898,nan
829440.0,0.08999782781160662,0.1618827728177339,nan
831488.0,0.08329722967202463,0.14887905547441532,nan
833536.0,0.06529704678998219,0.17373484548348062,nan
835584.0,0.08320914494499243,0.18130081313429722,nan
837632.0,0.08427438017426805,0.18922028693199816,nan
839680.0,0.07832377349386034,0.16480386807496017,nan
841728.0,0.08475252977003382,0.1510746364867795,nan
843776.0,0.07405031415602921,0.17472446184055945,nan
845824.0,0.09930363692115411,0.19371253557933865,nan
847872.0,0.08955909968940824,0.1749688241047002,nan
849920.0,0.10015089398421897,0.12174755816429757,nan
851968.0,0.10450222917544194,0.193987396265923,nan
854016.0,0.08598477973200484,0.1435365403259592,nan
856064.0,0.07896248103066263,0.18477539579235505,nan
858112.0,0.10376043019668141,0.19249212515744002,nan
860160.0,0.08375107566368602,0.1677276783735018,nan
862208.0,0.07594328183564349,0.1708081249887214,nan
864256.0,0.08405106631265688,0.1917068171346935,nan
866304.0,0.09362120831596621,0.18622038330280125,nan
868352.0,0.070746960574965,0.16408915016140924,nan
870400.0,0.08132618026701183,0.15636870534297304,nan
872448.0,0.08118487803689912,0.1563690456099768,nan
874496.0,0.08223387484746963,0.17428549574813398,nan
876544.0,0.07075645597040278,0.19830804511881744,nan
878592.0,0.10653208597778302,0.17299501555551366,nan
880640.0,0.07414830634433318,0.20211422580283703,nan
882688.0,0.07985395310297644,0.16254635749586113,nan
884736.0,0.09506862039583057,0.1763781092424654,nan
886784.0,0.09015636186402656,0.1597347546493063,nan
888832.0,0.10773593410798007,0.20988123473583656,nan
890880.0,0.09475062905586809,0.15221744255921194,nan
892928.0,0.09080606806087635,0.17861217919168781,nan
894976.0,0.07380767436922907,0.1570913339326153,nan
897024.0,0.10595010882879614,0.15901349161084835,nan
899072.0,0.0958606747136196,0.16391334479410558,nan
901120.0,0.09492243769752719,0.16834308578429116,nan
903168.0,0.09769536556580302,0.16082943719280315,16.902286902286907
905216.0,0.08643501260868552,0.1868885030556077,nan
907264.0,0.10425626436486299,0.2012434198810475,nan
909312.0,0.07685884617332833,0.1859066662211593,nan
911360.0,0.09470806426144568,0.15338013332200956,nan
913408.0,0.08878726994041154,0.18813529262183037,nan
915456.0,0.0816117367994332,0.17007950669401609,nan
917504.0,0.08838401181050083,0.16525599148419587,nan
919552.0,0.09847579715182034,0.1604192916173617,nan
921600.0,0.0978850879234481,0.18250664172233022,nan
923648.0,0.08827553747530281,0.13533947478114436,nan
925696.0,0.0929930464687033,0.16204537314637976,nan
927744.0,0.09106702829613492,0.20188399791492964,nan
929792.0,0.07163968852883636,0.178812666871614,nan
931840.0,0.10149188564811655,0.19887596118864456,nan
933888.0,0.09371641538014663,0.20019765678917673,nan
935936.0,0.0985811255727494,0.18517172046848818,nan
937984.0,0.0751817882222866,0.18544128341947463,nan
940032.0,0.07059149381078811,0.17695088513922386,nan
942080.0,0.09364446418293805,0.18996737444002662,nan
944128.0,0.08754626991535944,0.14910403589502572,nan
946176.0,0.08742948003424808,0.18242520390908518,nan
948224.0,0.07672607356193364,0.15548090746634868,nan
950272.0,0.08223917988248097,0.1656151358303581,nan
952320.0,0.07849678950128532,0.1832184643089845,nan
954368.0,0.08344045987563815,0.14691778496117702,nan
956416.0,0.10878802479439839,0.1509861620615539,nan
958464.0,0.0936113007088466,0.15695304002211757,nan
960512.0,0.10702280259974858,0.18701539991510913,nan
962560.0,0.07790199512529326,0.17810620439898014,nan
964608.0,0.08178414947626075,0.15527797437277213,nan
966656.0,0.11329101902295888,0.16510521026516228,nan
968704.0,0.08571580853694011,0.17324504676380362,nan
970752.0,0.09470328053664098,0.1603621661043413,nan
972800.0,0.08883554357419304,0.14848026161776773,nan
974848.0,0.07063862418438388,0.1920908050590499,nan
976896.0,0.06850486647206319,0.17537331854512528,nan
978944.0,0.08130858425174181,0.15049016137732846,nan
980992.0,0.08545351651475189,0.15837898546503099,nan
983040.0,0.08452467720016928,0.19502856225971651,nan
985088.0,0.08353054420172043,0.16639661443397208,nan
987136.0,0.08405923211003043,0.16866611472831974,nan
989184.0,0.07485162967932424,0.19748760591270706,nan
991232.0,0.0922192977960957,0.18139777454269193,nan
993280.0,0.09047842233146142,0.16368335973988735,nan
995328.0,0.10067126090357609,0.15521599527879756,nan
997376.0,0.0926067686170204,0.17873856850146602,nan
999424.0,0.07792433802545197,0.19260136212988205,nan
1001472.0,0.07800146895867639,0.1589249546542893,nan
1003520.0,0.0649017765200062,0.1578263412230201,19.98960498960499
1005568.0,0.08531322766079266,0.13708570477240756,nan
1007616.0,0.09534047964545575,0.1713830647730213,nan
1009664.0,0.07861443908607449,0.1750050286516477,nan
1011712.0,0.09290445786037457,0.15801275403215037,nan
1013760.0,0.06909801169732341,0.1732587415852664,nan
1015808.0,0.0854371411861606,0.15949996224500793,nan
1017856.0,0.09649095423331293,0.18303964770978953,nan
1019904.0,0.07558210448873595,0.13587825471814632,nan
1021952.0,0.10089255164912604,0.17469746652006474,nan
1024000.0,0.09132630800730734,0.1574406574445333,nan
1026048.0,0.09610846216702183,0.16553529425278415,nan
1028096.0,0.09244408556450581,0.16565935514994737,nan
1030144.0,0.09379223834863004,0.12520004081177202,nan
1032192.0,0.08593635446882422,0.1850933214643495,nan
1034240.0,0.07460580180725099,0.18781636414143976,nan
1036288.0,0.10483230352448002,0.16739095063930493,nan
1038336.0,0.09550482615499156,0.18663068222794543,nan
1040384.0,0.08266506482289432,0.1470673994831293,nan
1042432.0,0.07249757755977769,0.17322025223081877,nan
1044480.0,0.08875754450421629,0.16634301380137792,nan
1046528.0,0.0784656142620773,0.1907887988474842,nan
1048576.0,0.10073396353629897,0.16830293055314108,nan
1050624.0,0.10327060807676103,0.13411570315126028,nan
1052672.0,0.09019123330346354,0.1824748172063358,nan
1054720.0,0.0853836296180063,0.15244875879510353,nan
1056768.0,0.09155418179737805,0.16018116041623126,nan
1058816.0,0.0962974885531446,0.15903204585632694,nan
1060864.0,0.10226855944105005,0.17363042954217214,nan
1062912.0,0.10129005467233226,0.1734769673072676,nan
1064960.0,0.0893098017850495,0.17521493744270983,nan
1067008.0,0.09919600966478266,0.1746662653562713,nan
1069056.0,0.0801526227916928,0.1542979443270811,nan
1071104.0,0.10980126507543478,0.16330988770786176,nan
1073152.0,0.07949730862232748,0.16405934173401904,nan
1075200.0,0.09965313902794538,0.13895548653204157,nan
1077248.0,0.06918382715321014,0.15236986512298797,nan
1079296.0,0.10703150810085862,0.1654041296444557,nan
1081344.0,0.09619138204487208,0.16790243917447326,nan
1083392.0,0.09706583914564151,0.1709110062514695,nan
1085440.0,0.08363620567729224,0.14150618503300902,nan
1087488.0,0.07165763355739643,0.15639971897619595,nan
1089536.0,0.0963411430676088,0.1496601155496727,nan
1091584.0,0.08047532580028219,0.16550066160433244,nan
1093632.0,0.07540621033723399,0.16493154312077346,nan
1095680.0,0.10858166709948991,0.1814683768290269,nan
1097728.0,0.09386051790468997,0.19631155348645216,nan
1099776.0,0.1059144964485737,0.1542084404080736,nan
1101824.0,0.10842360588552019,0.15078573980761353,nan
1103872.0,0.09243724851397017,0.16663749976620576,18.568087318087322
1105920.0,0.10529113752687319,0.1691080029661833,nan
1107968.0,0.08817635657507202,0.19542629690523788,nan
1110016.0,0.09553513146606793,0.19245607629861897,nan
1112064.0,0.08702553349149175,0.18875698864336843,nan
1114112.0,0.08915311791193192,0.18131530603849538,nan
1116160.0,0.08278465179376392,0.18032936824640783,nan
1118208.0,0.08737774284655372,0.18010358496488002,nan
1120256.0,0.09491803860609073,0.1597114539195049,nan
1122304.0,0.08445616517283018,0.21633743317676166,nan
1124352.0,0.08277092479199055,0.1585562387682021,nan
1126400.0,0.08716366170614681,0.14963497483777916,nan
1128448.0,0.09349539979850019,0.1664541543134437,nan
1130496.0,0.12137437923665109,0.19747424943702482,nan
1132544.0,0.08586409424245273,0.19981281041798057,nan
1134592.0,0.07920813612681184,0.1575771797395831,nan
1136640.0,0.09870796214989086,0.14826162361433995,nan
1138688.0,0.08079536204321516,0.18331530820229022,nan
1140736.0,0.07732522529001443,0.16131889918086148,nan
1142784.0,0.10724173623361638,0.1611557723571548,nan
1144832.0,0.0739448835303821,0.17154586773345346,nan
1146880.0,0.08302338275936551,0.15100166662484177,nan
1148928.0,0.0994169058593655,0.14559617314723514,nan
1150976.0,0.08540056958534747,0.1644808628637204,nan
1153024.0,0.09978149908566797,0.16982658795307237,nan
1155072.0,0.1003738427554423,0.1560597780520278,nan
1157120.0,0.07766089590776569,0.1646137832187385,nan
1159168.0,0.08784842262970127,0.1591794576160444,nan
1161216.0,0.08154685024016955,0.18104469642967969,nan
1163264.0,0.10002039821153902,0.16491559697819227,nan
1165312.0,0.09360888049008359,0.19079449641638765,nan
1167360.0,0.10316136502088213,0.20285888379788253,nan
1169408.0,0.08766728765549203,0.1659640046089468,nan
1171456.0,0.08332690084537808,0.1340369008715321,nan
1173504.0,0.07476362413970825,0.17130791886313165,nan
1175552.0,0.09309171289978185,0.17960125323297887,nan
1177600.0,0.09638011720896345,0.17022928303342316,nan
1179648.0,0.06481145759247246,0.1636506915335911,nan
1181696.0,0.10093846011691786,0.1711912976779975,nan
1183744.0,0.10479081870390942,0.1495014294651423,nan
1185792.0,0.08560403913700321,0.17670285474009306,nan
1187840.0,0.09066391218757447,0.17059147909939312,nan
1189888.0,0.09291544050740824,0.17344925299006989,nan
1191936.0,0.09528772332601029,0.13873640532551065,nan
1193984.0,0.08647091433677857,0.18308221372151856,nan
1196032.0,0.08663569197262984,0.1838494244476502,nan
1198080.0,0.10154634552334102,0.18076931901292534,nan
1200128.0,0.08978968198856749,0.14470401781186132,nan
1202176.0,0.10004388907388617,0.16219019754305788,nan
1204224.0,0.09850527513794294,0.19549975669156308,19.480249480249476
1206272.0,0.10244501997887258,0.17614530066795264,nan
1208320.0,0.08329001349920967,0.17223153292576243,nan
1210368.0,0.08817719230175113,0.1604365211561801,nan
1212416.0,0.09541213495379261,0.12628825987199474,nan
1214464.0,0.09210584365878174,0.145970672143125,nan
1216512.0,0.09549712230875329,0.13868750830140872,nan
1218560.0,0.08941706158080606,0.14646339857339452,nan
1220608.0,0.0950387402366015,0.19245781204239384,nan
1222656.0,0.09691890161110459,0.17469943434090676,nan
1224704.0,0.0949641310863443,0.12875175242878512,nan
1226752.0,0.0961041648283406,0.16409069852712316,nan
1228800.0,0.09712480103359024,0.1629462415208185,nan
1230848.0,0.09103782022830662,0.1626302763721926,nan
1232896.0,0.08809013937127522,0.1676379151769733,nan
1234944.0,0.1071728481982411,0.15719513129412346,nan
1236992.0,0.11227211764941089,0.19501463069495895,nan
1239040.0,0.07975798714480364,0.1710854028986886,nan
1241088.0,0.09688083213898893,0.15171427872270696,nan
1243136.0,0.08783627140037457,0.15586929812836128,nan
1245184.0,0.09953785605751109,0.13336287335164934,nan
1247232.0,0.11920509335716753,0.1874511527621685,nan
1249280.0,0.09439613597968795,0.16503940305369577,nan
1251328.0,0.09668839024823352,0.14161563145171852,nan
1253376.0,0.08422464386604626,0.1955967394753689,nan
1255424.0,0.08816591017044809,0.18978293049357628,nan
1257472.0,0.09018095966919842,0.149569255290457,nan
1259520.0,0.08117601413341834,0.15459926554138637,nan
1261568.0,0.08251359812234033,0.18332862540622322,nan
1263616.0,0.10683585998792011,0.1536358945825676,nan
1265664.0,0.09282534928648062,0.16955492641211942,nan
1267712.0,0.08769291332859329,0.10562381435428705,nan
1269760.0,0.09994032862952901,0.182794215424186,nan
1271808.0,0.10375958735999627,0.13879396961851975,nan
1273856.0,0.08601181032350658,0.15954178597705637,nan
1275904.0,0.09998191675246476,0.15915062772010316,nan
1277952.0,0.08729801847944482,0.20307922247240964,nan
1280000.0,0.10462755847316545,0.16390625885339313,nan
1282048.0,0.09383209484513017,0.18163698978597642,nan
1284096.0,0.08353774641573142,0.16265288049803273,nan
1286144.0,0.10206098828104603,0.1638403494587023,nan
1288192.0,0.0886211954377921,0.17415041480451424,nan
1290240.0,0.0920414609612208,0.17201488682759447,nan
1292288.0,0.09887184789772313,0.15954812499813797,nan
1294336.0,0.10143544258116993,0.17799549506509962,nan
1296384.0,0.08549522755679126,0.16061128877787162,nan
1298432.0,0.08314448085406778,0.1379326198986198,nan
1300480.0,0.09152564073488911,0.16390865403000782,nan
1302528.0,0.10983982086350205,0.16262230141613446,nan
1304576.0,0.09446231004771818,0.1631944355843086,16.101871101871104
1306624.0,0.10160591397218277,0.15398573788739167,nan
1308672.0,0.08491964073033911,0.16902653297001505,nan
1310720.0,0.0931858528053528,0.17130478529328308,nan
1312768.0,0.10151098885746995,0.16825231081800424,nan
1314816.0,0.10681668461885516,0.15698069250135036,nan
1316864.0,0.10303418511183929,0.146765243814998,nan
1318912.0,0.09698582623839833,0.14190006498251923,nan
1320960.0,0.0940980786971923,0.1899595337400582,nan
1323008.0,0.08399550414935673,0.15957144259886222,nan
1325056.0,0.10350786244951164,0.1635133849963396,nan
1327104.0,0.09345904754990417,0.16763282583625283,nan
1329152.0,0.08318600269453202,0.16107862845103163,nan
1331200.0,0.09752129181931521,0.16272121326828073,nan
1333248.0,0.09379415255114458,0.15548393722852488,nan
1335296.0,0.0952139443822046,0.11984251017728266,nan
1337344.0,0.10656486546868435,0.16786059936043968,nan
1339392.0,0.07261640466172516,0.18359655559925978,nan
1341440.0,0.105572182243332,0.17251497375050942,nan
1343488.0,0.11576946916774566,0.12775900826180067,nan
1345536.0,0.10594602733529071,0.16175934153966498,nan
1347584.0,0.10067504335689544,0.16872624151477036,nan
1349632.0,0.08695800693611064,0.1478559709864543,nan
1351680.0,0.09811939735244823,0.15401989407217387,nan
1353728.0,0.09396603605719467,0.14314305072584993,nan
1355776.0,0.09863157710127438,0.1618715093425786,nan
1357824.0,0.11044956343053275,0.15876635674129522,nan
1359872.0,0.09127208559904057,0.13132315957751803,nan
1361920.0,0.10070654133333659,0.15647505967079425,nan
1363968.0,0.09486855181150308,0.1550036426926187,nan
1366016.0,0.10255418119746894,0.1729913047457423,nan
1368064.0,0.10952358894811962,0.18348999117714596,nan
1370112.0,0.09115148410744636,0.16459870703988866,nan
1372160.0,0.09691816614979486,0.165509093697062,nan
1374208.0,0.11263142255860509,0.15439262223631892,nan
1376256.0,0.09593973371479805,0.1607110998337497,nan
1378304.0,0.1004567856009081,0.1793513276079702,nan
1380352.0,0.10888123129586598,0.15739643310896212,nan
1382400.0,0.11156357684881776,0.19406127300198306,nan
1384448.0,0.0920665832962143,0.15841277339291673,nan
1386496.0,0.10202425533298448,0.19514091917039483,nan
1388544.0,0.1132895486785704,0.1883552853255513,nan
1390592.0,0.10483004251306119,0.17511643121954767,nan
1392640.0,0.10433077507177405,0.19689325568068078,nan
1394688.0,0.08852919722635452,0.18894080994768556,nan
1396736.0,0.09669399023855615,0.174382640787646,nan
1398784.0,0.10939598425212263,0.174008802266296,nan
1400832.0,0.09351211192846375,0.15477901073495973,nan
1402880.0,0.11461800119731815,0.1718415194818909,nan
1404928.0,0.10361516598004421,0.17290843507770243,24.844074844074846
1406976.0,0.09985054278269227,0.16134192222300606,nan
1409024.0,0.11287537072071147,0.1677999872271889,nan
1411072.0,0.10080818760465493,0.1874382125894678,nan
1413120.0,0.07570322867780532,0.17440983657335832,nan
1415168.0,0.12320026072163964,0.19017811768290752,nan
1417216.0,0.1037693091206795,0.15121063298608559,nan
1419264.0,0.09811944542661091,0.20923938605127235,nan
1421312.0,0.11712325623781981,0.16401309207619724,nan
1423360.0,0.11422481122547089,0.17813553001016325,nan
1425408.0,0.12493077394726342,0.19010936660458427,nan
1427456.0,0.08338917245831995,0.18281473273764368,nan
1429504.0,0.09557158617805478,0.18641605805245975,nan
1431552.0,0.10937727070023191,0.2022255571725524,nan
1433600.0,0.11480518371598288,0.19765114667086034,nan
1435648.0,0.13439226709741575,0.19188017334195176,nan
1437696.0,0.09812751904662541,0.1813866300638976,nan
1439744.0,0.10701790757437274,0.17598180957232742,nan
1441792.0,0.10183728322389389,0.19809102580529536,nan
1443840.0,0.0913982675351839,0.19826114438253759,nan
1445888.0,0.08330659378012653,0.19013515093436176,nan
1447936.0,0.1068863147850021,0.18962344904815553,nan
1449984.0,0.10934620984897489,0.1886311233640962,nan
1452032.0,0.09965973776321063,0.19412009686229845,nan
1454080.0,0.11740932842295884,0.16682454820420647,nan
1456128.0,0.1059997365733987,0.1898859176439089,nan
1458176.0,0.10815801546694193,0.1767131938686915,nan
1460224.0,0.0918733658850013,0.18983439308530753,nan
1462272.0,0.11752409053635743,0.20423677827012532,nan
1464320.0,0.11058694382521862,0.17224944083588348,nan
1466368.0,0.0972209805788862,0.16969050812188075,nan
1468416.0,0.07455621956476449,0.20578614777847348,nan
1470464.0,0.14427352669658342,0.20026860564389126,nan
1472512.0,0.10808009857315537,0.18251666388707619,nan
1474560.0,0.08700616738168185,0.18449918319684463,nan
1476608.0,0.09466871927645126,0.20160404203287743,nan
1478656.0,0.10710870567991757,0.19186413275145256,nan
1480704.0,0.10674774169957747,0.1937288219592429,nan
1482752.0,0.10667188667568528,0.20087439381682332,nan
1484800.0,0.12251704247183595,0.2132610033858459,nan
1486848.0,0.10600199418333739,0.18561953824864133,nan
1488896.0,0.10963359989118243,0.17256150565522174,nan
1490944.0,0.11253370646528996,0.20648201559171736,nan
1492992.0,0.1082394565544767,0.21164235103439644,nan
1495040.0,0.0964649343412674,0.19015036005377617,nan
1497088.0,0.10211696175484167,0.2034490881086952,nan
1499136.0,0.13522565892726496,0.20151204411251353,nan
1501184.0,0.12261457532554199,0.1929345410991534,nan
1503232.0,0.09103544867517925,0.19088417431576454,nan
1505280.0,0.11911015362902436,0.1983208856754641,31.88149688149688
1507328.0,0.10230279995073163,0.21285045819947734,nan
1509376.0,0.13615342137317699,0.18981835575250652,nan
1511424.0,0.11085294278595229,0.1920113944638023,nan
1513472.0,0.11438955978341492,0.20647810610564504,nan
1515520.0,0.13157750845577892,0.21404265326898195,nan
1517568.0,0.12851844016622782,0.2217758702322845,nan
1519616.0,0.10840094969557881,0.2045810938088178,nan
1521664.0,0.12979647404933706,0.18314263360986222,nan
1523712.0,0.06983860228058283,0.22889133544706408,nan
1525760.0,0.10193291735437159,0.20601386358964272,nan
1527808.0,0.13566524968239196,0.19834510220994217,nan
1529856.0,0.1484208135042954,0.18876303695015983,nan
1531904.0,0.1062730269358223,0.2077228847398189,nan
1533952.0,0.11919202394272907,0.19398903627829708,nan
1536000.0,0.10235735911178315,0.19455514924082778,nan
1538048.0,0.12922165849021838,0.2175119205871062,nan
1540096.0,0.1094939665421712,0.2073210975448192,nan
1542144.0,0.11212610545697238,0.21049921747656303,nan
1544192.0,0.140153302174286,0.21139948161924907,nan
1546240.0,0.1255344408023764,0.22373582343986698,nan
1548288.0,0.12853433746294193,0.2192076593820319,nan
1550336.0,0.1487311177023911,0.21481485613026724,nan
1552384.0,0.15446704379303033,0.22379494591089621,nan
1554432.0,0.17135697853829313,0.2152115583304972,nan
1556480.0,0.10687237698594386,0.23175880922041814,nan
1558528.0,0.10743318989943086,0.21163263700028506,nan
1560576.0,0.15304255635731753,0.2273302840122245,nan
1562624.0,0.1304709141912994,0.22212205078435332,nan
1564672.0,0.1382323569789804,0.21692031349933882,nan
1566720.0,0.11024351067579302,0.21097958017214394,nan
1568768.0,0.14552211696732742,0.2167956547407962,nan
1570816.0,0.10926354265676669,0.21026783980658575,nan
1572864.0,0.14658386151499658,0.21437645345981593,nan
1574912.0,0.11118700639011886,0.22022477559974854,nan
1576960.0,0.10607456380233446,0.21745475852313167,nan
1579008.0,0.16614260472384562,0.2178130363406409,nan
1581056.0,0.13485584517523033,0.22211827520742808,nan
1583104.0,0.14052852664521687,0.22773211117396383,nan
1585152.0,0.1443002001502078,0.22388376378928815,nan
1587200.0,0.11731410197052355,0.2248458227964868,nan
1589248.0,0.12175299973361185,0.22722175632982805,nan
1591296.0,0.1665496594795603,0.2287309921159623,nan
1593344.0,0.11244289352240464,0.22770177600930883,nan
1595392.0,0.16296553488980842,0.2253105375641745,nan
1597440.0,0.10394982779769929,0.21952933459398755,nan
1599488.0,0.15995942717975567,0.20987694707631027,nan
1601536.0,0.15185218794596145,0.226394780752145,nan
1603584.0,0.10494426067515653,0.22577063777007664,nan
1605632.0,0.14787155430527466,0.23089982541156914,47.06860706860707
1607680.0,0.16827760263200975,0.23147910966556673,nan
1609728.0,0.1576088338762175,0.22221738455838602,nan
1611776.0,0.13007357671118402,0.21183458053031906,nan
1613824.0,0.20874303693274715,0.22429153258256246,nan
1615872.0,0.13582629575600322,0.2213888372216383,nan
1617920.0,0.1672668712358228,0.21813266970518438,nan
1619968.0,0.1691678073186027,0.22352747910391066,nan
1622016.0,0.10543630039407555,0.2213316404881586,nan
1624064.0,0.2305567425803238,0.20974470746388646,nan
1626112.0,0.14179903478464373,0.23631881871433486,nan
1628160.0,0.14875717992983084,0.23533775513032132,nan
1630208.0,0.220084642519067,0.22172144609638175,nan
1632256.0,0.1883955603306393,0.22868730109371815,nan
1634304.0,0.16114818129363026,0.19120750106603276,nan
1636352.0,0.1283488608101287,0.20964332552773846,nan
1638400.0,0.13863761056322402,0.22477489717691512,nan
1640448.0,0.15098046953934238,0.23596986986660506,nan
1642496.0,0.11485082931702748,0.22070715481368236,nan
1644544.0,0.10842830198044534,0.21170577391372558,nan
1646592.0,0.10628530892922755,0.22636622297936998,nan
1648640.0,0.1175101530570718,0.21583114209878335,nan
1650688.0,0.10492211369857679,0.2217308431960857,nan
1652736.0,0.13111690450547842,0.21365058015902919,nan
1654784.0,0.1723570713877825,0.21804808719447455,nan
1656832.0,0.1646874209568103,0.2344285769722269,nan
1658880.0,0.13143836637416412,0.2394751321606503,nan
1660928.0,0.18611935459792744,0.22591596564335223,nan
1662976.0,0.17414288514371717,0.230367197727021,nan
1665024.0,0.13544295033094056,0.22543940642686092,nan
1667072.0,0.15082015173513616,0.2246229386173351,nan
1669120.0,0.16566753930929712,0.22631000751348668,nan
1671168.0,0.1927527866005907,0.22435299480610948,nan
1673216.0,0.15202246800724895,0.2326265803015512,nan
1675264.0,0.16318466935289477,0.21124697252047048,nan
1677312.0,0.13772932923570416,0.22437365791091954,nan
1679360.0,0.15670220897439296,0.22528119084044557,nan
1681408.0,0.1806576508405005,0.2345473029729321,nan
1683456.0,0.14760512656141062,0.21877705297994154,nan
1685504.0,0.12773810669178662,0.21949938283434264,nan
1687552.0,0.14386040660513247,0.22431710588479142,nan
1689600.0,0.14599912633427647,0.22770662105181483,nan
1691648.0,0.1736417766471306,0.22951719991951292,nan
1693696.0,0.12885273873881087,0.2208907455890696,nan
1695744.0,0.11088991284727927,0.20695099116766072,nan
1697792.0,0.11393446634246832,0.1955491815877753,nan
1699840.0,0.12398054136089334,0.18698781093669317,nan
1701888.0,0.12947390275071782,0.20112938065431796,nan
1703936.0,0.14279691427478114,0.20307325969436155,nan
1705984.0,0.13268887390738604,0.22770190665500617,36.78794178794179
1708032.0,0.14830702270383184,0.2058296650938985,nan
1710080.0,0.12086324653067163,0.2181280929387532,nan
1712128.0,0.1296195399444864,0.22107811010388656,nan
1714176.0,0.11554652930153594,0.22485850908706198,nan
1716224.0,0.12823016618637617,0.2297421977675403,nan
1718272.0,0.12455344238699519,0.2254161971638176,nan
1720320.0,0.14733338413793662,0.21795895107609922,nan
1722368.0,0.1678814495568664,0.2270438903032711,nan
1724416.0,0.10328887443633641,0.22717146299310484,nan
1726464.0,0.20131227566277238,0.21434619058590892,nan
1728512.0,0.20046800414285476,0.2236301459664096,nan
1730560.0,0.13994546731001223,0.23651938314395646,nan
1732608.0,0.20291688306003913,0.22534302457375457,nan
1734656.0,0.12969973285643255,0.24065004676172633,nan
1736704.0,0.14648972741826108,0.2342906286457691,nan
1738752.0,0.060007574780634454,0.1853539909925578,nan
1740800.0,0.12083378410822618,0.23711687403315213,nan
1742848.0,0.19680371078973946,0.22784269354721606,nan
1744896.0,0.14850085815080344,0.225635074519707,nan
1746944.0,0.2289134197815189,0.21308387823173797,nan
1748992.0,0.19209710828404078,0.2265859112156402,nan
1751040.0,0.16124283755434307,0.2322734478498983,nan
1753088.0,0.1500254426775547,0.21809211190610242,nan
1755136.0,0.12799891730187554,0.22821814879911514,nan
1757184.0,0.13999675235762182,0.22760675861959373,nan
1759232.0,0.16383988662433174,0.22389743908526108,nan
1761280.0,0.13352840884445286,0.2368069471177571,nan
1763328.0,0.14008039393882166,0.2351257899719884,nan
1765376.0,0.14242795820149484,0.21918556124131078,nan
1767424.0,0.2090681755946764,0.211458915925427,nan
1769472.0,0.11939367221327268,0.19885151073141538,nan
1771520.0,0.19479674861005658,0.19830389047799687,nan
1773568.0,0.12387953249435803,0.21244385623618103,nan
1775616.0,0.13328022290216734,0.20371464545923712,nan
1777664.0,0.10968216754452123,0.18385484908543698,nan
1779712.0,0.11231993445657468,0.1817948385446423,nan
1781760.0,0.11797543650281614,0.18095066151839975,nan
1783808.0,0.11635237966413728,0.18820265771814468,nan
1785856.0,0.13842302809164228,0.21018746810121783,nan
1787904.0,0.11775556943350644,0.20473908835367147,nan
1789952.0,0.11934125517897293,0.20486887397900783,nan
1792000.0,0.1182378826498589,0.21556413875402647,nan
1794048.0,0.14113398189138254,0.21743294850119207,nan
1796096.0,0.11021278761033786,0.21096266406118416,nan
1798144.0,0.12239909913532279,0.23551903354810697,nan
1800192.0,0.12819767697721596,0.21829032376851248,nan
1802240.0,0.11778317254636202,0.2064577795850327,nan
1804288.0,0.10221202978153118,0.21526954967421785,nan
1806336.0,0.11424033430926306,0.22588521921040455,33.10810810810811
1808384.0,0.1433373110059686,0.2258674826749797,nan
1810432.0,0.09781928381322783,0.21646100190437662,nan
1812480.0,0.1136021833751639,0.21697561174832697,nan
1814528.0,0.12015978826453758,0.22475040680083924,nan
1816576.0,0.11541130853560358,0.22138682217298844,nan
1818624.0,0.12366169093766358,0.2267650364906686,nan
1820672.0,0.11135056094196061,0.23301402407813068,nan
1822720.0,0.12590021476380664,0.22474513068270485,nan
1824768.0,0.17273374987404505,0.2256656139417513,nan
1826816.0,0.13526507994958176,0.23000201945604043,nan
1828864.0,0.15381097309003475,0.22194295757917118,nan
1830912.0,0.09242210615890775,0.20722722677566774,nan
1832960.0,0.12501955402581977,0.2243057331267249,nan
1835008.0,0.06505461664754028,0.21981038218717686,nan
1837056.0,0.12751535235897138,0.22705429177542413,nan
1839104.0,0.12948172461918625,0.2158158526735899,nan
1841152.0,0.16618404781691007,0.22467468272655067,nan
1843200.0,0.16056009005152688,0.22073924984999313,nan
1845248.0,0.183891100850894,0.22598911986651213,nan
1847296.0,0.1535221214171394,0.22389502104124953,nan
1849344.0,0.09784343788549106,0.2259077099010715,nan
1851392.0,0.12818756233657264,0.24080133582237606,nan
1853440.0,0.15906004836021204,0.2329666338525112,nan
1855488.0,0.11165827687569962,0.2261895432159758,nan
1857536.0,0.1500371558357928,0.22911021379542254,nan
1859584.0,0.14814755413449865,0.23079296315251924,nan
1861632.0,0.20455213544814807,0.23129695660002467,nan
1863680.0,0.08733096697906098,0.18371265370126527,nan
1865728.0,0.1296107060728777,0.2194705066307036,nan
1867776.0,0.17942775906681036,0.22489572275379155,nan
1869824.0,0.1482854222224528,0.21502008278021778,nan
1871872.0,0.12664030437948243,0.1989928207712232,nan
1873920.0,0.125947871292244,0.17872259734993512,nan
1875968.0,0.11569172215786165,0.20862818931242486,nan
1878016.0,0.15227238274244279,0.19201466776411408,nan
1880064.0,0.16780581519077814,0.18251205334675227,nan
1882112.0,0.13370234301663925,0.18539579143535834,nan
1884160.0,0.144253182754983,0.17858170402954954,nan
1886208.0,0.11297777502056047,0.19792611363681056,nan
1888256.0,0.1092959781083036,0.18955703471865598,nan
1890304.0,0.13886536025230334,0.21852739074042488,nan
1892352.0,0.09990795240389753,0.216126331926694,nan
1894400.0,0.09483051643168437,0.21545242513053284,nan
1896448.0,0.12903090623731542,0.2161030274193982,nan
1898496.0,0.12704564869727486,0.22346768481125345,nan
1900544.0,0.1300240577525066,0.2076170233338245,nan
1902592.0,0.13405964656844,0.22394656998187162,nan
1904640.0,0.11480301878699861,0.21871189003342345,nan
1906688.0,0.18043969460308415,0.22951779488088858,47.42203742203743
1908736.0,0.13756432939261487,0.22750127802405376,nan
1910784.0,0.15763490129938287,0.21950828632334798,nan
1912832.0,0.1105791263188364,0.2196044697414968,nan
1914880.0,0.11676505068727826,0.2172174684837315,nan
1916928.0,0.1575545620121171,0.20861582344553062,nan
1918976.0,0.10963014611295518,0.19775699072127043,nan
1921024.0,0.10441548761099212,0.20365539004515307,nan
1923072.0,0.12422536040161704,0.20484487326874173,nan
1925120.0,0.1483776633265802,0.2294881474990283,nan
1927168.0,0.103649567434388,0.20268982812680542,nan
1929216.0,0.13361536005012847,0.22360694662083438,nan
1931264.0,0.15150040914697993,0.21624676474223284,nan
1933312.0,0.10954839829517375,0.21183161393910666,nan
1935360.0,0.1555299319635416,0.20534646506077345,nan
1937408.0,0.08789859289973387,0.2015007747979631,nan
1939456.0,0.15596908531642623,0.2214127765582442,nan
1941504.0,0.12122069988068757,0.2108821793492269,nan
1943552.0,0.12268132369801509,0.2282018348553429,nan
1945600.0,0.13155446463190038,0.21995923139959606,nan
1947648.0,0.20270697378430758,0.21889464255049143,nan
1949696.0,0.13895109095146263,0.23662840977504004,nan
1951744.0,0.0828523383888727,0.21059080800281732,nan
1953792.0,0.1042097468485214,0.2162989516963578,nan
1955840.0,0.20480793179603451,0.21892032639747724,nan
1957888.0,0.21156139715256134,0.22142044084987628,nan
1959936.0,0.09330934117108271,0.20493930923838233,nan
1961984.0,0.1356549959246907,0.23885121817790814,nan
1964032.0,0.249102969582942,0.19285567088772382,nan
1966080.0,0.16163195182474402,0.24130741109798864,nan
1968128.0,0.16884740937643883,0.20418284668658496,nan
1970176.0,0.18191517856480688,0.22740366486692423,nan
1972224.0,0.16568425601985798,0.23335208060896265,nan
1974272.0,0.19952053727096458,0.22261637206884022,nan
1976320.0,0.16368928696089138,0.22836367637388072,nan
1978368.0,0.10897149391816133,0.20808448697165197,nan
1980416.0,0.16593093829113248,0.2383666342929982,nan
1982464.0,0.1470527872608688,0.22111219570341123,nan
1984512.0,0.18168550445412868,0.22163752748621054,nan
1986560.0,0.17488787136491774,0.22906094313438619,nan
1988608.0,0.1510577790287826,0.2210809180907787,nan
1990656.0,0.1788129947680568,0.2352438979564286,nan
1992704.0,0.1210148066871052,0.23444693874858297,nan
1994752.0,0.1602507963180646,0.23637388427490305,nan
1996800.0,0.1985556304266572,0.22213525095185485,nan
1998848.0,0.18194530295313785,0.22240865027169734,nan
2000896.0,0.15405808386293812,0.23091273243540333,nan
2002944.0,0.13826627220983412,0.22715332902132954,nan
2004992.0,0.13559138555062783,0.23922934785432534,nan
2007040.0,0.14919962035293238,0.23718847381982236,45.88357588357589
2009088.0,0.10198216649785925,0.2198250091588068,nan
2011136.0,0.1821527882259874,0.23119140504342392,nan
2013184.0,0.21298286402161012,0.22117291990611213,nan
2015232.0,0.16841240293064313,0.23410143316050858,nan
2017280.0,0.20454194493197161,0.22056862563353002,nan
2019328.0,0.17156150748468313,0.22556601694006984,nan
2021376.0,0.15318846012650528,0.23629162899835612,nan
2023424.0,0.15457806997025453,0.22706032081945532,nan
2025472.0,0.14894793129207443,0.22840970695132326,nan
2027520.0,0.17675562399367928,0.2313928647585133,nan
2029568.0,0.1545354551518366,0.23918153021380548,nan
2031616.0,0.14419672140887485,0.23501145175494315,nan
2033664.0,0.16112350672932824,0.2352979893142922,nan
2035712.0,0.18215409170747304,0.22863598070845792,nan
2037760.0,0.15526869178031844,0.22244390452924942,nan
2039808.0,0.15877016198673424,0.23220108883529245,nan
2041856.0,0.15499116124551404,0.2374569819562292,nan
2043904.0,0.24227898017657812,0.21435231532244864,nan
2045952.0,0.16739940520484137,0.23508502390774788,nan
2048000.0,0.16913758125656364,0.2302725571931685,nan
2050048.0,0.18542987837946165,0.22425150268057087,nan
2052096.0,0.24551726271659075,0.20529481368233665,nan
2054144.0,0.22195856644190773,0.22568006355891115,nan
2056192.0,0.1680263211100888,0.2323893309583444,nan
2058240.0,0.16263380074127287,0.23638801545288093,nan
2060288.0,0.1679650559011772,0.23828936048469743,nan
2062336.0,0.26089095659175077,0.19191114474683935,nan
2064384.0,0.13004942270286157,0.22889312263194456,nan
2066432.0,0.23219863771670707,0.21318479902904885,nan
2068480.0,0.09687790564679592,0.23348864772882433,nan
2070528.0,0.12602042719238168,0.21493526185894135,nan
2072576.0,0.18964731546305819,0.22673585981543556,nan
2074624.0,0.215961470837028,0.21555827243110962,nan
2076672.0,0.20860738044560206,0.22465422155161813,nan
2078720.0,0.20961827126851112,0.22296813654241526,nan
2080768.0,0.1786524016842063,0.23270512895687492,nan
2082816.0,0.17900760087831666,0.23506098960618116,nan
2084864.0,0.14268075276344405,0.23578643065309157,nan
2086912.0,0.21621416678979144,0.20418996193507824,nan
2088960.0,0.19143581070875165,0.209712211992917,nan
2091008.0,0.15037638318633945,0.23026489266284667,nan
2093056.0,0.15236081700320722,0.23337934114133604,nan
2095104.0,0.14046804441413577,0.23343482897764137,nan
2097152.0,0.1895402317004372,0.2302155338546991,nan
2099200.0,0.19322184249463317,0.2286070897246094,nan
2101248.0,0.11703714305684851,0.2229757750205913,nan
2103296.0,0.1636344126205202,0.2078194907560051,nan
2105344.0,0.16488538245996387,0.22101748528077464,nan
2107392.0,0.17402128144927612,0.22662512507994995,51.95426195426195
2109440.0,0.15941803245462072,0.23388682843551373,nan
2111488.0,0.17266455719777363,0.2243928695788061,nan
2113536.0,0.15660428800306325,0.23143168987658608,nan
2115584.0,0.17542603796336387,0.23244735388093798,nan
2117632.0,0.18661785216341825,0.2224876977724386,nan
2119680.0,0.14990441648624162,0.23883333421279532,nan
2121728.0,0.14145070719552422,0.23568347054011984,nan
2123776.0,0.20121816290190886,0.21814261268812035,nan
2125824.0,0.14491910554793097,0.23686752445293727,nan
2127872.0,0.14081327773701763,0.23655705268918367,nan
2129920.0,0.17493919024658602,0.22915696276453124,nan
2131968.0,0.1843545136903757,0.2173952540657123,nan
2134016.0,0.18028075452704317,0.2253549109983079,nan
2136064.0,0.15695521921775618,0.2203670051640781,nan
2138112.0,0.17234121772394947,0.2044052372950805,nan
2140160.0,0.1675090157872903,0.24030361298581582,nan
2142208.0,0.18404568194540372,0.23390955860389728,nan
2144256.0,0.1891496427124649,0.22759188488712043,nan
2146304.0,0.2022917289662215,0.2280341892710821,nan
2148352.0,0.15739464170802742,0.23611981198531354,nan
2150400.0,0.15257541619981962,0.2447522517278754,nan
2152448.0,0.17373067969456607,0.23809342492673494,nan
2154496.0,0.18357314290204624,0.22745995980314265,nan
2156544.0,0.1508073852485305,0.22997049185741872,nan
2158592.0,0.20641721692309165,0.2197607834879014,nan
2160640.0,0.15347493402054485,0.21982421997823362,nan
2162688.0,0.22666316419989768,0.21156317267219407,nan
2164736.0,0.20936389464840277,0.21972762693552195,nan
2166784.0,0.21319900151483465,0.22483836128483767,nan
2168832.0,0.21256002727792456,0.22446611548338866,nan
2170880.0,0.17531361162449405,0.23647279647797187,nan
2172928.0,0.22397924606763756,0.2215084906208086,nan
2174976.0,0.18506737260376066,0.23155267123110443,nan
2177024.0,0.19761077912186636,0.23184969744636988,nan
2179072.0,0.16933204400920743,0.2236931569157155,nan
2181120.0,0.17869750574118634,0.2360330986532359,nan
2183168.0,0.18526360370832218,0.22513963829582942,nan
2185216.0,0.18374928778337152,0.22530205104352505,nan
2187264.0,0.1460350182433252,0.23159172136357692,nan
2189312.0,0.1666646445081326,0.23644499742200742,nan
2191360.0,0.17867711195202907,0.2263384144861954,nan
2193408.0,0.13074431428558023,0.2378405372442045,nan
2195456.0,0.18032782757294175,0.2285325185332498,nan
2197504.0,0.1904917998517081,0.21493113253762383,nan
2199552.0,0.13152671987229458,0.23553613331235976,nan
2201600.0,0.24076434230060997,0.21496434481634585,nan
2203648.0,0.1503702944977952,0.21240643691796404,nan
2205696.0,0.2057721265638335,0.22506074955993666,nan
2207744.0,0.1313568271332823,0.2273801111154407,45.675675675675684
2209792.0,0.17474717481363966,0.23190330864018036,nan
2211840.0,0.2311041933718991,0.20337633896742002,nan
2213888.0,0.14318439120142562,0.21866358206290543,nan
2215936.0,0.17152024204264085,0.23430215669549742,nan
2217984.0,0.1511785238853179,0.23609811662961003,nan
2220032.0,0.24339208877532148,0.21002775458129666,nan
2222080.0,0.15606691737069325,0.24032277755899573,nan
2224128.0,0.20239319362720642,0.21204851520933135,nan
2226176.0,0.270605778528071,0.18695339343803496,nan
2228224.0,0.1730704084423136,0.23931112730650506,nan
2230272.0,0.22412429168075737,0.2038423261933248,nan
2232320.0,0.21009012419563822,0.2171517216073959,nan
2234368.0,0.18625366110437763,0.23371507272089678,nan
2236416.0,0.1760036641813052,0.22712627673626468,nan
2238464.0,0.18993713526435324,0.22351245226190247,nan
2240512.0,0.2197515183275494,0.21744373212250567,nan
2242560.0,0.24166185226231257,0.20380865575618126,nan
2244608.0,0.1291277763142828,0.23036704188210438,nan
2246656.0,0.20368939382383788,0.22783869946804544,nan
2248704.0,0.16160448532695004,0.2416853721485028,nan
2250752.0,0.1485204062891396,0.22623599075003129,nan
2252800.0,0.20264933078661307,0.21086449015468775,nan
2254848.0,0.2229185586429004,0.2189170180701521,nan
2256896.0,0.21899735121365355,0.21597204723985058,nan
2258944.0,0.24094967446631546,0.20386402133893103,nan
2260992.0,0.14911942754497828,0.2340678451473426,nan
2263040.0,0.19084882153999477,0.22976525480518906,nan
2265088.0,0.19647191379553522,0.22221454050410128,nan
2267136.0,0.17142752975291092,0.2182328729982284,nan
2269184.0,0.16357972904245016,0.2326007970823398,nan
2271232.0,0.22061883542279542,0.22204334075948648,nan
2273280.0,0.1994698354826301,0.21528283714713836,nan
2275328.0,0.18916562619706218,0.22304654452524816,nan
2277376.0,0.2156377706791815,0.2084684839968714,nan
2279424.0,0.16828759220825162,0.21575214176150934,nan
2281472.0,0.2240557597128043,0.20300753761591603,nan
2283520.0,0.19584078116720907,0.22442669217903632,nan
2285568.0,0.17895271183089306,0.22317698147992485,nan
2287616.0,0.18835771673911034,0.21908550267684326,nan
2289664.0,0.15089573782054486,0.2268026207635159,nan
2291712.0,0.16603178898447002,0.2294210747961076,nan
2293760.0,0.15434948739111432,0.221541528029749,nan
2295808.0,0.18421993180581278,0.2183736786888282,nan
2297856.0,0.1489788188148683,0.21321001640457754,nan
2299904.0,0.14894152318411397,0.2240141549389037,nan
2301952.0,0.1369782957905995,0.1982863294032338,nan
2304000.0,0.1772775036111211,0.2033621609436912,nan
2306048.0,0.13458978206615535,0.15317921299855877,nan
2308096.0,0.1766067812091069,0.18878801401192188,32.57796257796258
2310144.0,0.10758094990249777,0.19560637232440403,nan
2312192.0,0.17528249359306014,0.20648993609105898,nan
2314240.0,0.14551528789718515,0.18026360019066773,nan
2316288.0,0.10872115166306955,0.20102472102515634,nan
2318336.0,0.15417585815919238,0.19417193646084197,nan
2320384.0,0.1328503877991355,0.20112521646421508,nan
2322432.0,0.15265413809584705,0.20663371161344826,nan
2324480.0,0.1206576917024264,0.19106660141623114,nan
2326528.0,0.16024309389731528,0.22883888072704542,nan
2328576.0,0.19351456380143456,0.2260268680628666,nan
2330624.0,0.12682848006098274,0.20486593744906317,nan
2332672.0,0.16983407802091322,0.20463679734690182,nan
2334720.0,0.1393458228801927,0.21280648864178284,nan
2336768.0,0.18055707171313973,0.21534525856502112,nan
2338816.0,0.13122121625759517,0.20263991871976805,nan
2340864.0,0.149218446885516,0.22024272701001257,nan
2342912.0,0.20213437303190476,0.21988418371152632,nan
2344960.0,0.1315737120728063,0.19138633071462793,nan
2347008.0,0.1445596086537575,0.20431935309600308,nan
2349056.0,0.11324335744166947,0.19358240476083674,nan
2351104.0,0.17284217087551312,0.21517416296116795,nan
2353152.0,0.2226526510134759,0.21647544464998097,nan
2355200.0,0.16706489798465798,0.21737739566951525,nan
2357248.0,0.19408103752139233,0.2028114430971197,nan
2359296.0,0.12375392880516133,0.21087464243117948,nan
2361344.0,0.1586723578645606,0.1890013647712552,nan
2363392.0,0.18006699459867664,0.20619754352062455,nan
2365440.0,0.19936081962584057,0.22737224289645455,nan
2367488.0,0.17085670070746514,0.2325941493472891,nan
2369536.0,0.14803197187974643,0.16999325436981652,nan
2371584.0,0.0925736687872514,0.20102403493727092,nan
2373632.0,0.13555801129041595,0.21317796053760332,nan
2375680.0,0.1665107988079994,0.23106083979462935,nan
2377728.0,0.16066022707115604,0.1872421042526031,nan
2379776.0,0.12494333585345437,0.19183034761701104,nan
2381824.0,0.14509547071895285,0.20885210934079684,nan
2383872.0,0.26090926615936993,0.16604381656939987,nan
2385920.0,0.12929254443408736,0.20408032811747737,nan
2387968.0,0.20435450180463188,0.19080469795748542,nan
2390016.0,0.1340816576055999,0.217978336208154,nan
2392064.0,0.20889008483288027,0.19774003058221118,nan
2394112.0,0.15480727056121193,0.2195077055047719,nan
2396160.0,0.23011030505198685,0.20426403412465788,nan
2398208.0,0.2007235145612417,0.1989043608106187,nan
2400256.0,0.16566622185168944,0.20973358865269498,nan
2402304.0,0.09243152166619595,0.16117016028213477,nan
2404352.0,0.14898155484365588,0.22086350001454058,nan
2406400.0,0.13673005965752316,0.21340438399944375,nan
2408448.0,0.17560376150807483,0.19827476096900895,43.47193347193347
2410496.0,0.1371074352334987,0.20443277300505996,nan
2412544.0,0.12229515985673449,0.22747555658262797,nan
2414592.0,0.22090891157325065,0.19630096871653693,nan
2416640.0,0.12232591923266253,0.17432306083834256,nan
2418688.0,0.11766396995726103,0.22874458993538552,nan
2420736.0,0.0712180380973371,0.23754219243568864,nan
2422784.0,0.19404500279008596,0.1986594485889777,nan
2424832.0,0.15241244504184082,0.22430710342537477,nan
2426880.0,0.16692287169961292,0.22076188256304963,nan
2428928.0,0.18629154827163197,0.21837809181273957,nan
2430976.0,0.18885449811919913,0.223205358779379,nan
2433024.0,0.15459153014395716,0.22906645975978543,nan
2435072.0,0.15049620286679202,0.20980031879258224,nan
2437120.0,0.14257577728523435,0.21807836955233073,nan
2439168.0,0.17787135105932006,0.2029803740629413,nan
2441216.0,0.1721501879919778,0.20114084097458543,nan
2443264.0,0.16445189936765786,0.2142652009436937,nan
2445312.0,0.15569328458970919,0.23167278628040208,nan
2447360.0,0.1555577633546769,0.20734434533464563,nan
2449408.0,0.15306574419180743,0.2211192887118163,nan
2451456.0,0.14836881808777988,0.20467485678358976,nan
2453504.0,0.11955573677169826,0.20369013920153872,nan
2455552.0,0.1890301696327688,0.22104006289021583,nan
2457600.0,0.18691399829588037,0.2193236145424061,nan
2459648.0,0.22644123102671934,0.21757030745619352,nan
2461696.0,0.18661377680400687,0.21337621056742326,nan
2463744.0,0.16692863959514204,0.1921743138723508,nan
2465792.0,0.1875859626605317,0.20861772514216398,nan
2467840.0,0.18177111476411617,0.2106474791109338,nan
2469888.0,0.14496441608278945,0.21052948038784278,nan
2471936.0,0.15813467576830037,0.20363070364522623,nan
2473984.0,0.17098633377084715,0.2058280389704731,nan
2476032.0,0.11812229960101377,0.1723239253393723,nan
2478080.0,0.15636028804130137,0.19225731811971564,nan
2480128.0,0.17367992844428012,0.16440271769342288,nan
2482176.0,0.15153803434634594,0.2028282791016458,nan
2484224.0,0.18998627954387792,0.22243607635723683,nan
2486272.0,0.15099358530517262,0.23019139846910824,nan
2488320.0,0.15818431892403417,0.20973475467126443,nan
2490368.0,0.1824809854804692,0.1870184405112436,nan
2492416.0,0.16332171590217356,0.20762802621313303,nan
2494464.0,0.13888104607154395,0.20090055210088234,nan
2496512.0,0.14352319118872112,0.1675447051596479,nan
2498560.0,0.22934236810945635,0.20113449345407142,nan
2500608.0,0.18643289471427174,0.20526570529308416,nan
2502656.0,0.1221164352770259,0.1671004754325107,nan
2504704.0,0.1308035062018033,0.20721057314337243,nan
2506752.0,0.1528796298567082,0.1742179715403982,nan
2508800.0,0.12308111616820422,0.16949982376125786,41.933471933471935
2510848.0,0.22595222957732491,0.1926156048682758,nan
2512896.0,0.14153814997440162,0.19052442793319785,nan
2514944.0,0.14985729472113496,0.16933884466565405,nan
2516992.0,0.19248670275397117,0.19597401300335393,nan
2519040.0,0.16814264860934852,0.12667502182237553,nan
2521088.0,0.13163497098888105,0.05315767133364422,nan
2523136.0,0.2641454017373406,0.1761511594074684,nan
2525184.0,0.11474562503231787,0.15614853185745173,nan
2527232.0,0.17847870101535995,0.18726839062745274,nan
2529280.0,0.23615100000328695,0.2007738043708611,nan
2531328.0,0.152349172828084,0.18050373707973957,nan
2533376.0,0.16850414612361175,0.18248117385865242,nan
2535424.0,0.10019054741501235,0.20234654053734513,nan
2537472.0,0.19040418636929726,0.19670407475665708,nan
2539520.0,0.06158347292864205,0.19867036691506668,nan
2541568.0,0.23620950183543218,0.18839653471927423,nan
2543616.0,0.23801495945740514,0.18130841455792746,nan
2545664.0,0.1754174740247207,0.185852388094208,nan
2547712.0,0.2005106903763313,0.21442685605691733,nan
2549760.0,0.18018321013474428,0.2248580077275223,nan
2551808.0,0.14921173642537144,0.18915835989031504,nan
2553856.0,0.16976415005848228,0.1803811999059182,nan
2555904.0,0.16642878693450355,0.1927703121680534,nan
2557952.0,0.13316055504689872,0.198767367572016,nan
2560000.0,0.12064337961102972,0.15953641940488536,nan
2562048.0,0.12178102026341098,0.16229474575621636,nan
2564096.0,0.11859502403225919,0.17567576244045063,nan
2566144.0,0.07856171330885159,0.2106552275195421,nan
2568192.0,0.07861718752304865,0.1749940834819872,nan
2570240.0,0.08712149399087393,0.1899099555397696,nan
2572288.0,0.07998764615407744,0.17691520079172537,nan
2574336.0,0.050682847894987504,0.18733819652915,nan
2576384.0,0.10678169152437053,0.2058809443494464,nan
2578432.0,0.17961017875346813,0.2127372696591074,nan
2580480.0,0.1912488923792355,0.21698319597311702,nan
2582528.0,0.14169297302631492,0.2110634797575441,nan
2584576.0,0.14301857491104014,0.21780865600509927,nan
2586624.0,0.15623721600367751,0.20346151843134605,nan
2588672.0,0.1250360505708838,0.19464081074114123,nan
2590720.0,0.15627648968053434,0.18725172967690756,nan
2592768.0,0.153452742237901,0.20008075185727558,nan
2594816.0,0.11229139517735587,0.19231597869157474,nan
2596864.0,0.14622937474145162,0.23507789034199597,nan
2598912.0,0.13846300161076913,0.2256328452229808,nan
2600960.0,0.18802405057853028,0.1900092062713123,nan
2603008.0,0.24563536363946695,0.18796191536861498,nan
2605056.0,0.2310614212225149,0.20480355543389053,nan
2607104.0,0.1745915291543096,0.20322825104505177,nan
2609152.0,0.15335646129428931,0.20539875122028806,38.347193347193354
2611200.0,0.16198922910125263,0.19441085410637018,nan
2613248.0,0.16315993654973393,0.1943159512979818,nan
2615296.0,0.14102123719915077,0.19043885440657118,nan
2617344.0,0.141301589117816,0.1743848670560343,nan
2619392.0,0.15624978049147514,0.15543833847900285,nan
2621440.0,0.16068617884811667,0.21015957488984674,nan
2623488.0,0.18337350386248558,0.20708617264502324,nan
2625536.0,0.20374864162949094,0.21098245914667876,nan
2627584.0,0.1578031722023121,0.22222380987512805,nan
2629632.0,0.14795968429803025,0.2105795866112835,nan
2631680.0,0.15487766212346532,0.21794297873603255,nan
2633728.0,0.13278846061285055,0.21814096826924245,nan
2635776.0,0.2065257829856372,0.19394382722331074,nan
2637824.0,0.12079699492470361,0.20190424359169765,nan
2639872.0,0.12609950210203963,0.1987564657561255,nan
2641920.0,0.13840365160442025,0.20294910133028238,nan
2643968.0,0.16324396357837145,0.2159830883301553,nan
2646016.0,0.17355756205251036,0.19545216473633925,nan
2648064.0,0.1583428083081035,0.21989116132883924,nan
2650112.0,0.06618592676971605,0.22200052134920775,nan
2652160.0,0.2147032942328458,0.21452010088528242,nan
2654208.0,0.19337574276263653,0.21475199917767215,nan
2656256.0,0.05282663607031701,0.2183307775876877,nan
2658304.0,0.0788420640702534,0.2152342838646353,nan
2660352.0,0.14650923523499315,0.23205116093731956,nan
2662400.0,0.19149699729995043,0.2269054931995419,nan
2664448.0,0.1518784266922456,0.2321887794786465,nan
2666496.0,0.21134600910077878,0.21680925162201262,nan
2668544.0,0.19809627548995973,0.22041912417608606,nan
2670592.0,0.18943749136060195,0.2176100455818112,nan
2672640.0,0.15833426175890947,0.2386394228159331,nan
2674688.0,0.24331174100935993,0.2075829251111161,nan
2676736.0,0.24676154292123692,0.19341242780251358,nan
2678784.0,0.17376951756088077,0.22109024403355268,nan
2680832.0,0.16198080085073052,0.232309545510181,nan
2682880.0,0.23330283117070388,0.19977375726849647,nan
2684928.0,0.2068652771269771,0.20887947927702058,nan
2686976.0,0.21906217086826563,0.2139218161972445,nan
2689024.0,0.19368490792565995,0.22329389985593193,nan
2691072.0,0.1605988232703851,0.22880133847218542,nan
2693120.0,0.17480701678721627,0.22083840968165833,nan
2695168.0,0.25385839765653345,0.1863641578398645,nan
2697216.0,0.18797238970800634,0.2186415209905995,nan
2699264.0,0.15253615115380603,0.2194025843666184,nan
2701312.0,0.15927170910592864,0.2020784837860775,nan
2703360.0,0.14710376945503945,0.22156129198316968,nan
2705408.0,0.12471609037754777,0.22551850271740306,nan
2707456.0,0.19987805901168249,0.19956910600055766,nan
2709504.0,0.2444160025547547,0.198720160271764,52.130977130977136
2711552.0,0.18073279480834797,0.2052388908123485,nan
2713600.0,0.17108867250762622,0.21499165344782012,nan
2715648.0,0.15509345143574316,0.22683635846415587,nan
2717696.0,0.19942257739022745,0.20087126301835923,nan
2719744.0,0.13849198233407134,0.21414159139284314,nan
2721792.0,0.18029507408932946,0.23174750001438113,nan
2723840.0,0.20368368285927285,0.2095850740654835,nan
2725888.0,0.1316063133754543,0.2211520149863864,nan
2727936.0,0.19851355237648421,0.20438490560692602,nan
2729984.0,0.18404349914399754,0.21613202128012626,nan
2732032.0,0.14897205899485316,0.21250751414354863,nan
2734080.0,0.20883436798901328,0.20617020406077172,nan
2736128.0,0.2503546945706919,0.19750315531965584,nan
2738176.0,0.19905335474333136,0.21252564619874556,nan
2740224.0,0.20246020997267036,0.20980445240300924,nan
2742272.0,0.14759555061721358,0.22002177862763275,nan
2744320.0,0.13756914131360337,0.22000907997875246,nan
2746368.0,0.17183325165942806,0.21856673582575448,nan
2748416.0,0.20313046587331796,0.21386447916351167,nan
2750464.0,0.11773636962642735,0.21906801666705403,nan
2752512.0,0.14139382437857675,0.22701372934673272,nan
2754560.0,0.20959086683238873,0.19995232639996466,nan
2756608.0,0.25219505006515924,0.19132261814955587,nan
2758656.0,0.1831403619159614,0.20205229638404698,nan
2760704.0,0.14313448888534164,0.18062966664108132,nan
2762752.0,0.2282921660685048,0.19655939006616963,nan
2764800.0,0.17466136526232617,0.14026552336927156,nan
2766848.0,0.19137248799365209,0.15987775779586652,nan
2768896.0,0.16326263503163338,0.16857732536809084,nan
2770944.0,0.21340066713306993,0.18118516411312105,nan
2772992.0,0.16028115127319656,0.16729113722926048,nan
2775040.0,0.1492953612290433,0.19611884407915345,nan
2777088.0,0.15386257433854578,0.1988044250227211,nan
2779136.0,0.14833463927761487,0.19031188039951719,nan
2781184.0,0.2040062681439585,0.20971992775013498,nan
2783232.0,0.10943204300861409,0.20487089033906328,nan
2785280.0,0.2196020998750567,0.21247688233538126,nan
2787328.0,0.21974563538088296,0.2066218580690593,nan
2789376.0,0.16323668937191255,0.1974343686364818,nan
2791424.0,0.19930838162491582,0.20839294858762109,nan
2793472.0,0.17668364102075668,0.20261664400254484,nan
2795520.0,0.18462957302634941,0.1884502678998859,nan
2797568.0,0.1312890925224079,0.1787886656182728,nan
2799616.0,0.12337819984749904,0.17658252071929598,nan
2801664.0,0.059488515450046436,0.20731870176153244,nan
2803712.0,0.14242609334642614,0.17737429698885238,nan
2805760.0,0.170721247157904,0.18731196022112626,nan
2807808.0,0.1744801457681711,0.21516595549677436,nan
2809856.0,0.13339307073837697,0.1975605746287537,42.58835758835758
2811904.0,0.19722391182593546,0.18603752720785316,nan
2813952.0,0.27195961224125126,0.17967747053186117,nan
2816000.0,0.20516936037282302,0.1907277666298269,nan
2818048.0,0.1526845501948217,0.1879837299335815,nan
2820096.0,0.20629345263987656,0.20646754500762013,nan
2822144.0,0.19801389012986184,0.1686095033408878,nan
2824192.0,0.23666742636161275,0.18303015453664825,nan
2826240.0,0.16372357103431456,0.2168726045728956,nan
2828288.0,0.2191375449493317,0.17120332980137176,nan
2830336.0,0.1758796564675052,0.1643444309099694,nan
2832384.0,0.2679566569021669,0.16051558056038864,nan
2834432.0,0.13810821199337023,0.13245685236996058,nan
2836480.0,0.13649201732280514,0.21016946427875827,nan
2838528.0,0.1612204430874794,0.19976823378205882,nan
2840576.0,0.1550724210955412,0.1624134226469152,nan
2842624.0,0.17485322537408138,0.16941557424598874,nan
2844672.0,0.21378354963809654,0.16412285204083873,nan
2846720.0,0.13829594647596072,0.1660904630757006,nan
2848768.0,0.1310764337522441,0.126353012079917,nan
2850816.0,0.21703059684738743,0.20246121074082038,nan
2852864.0,0.14686835853878144,0.19630787982739403,nan
2854912.0,0.16501815253135912,0.19881486105906146,nan
2856960.0,0.12907013048543658,0.15892428240629872,nan
2859008.0,0.16699019845691315,0.13576638936226693,nan
2861056.0,0.18588014098623606,0.18985354250582984,nan
2863104.0,0.22856839850291763,0.1744592366975399,nan
2865152.0,0.16193513003723786,0.16842413065082498,nan
2867200.0,0.2452430473131785,0.1676827894511377,nan
2869248.0,0.12091276117917829,0.17711172500261377,nan
2871296.0,0.1909050411605225,0.1890214497412641,nan
2873344.0,0.24118610226526835,0.1954612941990872,nan
2875392.0,0.2268679535407998,0.17979490729025027,nan
2877440.0,0.16230451433054355,0.18142244739315821,nan
2879488.0,0.14298208150995342,0.18628366013517703,nan
2881536.0,0.25057205210584554,0.17733082825948202,nan
2883584.0,0.26928841935557624,0.16896638486181098,nan
2885632.0,0.2133339691072521,0.18459236708799984,nan
2887680.0,0.24949775095150573,0.16914615916419584,nan
2889728.0,0.17607879199558,0.2084146466008758,nan
2891776.0,0.20906623759388177,0.18705264622464413,nan
2893824.0,0.20052290953909305,0.1999901390548875,nan
2895872.0,0.2346217668089798,0.20765055598760918,nan
2897920.0,0.1330511278797131,0.16681546084192658,nan
2899968.0,0.1759887792794489,0.17887712808549078,nan
2902016.0,0.2131926919258346,0.17947315996698832,nan
2904064.0,0.14772896937801017,0.1892130563645963,nan
2906112.0,0.19714842648152262,0.15894614036833585,nan
2908160.0,0.13655293882558497,0.15360194094387167,nan
2910208.0,0.14804664566311235,0.1542659709434318,26.70478170478171
2912256.0,0.16491956490991233,0.17983546623260957,nan
2914304.0,0.13343931387660582,0.17971721528211282,nan
2916352.0,0.1347127677367036,0.2018700337359973,nan
2918400.0,0.12962307612466573,0.1592560328275827,nan
2920448.0,0.1440179194775134,0.20991519338379572,nan
2922496.0,0.1779630880055544,0.20123869018357152,nan
2924544.0,0.16760843881129203,0.19217493167804872,nan
2926592.0,0.16413743871796607,0.1706087106141721,nan
2928640.0,0.14413384875322785,0.16036262169879212,nan
2930688.0,0.15360665574227156,0.2173131637676153,nan
2932736.0,0.15070141640642254,0.1759027474970189,nan
2934784.0,0.11497740201211126,0.20381443613473083,nan
2936832.0,0.19517287554561588,0.22650672213432688,nan
2938880.0,0.19436708726350327,0.20942343793224497,nan
2940928.0,0.27095180905351957,0.1731035709769114,nan
2942976.0,0.05302679681696457,0.18819632452809015,nan
2945024.0,0.19315628209398533,0.21698195128782843,nan
2947072.0,0.19810951221803963,0.21554169707940454,nan
2949120.0,0.20010547170223014,0.1884355423333607,nan
2951168.0,0.16454309950496654,0.1869123803514315,nan
2953216.0,0.20199950333239314,0.18821539359289094,nan
2955264.0,0.19801268128707694,0.1829134821029267,nan
2957312.0,0.17554124836845592,0.21711625077911753,nan
2959360.0,0.2614686837708974,0.18506544203383807,nan
2961408.0,0.18935099339574563,0.19513334616975003,nan
2963456.0,0.17036170778910442,0.1999120377573556,nan
2965504.0,0.14703994086674935,0.20531093257434527,nan
2967552.0,0.13550477389553972,0.1776358377006935,nan
2969600.0,0.18493043928163058,0.1916902205761071,nan
2971648.0,0.23470264854083844,0.18459798646296502,nan
2973696.0,0.18269194369403796,0.14733128645013943,nan
2975744.0,0.1807359204025637,0.19009410439175498,nan
2977792.0,0.14688947857404605,0.2086895335215018,nan
2979840.0,0.2243797719541208,0.18801575680873361,nan
2981888.0,0.15418598882310994,0.15590427487338407,nan
2983936.0,0.13636986108913177,0.139426233565626,nan
2985984.0,0.10492547524622334,0.22811198082727388,nan
2988032.0,0.14310214635255808,0.13995310686762558,nan
2990080.0,0.19149684165743222,0.16609318758320807,nan
2992128.0,0.17236081674940393,0.16392440161224617,nan
2994176.0,0.13153428707181508,0.1856772396023142,nan
2996224.0,0.12891965673887537,0.19895580255396536,nan
2998272.0,0.11617506121753704,0.1669162175811337,nan
3000320.0,0.12151418778201607,0.15339397724289208,nan
3002368.0,0.12779913303927531,0.15108124599520004,nan
3004416.0,0.11877618228793,0.18762328542125709,nan
3006464.0,0.15450840460681908,0.1671167913181831,nan
3008512.0,0.17400441710929715,0.2157135565501681,nan
3010560.0,0.21810295835089022,0.19552431270375373,50.218295218295225
3012608.0,0.16581292798955471,0.20755153241869614,nan
3014656.0,0.18610233543060486,0.17524586898618763,nan
3016704.0,0.1625726439866677,0.17943235958327455,nan
3018752.0,0.19359722233244717,0.2227956609454037,nan
3020800.0,0.13030354684510093,0.19375884992057868,nan
3022848.0,0.12613166518675753,0.1896839423610048,nan
3024896.0,0.16157122889877354,0.21264146976337867,nan
3026944.0,0.14647441150688578,0.15963303458620778,nan
3028992.0,0.13566021031297398,0.22002986082278758,nan
3031040.0,0.18359316268008202,0.17055713747808088,nan
3033088.0,0.25551823911882643,0.17418702275852951,nan
3035136.0,0.15973933289467848,0.18596111526646528,nan
3037184.0,0.15138622181886732,0.19478254895404776,nan
3039232.0,0.17548339593782478,0.20608826144851697,nan
3041280.0,0.14570010285824855,0.15805377528011288,nan
3043328.0,0.21090698596077634,0.1995657410603225,nan
3045376.0,0.18889172418616573,0.19133670948602632,nan
3047424.0,0.2520790571747993,0.17905193814518686,nan
3049472.0,0.21510454962413308,0.16933584058897877,nan
3051520.0,0.16243008993090785,0.19669628567347097,nan
3053568.0,0.1360978590681306,0.20914597707076643,nan
3055616.0,0.171731631277727,0.21332530374888375,nan
3057664.0,0.15620791301034131,0.1659699261268733,nan
3059712.0,0.13572540939331676,0.19143128823494254,nan
3061760.0,0.2226987389778381,0.21157931401243968,nan
3063808.0,0.22605767990652756,0.19764645211964074,nan
3065856.0,0.24715660688536,0.19033936752270342,nan
3067904.0,0.13215145252424698,0.16840585027854355,nan
3069952.0,0.1593205890723563,0.17128951571839768,nan
3072000.0,0.26086632549715005,0.18706047722237218,nan
3074048.0,0.1325707861733036,0.2041004468034875,nan
3076096.0,0.1451914145654814,0.19685174053299445,nan
3078144.0,0.12417426359982003,0.21695886286700494,nan
3080192.0,0.15952572813132787,0.2137947710587205,nan
3082240.0,0.14592411148089923,0.23390400084290242,nan
3084288.0,0.11010101524500532,0.19008460866843804,nan
3086336.0,0.14409272584277302,0.2055170304397857,nan
3088384.0,0.17702029556896726,0.19477754268740546,nan
3090432.0,0.18101728150362123,0.2154363415410862,nan
3092480.0,0.13201135113361095,0.18456277494249412,nan
3094528.0,0.13644702686125265,0.18535778602981365,nan
3096576.0,0.13378713215196186,0.229249369248167,nan
3098624.0,0.2089549216247999,0.2009544052531538,nan
3100672.0,0.18085696045482882,0.22197078741131152,nan
3102720.0,0.17650911750882547,0.1883827862383128,nan
3104768.0,0.18125709723394723,0.16656423247655733,nan
3106816.0,0.18981587960929697,0.19655681335311684,nan
3108864.0,0.19783197628104435,0.192174267388758,nan
3110912.0,0.15759921462713106,0.220108317029371,39.126819126819136
3112960.0,0.1894838562959444,0.20399848248847013,nan
3115008.0,0.18492900948437174,0.19839766710932707,nan
3117056.0,0.17860573972936694,0.19472520621593287,nan
3119104.0,0.261701800961951,0.19716271024211274,nan
3121152.0,0.15537305816360392,0.20776723597326682,nan
3123200.0,0.17005434497547856,0.199253807826489,nan
3125248.0,0.13703651248322035,0.20483896488161316,nan
3127296.0,0.20319624850709622,0.20784042375804992,nan
3129344.0,0.15803868432572854,0.2069534095530151,nan
3131392.0,0.249449889454392,0.174200672919553,nan
3133440.0,0.12025327343837632,0.18923380751702254,nan
3135488.0,0.13644275745639267,0.19510347480767853,nan
3137536.0,0.1874310002650016,0.1925633514186201,nan
3139584.0,0.16878937756566104,0.20096878112907332,nan
3141632.0,0.18340191320569238,0.218175066820124,nan
3143680.0,0.17410553551405472,0.20400756241686843,nan
3145728.0,0.1910483981076331,0.21272392545314853,nan
3147776.0,0.1853295646498334,0.20573004171589335,nan
3149824.0,0.2842450794131123,0.15773374020617448,nan
3151872.0,0.16901831150785623,0.19146352132545977,nan
3153920.0,0.22050902396417144,0.1638383729723645,nan
3155968.0,0.2210529972113831,0.19701392813258428,nan
3158016.0,0.20864906328247793,0.2119165717505298,nan
3160064.0,0.15193402668157963,0.19136568328264544,nan
3162112.0,0.17324785989907637,0.16739390978571939,nan
3164160.0,0.1682122183488477,0.20261602652165875,nan
3166208.0,0.18751948660638684,0.22732822368311478,nan
3168256.0,0.20422926559534765,0.20245985291932467,nan
3170304.0,0.20803646421200728,0.19055088840053577,nan
3172352.0,0.22845452649356324,0.18451773687650097,nan
3174400.0,0.15253545585276373,0.19316293769237203,nan
3176448.0,0.1770388158249349,0.15585749031505594,nan
3178496.0,0.168074877690394,0.17028611977513647,nan
3180544.0,0.1224777136880274,0.19008432691219923,nan
3182592.0,0.14998360241123262,0.15819095655975285,nan
3184640.0,0.16777630953992767,0.19689451973813354,nan
3186688.0,0.11833987702571444,0.19992299167445263,nan
3188736.0,0.13716749033411743,0.18895600022842454,nan
3190784.0,0.1315667875794554,0.14884094282633495,nan
3192832.0,0.19081683378242442,0.1799830443807478,nan
3194880.0,0.1662290731770349,0.16818628042141034,nan
3196928.0,0.1409258056031912,0.20927801147813024,nan
3198976.0,0.14719955516357705,0.20763834073859133,nan
3201024.0,0.1802668579501876,0.197839994180134,nan
3203072.0,0.1270231500561996,0.18661835336573682,nan
3205120.0,0.12524927185380066,0.19916198037207122,nan
3207168.0,0.1410123433888889,0.21917833523162628,nan
3209216.0,0.1483547012045413,0.17247327333786297,nan
3211264.0,0.12166845260873851,0.16182885396122335,32.66112266112266
3213312.0,0.13216604045876706,0.17750419548801577,nan
3215360.0,0.15347578044485105,0.19242576853416657,nan
3217408.0,0.14396463282175512,0.15172977806520918,nan
3219456.0,0.1398725988769519,0.19621453402281372,nan
3221504.0,0.11496340793995925,0.2009339364826781,nan
3223552.0,0.13143429403599344,0.11007101608896228,nan
3225600.0,0.13394300225790967,0.15774582019112063,nan
3227648.0,0.1387503030993783,0.17208213897454727,nan
3229696.0,0.1675849754855696,0.21509962476769626,nan
3231744.0,0.12607846979491677,0.15954943493468451,nan
3233792.0,0.1675891263085259,0.20682711288144773,nan
3235840.0,0.13557344858219972,0.15983125447763963,nan
3237888.0,0.13088910584730934,0.1639844967649048,nan
3239936.0,0.1913618257445201,0.18587951571917552,nan
3241984.0,0.11782233244070091,0.1771356771400096,nan
3244032.0,0.14790488383904804,0.20681425050238125,nan
3246080.0,0.166120092327989,0.21715552490795154,nan
3248128.0,0.16711551123332374,0.21032075562373478,nan
3250176.0,0.1590725708230334,0.2169375887791043,nan
3252224.0,0.14609842816396323,0.23678864347942188,nan
3254272.0,0.2270174860622797,0.2014139798924329,nan
3256320.0,0.22482089700472685,0.21438779156703278,nan
3258368.0,0.15214769331340783,0.23613963515242775,nan
3260416.0,0.14928763419387267,0.22190161490600588,nan
3262464.0,0.21422416292406524,0.20971634521000512,nan
3264512.0,0.18312786777931978,0.21717372118483116,nan
3266560.0,0.26982148168727343,0.1940404368198272,nan
3268608.0,0.1364825652560842,0.20865450796910792,nan
3270656.0,0.11842344632800512,0.20090513402275498,nan
3272704.0,0.13684452264727806,0.22450716613228242,nan
3274752.0,0.1833452186407326,0.18588354564984697,nan
3276800.0,0.21373691414068618,0.18228335402808551,nan
3278848.0,0.1897335481603905,0.2137704484997137,nan
3280896.0,0.1356632563191381,0.2276008453300717,nan
3282944.0,0.2088637932160765,0.2015706552137593,nan
3284992.0,0.19072129204011767,0.22508968848172223,nan
3287040.0,0.14018752947366675,0.21411324635518225,nan
3289088.0,0.17949302235388576,0.22236369463297892,nan
3291136.0,0.13919996216812197,0.19912494294838876,nan
3293184.0,0.12386377675802418,0.17306606447056996,nan
3295232.0,0.15658235051413188,0.1912602426240591,nan
3297280.0,0.13140848106103428,0.22728826939387653,nan
3299328.0,0.21970585913958685,0.20717853298465827,nan
3301376.0,0.16635620398249146,0.21531389926854763,nan
3303424.0,0.1603016910474769,0.19480504004864915,nan
3305472.0,0.2010373301199234,0.2052302172028305,nan
3307520.0,0.22249039712163415,0.1930125345113018,nan
3309568.0,0.22765441100890155,0.20984686400609312,nan
3311616.0,0.13841372423818363,0.18803897618265894,43.74220374220374
3313664.0,0.2024695967619378,0.19766408629335347,nan
3315712.0,0.11917932434657877,0.19484003604330888,nan
3317760.0,0.19774900087270098,0.2092901588472737,nan
3319808.0,0.2749375573073125,0.17353778091977926,nan
3321856.0,0.13069375148171425,0.20483036510087832,nan
3323904.0,0.12664035416702774,0.21566035856216917,nan
3325952.0,0.20740801950257634,0.20093580030530162,nan
3328000.0,0.24621998053409944,0.18938523895207862,nan
3330048.0,0.17743498244287928,0.18635015979996572,nan
3332096.0,0.20742097488316136,0.16368061674363035,nan
3334144.0,0.17926779076973604,0.20691344512139043,nan
3336192.0,0.16758822090439648,0.1931921178995967,nan
3338240.0,0.1732306906176563,0.18196190605347942,nan
3340288.0,0.11668566678327645,0.1828736380831352,nan
3342336.0,0.19059822486447675,0.18329040661558688,nan
3344384.0,0.13979758337728773,0.1701045852324224,nan
3346432.0,0.1345911785755428,0.1693850908301929,nan
3348480.0,0.1638478740933825,0.18647595193574745,nan
3350528.0,0.21688838975531433,0.19078331678363764,nan
3352576.0,0.23123961979436172,0.1986802794456225,nan
3354624.0,0.16030539034616767,0.196942661146193,nan
3356672.0,0.18262533170526377,0.21226698953328713,nan
3358720.0,0.2140386024594097,0.19410801336075012,nan
3360768.0,0.16539007898166025,0.19688952958137532,nan
3362816.0,0.1892154585179775,0.21050559368088756,nan
3364864.0,0.21671104565852384,0.19958159995835476,nan
3366912.0,0.1605015054881897,0.2002524839838504,nan
3368960.0,0.1559582589775259,0.19961515417860126,nan
3371008.0,0.14158058002422685,0.1550716725462856,nan
3373056.0,0.1333980388791305,0.19123450689840701,nan
3375104.0,0.13357206462928878,0.19697481476780201,nan
3377152.0,0.13565500054857027,0.2040611654146507,nan
3379200.0,0.140557269772272,0.20154944532722896,nan
3381248.0,0.14680281839370257,0.2086300942122104,nan
3383296.0,0.16813431377083413,0.21185483432945623,nan
3385344.0,0.15485429184318222,0.2230713939151624,nan
3387392.0,0.13418336726607405,0.1969871827701077,nan
3389440.0,0.1487154718506534,0.20277996526718517,nan
3391488.0,0.16168580308123565,0.19903180352657338,nan
3393536.0,0.14254981914976073,0.18303871838559793,nan
3395584.0,0.1623207771120014,0.20156769609020941,nan
3397632.0,0.17475156691104296,0.17239600432177768,nan
3399680.0,0.16468524579268382,0.19267298485870515,nan
3401728.0,0.15334977288731744,0.2090904183357748,nan
3403776.0,0.22202540463259204,0.21076250193060905,nan
3405824.0,0.17725107599599266,0.19898062485486512,nan
3407872.0,0.1415570410997704,0.21473346245070227,nan
3409920.0,0.12801562954245824,0.21784628984690305,nan
3411968.0,0.2500993617075603,0.18342733362370173,47.25571725571726
3414016.0,0.13097981124136351,0.2319728356727109,nan
3416064.0,0.16086523712800607,0.21198674105889312,nan
3418112.0,0.21260669995258957,0.19644305806487963,nan
3420160.0,0.19076259867630535,0.21425008594468403,nan
3422208.0,0.26038150883243644,0.18309414988304934,nan
3424256.0,0.14372762413047466,0.22698700030604793,nan
3426304.0,0.1762658669718511,0.1953130610870324,nan
3428352.0,0.14795322617876439,0.181054191135089,nan
3430400.0,0.2070516546487709,0.1915672398639403,nan
3432448.0,0.22078733423967561,0.18426443341413787,nan
3434496.0,0.2550676028780714,0.18454289361087398,nan
3436544.0,0.2534424804529817,0.16041755519634618,nan
3438592.0,0.145127239227841,0.15302800516500772,nan
3440640.0,0.22972326777477167,0.17823735133697574,nan
3442688.0,0.2265315014130475,0.18120619730100904,nan
3444736.0,0.25018211138318946,0.1679008775831836,nan
3446784.0,0.23180443773661963,0.20681250308511087,nan
3448832.0,0.21239857763736342,0.16218978998638398,nan
3450880.0,0.1736105549373416,0.16980061071094749,nan
3452928.0,0.14464149082987424,0.1898417353520615,nan
3454976.0,0.15575352133563775,0.19028775565848385,nan
3457024.0,0.15445699125666495,0.1532827145357847,nan
3459072.0,0.2323087973196933,0.16899569053941943,nan
3461120.0,0.21816870715772524,0.19061939274225975,nan
3463168.0,0.17435864987959726,0.14570668735516168,nan
3465216.0,0.18161197678015895,0.1437511399282786,nan
3467264.0,0.12549816619924065,0.19648315382722292,nan
3469312.0,0.21818491425398368,0.1811979761887716,nan
3471360.0,0.15546812829463766,0.14838872455462015,nan
3473408.0,0.2809547380246946,0.17499877216019202,nan
3475456.0,0.17916801137732113,0.13666267168498344,nan
3477504.0,0.15785099888953588,0.1619683723956144,nan
3479552.0,0.14115543765508448,0.14355702711506468,nan
3481600.0,0.1340786578466719,0.14810365757405483,nan
3483648.0,0.10980949600413024,0.2232790173377698,nan
3485696.0,0.12808812283811977,0.08120252016132185,nan
3487744.0,0.182011453136241,0.14501208707138738,nan
3489792.0,0.15636398360944387,0.15050895025071415,nan
3491840.0,0.2085046190199137,0.20047351848817296,nan
3493888.0,0.19319763297779202,0.1750512212128885,nan
3495936.0,0.24505475397811782,0.16995115826089874,nan
3497984.0,0.1584055753827988,0.16103263099998405,nan
3500032.0,0.1986084760351477,0.1671824322164074,nan
3502080.0,0.1725169015364385,0.15285425938890201,nan
3504128.0,0.246347624665072,0.16889050856634186,nan
3506176.0,0.17592215445506498,0.1809991128569144,nan
3508224.0,0.22323559138030644,0.16702359782108703,nan
3510272.0,0.18088916746342262,0.1891007059798416,nan
3512320.0,0.21218590006914884,0.17384700858332303,47.889812889812895
3514368.0,0.1919261866135785,0.16615663010660012,nan
3516416.0,0.18293306919703517,0.1507418128001164,nan
3518464.0,0.23613067962306103,0.15154786615481114,nan
3520512.0,0.17501688773508764,0.20098135810341564,nan
3522560.0,0.1833290382899993,0.16938166795060483,nan
3524608.0,0.1859311524714367,0.19100835348354392,nan
3526656.0,0.1649837657656703,0.1535447473573769,nan
3528704.0,0.22363772077087635,0.17749129522242896,nan
3530752.0,0.1918370838629406,0.185621347418617,nan
3532800.0,0.209155496952782,0.18862294285855497,nan
3534848.0,0.15576198201864452,0.17433423741661852,nan
3536896.0,0.14463859843856208,0.17301477720872757,nan
3538944.0,0.14872336953802365,0.2200782150685736,nan
3540992.0,0.12664802097945557,0.11522378769147913,nan
3543040.0,0.18651666086948276,0.12394809765185366,nan
3545088.0,0.16421074077596898,0.20510769067810797,nan
3547136.0,0.17972942613712245,0.22400540336440666,nan
3549184.0,0.14489313057174497,0.2063668867775125,nan
3551232.0,0.13831162766252858,0.21572110799196428,nan
3553280.0,0.15911450640376795,0.21291696707455796,nan
3555328.0,0.18505927565419383,0.18688929238322263,nan
3557376.0,0.14883870180712624,0.20367453716622128,nan
3559424.0,0.13148743406898872,0.20739655220168265,nan
3561472.0,0.17075072436476932,0.20380535681573955,nan
3563520.0,0.2084598265828113,0.20401428038915628,nan
3565568.0,0.18191706388784118,0.20874326418952693,nan
3567616.0,0.14830114153939178,0.2093550421248705,nan
3569664.0,0.15024860328670403,0.20354400995849534,nan
3571712.0,0.14670018491544218,0.18037366543130676,nan
3573760.0,0.1796956499795786,0.1969299499902531,nan
3575808.0,0.1690032205527635,0.20578395225763926,nan
3577856.0,0.14169783253963522,0.19967948781004646,nan
3579904.0,0.15727989554180122,0.20358942673030714,nan
3581952.0,0.1832163349166805,0.1848069952884381,nan
3584000.0,0.18666815141613635,0.18345130812581725,nan
3586048.0,0.1323828814925814,0.18903843536764192,nan
3588096.0,0.12792397801691313,0.1919635194397437,nan
3590144.0,0.21920056309306038,0.18358740881010033,nan
3592192.0,0.15843205315186457,0.21201840098369684,nan
3594240.0,0.16184799505198133,0.19126042638132365,nan
3596288.0,0.26649280333303127,0.17705214978311226,nan
3598336.0,0.19399916037350187,0.1621376848658829,nan
3600384.0,0.16900377658797627,0.12001229653847387,nan
3602432.0,0.22090210673481,0.16689608802473113,nan
3604480.0,0.1849174125611835,0.13443369720360282,nan
3606528.0,0.164208101248773,0.14820303475474525,nan
3608576.0,0.14579477664718843,0.14637617818228013,nan
3610624.0,0.1722505921705698,0.16838083003009344,nan
3612672.0,0.17451117700841062,0.16832115044750184,37.82744282744284
3614720.0,0.20113643889427857,0.16109091424008878,nan
3616768.0,0.17415870376104092,0.17308934211144672,nan
3618816.0,0.15111629052280257,0.16125665129984065,nan
3620864.0,0.17257314582977368,0.1399793413336114,nan
3622912.0,0.19032212334945178,0.18547106150029868,nan
3624960.0,0.1328473409479754,0.17967242512307477,nan
3627008.0,0.1294838045621559,0.19308531827925818,nan
3629056.0,0.17060621276315707,0.18537311195271755,nan
3631104.0,0.18847947510619065,0.21513216655917483,nan
3633152.0,0.19535049058222925,0.201546184598241,nan
3635200.0,0.13426586924185846,0.22487367628612215,nan
3637248.0,0.15743982257269798,0.20599961264322128,nan
3639296.0,0.12345122767159344,0.22558342270261356,nan
3641344.0,0.14768369230100514,0.21884043204929063,nan
3643392.0,0.09773993044326584,0.2247146475518564,nan
3645440.0,0.1589655705755239,0.21658962631123202,nan
3647488.0,0.19696779531534656,0.23305118290993307,nan
3649536.0,0.13375721606069985,0.214060559835899,nan
3651584.0,0.16335722209854603,0.22484943983555822,nan
3653632.0,0.1918173369069082,0.2052249903828187,nan
3655680.0,0.15939847451555544,0.22732059168497412,nan
3657728.0,0.2001663999495455,0.2219726583893064,nan
3659776.0,0.19641955201986916,0.21546961678060522,nan
3661824.0,0.16523215572311356,0.23808459549623692,nan
3663872.0,0.18209065741828065,0.23622338861376918,nan
3665920.0,0.16156388972261737,0.23194885549300745,nan
3667968.0,0.22378270350989765,0.1943679282052392,nan
3670016.0,0.15744482560830286,0.21745917021335684,nan
3672064.0,0.18028828834884833,0.22192483273717786,nan
3674112.0,0.23818480759340013,0.20321351075415717,nan
3676160.0,0.22107993287825561,0.20826277269262214,nan
3678208.0,0.19205633436081787,0.2219646498834094,nan
3680256.0,0.16740502377715488,0.23334674649223455,nan
3682304.0,0.19114909432981256,0.23618962808094787,nan
3684352.0,0.24682833000162496,0.1861867550701154,nan
3686400.0,0.16500557376587288,0.22742913516057744,nan
3688448.0,0.17101061831151793,0.23663485107863663,nan
3690496.0,0.20819915620805435,0.23343421170299442,nan
3692544.0,0.2448264634172964,0.20875618490739062,nan
3694592.0,0.12023835550331793,0.21595123544125883,nan
3696640.0,0.1534255852638391,0.20510840638930838,nan
3698688.0,0.1491220739867271,0.2267105337052039,nan
3700736.0,0.19522995178010089,0.22725801056935813,nan
3702784.0,0.14528668287188617,0.2222539718075159,nan
3704832.0,0.20808006208854934,0.19547719583665138,nan
3706880.0,0.18105323028443673,0.21534949370432954,nan
3708928.0,0.12468093029454902,0.18254033828886063,nan
3710976.0,0.22585262829816155,0.18682202647062116,nan
3713024.0,0.1603781250268118,0.19027481448556932,49.02286902286902
3715072.0,0.17573978760770834,0.2248858111183537,nan
3717120.0,0.14125010036391883,0.1985867486606732,nan
3719168.0,0.22315653412102776,0.19348685966841545,nan
3721216.0,0.16607895517779792,0.1950201180076771,nan
3723264.0,0.13828504553487364,0.18754775453841074,nan
3725312.0,0.18193502326407246,0.17140612648209377,nan
3727360.0,0.13193721970421543,0.21698332308648996,nan
3729408.0,0.12630350643508542,0.17340733663478589,nan
3731456.0,0.18909212190348967,0.20094761341302034,nan
3733504.0,0.15678328972041322,0.20744866733085282,nan
3735552.0,0.21967607558816216,0.19021744428236168,nan
3737600.0,0.17588477625820154,0.2113189644583791,nan
3739648.0,0.200562785712927,0.18354326386570918,nan
3741696.0,0.17158167811786568,0.15380812967954016,nan
3743744.0,0.1527389855331766,0.17780584797315852,nan
3745792.0,0.1921638401746939,0.21655351499975806,nan
3747840.0,0.28204348665724666,0.16024993097302015,nan
3749888.0,0.19420810617739512,0.18059335113875805,nan
3751936.0,0.15529454915667568,0.18247447345903384,nan
3753984.0,0.1562275793156459,0.19522044007407435,nan
3756032.0,0.13837485806121863,0.20858830051008698,nan
3758080.0,0.2351143979508764,0.1889713184291887,nan
3760128.0,0.2195928435397066,0.21062588587077702,nan
3762176.0,0.14379805769426246,0.18263350855147292,nan
3764224.0,0.12763970500850932,0.18949827533028785,nan
3766272.0,0.14101519802635404,0.1844226991874038,nan
3768320.0,0.240122955287211,0.17231910749991872,nan
3770368.0,0.14498635554788608,0.2169547049779782,nan
3772416.0,0.22799867188063638,0.21294593824168637,nan
3774464.0,0.17574611969746984,0.20276482336773832,nan
3776512.0,0.23229652549166663,0.16614352846452907,nan
3778560.0,0.14941699873857722,0.18430743457482793,nan
3780608.0,0.13146786736199206,0.19072569212340865,nan
3782656.0,0.1864338432926347,0.23125245993043583,nan
3784704.0,0.19353271140780126,0.19489808936174186,nan
3786752.0,0.1609115601721547,0.18992282236979682,nan
3788800.0,0.2583807562273074,0.1992030168907269,nan
3790848.0,0.21413877256864472,0.2192925567363596,nan
3792896.0,0.15021117939886988,0.21159221350234464,nan
3794944.0,0.21024241812816735,0.18325785386370796,nan
3796992.0,0.22246516087001478,0.16762047573173228,nan
3799040.0,0.1781587902965649,0.21626954723508598,nan
3801088.0,0.12432589056932072,0.22285616885588058,nan
3803136.0,0.19908376208369266,0.22381088159282386,nan
3805184.0,0.18207303840676958,0.23738619965080116,nan
3807232.0,0.2263717147925922,0.20645887841482521,nan
3809280.0,0.16596343309139333,0.2098519062196152,nan
3811328.0,0.1648782100122378,0.21319032580068645,nan
3813376.0,0.24784807507477416,0.17857000608714818,33.53430353430353
3815424.0,0.0478483734120233,0.19394980193573497,nan
3817472.0,0.15561321239698572,0.2312250648435272,nan
3819520.0,0.17547575935345427,0.17337599316408203,nan
3821568.0,0.16545023590884309,0.1536742580119199,nan
3823616.0,0.17103819715760152,0.16884948341749384,nan
3825664.0,0.21955566202288115,0.14858499644636364,nan
3827712.0,0.215078619019255,0.18061264535163227,nan
3829760.0,0.20450352563724275,0.16868421411054238,nan
3831808.0,0.2601698820345343,0.17567080709338123,nan
3833856.0,0.18052073528390591,0.19969249719122148,nan
3835904.0,0.12245399240558413,0.19037453079622682,nan
3837952.0,0.12402761369135062,0.2010711774256578,nan
3840000.0,0.25067265048572485,0.19340456612789736,nan
3842048.0,0.22420324939062375,0.17978942798347916,nan
3844096.0,0.13031933523795672,0.23589823817712707,nan
3846144.0,0.15174365691318395,0.19418692937922544,nan
3848192.0,0.21906119099283167,0.21031992972164018,nan
3850240.0,0.22245350355868498,0.18229043604441586,nan
3852288.0,0.2526382908907988,0.1692169174125126,nan
3854336.0,0.18706421795648165,0.17490448842700113,nan
3856384.0,0.22617833877457624,0.21101450011971026,nan
3858432.0,0.1327086962057006,0.08781547965562869,nan
3860480.0,0.16467577488180052,0.1299464196637617,nan
3862528.0,0.1774526341816469,0.2294882997208538,nan
3864576.0,0.1533212101006758,0.13733647354118333,nan
3866624.0,0.17466453116270414,0.18513193314871756,nan
3868672.0,0.25734162748631234,0.1702076805551685,nan
3870720.0,0.20175007002065803,0.17632059987856338,nan
3872768.0,0.1613696456075841,0.15532121328609563,nan
3874816.0,0.24869696193726196,0.14727831361216726,nan
3876864.0,0.23722728740311183,0.14678581838083699,nan
3878912.0,0.23273355604300422,0.1532886572985938,nan
3880960.0,0.22735080522065024,0.1807271263522405,nan
3883008.0,0.14999831409808823,0.223462212443355,nan
3885056.0,0.25070994535611557,0.18159838788355456,nan
3887104.0,0.14228471889474076,0.20478092127611758,nan
3889152.0,0.1194890494666323,0.18966372829603173,nan
3891200.0,0.2029337478847678,0.2081538041096317,nan
3893248.0,0.13980902550044022,0.21002777949981455,nan
3895296.0,0.20081902387910938,0.19850129288920168,nan
3897344.0,0.21812151343021316,0.20181629479910634,nan
3899392.0,0.08475954916067753,0.20878813272024582,nan
3901440.0,0.09129549039222684,0.21401497138496886,nan
3903488.0,0.17496279011183274,0.21217536610686288,nan
3905536.0,0.051355438755380886,0.16919908960722888,nan
3907584.0,0.18701471079467524,0.20287544089814682,nan
3909632.0,0.16646045178314572,0.21366844351496495,nan
3911680.0,0.1688470106682875,0.20104417791762935,nan
3913728.0,0.23327409583182981,0.17785375127271788,40.33264033264033
3915776.0,0.16026683057129465,0.1887636499444708,nan
3917824.0,0.2188724824524702,0.20253675757307515,nan
3919872.0,0.24784118995610874,0.19462034740439055,nan
3921920.0,0.2553758886620855,0.19443840753845654,nan
3923968.0,0.21516223415136637,0.20346738240293144,nan
3926016.0,0.23365698634416665,0.1895929344706192,nan
3928064.0,0.1958551778963737,0.1926832764513118,nan
3930112.0,0.22930072797567805,0.19444291420728968,nan
3932160.0,0.1734321906908884,0.22173215761539172,nan
3934208.0,0.1638870123861778,0.21574977879311658,nan
3936256.0,0.15930775220012888,0.21263690697391605,nan
3938304.0,0.06088151125691939,0.21781297821395595,nan
3940352.0,0.14574484542283656,0.21562089405394566,nan
3942400.0,0.12995806484554365,0.20775990769325905,nan
3944448.0,0.16834282788165944,0.20290375146231657,nan
3946496.0,0.22716948443604557,0.19188795413752782,nan
3948544.0,0.18250826035770681,0.19522817738185785,nan
3950592.0,0.2246301961557554,0.17192428142353786,nan
3952640.0,0.19268496903949836,0.19819138561183874,nan
3954688.0,0.22133054288147297,0.20544553804432236,nan
3956736.0,0.2525493078768837,0.19564039908389105,nan
3958784.0,0.18829462325700216,0.19746850975680869,nan
3960832.0,0.16898776820160327,0.20598789405025475,nan
3962880.0,0.12510082110738371,0.18190688623897183,nan
3964928.0,0.17830086528072542,0.1972136574499618,nan
3966976.0,0.14077260126651508,0.1719971693905206,nan
3969024.0,0.16298316305743338,0.17692130055967917,nan
3971072.0,0.15221241144016107,0.18390617415316604,nan
3973120.0,0.15076893936692878,0.1708188376666884,nan
3975168.0,0.18510364714086142,0.19618792514456038,nan
3977216.0,0.1735117722725329,0.17913074734928577,nan
3979264.0,0.1324936656508598,0.16562949479394476,nan
3981312.0,0.14033992371817317,0.12582089834596977,nan
3983360.0,0.13392784415690545,0.15648207327846075,nan
3985408.0,0.1818589363987646,0.19631184786484532,nan
3987456.0,0.11161631953222954,0.16655872240789446,nan
3989504.0,0.1399915145924225,0.15195326916242172,nan
3991552.0,0.19057351509749706,0.16764112071446527,nan
3993600.0,0.16714992964627934,0.18592419113584285,nan
3995648.0,0.18084503712469308,0.187437637573434,nan
3997696.0,0.23590355919400025,0.18318617698990025,nan
3999744.0,0.21364725212004004,0.19447934538509032,nan
4001792.0,0.18937693692437835,0.19672671249113474,nan
4003840.0,0.25652735384246717,0.16469517771888217,nan
4005888.0,0.14398834965590837,0.20788460518277418,nan
4007936.0,0.22152249770065138,0.20444238609158394,nan
4009984.0,0.13502674449758292,0.18882626531797797,nan
4012032.0,0.18466425556247779,0.21783429955657752,nan
4014080.0,0.21992548322872568,0.20046999862326137,49.428274428274435
4016128.0,0.19995627984402434,0.19820060237420176,nan
4018176.0,0.20214577972864117,0.2105041293426478,nan
4020224.0,0.1898658375816937,0.17500821566310562,nan
4022272.0,0.12742506262529119,0.15641842954730112,nan
4024320.0,0.16773507899096837,0.15598813863158242,nan
4026368.0,0.16348974821144033,0.17862350275188144,nan
4028416.0,0.22207071036105858,0.19068910253011337,nan
4030464.0,0.1529128616248448,0.1855359792672191,nan
4032512.0,0.16681456398533395,0.17239589822012186,nan
4034560.0,0.12727768953954877,0.18045680844912826,nan
4036608.0,0.1909368290693174,0.1623125142566315,nan
4038656.0,0.19628829077211504,0.1737543422784619,nan
4040704.0,0.1618764059651861,0.15749352486473175,nan
4042752.0,0.17346313768941246,0.17712158427994526,nan
4044800.0,0.18766867958431202,0.17689771664744594,nan
4046848.0,0.17127697339475362,0.19514054571042147,nan
4048896.0,0.1385527056149776,0.19062669039670885,nan
4050944.0,0.12225569323567728,0.2035467288097316,nan
4052992.0,0.14936036230612734,0.18706949192403546,nan
4055040.0,0.1448660296399631,0.18037261543075953,nan
4057088.0,0.19442770250252941,0.18121569355474085,nan
4059136.0,0.18117136260674926,0.22537072046620918,nan
4061184.0,0.16780709814708517,0.22129807106856197,nan
4063232.0,0.13030198795897102,0.20944804337889583,nan
4065280.0,0.16431767365013367,0.20332340858834405,nan
4067328.0,0.18061678975598994,0.20753617721055231,nan
4069376.0,0.15777066604281578,0.2146120165913942,nan
4071424.0,0.1720645253392577,0.16188155693307155,nan
4073472.0,0.1684279445562364,0.15704788803500244,nan
4075520.0,0.17849853559833967,0.17608345093722239,nan
4077568.0,0.1465066975942843,0.14364468276382011,nan
4079616.0,0.17793018858697285,0.15144789235362038,nan
4081664.0,0.15758581191884555,0.18717627911418672,nan
4083712.0,0.1821903188195741,0.15416086402787804,nan
4085760.0,0.16949741219022074,0.17446208190527318,nan
4087808.0,0.1698979096320969,0.16854442351064386,nan
4089856.0,0.1940186614992837,0.18562358058998363,nan
4091904.0,0.2536009412889127,0.16550466800158445,nan
4093952.0,0.22838615335020462,0.20220419555617747,nan
4096000.0,0.19902309002332347,0.18205245170108422,nan
4098048.0,0.16778898605501852,0.18577358857287976,nan
4100096.0,0.22550857512133857,0.17079701819588972,nan
4102144.0,0.1515775896963123,0.20106248256225795,nan
4104192.0,0.15371454362764492,0.16471980042573658,nan
4106240.0,0.17861245291211852,0.18265137330643996,nan
4108288.0,0.15426394359113257,0.1885197788605473,nan
4110336.0,0.16189135060029824,0.17691957079820486,nan
4112384.0,0.15358218146210073,0.18024016630833672,nan
4114432.0,0.2041373956376969,0.18002890847710235,61.53846153846155
4116480.0,0.194775277675965,0.19040031176865713,nan
4118528.0,0.16335009452759444,0.2024950248487583,nan
4120576.0,0.2014142935096311,0.1847327843876899,nan
4122624.0,0.21288129891603833,0.20552912030706688,nan
4124672.0,0.127092601767767,0.18410923583314337,nan
4126720.0,0.19304473116066675,0.22027148804954177,nan
4128768.0,0.19053574228877787,0.1808083768766162,nan
4130816.0,0.0496710122431787,0.18014935397443832,nan
4132864.0,0.16251157710629033,0.18756523796957095,nan
4134912.0,0.19884177357326754,0.16242437887540856,nan
4136960.0,0.22341047506322018,0.1659645769293746,nan
4139008.0,0.25124072068353764,0.16250804707022112,nan
4141056.0,0.15955543714062934,0.1390331732695645,nan
4143104.0,0.23706143111159686,0.11985318593412307,nan
4145152.0,0.17856189624995006,0.16825653609004856,nan
4147200.0,0.2445426186028336,0.16789330051501045,nan
4149248.0,0.13988576950707554,0.13502999821308473,nan
4151296.0,0.1859268626357516,0.15665942085663379,nan
4153344.0,0.22080846958832603,0.19283300145201188,nan
4155392.0,0.14003670435401294,0.14086298642456252,nan
4157440.0,0.14267098053986257,0.10656147523962421,nan
4159488.0,0.23837827366400324,0.20309502276498353,nan
4161536.0,0.16589922634848325,0.13794799203658992,nan
4163584.0,0.2518575929614854,0.15606938311402913,nan
4165632.0,0.18206055453763337,0.20788615106992078,nan
4167680.0,0.1589815030130476,0.17679943893469818,nan
4169728.0,0.2185798017007264,0.182136837682522,nan
4171776.0,0.22443993999336037,0.1693376142846828,nan
4173824.0,0.2594669496750195,0.16739312092595615,nan
4175872.0,0.23137431376016787,0.19841063444840398,nan
4177920.0,0.19029784065627658,0.16856665874776197,nan
4179968.0,0.18137654639820322,0.17811388945136972,nan
4182016.0,0.24219846448002863,0.13392090185947877,nan
4184064.0,0.20477620997355775,0.19017508062927133,nan
4186112.0,0.21147909337862025,0.19522655901268077,nan
4188160.0,0.13550986843575838,0.17636093407951428,nan
4190208.0,0.1158574670147211,0.2110614865014858,nan
4192256.0,0.15245590464078618,0.21260186183653354,nan
4194304.0,0.049295101700671765,0.1895261262006975,nan
4196352.0,0.21740376094056701,0.16191516391687982,nan
4198400.0,0.17494161599666508,0.17443985734509207,nan
4200448.0,0.20078598207715054,0.19871174862166083,nan
4202496.0,0.24422629562708942,0.18018400932949383,nan
4204544.0,0.18186983554061148,0.1986227919997497,nan
4206592.0,0.1724255909512434,0.16785771856457696,nan
4208640.0,0.18314888917500113,0.17851521308028706,nan
4210688.0,0.18363266780142265,0.2106805545724952,nan
4212736.0,0.17761923502980959,0.17406743949259493,nan
4214784.0,0.15719437593263785,0.20489515428850008,30.343035343035346
4216832.0,0.12318508139342668,0.18570580186833374,nan
4218880.0,0.032203566891164784,0.1871646458575634,nan
4220928.0,0.23185442980621793,0.19596446847793447,nan
4222976.0,0.2858253305377819,0.16017070089716479,nan
4225024.0,0.056828805872525125,0.1918997233544857,nan
4227072.0,0.15295276671554262,0.1371978241794441,nan
4229120.0,0.13917093878796033,0.18662964064108978,nan
4231168.0,0.215838607398845,0.17583788991382635,nan
4233216.0,0.2307434319308246,0.17765498894664813,nan
4235264.0,0.23176695423564228,0.16347982404168776,nan
4237312.0,0.21658302122169024,0.1676094888688377,nan
4239360.0,0.21312693006460653,0.19549562831649459,nan
4241408.0,0.20437359221256216,0.19083716312803495,nan
4243456.0,0.1575361738724025,0.14238970340170054,nan
4245504.0,0.18707979798301472,0.17853772847195798,nan
4247552.0,0.17452185628741032,0.16567690637154409,nan
4249600.0,0.13243075330403656,0.17915923256291302,nan
4251648.0,0.16233657381514294,0.16007661949338528,nan
4253696.0,0.14815313427632704,0.1502937523867931,nan
4255744.0,0.13921334722700246,0.17237528769026625,nan
4257792.0,0.250876103121947,0.16977182889470133,nan
4259840.0,0.21782193724106988,0.219350146040677,nan
4261888.0,0.24920965273882376,0.15911275421498644,nan
4263936.0,0.2054616501069941,0.16019748687083885,nan
4265984.0,0.2689882836903848,0.16262084850806147,nan
4268032.0,0.21565552228624446,0.17555248890203864,nan
4270080.0,0.27989210364819705,0.152933114903764,nan
4272128.0,0.27053528178698005,0.15027075742831908,nan
4274176.0,0.24891588319618765,0.16778725323490376,nan
4276224.0,0.20110191363231794,0.1821008060297431,nan
4278272.0,0.2622986853721901,0.15629460248962587,nan
4280320.0,0.16403296549589463,0.15624620194029756,nan
4282368.0,0.24904265754755325,0.15498702411780987,nan
4284416.0,0.2078505956708438,0.1489283718470215,nan
4286464.0,0.278144429470017,0.1588316526982916,nan
4288512.0,0.24153356138101115,0.16437611452285386,nan
4290560.0,0.15982164334394378,0.15271309544590597,nan
4292608.0,0.17712865381344378,0.18760017368417972,nan
4294656.0,0.10535047891941168,0.22400987083654939,nan
4296704.0,0.08386958464020225,0.21297303136771406,nan
4298752.0,0.1488079337615551,0.21248133953127293,nan
4300800.0,0.18457401916000774,0.2278330289222661,nan
4302848.0,0.20369027227750736,0.21648072876199942,nan
4304896.0,0.2732965798619062,0.1753974502996452,nan
4306944.0,0.15643403545710408,0.21934203229857302,nan
4308992.0,0.11435454402629207,0.2152878964267685,nan
4311040.0,0.16830298332290738,0.22324806359550436,nan
4313088.0,0.2665161532806681,0.19398592971369932,nan
4315136.0,0.2346085018843736,0.19932333426767992,59.469854469854475
4317184.0,0.19812213664104233,0.2288333172528273,nan
4319232.0,0.038914785842590456,0.19877340282252054,nan
4321280.0,0.15539704616747468,0.23135139947806294,nan
4323328.0,0.22174844551276124,0.20231772268782588,nan
4325376.0,0.2407810671305598,0.2007454354714015,nan
4327424.0,0.19240592948707524,0.2038018229382883,nan
4329472.0,0.18516331804892205,0.20661257608009606,nan
4331520.0,0.15693794486407553,0.21732574560937745,nan
4333568.0,0.24032360434305655,0.19651484961491938,nan
4335616.0,0.2120506737647158,0.20619141193254653,nan
4337664.0,0.22898349827943454,0.2037504486378879,nan
4339712.0,0.16913398886890732,0.21284459950378196,nan
4341760.0,0.22185795018707766,0.20504649064685646,nan
4343808.0,0.18506565372902686,0.2214024034062422,nan
4345856.0,0.1756286840822015,0.21639733478061238,nan
4347904.0,0.21418928366220402,0.18930192304593077,nan
4349952.0,0.108935392156004,0.22638038649690492,nan
4352000.0,0.14034788293876704,0.20372392170415946,nan
4354048.0,0.08772934112269759,0.23062633140122854,nan
4356096.0,0.1300469584022515,0.211538098432407,nan
4358144.0,0.18528478823585873,0.21742599076515437,nan
4360192.0,0.13457983860112685,0.19282315196306266,nan
4362240.0,0.1136452824816743,0.20994985199286453,nan
4364288.0,0.20430158465206,0.18343838944581198,nan
4366336.0,0.11870344267081816,0.1728091876254223,nan
4368384.0,0.13382166784584612,0.19734020158736063,nan
4370432.0,0.20551426148137553,0.202498721435827,nan
4372480.0,-0.03540006826069956,0.16664322801086792,nan
4374528.0,0.117465920238491,0.21279835174150058,nan
4376576.0,0.13654214123233138,0.21251179814881985,nan
4378624.0,0.1764123320681308,0.20618697605673938,nan
4380672.0,0.12378157619421831,0.18650665314355544,nan
4382720.0,0.14815872033615568,0.20506280806805752,nan
4384768.0,0.13034980951235875,0.18308524221411512,nan
4386816.0,0.2599334584276555,0.16822562426004645,nan
4388864.0,0.24552992131098206,0.19415029081545956,nan
4390912.0,0.22131536492906806,0.16314656905795927,nan
4392960.0,0.18917148709472853,0.1897768770694882,nan
4395008.0,0.14558090248660216,0.20793054286415938,nan
4397056.0,0.13012167679202397,0.21755301220111442,nan
4399104.0,0.17431473103695067,0.21548608840529374,nan
4401152.0,0.12180530432830951,0.22605245673907415,nan
4403200.0,0.08143778654800171,0.2431867430194784,nan
4405248.0,0.16422141039572466,0.20461782342640622,nan
4407296.0,0.23761579842053554,0.1994072268985573,nan
4409344.0,0.1546912089222672,0.23178956477002657,nan
4411392.0,0.18501322455818442,0.203269308092682,nan
4413440.0,0.1712552109072672,0.22252413532091558,nan
4415488.0,0.13616370678205944,0.20867253103598035,37.027027027027025
4417536.0,0.22606747892502022,0.20614807814968572,nan
4419584.0,0.22760745781166525,0.17467214109993948,nan
4421632.0,0.16835632146657492,0.16925474538063062,nan
4423680.0,0.1498905943689142,0.1592791115845067,nan
4425728.0,0.2585829184082114,0.15382330099317043,nan
4427776.0,0.23695866035173319,0.14162678773640336,nan
4429824.0,0.16029081512481938,0.2031606705777166,nan
4431872.0,0.21832078895214588,0.16370495572607457,nan
4433920.0,0.25256019139554087,0.16207096673067703,nan
4435968.0,0.20373970581275447,0.19969086489727012,nan
4438016.0,0.24887117958568425,0.1645777360255061,nan
4440064.0,0.15701231072713295,0.17349608241629794,nan
4442112.0,0.12245296177351313,0.20301111435092933,nan
4444160.0,0.13655116182325233,0.17458136468043275,nan
4446208.0,0.16579597035108096,0.22229831190393434,nan
4448256.0,0.1773646747804876,0.1856387550113115,nan
4450304.0,0.15728345768401192,0.17339348613254058,nan
4452352.0,0.22673611634347632,0.1651546337631356,nan
4454400.0,0.22859478234802036,0.1882299547947693,nan
4456448.0,0.21914175870101738,0.16810208652554054,nan
4458496.0,0.135299819698122,0.15072960407875127,nan
4460544.0,0.20261420607957553,0.16896719095677037,nan
4462592.0,0.1964227711278198,0.14573891076283316,nan
4464640.0,0.15974212534858132,0.17083926617520184,nan
4466688.0,0.17095384734125807,0.16807747219489136,nan
4468736.0,0.18151226561225503,0.15164830058975615,nan
4470784.0,0.18021299171334115,0.16677812551278756,nan
4472832.0,0.17484336566051523,0.16711341609143263,nan
4474880.0,0.20949765996534192,0.14648927977998955,nan
4476928.0,0.20363804493774243,0.1815943405863332,nan
4478976.0,0.17403243354976033,0.21045665801604366,nan
4481024.0,0.13513981421036114,0.14919143201106477,nan
4483072.0,0.21409612112224857,0.18779310713628164,nan
4485120.0,0.16136683338622698,0.12031411353339974,nan
4487168.0,0.20982803416500329,0.17761643269767435,nan
4489216.0,0.27838516968312443,0.11353568909964862,nan
4491264.0,0.20769603441539186,0.19907238314543482,nan
4493312.0,0.16607335537089724,0.1659446800865748,nan
4495360.0,0.21939165751441536,0.17207974172693433,nan
4497408.0,0.1897541304552326,0.12947284758772307,nan
4499456.0,0.13317457577186154,0.1657697194480248,nan
4501504.0,0.138303521784656,0.17145786347034855,nan
4503552.0,0.25114396479824774,0.15851007738696785,nan
4505600.0,0.3318355848182283,0.11548769356523277,nan
4507648.0,0.08615887857982145,0.19312852567643898,nan
4509696.0,0.08153231337870781,0.17910962075567946,nan
4511744.0,0.23717006705735894,0.1646177482468936,nan
4513792.0,0.26152885394923514,0.1358924378662917,nan
4515840.0,0.2622770642259097,0.1366974568387265,43.51351351351351
4517888.0,0.22279221040740674,0.15352795106877518,nan
4519936.0,0.18233802243416347,0.16543929293832182,nan
4521984.0,0.22238475289374188,0.13941380509700077,nan
4524032.0,0.13012276178231225,0.05743414692653514,nan
4526080.0,0.06626245981816677,0.1409313354314903,nan
4528128.0,0.12340036167001509,0.23984172055322422,nan
4530176.0,0.03907636763713099,0.23189687255976277,nan
4532224.0,0.28709918844034577,0.15914402579117143,nan
4534272.0,0.16127744682538347,0.2185312820890441,nan
4536320.0,0.16827080361869373,0.2129385243679775,nan
4538368.0,0.13079188944670794,0.23346463511652127,nan
4540416.0,0.14517198406800477,0.21581606226090203,nan
4542464.0,0.2021039082671478,0.20720520602233183,nan
4544512.0,0.27328536477220106,0.17027903541018438,nan
4546560.0,0.2644475838399057,0.1872473450193556,nan
4548608.0,0.2606708877044525,0.17811119729336772,nan
4550656.0,0.29090836849708157,0.16387834263498474,nan
4552704.0,0.25798332847004124,0.18619877969674012,nan
4554752.0,0.2603224818099047,0.19557564594411886,nan
4556800.0,0.28353906988944566,0.17971846278435644,nan
4558848.0,0.289539872509715,0.1711035617732896,nan
4560896.0,0.3046653392248372,0.15100171604907867,nan
4562944.0,0.22518032959314555,0.20818984044852226,nan
4564992.0,0.26134148307171134,0.19635837384323893,nan
4567040.0,0.2524485407537657,0.19385533517957834,nan
4569088.0,0.2316489377317021,0.20747553577091443,nan
4571136.0,0.3102592653958539,0.12226494400221978,nan
4573184.0,0.2018428225304188,0.2078679484750131,nan
4575232.0,0.22839107976952022,0.20247316312158806,nan
4577280.0,0.2785437938105313,0.16057419844700185,nan
4579328.0,0.20102799327101273,0.17451576206375624,nan
4581376.0,0.23398969025900068,0.1624715077248296,nan
4583424.0,0.18212392138375214,0.18117499784498015,nan
4585472.0,0.23870249704128446,0.16001787424343783,nan
4587520.0,0.22168445857081323,0.19271343398208035,nan
4589568.0,0.2849828501840579,0.15932188069397962,nan
4591616.0,0.28931410556811654,0.14912667813654729,nan
4593664.0,0.28799894269759946,0.16012384148216768,nan
4595712.0,0.2968131644020047,0.1455374855321503,nan
4597760.0,0.2907909662318397,0.150980932792,nan
4599808.0,0.20578108154408015,0.18722359005428219,nan
4601856.0,0.18090115927194939,0.18329119356138915,nan
4603904.0,0.18786845022079088,0.18508150154870293,nan
4605952.0,0.2556287095899937,0.18106493887685893,nan
4608000.0,0.2837227679902107,0.15393934817382093,nan
4610048.0,0.20254704860052775,0.160524714706021,nan
4612096.0,0.3078826889039691,0.14516839758600936,nan
4614144.0,0.18491058679026634,0.20806185072152905,nan
4616192.0,0.2409226257157297,0.17751845873283423,62.33887733887735
4618240.0,0.29561096182706714,0.1442103747647368,nan
4620288.0,0.158236916739196,0.21690363047110697,nan
4622336.0,0.17185985538903747,0.20708519444550713,nan
4624384.0,0.2447418856755466,0.17659717383024393,nan
4626432.0,0.22591866010070322,0.1965566247224637,nan
4628480.0,0.2764516217451152,0.1601091182353875,nan
4630528.0,0.32582961354059115,0.11248465552137933,nan
4632576.0,0.22989990673752878,0.20230445652731968,nan
4634624.0,0.22966727916242446,0.20177007180353784,nan
4636672.0,0.28317729984690515,0.1772885900509891,nan
4638720.0,0.1999230054165272,0.21198937084641795,nan
4640768.0,0.19744936638896532,0.22432028341056953,nan
4642816.0,0.28896930787024927,0.16790255814911018,nan
4644864.0,0.20812281771146648,0.21128716533562442,nan
4646912.0,0.23316903919602786,0.1959684424764147,nan
4648960.0,0.25611410473632046,0.17949129525009763,nan
4651008.0,0.2369452746651183,0.2003860177742551,nan
4653056.0,0.30017621541867046,0.13818869098021594,nan
4655104.0,0.2616986397631514,0.16865947937298786,nan
4657152.0,0.32786620371318975,0.12121978824008188,nan
4659200.0,0.26936555536832263,0.15731140212106506,nan
4661248.0,0.24886936482327618,0.2007732490831344,nan
4663296.0,0.2473305537563889,0.1847993024664788,nan
4665344.0,0.28492273507140486,0.15553252586950622,nan
4667392.0,0.249694910333897,0.18786544949500636,nan
4669440.0,0.2828327111006103,0.16398656736316355,nan
4671488.0,0.26156669223592216,0.19374520437662085,nan
4673536.0,0.25619520117246164,0.19480412078476,nan
4675584.0,0.09431347493067477,0.21224604229491867,nan
4677632.0,0.19746624635346155,0.21400047380402398,nan
4679680.0,0.2490306740327287,0.18623241256909365,nan
4681728.0,0.2546514102932539,0.17021519506873212,nan
4683776.0,0.3007435845925457,0.15364555601516974,nan
4685824.0,0.1795507046296682,0.1999049951788129,nan
4687872.0,0.19145192518040183,0.20560615500099763,nan
4689920.0,0.26271009204335294,0.17782779338225385,nan
4691968.0,0.3072615649307944,0.13080252517253602,nan
4694016.0,0.23212686236935834,0.18726564212829672,nan
4696064.0,0.2764381179216746,0.1612493356720726,nan
4698112.0,0.2697655803907581,0.1735770699370308,nan
4700160.0,0.21391184674221314,0.19408096849236756,nan
4702208.0,0.14668276873730787,0.18272042861431353,nan
4704256.0,0.12899984508452098,0.20398094348315504,nan
4706304.0,0.31512220262926327,0.1062184691428145,nan
4708352.0,0.25338008729283973,0.18192407718183284,nan
4710400.0,0.24240439883729079,0.17668147156086103,nan
4712448.0,0.24828451483527794,0.19129324490305433,nan
4714496.0,0.25961371405324596,0.17794261616954804,nan
4716544.0,0.282339701868676,0.16495031832834703,70.04158004158003
4718592.0,0.2950066705451647,0.14531016734048088,nan
4720640.0,0.20408490973418897,0.20761546947023918,nan
4722688.0,0.22953850624795585,0.1984985718420898,nan
4724736.0,0.19530513188332402,0.21937132261351996,nan
4726784.0,0.2175699976577023,0.20012997418131953,nan
4728832.0,0.1201911269527216,0.24434567309929128,nan
4730880.0,0.18021770287466504,0.2093656350431442,nan
4732928.0,0.22584492071870638,0.19457125905175363,nan
4734976.0,0.2721964388730151,0.15898067526655993,nan
4737024.0,0.12079616525230806,0.223536988230287,nan
4739072.0,0.14232990869304624,0.2085736920680008,nan
4741120.0,0.1629717200091385,0.22020930675835967,nan
4743168.0,0.12008290780524966,0.20900966443969782,nan
4745216.0,0.20741420411682931,0.19460015607660006,nan
4747264.0,0.17078455567216114,0.19978567100556327,nan
4749312.0,0.23327178377062205,0.18254694405032515,nan
4751360.0,0.2923900395311918,0.14694671040719798,nan
4753408.0,0.2530858442448069,0.16115538768866125,nan
4755456.0,0.26195152542864975,0.17359257180618326,nan
4757504.0,0.17550863187351523,0.19030768594703065,nan
4759552.0,0.06801897050259387,0.2206277807359096,nan
4761600.0,0.2658474827780957,0.1617903805246988,nan
4763648.0,0.23399173243965357,0.168673484375296,nan
4765696.0,0.3282574848093709,0.11037351703332686,nan
4767744.0,0.24563171641855489,0.18474457966589483,nan
4769792.0,0.18282332768343992,0.19008026550504384,nan
4771840.0,0.24846046653164894,0.16744393461309315,nan
4773888.0,0.1993295684659042,0.21879232616507843,nan
4775936.0,0.2826616007025502,0.1729296662871644,nan
4777984.0,0.18586339623814924,0.22532091521519795,nan
4780032.0,0.25563418406177074,0.19505541584646224,nan
4782080.0,0.250866905855168,0.19671097314649066,nan
4784128.0,0.12772986991783852,0.22577278544905965,nan
4786176.0,0.18591075589879294,0.21532441981486924,nan
4788224.0,0.15954612265276885,0.21788378712658368,nan
4790272.0,0.2848468349472099,0.17612899541509314,nan
4792320.0,0.2623206458708223,0.19831610959053192,nan
4794368.0,0.22033238473691563,0.23422512146066538,nan
4796416.0,0.20638006557902122,0.22258259621146234,nan
4798464.0,0.19938031823074875,0.2154866299430112,nan
4800512.0,0.277317385028985,0.1644801019429229,nan
4802560.0,0.29345203040870105,0.1616774907544478,nan
4804608.0,0.2796040063855383,0.17378695142184866,nan
4806656.0,0.2844610115997135,0.15882083822547302,nan
4808704.0,0.18995581612319168,0.23130011070122058,nan
4810752.0,0.21318132151342056,0.21849345749229274,nan
4812800.0,0.2840920734092509,0.16788675079971802,nan
4814848.0,0.21994156069298051,0.20338009172987986,nan
4816896.0,0.33148330929184144,0.11514971059988897,79.19958419958421
4818944.0,0.18824766293470363,0.2279693310767073,nan
4820992.0,0.24060142330491113,0.20285921636320622,nan
4823040.0,0.11681671445974753,0.20571251865487505,nan
4825088.0,0.18966092207274732,0.23241960236846215,nan
4827136.0,0.2508911776727176,0.18683839528282228,nan
4829184.0,0.14633494308297823,0.18546929927846995,nan
4831232.0,0.19905122531901553,0.17556429737012802,nan
4833280.0,0.23743917600701153,0.19645429498841016,nan
4835328.0,0.1778406022900152,0.18358367100494777,nan
4837376.0,0.2121739683408094,0.18052662872519493,nan
4839424.0,0.16747015973005222,0.16523768680578696,nan
4841472.0,0.2103256768387576,0.1825187384295037,nan
4843520.0,0.17565796152563506,0.18957301714594857,nan
4845568.0,0.23111970922569547,0.19403585123309022,nan
4847616.0,0.2737417629634101,0.17001419293298903,nan
4849664.0,0.187936177355547,0.18465399135610558,nan
4851712.0,0.21502957835169229,0.19092125964374332,nan
4853760.0,0.2625005955605556,0.18001117645279072,nan
4855808.0,0.2323865149513794,0.20011460833899655,nan
4857856.0,0.1253369169554832,0.2247732728192349,nan
4859904.0,0.1758277240972308,0.22630756337537478,nan
4861952.0,0.1646917078533821,0.1801946414248797,nan
4864000.0,0.21410943611015368,0.17336411727357814,nan
4866048.0,0.2138163629828858,0.1518732289848684,nan
4868096.0,0.20529543067819306,0.15764444505350006,nan
4870144.0,0.20572359852793176,0.15447410328676664,nan
4872192.0,0.24004832993461608,0.14851621224350794,nan
4874240.0,0.25137708967904865,0.17114425868597366,nan
4876288.0,0.21425354199362956,0.18643122494119194,nan
4878336.0,0.24228121045752657,0.19072652735967432,nan
4880384.0,0.2597396386520673,0.16146198761792213,nan
4882432.0,0.19659400584732284,0.18273578662635717,nan
4884480.0,0.28040048973187615,0.13359969124051152,nan
4886528.0,0.29165495598704444,0.14801070458092977,nan
4888576.0,0.26483173114138203,0.15270318631906357,nan
4890624.0,0.19535609110858113,0.1999895303175867,nan
4892672.0,0.20635847460649015,0.20234315368315617,nan
4894720.0,0.29088382875165,0.1607277169488329,nan
4896768.0,0.1816942592111082,0.1393397521709379,nan
4898816.0,0.1799138484944287,0.14034426401814515,nan
4900864.0,0.24916459370052874,0.14979122416872598,nan
4902912.0,0.2312386855361077,0.16205698977592353,nan
4904960.0,0.20696271866208035,0.17805152442747213,nan
4907008.0,0.23351995125681704,0.15361802838063213,nan
4909056.0,0.290693257697717,0.14673514004199767,nan
4911104.0,0.2751321973954755,0.14499884685775155,nan
4913152.0,0.20597641501209052,0.1523876704070599,nan
4915200.0,0.2656342189590978,0.13838691822945906,nan
4917248.0,0.24887440433940344,0.1851960774045041,54.147609147609145
4919296.0,0.20919894691532703,0.17892046611490478,nan
4921344.0,0.15654609549475368,0.19282052828293392,nan
4923392.0,0.22655974650560629,0.1993077330734305,nan
4925440.0,0.226487878924297,0.18897098641960997,nan
4927488.0,0.1420304679506385,0.2047119654733525,nan
4929536.0,0.19887036802917127,0.18453645040643196,nan
4931584.0,0.20445496046118022,0.19088588180475288,nan
4933632.0,0.24763790882125442,0.1662432222637675,nan
4935680.0,0.18685882750390193,0.14601525189349207,nan
4937728.0,0.2007273405573225,0.1367102027708189,nan
4939776.0,0.13137974236951167,0.05381417828119998,nan
4941824.0,0.13926373518058915,0.12623331668874901,nan
4943872.0,0.18579890722882458,0.12430394770715954,nan
4945920.0,0.20352920395191204,0.15956988468841984,nan
4947968.0,0.27664472952019714,0.1677972511335043,nan
4950016.0,0.25060207639155674,0.14757012492939542,nan
4952064.0,0.12915759539207447,0.06398196053331558,nan
4954112.0,0.1545913169321764,0.12404009055276054,nan
4956160.0,0.1795004940076937,0.0975299781182586,nan
4958208.0,0.1301727248009019,0.1646734528096216,nan
4960256.0,0.22719952171641306,0.13242083298759696,nan
4962304.0,0.246953542738301,0.13557701533225153,nan
4964352.0,0.2264200365472474,0.13712349580396965,nan
4966400.0,0.28599120397988126,0.1339875364943453,nan
4968448.0,0.25159876264426045,0.14749212883910576,nan
4970496.0,0.04971256008738023,0.17320142276580563,nan
4972544.0,0.2136093970766774,0.1333742343361993,nan
4974592.0,0.1808595659736562,0.18324577486249005,nan
4976640.0,0.1756152356913461,0.16775467087080856,nan
4978688.0,0.16990433975284672,0.1960126013487675,nan
4980736.0,0.2299281300930515,0.20505893972355851,nan
4982784.0,0.18367793454276024,0.22677069353052792,nan
4984832.0,0.23652333369862766,0.1641722025682934,nan
4986880.0,0.15012728837583234,0.169813849207898,nan
4988928.0,0.1320331125570144,0.05160444147708158,nan
4990976.0,0.11704508460900451,0.18151865077742324,nan
4993024.0,0.17275726321923085,0.21541056128249675,nan
4995072.0,0.19677330278023092,0.1913843550934858,nan
4997120.0,0.18708476294361182,0.21582167288701826,nan
4999168.0,0.17991195107053437,0.14060992454602583,nan
5000000.0,0.13419694343914157,0.06773250972897918,47.4948024948025
