step,rollout_reward_mean,rollout_reward_std,eval_dcr_mean
2048.0,0.1951764726751311,0.22721647828848635,nan
4096.0,0.07210576373866803,0.2115880921955473,nan
6144.0,0.060537577059301934,0.20540202871183375,nan
8192.0,0.09263855035259441,0.23152151966409168,nan
10240.0,-0.030333061737374094,0.15274180462160292,nan
12288.0,0.002710453869054809,0.19613086371076788,nan
14336.0,0.04357600261089237,0.23065329337795892,nan
16384.0,0.042814992209449516,0.18543998136219328,nan
18432.0,0.07972774620026266,0.22164363610424279,nan
20480.0,0.03836646985948257,0.21810143075130323,nan
22528.0,0.0319392905024684,0.21814812623706284,nan
24576.0,0.06046724069194124,0.23996352088270992,nan
26624.0,0.0926353018529585,0.2007634785674543,nan
28672.0,0.03908552931771099,0.24923557914646233,nan
30720.0,0.15442043595367547,0.21531993107169795,nan
32768.0,0.045710975915077896,0.22781032818174357,nan
34816.0,0.13597579970404203,0.24729125256922685,nan
36864.0,0.028730288015311134,0.204424708737319,nan
38912.0,0.09364532127045867,0.22096593451349808,nan
40960.0,0.0158496194195664,0.22277506048154933,nan
43008.0,0.07814486085893589,0.2221143917174966,nan
45056.0,0.04859262382568871,0.21617918884480633,nan
47104.0,0.07263442841754145,0.24579758870270949,nan
49152.0,0.08047039514142393,0.23044279685919838,nan
51200.0,0.06528987192222814,0.22072537391457947,nan
53248.0,0.07574291551188872,0.24451856463517543,nan
55296.0,-0.01202494442953081,0.15821655457589945,nan
57344.0,0.08060433408623077,0.22860952077501792,nan
59392.0,0.07618769411840215,0.25136531552541563,nan
61440.0,0.07979834653914862,0.2309488851401209,nan
63488.0,0.0987387915413562,0.2280697008028547,nan
65536.0,0.13752891516289784,0.2107516901314915,nan
67584.0,0.138789050774113,0.2377169208955667,nan
69632.0,0.07288171108522969,0.2460532190624682,nan
71680.0,0.06008131077148991,0.21910462725021326,nan
73728.0,0.02709811050955848,0.19707028610622254,nan
75776.0,0.12402378472743415,0.20191143982068394,nan
77824.0,0.08152333273154636,0.22524117474126268,nan
79872.0,0.08524041944705818,0.22833288158543194,nan
81920.0,0.05826424239102089,0.23109616482453443,nan
83968.0,0.012284087075073263,0.21971948793402885,nan
86016.0,0.04845549908111116,0.1759114613932201,nan
88064.0,0.018315256702570424,0.21253280036046437,nan
90112.0,0.06076625372917423,0.22134933678711483,nan
92160.0,0.08011825548813052,0.21015230556175246,nan
94208.0,0.039646011142688786,0.2180281556997146,nan
96256.0,0.07328525680468553,0.2207193842887988,nan
98304.0,0.08966996706800386,0.23918472775544022,nan
100352.0,0.06718950029216854,0.23567431354540366,28.04573804573805
102400.0,0.04406899589129618,0.24063075899507064,nan
104448.0,0.16997640121846314,0.2362713364795295,nan
106496.0,0.042914984809664235,0.20573417514978845,nan
108544.0,0.07367563104892924,0.1831844685747078,nan
110592.0,0.062062526213248405,0.20065640093666837,nan
112640.0,0.10869298162625743,0.24361829440319774,nan
114688.0,0.09104436399512844,0.23800130740924694,nan
116736.0,0.08216411164605805,0.19669455694137392,nan
118784.0,0.04397417301388616,0.1937871004666279,nan
120832.0,0.04965799866532125,0.24045026180550413,nan
122880.0,0.12653298384031547,0.24231758083982347,nan
124928.0,0.10245250169727996,0.22420778916947423,nan
126976.0,0.0813498329303475,0.2331317552673694,nan
129024.0,0.05113023137818547,0.2180703959493196,nan
131072.0,0.07509063625197987,0.2176923820698243,nan
133120.0,0.04019774456791937,0.22241970139940925,nan
135168.0,0.098474782303165,0.19269670799261726,nan
137216.0,0.08088659630086144,0.203153700379926,nan
139264.0,0.10664411060173845,0.22631723941129397,nan
141312.0,0.020731511166622987,0.21309858300614407,nan
143360.0,0.00786996238170585,0.2172742638252639,nan
145408.0,0.09456756095542873,0.24376532572503365,nan
147456.0,0.12819328192277016,0.21846577173359255,nan
149504.0,0.05915250235464183,0.21253691422999293,nan
151552.0,0.08310636535632963,0.2414845182009898,nan
153600.0,0.059111200918468346,0.21120956597135998,nan
155648.0,0.12111705561680833,0.23345248827293497,nan
157696.0,0.037110924078221044,0.18338600660653395,nan
159744.0,0.09147382185150683,0.212197209501169,nan
161792.0,0.05227584563543643,0.18121154864098227,nan
163840.0,0.06547729093248061,0.22301202759143302,nan
165888.0,0.08531517307933797,0.21365895780666685,nan
167936.0,0.04664871002162255,0.18004251305191749,nan
169984.0,0.03185165947944802,0.20607344087093285,nan
172032.0,0.1282990039901396,0.24117823940814162,nan
174080.0,0.03745197941658181,0.23558743885571745,nan
176128.0,0.09462326543315266,0.19985854722132101,nan
178176.0,0.07437558321270883,0.2286906022503209,nan
180224.0,0.11541337642261615,0.241290676227423,nan
182272.0,0.05105875907604778,0.22086539586618387,nan
184320.0,0.081486626288541,0.23608913465470138,nan
186368.0,0.10847393678200926,0.21841059440574576,nan
188416.0,0.08564869064508779,0.19827308134289265,nan
190464.0,0.043279129511558156,0.20776330408271837,nan
192512.0,0.07038052777908232,0.2125215182966453,nan
194560.0,0.12327849148927147,0.22615554427489984,nan
196608.0,0.07242927199999233,0.17283829417206156,nan
198656.0,0.08421866067701905,0.21134183141585597,nan
200704.0,0.07273412253558606,0.20571279185888575,32.95218295218295
202752.0,0.06831859482793497,0.2277633618513705,nan
204800.0,0.05115106769691492,0.2121739864366089,nan
206848.0,0.09821052040278519,0.23485762773724925,nan
208896.0,0.0862045915188868,0.20704720169580437,nan
210944.0,0.06843125531507863,0.21273342185290647,nan
212992.0,0.03472536166502939,0.2063067088579239,nan
215040.0,0.11327505572685811,0.20248187278464838,nan
217088.0,-0.0019881398858730137,0.15931148794194516,nan
219136.0,0.04346564492778802,0.21319849270109115,nan
221184.0,0.12729095436875354,0.23245410343940848,nan
223232.0,0.08766298991201592,0.21145231237627146,nan
225280.0,0.10316466809457961,0.20176881037865627,nan
227328.0,-0.0026920798171338797,0.1961425791930299,nan
229376.0,0.10193380671354713,0.20878204299869418,nan
231424.0,0.06381430267951055,0.23139318680072368,nan
233472.0,0.03578679030376358,0.2058868591690745,nan
235520.0,0.08361949360048654,0.21890992688242347,nan
237568.0,0.09130406937971715,0.19755053183490623,nan
239616.0,0.09070748481644497,0.23246565216080425,nan
241664.0,0.053213653251122275,0.17555475049386574,nan
243712.0,0.07447664946335851,0.241886899390013,nan
245760.0,0.09686169650584274,0.24036202335426818,nan
247808.0,0.08572845614420083,0.2001535341134705,nan
249856.0,0.054839424373846084,0.20560949968537093,nan
251904.0,0.1073919783154247,0.20424287539639568,nan
253952.0,0.07991836736652161,0.23120824874024612,nan
256000.0,0.07323453147495462,0.2069750458355351,nan
258048.0,0.025210798072910684,0.20373384788596421,nan
260096.0,0.1369740977473188,0.24080938774261132,nan
262144.0,0.02555868677385785,0.2028867356488468,nan
264192.0,0.0778216334066648,0.24021784621016845,nan
266240.0,0.0780544164492197,0.24232857335881794,nan
268288.0,0.04282410966444217,0.19877024804178126,nan
270336.0,0.0991465005164617,0.22999421425281727,nan
272384.0,0.06563422296760849,0.19750959275341878,nan
274432.0,0.024024218716778782,0.19290995464841543,nan
276480.0,0.1005715786988441,0.24362673970418333,nan
278528.0,0.1004609394205532,0.23657464713525364,nan
280576.0,0.003110572940752834,0.21539485161488406,nan
282624.0,0.10183774920515273,0.20691310196248264,nan
284672.0,0.058901571820791795,0.21482803751653576,nan
286720.0,0.07610796290958949,0.20575753698959984,nan
288768.0,0.05564984500234585,0.20502546551704776,nan
290816.0,0.05063833577818408,0.20771490304236742,nan
292864.0,0.0996781058377063,0.2269386982157933,nan
294912.0,0.07249565650199964,0.23909822075343545,nan
296960.0,0.0626674335176677,0.23511303765555186,nan
299008.0,0.06817711875874947,0.2025459738898082,nan
301056.0,0.07089992442936127,0.19919347703768198,35.051975051975056
303104.0,0.05273861127671359,0.23101326793505705,nan
305152.0,0.051040332865701185,0.2041779002721839,nan
307200.0,0.08137994796775593,0.21211803677298907,nan
309248.0,0.051025066762164326,0.19376387126715655,nan
311296.0,0.10351280480255622,0.19873953988084284,nan
313344.0,0.04925985685047944,0.20968253415844515,nan
315392.0,0.07727606296984407,0.20186317090262082,nan
317440.0,0.031194502466326983,0.19924698535945273,nan
319488.0,0.07873149526845599,0.19439852427465343,nan
321536.0,0.014867680745311392,0.1840731299903029,nan
323584.0,0.09021753661423011,0.1846227644027663,nan
325632.0,0.08174889665847922,0.2141321801774197,nan
327680.0,0.0315143521604222,0.1698754394114956,nan
329728.0,0.08107171607158697,0.18444719935510043,nan
331776.0,0.06336101451701892,0.22663579096955655,nan
333824.0,0.07512942812308371,0.20585569454454355,nan
335872.0,0.10937228721842435,0.23383946971184538,nan
337920.0,0.058907008553374246,0.21019586340677548,nan
339968.0,0.06365490925844708,0.2196744568341189,nan
342016.0,0.05076307842282627,0.22547687038973777,nan
344064.0,0.08506348276321224,0.21880470798175372,nan
346112.0,0.062236407593888675,0.21878038721872922,nan
348160.0,0.07898347608166795,0.19872142113314537,nan
350208.0,0.07460346940933626,0.21294479661348673,nan
352256.0,0.09421905604842779,0.22206320513149194,nan
354304.0,0.1297922515317551,0.1853746927989855,nan
356352.0,0.06794441179131161,0.19850391400374653,nan
358400.0,0.043534863844088376,0.2147318868936095,nan
360448.0,0.0070111431293603775,0.14732293559749896,nan
362496.0,0.09669240096491183,0.2319486286670798,nan
364544.0,0.08624701549935511,0.19339505563401924,nan
366592.0,0.058183601605789254,0.22364793956115175,nan
368640.0,0.06081193004772403,0.19282434883505667,nan
370688.0,0.1041162325187969,0.224658677235734,nan
372736.0,0.028920471325292088,0.16522640587746812,nan
374784.0,0.1282776842409067,0.2129059414036392,nan
376832.0,0.08816907774565991,0.21441942376083697,nan
378880.0,0.0957325714511384,0.24314828217505363,nan
380928.0,0.07655786213890037,0.2230034880830928,nan
382976.0,0.09842462523281836,0.2132912663017814,nan
385024.0,0.061045816684111215,0.1982765836764317,nan
387072.0,0.06923019570790291,0.20065986099530708,nan
389120.0,0.035565727844575054,0.18047467192898695,nan
391168.0,0.07201735164862944,0.2298010740478031,nan
393216.0,0.04478743127207191,0.21348091780366596,nan
395264.0,0.12602128792397957,0.21222616926487467,nan
397312.0,0.05487286033728864,0.19238731868569592,nan
399360.0,0.07677640877494392,0.16374688888020777,nan
401408.0,0.06903661207317177,0.22037601913727983,31.71517671517672
403456.0,0.06561061448090305,0.20650016238565688,nan
405504.0,0.09037750837657094,0.2256512745510585,nan
407552.0,0.03071889453981214,0.21370063304900283,nan
409600.0,0.041484678379151124,0.18772332512370207,nan
411648.0,0.09284313637734407,0.23994103842993816,nan
413696.0,0.03965128644530283,0.18506508788037215,nan
415744.0,0.07384519732827177,0.2074645188899734,nan
417792.0,0.09388984656546409,0.21752028044164412,nan
419840.0,0.05623173269982987,0.20862354915324197,nan
421888.0,0.03723529124457975,0.1491049350007257,nan
423936.0,0.11521156004967666,0.2240161768848245,nan
425984.0,0.0881513415833738,0.23337563148799736,nan
428032.0,0.05978763650305323,0.1791740283155683,nan
430080.0,0.08868994328485118,0.2158748766827582,nan
432128.0,0.05739120674760783,0.160131552827569,nan
434176.0,0.06819709720673597,0.21384299364155734,nan
436224.0,0.06917936818595416,0.19558642126122253,nan
438272.0,0.0997341541376881,0.22873191380137298,nan
440320.0,0.048655259971717005,0.18450144696142473,nan
442368.0,0.11717696207063055,0.2311356313753293,nan
444416.0,0.07165885311505239,0.1816699545210781,nan
446464.0,0.016756844614039573,0.1897070447842334,nan
448512.0,0.06777875982955757,0.21114350302065946,nan
450560.0,0.08260506229595384,0.19341084317681778,nan
452608.0,0.08920468028450883,0.17899480395293885,nan
454656.0,0.09578178167386986,0.21376297429774782,nan
456704.0,0.11749958513556177,0.2171328205527088,nan
458752.0,0.08591922155072068,0.20459041796791805,nan
460800.0,0.04783469148756093,0.18093406398472653,nan
462848.0,0.1068959103610079,0.17901771475425549,nan
464896.0,0.03660793610204304,0.20987023705224203,nan
466944.0,0.06837660875244111,0.23317899817944598,nan
468992.0,0.06806507689455854,0.22737164991810435,nan
471040.0,0.09329502795411376,0.22559810070207562,nan
473088.0,0.06718646967585991,0.20139659443478017,nan
475136.0,0.09796572937607828,0.20244012033424813,nan
477184.0,0.041794247040573246,0.1829172163907746,nan
479232.0,0.05885994274954055,0.21219157439929484,nan
481280.0,0.06661666302780364,0.21167493684061275,nan
483328.0,0.03439390155712184,0.22990605857056154,nan
485376.0,0.07507220133139886,0.2000682402790303,nan
487424.0,0.09246653546355256,0.24243662792814935,nan
489472.0,0.07032229996422568,0.221019257511153,nan
491520.0,0.08112667792124514,0.21333461066108966,nan
493568.0,0.055435001075751035,0.18793619162965353,nan
495616.0,0.05721458035183677,0.19980568275054733,nan
497664.0,0.05014338163984931,0.18757192134409179,nan
499712.0,0.06363212121061734,0.197973326160995,nan
501760.0,0.13295338868475245,0.23690049456377696,30.790020790020794
503808.0,0.09584704457641843,0.22182320708914446,nan
505856.0,0.048749298014268735,0.19259314700096464,nan
507904.0,0.01775190804716103,0.18317869787433835,nan
509952.0,0.0969588248447307,0.1917724770719479,nan
512000.0,0.09046963692398992,0.23251883402391316,nan
514048.0,0.10611993578025714,0.22724394154320998,nan
516096.0,0.08360656729543893,0.18040648236173845,nan
518144.0,0.056816950752986116,0.21596408620367943,nan
520192.0,0.08196553778586685,0.18770792468802774,nan
522240.0,0.06992145416694906,0.19038283772307626,nan
524288.0,0.09166056249092207,0.15832809139000878,nan
526336.0,0.07456236760543189,0.23124415120752992,nan
528384.0,0.07437962763568803,0.20350700304049496,nan
530432.0,0.10214841000041594,0.22142681513647838,nan
532480.0,0.09327152591525911,0.2289617514481759,nan
534528.0,0.019673862757068054,0.16620088095957178,nan
536576.0,0.08176990867363015,0.16583630629254048,nan
538624.0,0.04579167947967906,0.19767500514086533,nan
540672.0,0.10329138364904601,0.22085140805104925,nan
542720.0,0.09343172003807021,0.21166104900212002,nan
544768.0,0.09707386494505664,0.2321376341158967,nan
546816.0,0.12312389089063222,0.2204009620975267,nan
548864.0,0.08869967357938863,0.22903677678241854,nan
550912.0,0.08736415133336523,0.21158724494610587,nan
552960.0,0.07773293755776442,0.20060629674839464,nan
555008.0,0.08166990280815113,0.1963671189993867,nan
557056.0,0.069063905852639,0.1795015549367159,nan
559104.0,0.07483598069992498,0.19282203894140257,nan
561152.0,0.11853263297885147,0.21307466227260333,nan
563200.0,0.06509843145856674,0.20888344870043957,nan
565248.0,0.0798197341478953,0.23711907144040548,nan
567296.0,0.0963274278132398,0.21588331546029907,nan
569344.0,0.14005488030062568,0.21276370995558824,nan
571392.0,0.08008457857198663,0.2165582964247458,nan
573440.0,0.0678986438848064,0.1657870901016533,nan
575488.0,0.10009324000217025,0.2185634519229758,nan
577536.0,0.09904010209477021,0.2337001528787434,nan
579584.0,0.16758945862452837,0.21774634717096958,nan
581632.0,0.08434541940962167,0.21183459776369834,nan
583680.0,0.10727359562773638,0.20524529412785372,nan
585728.0,0.028629221347328856,0.18208546026176983,nan
587776.0,0.09693953083990173,0.22564300614984145,nan
589824.0,0.10804880811953911,0.19846974432110664,nan
591872.0,0.08979732137360083,0.19126876966377868,nan
593920.0,0.1055095458689729,0.18081774568689277,nan
595968.0,0.03895928099833704,0.21994277200861478,nan
598016.0,0.0635751187943637,0.19666936714526953,nan
600064.0,0.07693951047661479,0.2160819868108907,nan
602112.0,0.11758916538862493,0.20188731380264677,29.261954261954266
604160.0,0.06278868591914863,0.21702833747514455,nan
606208.0,0.026397245049227337,0.15252016226799997,nan
608256.0,0.11057969558850564,0.2272323235105894,nan
610304.0,0.10590737627328276,0.21243199149528846,nan
612352.0,0.08871970463455839,0.21876252631700133,nan
614400.0,0.05409503634292269,0.2110479847968367,nan
616448.0,0.06094408545374831,0.19913185106794262,nan
618496.0,0.057071565268166126,0.19316112155835105,nan
620544.0,0.103579809951517,0.21265883805264837,nan
622592.0,0.058936751837220684,0.22429542037749853,nan
624640.0,0.10864108672035785,0.21602923817913894,nan
626688.0,0.05882652527248162,0.20564083964842297,nan
628736.0,0.06437055986714099,0.21600079004343317,nan
630784.0,0.046938802727964295,0.16200149677393483,nan
632832.0,0.04261672225773059,0.2211193846909014,nan
634880.0,0.06008577643454341,0.2290218586797299,nan
636928.0,0.06264627654700805,0.1873704144124152,nan
638976.0,-0.0038232801006476205,0.1667386111371966,nan
641024.0,0.0822891779150231,0.2126201558904445,nan
643072.0,0.0488201813213304,0.21464100536204525,nan
645120.0,0.11990350112541152,0.23677718157850383,nan
647168.0,0.07298282360865023,0.2119491116389413,nan
649216.0,0.10342663411924885,0.2284279826163896,nan
651264.0,0.10873049032041043,0.2042506858936892,nan
653312.0,0.09521562672203158,0.2197618441766947,nan
655360.0,0.05340852462092198,0.19433484201875392,nan
657408.0,0.10453978623883506,0.21609288028398008,nan
659456.0,0.101058140810114,0.2163259831117639,nan
661504.0,0.10146415119411412,0.2227682394629848,nan
663552.0,0.10897798827873592,0.22955480227688554,nan
665600.0,0.11336495703865954,0.21217609299043866,nan
667648.0,0.10457041579664864,0.2107021847258843,nan
669696.0,0.11847397474868022,0.20228595963734614,nan
671744.0,0.11546013314445601,0.23028306113327424,nan
673792.0,0.09962809421115143,0.19373767676486492,nan
675840.0,0.09599316057942259,0.21083071488123126,nan
677888.0,0.08544809932307673,0.18588405703504857,nan
679936.0,0.09157405358625756,0.19794383369989965,nan
681984.0,0.06442903995689978,0.19334776292714279,nan
684032.0,0.10903224755648135,0.21821844718924627,nan
686080.0,0.09567697028990224,0.2186264194136804,nan
688128.0,0.08530751031594394,0.2326916580872507,nan
690176.0,0.05192626368077789,0.22830335826607384,nan
692224.0,0.09670909984141854,0.2093232779279424,nan
694272.0,0.10590942598412728,0.237760662796282,nan
696320.0,0.06905747761219733,0.18962290097626333,nan
698368.0,0.07647580067453635,0.18692357980718707,nan
700416.0,0.07778965923654609,0.21309914738022973,nan
702464.0,0.08531466378088985,0.21933997932616617,26.694386694386697
704512.0,0.06042431896637013,0.1649013783541517,nan
706560.0,0.06118644983647234,0.20284551637199238,nan
708608.0,0.12619332384248416,0.22632995068935988,nan
710656.0,0.058477285098141984,0.1855883991910089,nan
712704.0,0.07963999723103238,0.23178206352620573,nan
714752.0,0.0781426019679188,0.22226863549242823,nan
716800.0,0.10847243787223149,0.2090004298903944,nan
718848.0,0.09144069152065537,0.20366175536142303,nan
720896.0,0.07638113554041145,0.2007505406057184,nan
722944.0,0.07234107249449814,0.2031415157283721,nan
724992.0,0.12886161943376348,0.22178797049774165,nan
727040.0,0.050614880074671874,0.19658675003580764,nan
729088.0,0.061608458587721994,0.2147786459788401,nan
731136.0,0.09744413163115545,0.1887801894535869,nan
733184.0,0.08301671472530742,0.2107964161895419,nan
735232.0,0.112783675794565,0.218606862993571,nan
737280.0,0.11583166183489893,0.21244428451550815,nan
739328.0,0.12702506046930137,0.2203363404847134,nan
741376.0,0.1107971470474656,0.2160068827064902,nan
743424.0,0.1285408104793419,0.2214844367807183,nan
745472.0,0.06365485001373884,0.2241527251707225,nan
747520.0,0.06808154299081692,0.180151198240618,nan
749568.0,0.09418285843766955,0.20828265757950193,nan
751616.0,0.07352344189042923,0.15114128234428817,nan
753664.0,0.1711937343683463,0.20982528159826166,nan
755712.0,0.042680681557122256,0.1391628422020971,nan
757760.0,0.12012558157262802,0.2042246376639108,nan
759808.0,0.09409182068811774,0.20385874234996176,nan
761856.0,0.07069396879867806,0.22697773105757965,nan
763904.0,0.09440040142542513,0.20539380482865427,nan
765952.0,0.07207157429530711,0.20059584855082868,nan
768000.0,0.17275650770585754,0.19842338921169966,nan
770048.0,0.08467976773128216,0.2130147655996177,nan
772096.0,0.08623290576097556,0.21500461315097852,nan
774144.0,0.04282509451749771,0.21851398469858865,nan
776192.0,0.13223237014844935,0.2252685237795383,nan
778240.0,0.11696213108412805,0.21548396134669343,nan
780288.0,0.11346321077118987,0.19836891850790783,nan
782336.0,0.114472063027224,0.23074762377043534,nan
784384.0,0.06910211375169514,0.1703347635097017,nan
786432.0,0.12508520731223688,0.2260414341646957,nan
788480.0,0.11400402050842888,0.2286907199978509,nan
790528.0,0.09954200311429176,0.20543239437986383,nan
792576.0,0.10229940381112673,0.18802614549327523,nan
794624.0,0.09947518245413667,0.21140700135179022,nan
796672.0,0.09675184924165396,0.23055349053216875,nan
798720.0,0.10392563927567097,0.2484309737886316,nan
800768.0,0.149446392393756,0.2428277868618347,nan
802816.0,0.13151476789466995,0.21999148417971204,32.723492723492726
804864.0,0.10365364005374177,0.21103223100871263,nan
806912.0,0.09673235035387684,0.21862374700113357,nan
808960.0,0.14223823529431157,0.22190820468815145,nan
811008.0,0.04861519051998731,0.19608043534983807,nan
813056.0,0.1047740176529985,0.20721696383992835,nan
815104.0,0.06940366819520617,0.20095495406909175,nan
817152.0,0.07899314820513607,0.19365239700241327,nan
819200.0,0.10694027256471872,0.20960364394451828,nan
821248.0,0.13490706200330715,0.2209672031172103,nan
823296.0,0.10685352479924518,0.22288543007286446,nan
825344.0,0.04962292195643562,0.18390548287096958,nan
827392.0,0.10382121344374151,0.2240773742226457,nan
829440.0,0.0789616285751325,0.2014482562237666,nan
831488.0,0.04532822293768442,0.22788533385261775,nan
833536.0,0.13627197426949378,0.2137244765574166,nan
835584.0,0.12359991472803503,0.20197554264505893,nan
837632.0,0.06040083702462982,0.2022682080238237,nan
839680.0,0.05809746687069462,0.18116684687686443,nan
841728.0,0.13227023437029062,0.20680636794569776,nan
843776.0,0.07900852339099994,0.21227705445276543,nan
845824.0,0.1188809571228899,0.2114040312079471,nan
847872.0,0.10700937572508426,0.2291228003933017,nan
849920.0,0.10212557383788837,0.23495482685070793,nan
851968.0,0.08896955611869359,0.186162065878486,nan
854016.0,0.07358330460256386,0.1468021626145594,nan
856064.0,0.10695466438857248,0.21043922637024567,nan
858112.0,0.13419744190904365,0.22075536312796498,nan
860160.0,0.16269637254059868,0.23284736920283033,nan
862208.0,0.11267295867587682,0.22668038731183737,nan
864256.0,0.12653057543129553,0.22064046813932978,nan
866304.0,0.12351145649245167,0.22048808790876617,nan
868352.0,0.1389122957422267,0.18364467635837928,nan
870400.0,0.11058393850737674,0.21435734991126623,nan
872448.0,0.12076836027750243,0.18342949435823244,nan
874496.0,0.09156292165941585,0.1756531119733892,nan
876544.0,0.15482035153439982,0.2212123662886595,nan
878592.0,0.0969430221186575,0.18236849782503128,nan
880640.0,0.08915061993249736,0.15679094085848314,nan
882688.0,0.1216755453594984,0.1763200722985082,nan
884736.0,0.028984634165498905,0.15612010867882506,nan
886784.0,0.09438824655815928,0.2141030403408035,nan
888832.0,0.07289356877340081,0.22042377712551212,nan
890880.0,0.06564330511557175,0.19228842996636794,nan
892928.0,0.11729950376115708,0.2316367582617299,nan
894976.0,0.1562763543802951,0.2076193971468209,nan
897024.0,0.053417591959698425,0.179747958697043,nan
899072.0,0.15901107369320483,0.2230970717777963,nan
901120.0,0.10176845835862956,0.1993625971287293,nan
903168.0,0.10000423044961115,0.21028090474767616,34.37629937629937
905216.0,0.12086292022626521,0.2345073518378128,nan
907264.0,0.09439024674943765,0.218962062286459,nan
909312.0,0.11207171790649066,0.20357004502046835,nan
911360.0,0.11280225600910253,0.22000688092028187,nan
913408.0,0.14691795438222266,0.23137979318639468,nan
915456.0,0.09972302315869522,0.19632903239805558,nan
917504.0,0.14792411969993616,0.22863241225593645,nan
919552.0,0.14903755313281808,0.21445333700160016,nan
921600.0,0.08142729914198599,0.20856133744065364,nan
923648.0,0.11375933098436022,0.17972116053223947,nan
925696.0,0.1414876909351096,0.2418889647441252,nan
927744.0,0.15163721285547133,0.20880413930981032,nan
929792.0,0.12439988015190734,0.2153014946757439,nan
931840.0,0.13418302780259858,0.21960366331666706,nan
933888.0,0.11941505833056013,0.18882550192729813,nan
935936.0,0.09641290588344265,0.20667235112481563,nan
937984.0,0.16977085157039568,0.22221526639840694,nan
940032.0,0.09973232532977908,0.2189773304271836,nan
942080.0,0.09734654192511608,0.23622546169477526,nan
944128.0,0.09732237776805436,0.2259295933435641,nan
946176.0,0.0722872021837225,0.18041488644376966,nan
948224.0,0.13151248317163072,0.19530607223939114,nan
950272.0,0.11959082144078284,0.22060101737295848,nan
952320.0,0.10915868471725941,0.19962898639174084,nan
954368.0,0.1279401690720665,0.20665938527967986,nan
956416.0,0.1539691437340276,0.21787690862676384,nan
958464.0,0.08835781289346514,0.22496715426762118,nan
960512.0,0.1050400707455286,0.19350408738377053,nan
962560.0,0.10737802756974826,0.22546459792143542,nan
964608.0,0.1307989618396618,0.21821691524892628,nan
966656.0,0.07961361841768799,0.20453467893592098,nan
968704.0,0.14073928398492447,0.23032740738187624,nan
970752.0,0.07092835684128576,0.20942118489019523,nan
972800.0,0.11365365518558343,0.20585071145589984,nan
974848.0,0.1120739856897279,0.2336692146972876,nan
976896.0,0.1132333333189558,0.21264329122653702,nan
978944.0,0.14153629111784016,0.22655522240044568,nan
980992.0,0.1458183361243857,0.2022542241462814,nan
983040.0,0.12234759222692654,0.2195571843148267,nan
985088.0,0.09109140258340384,0.22200845480144546,nan
987136.0,0.07211241784573906,0.1842877577590433,nan
989184.0,0.08769817794016002,0.204511388100371,nan
991232.0,0.11021101302398492,0.20475446529374156,nan
993280.0,0.11994941514846391,0.1614064076051083,nan
995328.0,0.14265951384141248,0.20506246864862002,nan
997376.0,0.14585922665482107,0.19515116882544303,nan
999424.0,0.16156280324625194,0.17647481815865426,nan
1001472.0,0.18533116112448106,0.21058650674695042,nan
1003520.0,0.14161577850417548,0.212559421846782,35.51975051975053
1005568.0,0.08256527982542872,0.18676521078836716,nan
1007616.0,0.11333512330801719,0.19203265571872183,nan
1009664.0,0.10803408080863253,0.19796814790399503,nan
1011712.0,0.1025487428277754,0.20300789913767772,nan
1013760.0,0.12802973012724211,0.22042953762115852,nan
1015808.0,0.1423375911900015,0.23286570206176171,nan
1017856.0,0.08680878882919761,0.1834109330849547,nan
1019904.0,0.10858998739254815,0.19961102285777801,nan
1021952.0,0.149371071207676,0.19919519460994897,nan
1024000.0,0.09623684850482205,0.2028738913213431,nan
1026048.0,0.15448541460948767,0.19508413629013752,nan
1028096.0,0.1338919423514346,0.19115757083397442,nan
1030144.0,0.118622714001305,0.20904099118903963,nan
1032192.0,0.08681675390891105,0.2097804522616489,nan
1034240.0,0.12993765277853336,0.2085068267522662,nan
1036288.0,0.11571246700059096,0.19725031315406516,nan
1038336.0,0.12907679363226648,0.22156155208780287,nan
1040384.0,0.11874865507434706,0.2156866753231906,nan
1042432.0,0.12957519891899,0.20149197524931897,nan
1044480.0,0.19209503636750513,0.23378867740431694,nan
1046528.0,0.09892647495662771,0.2128016772783219,nan
1048576.0,0.1325127021352251,0.21429463294967144,nan
1050624.0,0.14743232696785324,0.18537525395457527,nan
1052672.0,0.16590987818634106,0.1972100079653724,nan
1054720.0,0.13209674414032313,0.21217086451735262,nan
1056768.0,0.13261750825855198,0.22485462464235279,nan
1058816.0,0.21596288391800122,0.19326927417860915,nan
1060864.0,0.17271468434766227,0.21503880976276835,nan
1062912.0,0.1434054473193993,0.20508434147672644,nan
1064960.0,0.12614462575266008,0.18369789761520505,nan
1067008.0,0.11922571846706323,0.19121108898994837,nan
1069056.0,0.13755892911415837,0.2109664616460108,nan
1071104.0,0.16303987105789775,0.2310148075466764,nan
1073152.0,0.20159852978584258,0.20159880030288588,nan
1075200.0,0.17334462198326847,0.21952662050289024,nan
1077248.0,0.10677576987787728,0.17306269614382497,nan
1079296.0,0.10649919511178857,0.17021256167232418,nan
1081344.0,0.14323377087559025,0.21706347119687658,nan
1083392.0,0.16913793881545836,0.20981607949995845,nan
1085440.0,0.1567603742877619,0.19994246555660722,nan
1087488.0,0.13530284044852806,0.2255330899204558,nan
1089536.0,0.0950046105260691,0.20499350993635462,nan
1091584.0,0.09661489819829136,0.18258651598294107,nan
1093632.0,0.1372719036410655,0.19442533967356446,nan
1095680.0,0.1554045206797271,0.19736827257793849,nan
1097728.0,0.11870964850541202,0.19307004046516096,nan
1099776.0,0.13459145443145212,0.15722386029903335,nan
1101824.0,0.20352866222233895,0.22179310060816287,nan
1103872.0,0.07834554899477687,0.17855115630454885,41.62162162162163
1105920.0,0.17357502104803657,0.21997416032041675,nan
1107968.0,0.18837990310476338,0.1883932687483737,nan
1110016.0,0.18765577560003605,0.19915664381636514,nan
1112064.0,0.10275139914395509,0.18985273904670194,nan
1114112.0,0.1483827751584471,0.21322127924932963,nan
1116160.0,0.14203182691347277,0.1914732838527499,nan
1118208.0,0.1230569158043654,0.16929727980924766,nan
1120256.0,0.1922807781229068,0.20459350467527912,nan
1122304.0,0.09116788874686506,0.20831835988161324,nan
1124352.0,0.17544128904838893,0.242857857166031,nan
1126400.0,0.25140980139272573,0.19784482098629547,nan
1128448.0,0.041898257871641066,0.20093103442298038,nan
1130496.0,0.1852248668320089,0.20857228378723666,nan
1132544.0,0.15214809159917472,0.24484619570621216,nan
1134592.0,0.21493167780012162,0.20295855561157763,nan
1136640.0,0.2185318629311534,0.21106102873171353,nan
1138688.0,0.15077331916689016,0.1952499468623769,nan
1140736.0,0.19300852285002496,0.1975373214845014,nan
1142784.0,0.192191385580793,0.18596146769161273,nan
1144832.0,0.09608190238401948,0.14113453998926614,nan
1146880.0,0.1401055950021865,0.19111276255355447,nan
1148928.0,0.1250894953366502,0.2228909128429669,nan
1150976.0,0.13006370018608965,0.2003173817310067,nan
1153024.0,0.25591998513704484,0.19153127150279745,nan
1155072.0,0.18282947581550085,0.22100830457881182,nan
1157120.0,0.1847703234519395,0.19475377509629888,nan
1159168.0,0.17403680566961605,0.21457036770927168,nan
1161216.0,0.24515716233958706,0.20630477806016936,nan
1163264.0,0.1100128901216307,0.19788311202269154,nan
1165312.0,0.12297863899234882,0.19962301478210512,nan
1167360.0,0.1702893197002417,0.189804479164023,nan
1169408.0,0.14712705809122947,0.19578061450733925,nan
1171456.0,0.20905019427350205,0.20058060148497503,nan
1173504.0,0.1984999339335181,0.207313874327894,nan
1175552.0,0.1883628267790026,0.21205458665109211,nan
1177600.0,0.15954990271823727,0.2172951391317984,nan
1179648.0,0.1321298546379443,0.20028181700484113,nan
1181696.0,0.19747068478907528,0.19113971934069574,nan
1183744.0,0.1575070798767356,0.1673663174932498,nan
1185792.0,0.136682748585176,0.1973478469336195,nan
1187840.0,0.16458101924493895,0.2112454877079685,nan
1189888.0,0.10965400607085957,0.21407390654383743,nan
1191936.0,0.16338591315717274,0.16572795362244025,nan
1193984.0,0.17833867479523452,0.2010544823856845,nan
1196032.0,0.19350747929607576,0.18697364108649484,nan
1198080.0,0.11791053024829334,0.1870989583373988,nan
1200128.0,0.18387098806002788,0.2326687660667315,nan
1202176.0,0.14425872728694744,0.19459630354692548,nan
1204224.0,0.1567310996110458,0.23157953438258555,42.06860706860707
1206272.0,0.1787719005029717,0.17020117676278104,nan
1208320.0,0.15758390825875884,0.2011006087488206,nan
1210368.0,0.18116784647551043,0.1894108174621244,nan
1212416.0,0.15173286148318166,0.18048246813405452,nan
1214464.0,0.1695697354605476,0.2115929700809429,nan
1216512.0,0.20982531715260647,0.18864686672294603,nan
1218560.0,0.08860398046510412,0.2138397119013222,nan
1220608.0,0.1546464043509928,0.22002572436179527,nan
1222656.0,0.20624282226996668,0.19451185389736916,nan
1224704.0,0.15971565305026775,0.21509599074469196,nan
1226752.0,0.16438066466741608,0.2111700135839938,nan
1228800.0,0.14976410173496482,0.20021437177254428,nan
1230848.0,0.257941764042849,0.18449835827550076,nan
1232896.0,0.15682166209972012,0.21713171797577432,nan
1234944.0,0.14644440930143776,0.2190789288826044,nan
1236992.0,0.1357398480188754,0.21318998934503988,nan
1239040.0,0.08295625621180311,0.2054941691983199,nan
1241088.0,0.17703096271032892,0.22598821904624783,nan
1243136.0,0.19459432179160596,0.19161554369187875,nan
1245184.0,0.17447104217971415,0.209090780769611,nan
1247232.0,0.15124426329265453,0.21373957386797765,nan
1249280.0,0.12903199018417574,0.22323257479729058,nan
1251328.0,0.13780587164764005,0.19828596158415554,nan
1253376.0,0.12343471762067956,0.22291388008718555,nan
1255424.0,0.18146979427394366,0.22680049200534044,nan
1257472.0,0.15215283081753056,0.20179090664797938,nan
1259520.0,0.19231437245497493,0.18849071390148023,nan
1261568.0,0.1854934478728717,0.19904463269094186,nan
1263616.0,0.13166907711410164,0.22716849865010622,nan
1265664.0,0.14774379273186541,0.2062292902258446,nan
1267712.0,0.24007983827930177,0.2048428880929348,nan
1269760.0,0.16064646403230373,0.20330121614900618,nan
1271808.0,0.13973455472747676,0.21950957483975267,nan
1273856.0,0.14637565473106126,0.2215870907435708,nan
1275904.0,0.11319092762993249,0.22561650185107793,nan
1277952.0,0.15787256960226725,0.21896529644874194,nan
1280000.0,0.10333927016547602,0.18125969338472336,nan
1282048.0,0.1288546622858321,0.20998493072823543,nan
1284096.0,0.14732389823576442,0.1927672473295844,nan
1286144.0,0.1542589902915734,0.2235492320195442,nan
1288192.0,0.1505622543297374,0.2140823156878051,nan
1290240.0,0.2086666442285936,0.159324843289285,nan
1292288.0,0.13963713230700808,0.19227718330334542,nan
1294336.0,0.18172829566403875,0.2020490487592236,nan
1296384.0,0.19163123484907263,0.2192234992986267,nan
1298432.0,0.17613347048149985,0.19851246012134252,nan
1300480.0,0.10891161076143985,0.20128063950887023,nan
1302528.0,0.1976912071758059,0.20987375579445836,nan
1304576.0,0.05547861700811717,0.18599691115966333,44.55301455301456
1306624.0,0.18390494940091068,0.22222941454635387,nan
1308672.0,0.17697972335575313,0.22187359030121845,nan
1310720.0,0.17381675936700136,0.18611182586559402,nan
1312768.0,0.14579561773250385,0.22050055319605136,nan
1314816.0,0.13141622169425196,0.2078525909327501,nan
1316864.0,0.16218490487648313,0.21603162447298155,nan
1318912.0,0.15241162513169998,0.1985920908925227,nan
1320960.0,0.216790758221502,0.2190773825892394,nan
1323008.0,0.2202873687041738,0.18815096023831063,nan
1325056.0,0.10829092085016373,0.2001936219881873,nan
1327104.0,0.16216646576180885,0.16988982540413686,nan
1329152.0,0.2200934383413204,0.20403477609827844,nan
1331200.0,0.1396768711093195,0.19504121004329955,nan
1333248.0,0.22720406261839804,0.18749696345147682,nan
1335296.0,0.17670720804351978,0.20874667436836025,nan
1337344.0,0.13056366896860738,0.19085646890473207,nan
1339392.0,0.16336040788303835,0.21228056269391318,nan
1341440.0,0.1549385285427271,0.19419916233602746,nan
1343488.0,0.13543229699783205,0.19621630955790423,nan
1345536.0,0.2217302301190907,0.1941872153459372,nan
1347584.0,0.13028172905541438,0.21843599834486044,nan
1349632.0,0.1220187111024153,0.19219427975724004,nan
1351680.0,0.17864541521383978,0.17333407498557568,nan
1353728.0,0.1534665014104799,0.21123332884130971,nan
1355776.0,0.19750922382191233,0.2082267067759112,nan
1357824.0,0.174691026782284,0.2148020023205334,nan
1359872.0,0.23491581875828293,0.18758653842099343,nan
1361920.0,0.18746488175808287,0.21189879312388754,nan
1363968.0,0.18469789082539223,0.17877338881914132,nan
1366016.0,0.23365878146372823,0.184849538900631,nan
1368064.0,0.181785880934142,0.21929269074805355,nan
1370112.0,0.18898432604004997,0.2136326216108886,nan
1372160.0,0.14908289561508148,0.1967005579993748,nan
1374208.0,0.20060774283824517,0.20319964106135469,nan
1376256.0,0.22784503896066835,0.18363397981617663,nan
1378304.0,0.20448159681538539,0.2043561004911539,nan
1380352.0,0.1419159692978326,0.2103197356438339,nan
1382400.0,0.2014762940872182,0.18901954751186095,nan
1384448.0,0.18444477423039007,0.20707802915373713,nan
1386496.0,0.1257773227726226,0.2116166585009632,nan
1388544.0,0.18465786138130502,0.19627018303654314,nan
1390592.0,0.15052601207425198,0.21833749364741656,nan
1392640.0,0.20755084449927555,0.21721005423056386,nan
1394688.0,0.1428281533907359,0.20583479040217756,nan
1396736.0,0.14940975020061245,0.23463996556529965,nan
1398784.0,0.21382286886269278,0.2075238909639194,nan
1400832.0,0.18503021430707667,0.2043105737607508,nan
1402880.0,0.17354317360002702,0.21472426995167349,nan
1404928.0,0.2024463157872014,0.20135615111539562,54.07484407484408
1406976.0,0.15693666346820012,0.2375916677228707,nan
1409024.0,0.14143638827870073,0.22455908627480203,nan
1411072.0,0.23434786761499765,0.21339164949741052,nan
1413120.0,0.21759542657691,0.22700783800873311,nan
1415168.0,0.23553326186742896,0.21676203118969697,nan
1417216.0,0.15442070201351032,0.23074240180500968,nan
1419264.0,0.19792288563070803,0.21348717071132622,nan
1421312.0,0.13619442144014798,0.20400846445435417,nan
1423360.0,0.26557661559447443,0.17732904762940546,nan
1425408.0,0.16728827973373733,0.22430868873774362,nan
1427456.0,0.1541981627844686,0.22838631573121884,nan
1429504.0,0.2001053622050215,0.1974565429831363,nan
1431552.0,0.156956725543684,0.23406307639842377,nan
1433600.0,0.0852897348060917,0.23702868616652084,nan
1435648.0,0.06418572311235436,0.19549113850894165,nan
1437696.0,0.17368137737457423,0.22492866647181303,nan
1439744.0,0.15315841986240966,0.21709188281635686,nan
1441792.0,0.11047591659470068,0.23289232383616948,nan
1443840.0,0.13911267041892267,0.20161482199517622,nan
1445888.0,0.19298528933553516,0.2109497171431723,nan
1447936.0,0.10023208786140392,0.23189036047848255,nan
1449984.0,0.17455917693936882,0.20390949836815503,nan
1452032.0,0.166693373669754,0.21509345239018046,nan
1454080.0,0.18912342290152237,0.22234898065765002,nan
1456128.0,0.21955907179413456,0.19170007292862568,nan
1458176.0,0.19761564070813947,0.22366258653124066,nan
1460224.0,0.11581494190450087,0.19935900092461767,nan
1462272.0,0.17966705905863048,0.22095231234339033,nan
1464320.0,0.24648240551994705,0.1887494526711706,nan
1466368.0,0.1380864703255458,0.2225799231220575,nan
1468416.0,0.10911896035892882,0.21428160229930793,nan
1470464.0,0.1538997604706845,0.234988226549651,nan
1472512.0,0.19450737226271353,0.20837040583702074,nan
1474560.0,0.1652732338812568,0.23768258275661377,nan
1476608.0,0.15619601298219826,0.1932532622530608,nan
1478656.0,0.19444680515032053,0.22729830824842717,nan
1480704.0,0.1548581506690848,0.23389158723781273,nan
1482752.0,0.11737145248198977,0.21087792462101354,nan
1484800.0,0.16708846125507879,0.2092818341350863,nan
1486848.0,0.20709686208405187,0.22200628929571126,nan
1488896.0,0.18906531211083563,0.19286331225163916,nan
1490944.0,0.13425800965855067,0.22021491517603364,nan
1492992.0,0.24785664057592893,0.18593302354112695,nan
1495040.0,0.13424853585119656,0.20973702328850993,nan
1497088.0,0.13051478006301426,0.22297126016937108,nan
1499136.0,0.16479328913286911,0.22525108467898983,nan
1501184.0,0.15217513639193508,0.1941073854761801,nan
1503232.0,0.0505082188798243,0.21006918726341064,nan
1505280.0,0.19451611528518573,0.2122997711523635,49.6833659147092
1507328.0,0.1777647509606366,0.2086794047519253,nan
1509376.0,0.11144298599322308,0.2326806715889697,nan
1511424.0,0.21893751214767398,0.21757306029227974,nan
1513472.0,0.19192786193561606,0.21954572548054493,nan
1515520.0,0.20838256213878936,0.21578483031794546,nan
1517568.0,0.2046650335683508,0.21465113363048993,nan
1519616.0,0.22189040461153925,0.20755298223132945,nan
1521664.0,0.1911579377235752,0.2077351722658434,nan
1523712.0,0.16410852005475912,0.224971613761167,nan
1525760.0,0.14596364973816506,0.20566201599021391,nan
1527808.0,0.18627597688416148,0.22090643396265977,nan
1529856.0,0.16142453000504464,0.2209664907943281,nan
1531904.0,0.17326576390891335,0.21965741537101025,nan
1533952.0,0.15911200086500585,0.2095396834530696,nan
1536000.0,0.1856127357709641,0.21986685817025908,nan
1538048.0,0.18495769147663244,0.20467722340658967,nan
1540096.0,0.20799725373341957,0.2229460251959909,nan
1542144.0,0.18192240913611823,0.21168768319690306,nan
1544192.0,0.2003275120610413,0.2204843835425132,nan
1546240.0,0.24514768835108972,0.1946648582159054,nan
1548288.0,0.1594480544264184,0.22367998522720475,nan
1550336.0,0.12265797192707209,0.20391192160912688,nan
1552384.0,0.09016087005821218,0.22934291212792504,nan
1554432.0,0.11220658141674697,0.22323957080053325,nan
1556480.0,0.21716007700549667,0.21806902382150267,nan
1558528.0,0.2283075709199523,0.1828719217521396,nan
1560576.0,0.2525092987521297,0.1938721118838598,nan
1562624.0,0.17473261935264392,0.20144764971797602,nan
1564672.0,0.2045301317107207,0.21005612296611129,nan
1566720.0,0.21339019378440613,0.19157198950566662,nan
1568768.0,0.21702129391293923,0.21184564041421697,nan
1570816.0,0.1637092806514147,0.21398797773415743,nan
1572864.0,0.19740062518663648,0.2258034920970334,nan
1574912.0,0.20185703346144285,0.21287325446360741,nan
1576960.0,0.1860650798872346,0.18842053743294232,nan
1579008.0,0.20277193412698225,0.23018122454717777,nan
1581056.0,0.24484913598853567,0.1911908993128721,nan
1583104.0,0.22101572742307762,0.21951194606787852,nan
1585152.0,0.24271251165650518,0.20459269169530545,nan
1587200.0,0.1965492948258301,0.2240025730593738,nan
1589248.0,0.2539995990978982,0.19634825977620773,nan
1591296.0,0.14282912452782712,0.23274693368142235,nan
1593344.0,0.20539633927176548,0.21903927676445212,nan
1595392.0,0.15018840027179112,0.2303135525408732,nan
1597440.0,0.16370336916478595,0.2197840083420125,nan
1599488.0,0.192888727112059,0.21394565382332573,nan
1601536.0,0.17953719893930525,0.24020143834341906,nan
1603584.0,0.11836015805445366,0.24146619818945866,nan
1605632.0,0.21800215808414253,0.23043843531818334,72.79625779625778
1607680.0,0.22320757880042966,0.2100993893783299,nan
1609728.0,0.28962442686431833,0.16538311964911304,nan
1611776.0,0.18496435833705957,0.21142352899488187,nan
1613824.0,0.19234504909054598,0.22915883933213516,nan
1615872.0,0.22976491217472778,0.20176901433347272,nan
1617920.0,0.12614844680130413,0.2333144461122108,nan
1619968.0,0.19501870914384145,0.2354756478866707,nan
1622016.0,0.24095545990614675,0.2114617250510252,nan
1624064.0,0.19669430857830505,0.23261658927499243,nan
1626112.0,0.21637773770358015,0.2292586230876047,nan
1628160.0,0.2354448505709916,0.21303571740775326,nan
1630208.0,0.22032829281306404,0.21804997737917595,nan
1632256.0,0.10859017366321334,0.2185960013024416,nan
1634304.0,0.23929232443563533,0.20688797987264684,nan
1636352.0,0.24504510186855077,0.19941539363724758,nan
1638400.0,0.18624926518932539,0.2076929229819462,nan
1640448.0,0.11503797130191198,0.2231832161705505,nan
1642496.0,0.1618747203993392,0.23300362370230235,nan
1644544.0,0.1775992459832037,0.23550373881563202,nan
1646592.0,0.24738674966224908,0.2033481819400659,nan
1648640.0,0.1351325126935077,0.21075966500733873,nan
1650688.0,0.2701873904343833,0.17560591762466984,nan
1652736.0,0.15087889288344483,0.23411393611125897,nan
1654784.0,0.22010786430257262,0.22027186653420208,nan
1656832.0,0.23719217636906328,0.21200314619356037,nan
1658880.0,0.2588617425932582,0.18445476957854728,nan
1660928.0,0.11856308543220709,0.24130431970796432,nan
1662976.0,0.18046312205007173,0.20443384855905497,nan
1665024.0,0.20228541710825498,0.21560714203975898,nan
1667072.0,0.19567213875245965,0.2217305526590357,nan
1669120.0,0.18707996207764088,0.22064771555389723,nan
1671168.0,0.25226714088760416,0.20955036428860485,nan
1673216.0,0.20836381642509827,0.22549415577558465,nan
1675264.0,0.25017712073354725,0.2131565129187211,nan
1677312.0,0.18184563191951963,0.2173530489759967,nan
1679360.0,0.2911689645145881,0.16419260901671665,nan
1681408.0,0.16029667596570119,0.21970221595268638,nan
1683456.0,0.1665763375497329,0.22982299039657467,nan
1685504.0,0.23048801091604315,0.20232260306132338,nan
1687552.0,0.14305106282166788,0.2442191523404938,nan
1689600.0,0.223284146438017,0.2262006427578191,nan
1691648.0,0.14739971500406449,0.20961261337210257,nan
1693696.0,0.1800829165941648,0.22647752833559975,nan
1695744.0,0.27311680120885395,0.19190364022630857,nan
1697792.0,0.2358098833165802,0.21754368578505695,nan
1699840.0,0.1508426460613261,0.22507083369382236,nan
1701888.0,0.2759980503978695,0.18211281102583374,nan
1703936.0,0.17573502543061675,0.22348525093444743,nan
1705984.0,0.19709608697450645,0.23439744755756955,73.82536382536384
1708032.0,0.22228619200823435,0.21372856107764385,nan
1710080.0,0.16916629977973915,0.24012254353412374,nan
1712128.0,0.16503617325758613,0.2190131261815147,nan
1714176.0,0.1752380522232138,0.23457127835040248,nan
1716224.0,0.21449230159818922,0.20382193644965627,nan
1718272.0,0.22343379724129375,0.2149766449905377,nan
1720320.0,0.23605131859432382,0.20058567401402758,nan
1722368.0,0.17587347355746433,0.21640684441887828,nan
1724416.0,0.27863340501935374,0.16868810555692168,nan
1726464.0,0.1993493203100167,0.22613191781095948,nan
1728512.0,0.17744586096913187,0.2549312254842581,nan
1730560.0,0.269007551202394,0.181116021134258,nan
1732608.0,0.24311248188269655,0.1964746704393824,nan
1734656.0,0.2093296773198523,0.22714921630715987,nan
1736704.0,0.20708640902421316,0.23329832329625674,nan
1738752.0,0.17173065723170683,0.2509244664355052,nan
1740800.0,0.22002548481899797,0.2169594793452672,nan
1742848.0,0.11929853307529198,0.20997705685999535,nan
1744896.0,0.15656420620744924,0.24687571624371776,nan
1746944.0,0.21523003604668411,0.215670283058546,nan
1748992.0,0.1961583425547236,0.22419450335073987,nan
1751040.0,0.2494188388134293,0.19742554517871153,nan
1753088.0,0.2461809999250987,0.19264518442716697,nan
1755136.0,0.24232049723247356,0.21331236692152294,nan
1757184.0,0.20772888859844124,0.2333859593480885,nan
1759232.0,0.1441161744061133,0.23532406508917034,nan
1761280.0,0.2339634067964971,0.2096137625954401,nan
1763328.0,0.20473338234362268,0.24337550497254526,nan
1765376.0,0.20855467673106917,0.21809424891083476,nan
1767424.0,0.16672746388911766,0.24106157690096963,nan
1769472.0,0.22576327804606305,0.20519320194154023,nan
1771520.0,0.27121658575272506,0.1841970657192636,nan
1773568.0,0.26276894952595287,0.20090394623045504,nan
1775616.0,0.2615123489166963,0.18957538809890945,nan
1777664.0,0.12570596395010317,0.22795975840789925,nan
1779712.0,0.2443750157025792,0.21721091538239629,nan
1781760.0,0.2849454645873989,0.18701718614960536,nan
1783808.0,0.2209473883989722,0.2152773392681192,nan
1785856.0,0.19322953897095285,0.22389342467491452,nan
1787904.0,0.13750581522762295,0.261874764324155,nan
1789952.0,0.22302013168909876,0.22643881001789212,nan
1792000.0,0.25831636333915564,0.19659195657700687,nan
1794048.0,0.14571129186957132,0.23814297954588215,nan
1796096.0,0.2639780181534049,0.19541401106768244,nan
1798144.0,0.17044847072613775,0.22339053052618654,nan
1800192.0,0.24772103420508276,0.20810555738411984,nan
1802240.0,0.2625131131518764,0.19983433800309,nan
1804288.0,0.25021110099205984,0.1869539853648505,nan
1806336.0,0.3029629309760432,0.1743351940965608,77.47401247401248
1808384.0,0.29496772287903705,0.17982817052175093,nan
1810432.0,0.29110813268306446,0.1664766395179656,nan
1812480.0,0.24435651167904449,0.18831675411317472,nan
1814528.0,0.0844586174153247,0.24263117276039922,nan
1816576.0,0.18288988250998128,0.2403904705685359,nan
1818624.0,0.07896363412365062,0.22047542927728755,nan
1820672.0,0.06230424382655002,0.24977068642325978,nan
1822720.0,0.16662829470918158,0.22287049889828026,nan
1824768.0,0.30204620272861393,0.16018858781331077,nan
1826816.0,0.13056023160856134,0.22977193892690875,nan
1828864.0,0.20832243229509032,0.22999167454876318,nan
1830912.0,0.04184587684540847,0.23470838122204715,nan
1832960.0,0.21273543015245605,0.2322853552921326,nan
1835008.0,0.2578250673286906,0.19105849546734407,nan
1837056.0,0.15586928319858084,0.24021587415398282,nan
1839104.0,0.22463299472761655,0.2099077247029889,nan
1841152.0,0.1860807883392584,0.21741576736380097,nan
1843200.0,0.15140169697594139,0.2342178877599027,nan
1845248.0,0.13740852472194143,0.2515546342167949,nan
1847296.0,0.1603832356475767,0.24847384612292184,nan
1849344.0,0.2603324876115532,0.17042213515130947,nan
1851392.0,0.2540762069419137,0.18794270340288108,nan
1853440.0,0.1723207281233821,0.24240560158489716,nan
1855488.0,0.31212412241265997,0.15126932400298648,nan
1857536.0,0.24525917151294307,0.2263596431363542,nan
1859584.0,0.20764245585570576,0.219050995543028,nan
1861632.0,0.2470280702674515,0.2062546897602138,nan
1863680.0,0.19898637588845383,0.22193433659676864,nan
1865728.0,0.3559572254780238,0.07163343557837538,nan
1867776.0,0.13621262141932006,0.23457024550876315,nan
1869824.0,0.2341958877383167,0.21290401399282533,nan
1871872.0,0.2386923912787319,0.2118998008626206,nan
1873920.0,0.21231940402140406,0.2174762614681394,nan
1875968.0,0.1965632792452997,0.22615205987288786,nan
1878016.0,0.24774750608781804,0.219412440809081,nan
1880064.0,0.2737989838515016,0.1844882329334953,nan
1882112.0,0.23268502486178477,0.1947612281889318,nan
1884160.0,0.2243678545096254,0.1919799525678746,nan
1886208.0,0.24014457887303717,0.20906858322591904,nan
1888256.0,0.160093941349817,0.2366408142005593,nan
1890304.0,0.0724553900196512,0.23028312299784381,nan
1892352.0,0.13147030434694942,0.21856777283270978,nan
1894400.0,0.1988811173476251,0.22575478077654243,nan
1896448.0,0.2005866671321605,0.22460671310674235,nan
1898496.0,0.22134795452033973,0.21858454688047513,nan
1900544.0,0.23347616826720854,0.2037295730892414,nan
1902592.0,0.23389849018627373,0.2117744699521328,nan
1904640.0,0.12876831746502687,0.25209846867717406,nan
1906688.0,0.0385784895077233,0.23289561031332773,75.55093555093555
1908736.0,0.23014421731115328,0.2083631833530696,nan
1910784.0,0.12767884028743243,0.24432148291781738,nan
1912832.0,0.18926440393271288,0.2182320223366822,nan
1914880.0,0.24764684604274476,0.20245862543961304,nan
1916928.0,0.24185970972423865,0.22156076958353216,nan
1918976.0,0.23684732158045693,0.23350943468496466,nan
1921024.0,0.2562449942293209,0.2107032823814319,nan
1923072.0,0.21580511643090483,0.1964271909091833,nan
1925120.0,0.18568715917679768,0.25339235685531913,nan
1927168.0,0.14597252909465075,0.24831546165963858,nan
1929216.0,0.24045531357962574,0.2062801453604289,nan
1931264.0,0.23828493043737203,0.22106635177134995,nan
1933312.0,0.19390879730977717,0.21353296260572946,nan
1935360.0,0.08714110965099514,0.22786454328748645,nan
1937408.0,0.09815783443975751,0.25443947368710085,nan
1939456.0,0.053918682877139766,0.22668181360625034,nan
1941504.0,0.17904980469480525,0.23317585309656266,nan
1943552.0,0.32857675525950353,0.11651858812132822,nan
1945600.0,0.2010027018191268,0.22073785956787637,nan
1947648.0,0.2826872004103029,0.17229651981225008,nan
1949696.0,0.23647972691426294,0.22442484258898826,nan
1951744.0,0.1137569756811326,0.24631200202442094,nan
1953792.0,0.19432795110228696,0.2272007099891787,nan
1955840.0,0.05789031687558548,0.2120514882151374,nan
1957888.0,0.15405811770917022,0.24027305088532208,nan
1959936.0,0.2162602386611897,0.2248881485718427,nan
1961984.0,0.21220275774688696,0.22873664828409124,nan
1964032.0,0.288461507883703,0.17637043005038291,nan
1966080.0,0.17599984248205286,0.2412678708365903,nan
1968128.0,0.20158498717294465,0.2287827033618957,nan
1970176.0,0.17983825253010643,0.2608701521541266,nan
1972224.0,0.28135659270892444,0.17471672427574123,nan
1974272.0,0.1353362834356717,0.21783646242216653,nan
1976320.0,0.27336688783286633,0.19897697487748114,nan
1978368.0,0.22387276853626187,0.2273511782634294,nan
1980416.0,0.20439083988452172,0.22003292471916444,nan
1982464.0,0.11581518293577288,0.2218845191136579,nan
1984512.0,0.22686791588163038,0.20505098334592906,nan
1986560.0,0.23218954774231884,0.21338666970390396,nan
1988608.0,0.29650038723013394,0.17857777608372924,nan
1990656.0,0.18893638830097453,0.21605759730195975,nan
1992704.0,0.2614325110532012,0.1902685234082097,nan
1994752.0,0.2428738711496553,0.1978827816240463,nan
1996800.0,0.23764186865831438,0.20675593422733093,nan
1998848.0,0.16698757590060143,0.21000447089702395,nan
2000896.0,0.2755950656461379,0.21368334002638284,nan
2002944.0,0.3156610721967286,0.15367407597034982,nan
2004992.0,0.1851615433289709,0.23183485136639545,nan
2007040.0,0.2084100605762907,0.22068705619288476,66.63201663201662
2009088.0,0.1412073585177491,0.2318598026323377,nan
2011136.0,0.28169428903801014,0.1715688172706395,nan
2013184.0,0.23105039250767584,0.20566156750791556,nan
2015232.0,0.23159113509450185,0.2122238686057613,nan
2017280.0,0.22336288664261106,0.2300123749686208,nan
2019328.0,0.2655576970291113,0.18286564951754103,nan
2021376.0,0.10606510287196169,0.24752812952636238,nan
2023424.0,0.20664770076271863,0.24247453996282659,nan
2025472.0,0.20327699942112107,0.24320995935122328,nan
2027520.0,0.27102537187029996,0.20179742619175176,nan
2029568.0,0.19648897648058414,0.23568571429489749,nan
2031616.0,0.22325805649240035,0.21082655020468138,nan
2033664.0,0.18458404408440032,0.2061016338889025,nan
2035712.0,0.04302201437414664,0.232469687686253,nan
2037760.0,0.20043607675333375,0.2482365190997117,nan
2039808.0,0.1868487310885632,0.2336832323266643,nan
2041856.0,0.19120850796381045,0.22533758378305982,nan
2043904.0,0.0595986264785084,0.24204846573075778,nan
2045952.0,0.327567115251427,0.1200168236843784,nan
2048000.0,0.24133707294189283,0.2242521737971121,nan
2050048.0,0.2974118409593422,0.15258568885424514,nan
2052096.0,0.22164475080092483,0.22683265319449009,nan
2054144.0,0.22388122898454849,0.21922451790040862,nan
2056192.0,0.11412126626133806,0.2427466468018025,nan
2058240.0,0.11154128266297765,0.23455593108597164,nan
2060288.0,0.1862023129582578,0.22202772231293483,nan
2062336.0,0.13350813359849698,0.25188916280491336,nan
2064384.0,0.3302929197271485,0.1127397100167361,nan
2066432.0,0.22329762456270666,0.21417438060445257,nan
2068480.0,0.24368495868013004,0.21066730070954182,nan
2070528.0,0.20661744327335724,0.2291436966143829,nan
2072576.0,0.3108127615498916,0.13998769679596723,nan
2074624.0,0.2688348864248132,0.1957326393381555,nan
2076672.0,0.22210450162909928,0.2151495466941841,nan
2078720.0,0.2809816304772877,0.17850088889863658,nan
2080768.0,0.1355430411587331,0.22051619876806608,nan
2082816.0,0.16211626672932689,0.26045665097127196,nan
2084864.0,0.19592934162269612,0.24155241193071622,nan
2086912.0,0.22949830394594428,0.21905859811723713,nan
2088960.0,0.24494255451543173,0.19375582455575274,nan
2091008.0,0.20927550081875984,0.21279285781189577,nan
2093056.0,0.3248258146354044,0.13055024056775139,nan
2095104.0,0.2711221820577634,0.2057715081653453,nan
2097152.0,0.3023932490942559,0.1765907505985091,nan
2099200.0,0.3230081248799842,0.12777681265047175,nan
2101248.0,0.1882806088269062,0.25266516420514273,nan
2103296.0,0.16883899636794236,0.2385870720834062,nan
2105344.0,0.14517782444805594,0.25700687887933665,nan
2107392.0,0.2009144080740678,0.24203248821018158,73.76299376299377
2109440.0,0.24007665661655217,0.22052551383235122,nan
2111488.0,0.04149972581060028,0.23802775333137038,nan
2113536.0,0.19501217556396552,0.23262947856022556,nan
2115584.0,0.2993154039661027,0.17096488754355033,nan
2117632.0,0.15421395592994988,0.2220719929843512,nan
2119680.0,0.1748688941866559,0.24824030368380506,nan
2121728.0,0.11876911637077511,0.21353048596199994,nan
2123776.0,0.19612334911777088,0.21658888548459965,nan
2125824.0,0.23980421108854227,0.2263361502521447,nan
2127872.0,0.2541654359648946,0.19491650298777966,nan
2129920.0,0.3181841625523969,0.1524618918370391,nan
2131968.0,0.30062316235309217,0.19446086895285877,nan
2134016.0,0.24292182548807972,0.20139980358037474,nan
2136064.0,0.07669247616783818,0.2624275293603403,nan
2138112.0,0.21253532564860234,0.24508331900418087,nan
2140160.0,0.18903323991799376,0.20567973910678267,nan
2142208.0,0.21213316179511071,0.23967785646677117,nan
2144256.0,0.28393386616088556,0.1602244276686615,nan
2146304.0,0.16428930798371372,0.2504025649817538,nan
2148352.0,0.3167000012674367,0.1321661127126871,nan
2150400.0,0.2182912280616785,0.21814520081282546,nan
2152448.0,0.2985078292214456,0.15832828242026495,nan
2154496.0,0.18331804928437978,0.24850037924993068,nan
2156544.0,0.12798647275770764,0.2563058277056082,nan
2158592.0,0.15597689965687947,0.24775999829662024,nan
2160640.0,0.18635426178378167,0.24127009436004976,nan
2162688.0,0.26407298100571097,0.18039249553385234,nan
2164736.0,0.2576625331759689,0.20595842220045982,nan
2166784.0,0.261964944210226,0.19720269114525987,nan
2168832.0,0.26738776176131424,0.20260419263131088,nan
2170880.0,0.2258568332097171,0.22334519717757415,nan
2172928.0,0.30189557663161987,0.15109197535112642,nan
2174976.0,0.09946433059297592,0.26796578112765806,nan
2177024.0,0.20857125508364197,0.22337716821766435,nan
2179072.0,0.15735637140662323,0.2227999903248227,nan
2181120.0,0.23837434295504212,0.22495394780175784,nan
2183168.0,0.15734885962770886,0.23445340453637098,nan
2185216.0,0.22618894782381932,0.20923376835527824,nan
2187264.0,0.08183238757086528,0.22195643688930042,nan
2189312.0,0.23292770328920323,0.20831593943278134,nan
2191360.0,0.2264984597282983,0.23290709341857965,nan
2193408.0,0.1314791695105154,0.26218946546375516,nan
2195456.0,0.2989279771267535,0.1560794314115973,nan
2197504.0,0.3447089209112996,0.07848376123443057,nan
2199552.0,0.12866331474333537,0.2518693862385719,nan
2201600.0,0.10888818264186013,0.24738564246214093,nan
2203648.0,0.1626549717252468,0.26009685303328084,nan
2205696.0,0.2843378689929241,0.17099261207661254,nan
2207744.0,0.27655332362055,0.18729481989855942,73.06652806652806
2209792.0,0.13588175446798317,0.2452656125217683,nan
2211840.0,0.1859343312430564,0.21789620697450682,nan
2213888.0,0.29650472192333566,0.17141127406516252,nan
2215936.0,0.20347905840384745,0.23406841125266128,nan
2217984.0,0.2562852773820668,0.20791622970696105,nan
2220032.0,0.20301448125970445,0.24151683687941702,nan
2222080.0,0.20662659316872362,0.25736419432598495,nan
2224128.0,0.3301240539705106,0.13276434253925196,nan
2226176.0,0.20897266817196836,0.20790564172014897,nan
2228224.0,0.19250562250650496,0.20018936742784887,nan
2230272.0,0.2655979791326134,0.2078704247727175,nan
2232320.0,0.2858869380841078,0.16608244591097437,nan
2234368.0,0.18308205893405466,0.20877884505044636,nan
2236416.0,0.24083100034119276,0.1956256880956202,nan
2238464.0,0.24294125122713975,0.19146724628099077,nan
2240512.0,0.18051520477090796,0.22674063189766117,nan
2242560.0,0.1795788096982926,0.26479477374213534,nan
2244608.0,0.22967722157967962,0.23093259452292975,nan
2246656.0,0.22171351193174532,0.20941700292539236,nan
2248704.0,0.242275493540986,0.21318414426320512,nan
2250752.0,0.19230636072204046,0.24272321921457826,nan
2252800.0,0.2022451028293109,0.21114859705255037,nan
2254848.0,0.16899098655428904,0.22792031182031455,nan
2256896.0,0.1330454580192567,0.23301181371617194,nan
2258944.0,0.13881204633198574,0.20964699590508623,nan
2260992.0,0.269450206444319,0.19631109847611117,nan
2263040.0,0.24933888287154882,0.2208442968692625,nan
2265088.0,0.282451062959819,0.18567361037539606,nan
2267136.0,0.21708408732634665,0.22412762447749865,nan
2269184.0,0.3159443395278162,0.14913170451957355,nan
2271232.0,0.1683242677177148,0.2602862802729483,nan
2273280.0,0.2089058136972042,0.25283958082518515,nan
2275328.0,0.24736476878073743,0.20788247536768814,nan
2277376.0,0.34593600187583673,0.09230827777542289,nan
2279424.0,0.2612624630833724,0.20600939072939264,nan
2281472.0,0.30730616663023413,0.14486505089110943,nan
2283520.0,0.18912409764165833,0.22640356447786744,nan
2285568.0,0.09594163680750031,0.21340672201149394,nan
2287616.0,0.05433336220766054,0.17664309118610846,nan
2289664.0,0.0330267262512045,0.17367609992550723,nan
2291712.0,0.08648229457272609,0.17685080671031728,nan
2293760.0,0.05745349816953528,0.21597743221181595,nan
2295808.0,0.15835654408539418,0.23963399290720053,nan
2297856.0,0.19815974442073025,0.23545737934871883,nan
2299904.0,0.2701457760835848,0.18244799723889135,nan
2301952.0,0.23425041519910866,0.19761057502948493,nan
2304000.0,0.32565142430321126,0.14504340539607435,nan
2306048.0,0.1484198524364148,0.22587923810708951,nan
2308096.0,0.17011315299088664,0.24123032883031545,78.54469854469855
2310144.0,0.31861793851985043,0.1439246258015426,nan
2312192.0,0.2599138623389188,0.19243982102597254,nan
2314240.0,-0.05566139896532385,0.21030653079290407,nan
2316288.0,0.08972530291818173,0.27053730693031763,nan
2318336.0,0.16678990374251818,0.23234883251076635,nan
2320384.0,0.13729693091556272,0.2439832535201232,nan
2322432.0,0.06138246767765472,0.25401340340171175,nan
2324480.0,0.2052904121540013,0.23683301396570788,nan
2326528.0,0.20089284159217213,0.21354539942338815,nan
2328576.0,0.29110117316681894,0.18854992146566507,nan
2330624.0,0.30004520997821826,0.17516276573306214,nan
2332672.0,0.3061341502944549,0.1361467192561023,nan
2334720.0,0.10280725629977755,0.2471740296537038,nan
2336768.0,0.2267848269552114,0.23444051246249326,nan
2338816.0,0.14861686057375328,0.23431954713387823,nan
2340864.0,0.13995399031534864,0.21199716265107302,nan
2342912.0,-0.01961231895929678,0.11321375423589075,nan
2344960.0,0.14192555819310065,0.22144389801291392,nan
2347008.0,0.1967673163971075,0.21647090774948144,nan
2349056.0,0.15114167841628906,0.22892325250571047,nan
2351104.0,0.15905415194979372,0.23541191713086632,nan
2353152.0,0.20338835580637726,0.21500473971363487,nan
2355200.0,0.23402729505857517,0.1801207405908636,nan
2357248.0,0.3153947650562627,0.15271294512885097,nan
2359296.0,0.2334009664536808,0.20104863456122676,nan
2361344.0,0.2986575514316616,0.15611262780032262,nan
2363392.0,0.2006965854313253,0.24001648871988013,nan
2365440.0,0.23613890000419013,0.2148024076286432,nan
2367488.0,0.2623273087799154,0.212642685705329,nan
2369536.0,0.2842647117686406,0.17563686089718014,nan
2371584.0,0.29565812384883405,0.16708136354909398,nan
2373632.0,0.20163273664195192,0.24976074373609725,nan
2375680.0,0.15950460027027674,0.26897230666291366,nan
2377728.0,0.13780858592816764,0.2570971493501251,nan
2379776.0,0.3132990815382418,0.16401166109009208,nan
2381824.0,0.2852820168897381,0.2038198738656501,nan
2383872.0,0.18344156409304696,0.22258006781211276,nan
2385920.0,0.16255796358730604,0.25802626796022887,nan
2387968.0,0.24516534293758632,0.1998658546813175,nan
2390016.0,0.24245621497875205,0.2051563061205069,nan
2392064.0,0.12891473806820944,0.21270616059638578,nan
2394112.0,0.12274729637920602,0.21455955218793282,nan
2396160.0,0.29953320585698306,0.16604130707973883,nan
2398208.0,0.28879783557243477,0.20479133039565656,nan
2400256.0,0.13943494358243289,0.2196373562478408,nan
2402304.0,0.21416121679032846,0.22094599213569183,nan
2404352.0,0.1805079426741494,0.2455951468261241,nan
2406400.0,0.30224548640440874,0.14324851815502612,nan
2408448.0,0.29775116342533897,0.17098228168342253,70.987525987526
2410496.0,0.1639224819553024,0.24610980237983696,nan
2412544.0,0.2959058269105226,0.18585310163935573,nan
2414592.0,0.22651099103632916,0.18611812871453207,nan
2416640.0,0.27690284203683535,0.2080364619202999,nan
2418688.0,0.2867098678392732,0.19505965156213015,nan
2420736.0,0.30728578736306816,0.140257576764503,nan
2422784.0,0.34040399119111964,0.08385960988353698,nan
2424832.0,0.023439133808576693,0.25480486951032083,nan
2426880.0,0.08643725296158948,0.2554939069375732,nan
2428928.0,0.18027577380483747,0.24718162600902727,nan
2430976.0,0.3197530441904227,0.14716944171457222,nan
2433024.0,0.10045372518271606,0.20912278434389797,nan
2435072.0,0.22433788628182683,0.22378695529145062,nan
2437120.0,0.28993869597362765,0.17851065415028203,nan
2439168.0,0.21583812738509534,0.24721172621960325,nan
2441216.0,0.24564535086907105,0.1902505484407336,nan
2443264.0,0.2716919079329628,0.21161804406483378,nan
2445312.0,0.27942988402157437,0.19891703778421235,nan
2447360.0,0.25645579123439566,0.18457227842321697,nan
2449408.0,0.1870929007351375,0.22546316014128429,nan
2451456.0,0.33984609721684833,0.08800768599180885,nan
2453504.0,0.03949721003434756,0.26334651255696556,nan
2455552.0,0.05801706481055202,0.24737004599283421,nan
2457600.0,0.3128936388353999,0.1531731717637662,nan
2459648.0,0.24959808966573077,0.2255698704242255,nan
2461696.0,0.27105920494397806,0.21532014326645324,nan
2463744.0,0.2989158797922237,0.17849179486479677,nan
2465792.0,0.31039957436800897,0.14237771638344854,nan
2467840.0,0.17723277131576992,0.23844291896236358,nan
2469888.0,0.2868943114019913,0.17901333417200999,nan
2471936.0,0.3003029530122521,0.17529845787735313,nan
2473984.0,0.3082640048015408,0.15690727713504468,nan
2476032.0,0.21579825652760892,0.2562418150463942,nan
2478080.0,0.2745284083723238,0.20347456236194622,nan
2480128.0,0.119767932564576,0.24007667660206347,nan
2482176.0,0.146999324480887,0.23911432054590784,nan
2484224.0,0.14526587649320072,0.23179654219531357,nan
2486272.0,0.05405640047462363,0.18181259849330325,nan
2488320.0,0.19095390944334384,0.2109922436076795,nan
2490368.0,0.2932197862640312,0.16525143586432606,nan
2492416.0,0.21599397243351726,0.2037894605713566,nan
2494464.0,0.002889296755275568,0.16698833490885143,nan
2496512.0,0.1320032848984433,0.19085663292620927,nan
2498560.0,0.2832459555272204,0.16798948018030935,nan
2500608.0,0.21974184913375505,0.22994734794485688,nan
2502656.0,0.20105388263244206,0.25219801565830313,nan
2504704.0,0.30864962006340146,0.18972674186412028,nan
2506752.0,0.2109851187920046,0.204685345867843,nan
2508800.0,0.17836033508544186,0.22241134783947575,87.57796257796258
2510848.0,0.26291870140041784,0.19900919469255096,nan
2512896.0,0.31574365807240556,0.15796059707695334,nan
2514944.0,0.18163142981108307,0.19956686775250038,nan
2516992.0,0.24717215944041243,0.1933086392520707,nan
2519040.0,0.0788904904448167,0.26946588168604496,nan
2521088.0,0.27278880961536056,0.2128074225777055,nan
2523136.0,-0.04059819612956635,0.19473943808880667,nan
2525184.0,0.25592208846000974,0.23122227168172824,nan
2527232.0,0.10843108773244317,0.2539932410887766,nan
2529280.0,0.16859014658121718,0.248163830253332,nan
2531328.0,0.23861070157673747,0.23817450198857779,nan
2533376.0,0.19250830963946014,0.23926103979587154,nan
2535424.0,0.28878722154178227,0.15519275625942375,nan
2537472.0,0.15629281117328267,0.23498832688342605,nan
2539520.0,0.22714491551373261,0.22668576103814708,nan
2541568.0,0.2950431713070696,0.1915349353355671,nan
2543616.0,0.2522900076396054,0.22397936146448652,nan
2545664.0,0.3319463163840199,0.09984415842533916,nan
2547712.0,0.27013299187638207,0.22002418667525311,nan
2549760.0,0.3179789337835858,0.15805453160532895,nan
2551808.0,0.18593510603472638,0.21234356619661984,nan
2553856.0,0.3058159440091754,0.14024778267570084,nan
2555904.0,0.1997637503839596,0.19915946594304718,nan
2557952.0,0.186298585242961,0.2316689636080232,nan
2560000.0,0.1514658062866966,0.2310568109494774,nan
2562048.0,0.21570668332286774,0.20551244055547208,nan
2564096.0,0.14854885611674057,0.22904786160906446,nan
2566144.0,0.20838699736243477,0.21718694263940383,nan
2568192.0,0.17191292649976286,0.25213953067785566,nan
2570240.0,0.09424944218159108,0.23122050057285531,nan
2572288.0,0.10083380407538473,0.26259953610339865,nan
2574336.0,0.21670181243454267,0.23915481201836883,nan
2576384.0,0.10968350248990977,0.25503969451350955,nan
2578432.0,0.08998454113002069,0.26484672517569435,nan
2580480.0,0.25100473925965,0.2221302181703008,nan
2582528.0,0.12346432609657948,0.23010526998290812,nan
2584576.0,0.3175239581215773,0.18026956723010606,nan
2586624.0,0.2554944547442208,0.2343129606937806,nan
2588672.0,0.2142405250432488,0.24019875973150812,nan
2590720.0,0.24630371016205557,0.22208031721224333,nan
2592768.0,0.1935512119838521,0.19118114369718145,nan
2594816.0,-0.005866044567512177,0.136516323187255,nan
2596864.0,0.14775188037595222,0.255677807862519,nan
2598912.0,0.2021041723699254,0.23589645842049514,nan
2600960.0,0.3018458350394749,0.16988894045435293,nan
2603008.0,0.23226436447036608,0.21512581989187354,nan
2605056.0,0.21092613983641395,0.217285293508648,nan
2607104.0,0.29494561435896555,0.20449790010542207,nan
2609152.0,0.2917185079114436,0.2080962230856483,52.94178794178795
2611200.0,0.20246022023290777,0.22225173474112025,nan
2613248.0,0.1219934096011572,0.18456163118552493,nan
2615296.0,0.1626150615140371,0.218548922385785,nan
2617344.0,0.2336411698983405,0.19946473075117474,nan
2619392.0,0.06978193089867328,0.20871527019593616,nan
2621440.0,0.34970472568950384,0.09096780406487533,nan
2623488.0,0.23744443330971313,0.16861358882745334,nan
2625536.0,0.1529632424388043,0.20271611395104955,nan
2627584.0,0.3317675696934067,0.14302829846317713,nan
2629632.0,0.2808148059185488,0.18900260682005876,nan
2631680.0,0.08172852276869483,0.23315593510369537,nan
2633728.0,0.19816116456333904,0.23255017698434738,nan
2635776.0,0.24968807686539218,0.20801757561037248,nan
2637824.0,0.24953906598944614,0.17496491422713292,nan
2639872.0,0.22209366187135843,0.21846673885723217,nan
2641920.0,0.18135859850455516,0.2624494109313072,nan
2643968.0,0.14269993450091834,0.22016239340958912,nan
2646016.0,0.22761378784957167,0.1903319807199774,nan
2648064.0,0.16875160843073428,0.2205979033241186,nan
2650112.0,0.25362624631927694,0.2142877855702909,nan
2652160.0,0.2970773829768113,0.16399855622626083,nan
2654208.0,0.27693343086527633,0.20230315397694196,nan
2656256.0,0.2541754228032199,0.20669822251722542,nan
2658304.0,0.308640465652237,0.1780253811867532,nan
2660352.0,0.22727662074261384,0.22059519556011314,nan
2662400.0,0.11151856017644217,0.20886924310703583,nan
2664448.0,0.33416815994251997,0.08642004550849236,nan
2666496.0,0.29800105057950016,0.16296748135233535,nan
2668544.0,0.30948407200992867,0.14043516382336024,nan
2670592.0,0.2347132517575115,0.20399942835305793,nan
2672640.0,0.3213416623909239,0.15022883593596942,nan
2674688.0,-0.001769732602149597,0.24028940366282045,nan
2676736.0,0.1753338553870754,0.24387689151501346,nan
2678784.0,0.23007280291329715,0.21696781305323534,nan
2680832.0,0.06691950829654986,0.26257300934270217,nan
2682880.0,0.18726112589705532,0.2532298118885333,nan
2684928.0,0.19229416673051966,0.2262973846577686,nan
2686976.0,0.23406422829289802,0.2164535134799673,nan
2689024.0,0.3424497122487811,0.09195913576353615,nan
2691072.0,0.09356197750696066,0.25453647984312466,nan
2693120.0,0.13871988664663076,0.26235855336417696,nan
2695168.0,0.2872083048424858,0.1829689460942731,nan
2697216.0,0.16810379123275526,0.21889640550548048,nan
2699264.0,0.2836514882423453,0.18388828284888573,nan
2701312.0,0.06967942535314987,0.1866283906964988,nan
2703360.0,0.10284255838854277,0.23914851842579044,nan
2705408.0,0.06770899847029091,0.23738890344373664,nan
2707456.0,0.1346693362183633,0.25905670675541986,nan
2709504.0,0.03308688044210537,0.24313623131807122,81.04989604989605
2711552.0,0.33155415849930026,0.11308949525566363,nan
2713600.0,0.3174750026234797,0.15855796233849614,nan
2715648.0,0.2020391509783776,0.250502980538817,nan
2717696.0,0.16479366477324084,0.2069093965615102,nan
2719744.0,0.22209468847061353,0.19657768534483566,nan
2721792.0,0.35384323111249055,0.06453792564750424,nan
2723840.0,0.18582911100821117,0.25013591408129665,nan
2725888.0,0.13764836535545596,0.27035781525819746,nan
2727936.0,0.1456085464566565,0.22098673277941372,nan
2729984.0,0.10763980707826805,0.24393201623710747,nan
2732032.0,0.26962955756259094,0.19810751165812282,nan
2734080.0,0.30626638071007195,0.15850793419872414,nan
2736128.0,0.0342485090658506,0.20831275348958375,nan
2738176.0,0.14602713190924327,0.21572228574789362,nan
2740224.0,0.07178320892182354,0.18945108188755877,nan
2742272.0,0.08657363749682744,0.23937689977645238,nan
2744320.0,0.18303537491404137,0.2552884035269332,nan
2746368.0,0.13437969064066432,0.22684101047741145,nan
2748416.0,0.20888163873469212,0.22736435075385422,nan
2750464.0,0.2750182548842248,0.1985530650204591,nan
2752512.0,0.2175680704438233,0.21819576073155966,nan
2754560.0,0.1979913523222735,0.21741038106122865,nan
2756608.0,0.2435228446273432,0.21200541701426578,nan
2758656.0,0.2846689140779772,0.18135215227043505,nan
2760704.0,0.14379141008254356,0.21931450312718537,nan
2762752.0,0.15664861150921341,0.2363290873584992,nan
2764800.0,0.2508943640041486,0.18417170875849126,nan
2766848.0,0.1323229618183343,0.23160044815559705,nan
2768896.0,0.14445621555661114,0.2561133372850042,nan
2770944.0,0.11710622932374566,0.2593882780030133,nan
2772992.0,0.1551571930997577,0.2527033317109978,nan
2775040.0,0.134083455263187,0.2036169707769068,nan
2777088.0,0.18628114957450026,0.21397471738053606,nan
2779136.0,0.14694110549374054,0.2529746448333961,nan
2781184.0,0.0647803643583244,0.1905738631562839,nan
2783232.0,0.32985713937870254,0.13337612138928368,nan
2785280.0,0.21955145034835222,0.2225236546609884,nan
2787328.0,0.16282563264235317,0.24617847062288636,nan
2789376.0,0.24750691509295147,0.22269274464064845,nan
2791424.0,0.30630021591283985,0.16692349218752447,nan
2793472.0,0.24275906311503545,0.21914219843813793,nan
2795520.0,0.13535257327436356,0.19042416095851442,nan
2797568.0,0.14724690072129476,0.24339658996543323,nan
2799616.0,0.29255620361113155,0.1873167930523004,nan
2801664.0,0.17436248913936897,0.2516761249068673,nan
2803712.0,0.19760245852954358,0.22380234206824018,nan
2805760.0,0.18188226536162505,0.23019945844966966,nan
2807808.0,0.2688583886454899,0.1916246512410041,nan
2809856.0,0.21546373290404452,0.24674148954428765,57.71309771309772
2811904.0,0.25524898325697637,0.22177224674280796,nan
2813952.0,0.20373524121594583,0.2242179106129457,nan
2816000.0,0.18357004226348395,0.22214361309680747,nan
2818048.0,0.29328486306465806,0.17422406618333616,nan
2820096.0,0.2800614600731467,0.1779154903402915,nan
2822144.0,0.2576632978318746,0.20692560737708465,nan
2824192.0,0.26500457638984315,0.22753854489054712,nan
2826240.0,0.25680136267903353,0.1835681742444965,nan
2828288.0,0.27158601229716695,0.17863800452998246,nan
2830336.0,0.3083864498952455,0.16339786208042995,nan
2832384.0,0.25869288738378604,0.22355775020389862,nan
2834432.0,0.26019952305627453,0.18382153719609334,nan
2836480.0,0.24788642815257914,0.2359046855408559,nan
2838528.0,0.20055741482611372,0.24416167824915996,nan
2840576.0,0.24847128663532136,0.20425490594596465,nan
2842624.0,0.3268437157034138,0.16147409487210682,nan
2844672.0,0.34710292000912324,0.08861697781985829,nan
2846720.0,0.04159580497669868,0.15874523869573598,nan
2848768.0,0.24297193227889474,0.1991379615059389,nan
2850816.0,0.3050507130046357,0.1676828575327228,nan
2852864.0,0.23437830814081181,0.23548797400242724,nan
2854912.0,0.13187533022662734,0.27118068744965096,nan
2856960.0,0.31917986678925125,0.17005702522793983,nan
2859008.0,0.23825375679902844,0.18803183663902584,nan
2861056.0,0.2296618966413608,0.20281428704574955,nan
2863104.0,0.2861613979578203,0.1637059132200303,nan
2865152.0,0.12821680913863123,0.25098304657290893,nan
2867200.0,0.23674534418802745,0.23177001766575625,nan
2869248.0,0.26735956167621444,0.1924031409118844,nan
2871296.0,0.04671807326456516,0.2681790315703675,nan
2873344.0,0.27443316983821275,0.18029878063465674,nan
2875392.0,0.0780017062499406,0.2547582211025728,nan
2877440.0,-0.014128613901474886,0.21019338057631823,nan
2879488.0,0.1264036823309394,0.27459803865850857,nan
2881536.0,-0.09575284336269918,0.1710124457820672,nan
2883584.0,0.06651057679037373,0.21064161028904804,nan
2885632.0,0.20395853440136302,0.21593861395478153,nan
2887680.0,0.18668300969872373,0.21834910995329615,nan
2889728.0,0.21235509707797923,0.18504213190988347,nan
2891776.0,0.3195211359561606,0.1613299041204193,nan
2893824.0,0.19276992570053803,0.21941674124861696,nan
2895872.0,0.018939858612985087,0.11595663817024104,nan
2897920.0,0.04388623034851327,0.154499372018973,nan
2899968.0,0.24346628329960435,0.2026823861220785,nan
2902016.0,0.16229665531416856,0.23339746235894676,nan
2904064.0,0.17919550315836735,0.2319385181503776,nan
2906112.0,0.17066683383692147,0.20925191274309468,nan
2908160.0,0.0922749368533301,0.20678730293702302,nan
2910208.0,0.28526999530545877,0.1793930828551893,67.07900207900208
2912256.0,0.33824817311109767,0.1226329568418213,nan
2914304.0,0.22858447668941323,0.234971999250081,nan
2916352.0,0.25199589967446956,0.17803386191670023,nan
2918400.0,0.08882957084244465,0.21219624265347023,nan
2920448.0,0.14767309137079004,0.19382674087647064,nan
2922496.0,0.09828577535292055,0.21267902713100417,nan
2924544.0,0.24826485851220703,0.2217858101192794,nan
2926592.0,0.11571844721083921,0.19625802209754656,nan
2928640.0,0.27720008390283424,0.21526787269974298,nan
2930688.0,0.2948430242246006,0.1689110969945882,nan
2932736.0,0.21234054662719348,0.246003570987075,nan
2934784.0,0.13383965146222437,0.2048824368695678,nan
2936832.0,0.27499937560133697,0.2043535971544262,nan
2938880.0,0.29573697867432786,0.1810116239953013,nan
2940928.0,0.2927598440772442,0.19712765675619448,nan
2942976.0,0.31841818967789015,0.15077383051030072,nan
2945024.0,0.18755588855140776,0.22330187019499975,nan
2947072.0,0.19671105546345696,0.21671534054891117,nan
2949120.0,0.022763240540161392,0.18926776228684225,nan
2951168.0,0.2162764755802781,0.22794157715181387,nan
2953216.0,0.1679316551727904,0.23204647617266472,nan
2955264.0,0.10822913181334912,0.2076618016695757,nan
2957312.0,0.24266346293254892,0.21330341954588647,nan
2959360.0,0.2684433763023586,0.20952256028615301,nan
2961408.0,0.19249959329061359,0.22424328938873345,nan
2963456.0,0.26154088583094237,0.21510163852907582,nan
2965504.0,0.17268820733266774,0.21478276547354747,nan
2967552.0,0.11276709284914035,0.19944029536744093,nan
2969600.0,0.14397548457942896,0.17949389192864723,nan
2971648.0,0.1754869758816495,0.19153249065284897,nan
2973696.0,0.24928353124471825,0.20053964960275916,nan
2975744.0,0.29255083284076544,0.17319255108585357,nan
2977792.0,0.11803656825665211,0.2530142177399091,nan
2979840.0,0.23968246308687727,0.21123457788206634,nan
2981888.0,0.27559101843535816,0.21090393907013502,nan
2983936.0,0.3186723835615669,0.14299092914880443,nan
2985984.0,0.14863323149052907,0.20937646106228275,nan
2988032.0,0.1721901988687743,0.2468148467798565,nan
2990080.0,0.10388455498001994,0.23898217652544979,nan
2992128.0,0.11856121310377138,0.262520427668268,nan
2994176.0,0.3001772718890165,0.1678529537215788,nan
2996224.0,0.27332084584904404,0.19716937585970612,nan
2998272.0,0.0645465639756607,0.21859580254002023,nan
3000320.0,0.23331972189918576,0.2136487496013095,nan
3002368.0,0.22830791167406045,0.20082294395858266,nan
3004416.0,0.24376799495343351,0.21424551207793752,nan
3006464.0,0.28167644127744573,0.19205783662403353,nan
3008512.0,0.19822039671482156,0.20598084352424528,nan
3010560.0,0.3097976678073377,0.14435785766808573,65.48856548856548
3012608.0,0.299366874167656,0.16004886677464158,nan
3014656.0,0.18197439906931048,0.25122016200844405,nan
3016704.0,0.15633762486917938,0.25668827759326823,nan
3018752.0,0.09434645864913274,0.2518096311687013,nan
3020800.0,0.13880562535254545,0.26198141015472337,nan
3022848.0,0.14052736391984533,0.25359482108826104,nan
3024896.0,0.3053345663613417,0.16558093385680278,nan
3026944.0,0.33789823253216866,0.12503551696514703,nan
3028992.0,0.08480681620043348,0.19679745738279542,nan
3031040.0,-0.006379276004949294,0.20780828433130924,nan
3033088.0,0.07288307736755413,0.2174482168582825,nan
3035136.0,0.14699123223639002,0.25784296481943936,nan
3037184.0,0.21219654181683287,0.24991730057582903,nan
3039232.0,0.27833251369308437,0.19193816447517145,nan
3041280.0,0.09525510151149033,0.18705477870718584,nan
3043328.0,0.15730016110094538,0.2107589252412908,nan
3045376.0,0.27122280477787275,0.17357498431642832,nan
3047424.0,0.26239035746154504,0.17707957517400852,nan
3049472.0,0.19283083209649132,0.2521997846215534,nan
3051520.0,0.18661972012202782,0.23619571761862593,nan
3053568.0,0.21348934786970303,0.21517798698100365,nan
3055616.0,0.25366688058491627,0.20560788244561082,nan
3057664.0,0.1958399108357565,0.23240483232844106,nan
3059712.0,0.13673990883874743,0.26268254416883824,nan
3061760.0,0.1519227624852384,0.2138046954552543,nan
3063808.0,0.24328443608164568,0.2137057401801861,nan
3065856.0,0.2129650277643208,0.1882204559775579,nan
3067904.0,0.2673791438810036,0.19426774718727283,nan
3069952.0,0.13393343755870896,0.24574199175149855,nan
3072000.0,0.19288433366835045,0.19637592640544418,nan
3074048.0,0.14089736780858558,0.21929466723258156,nan
3076096.0,0.07156033415555496,0.18774142998476734,nan
3078144.0,0.30199452544957867,0.1614382859498867,nan
3080192.0,0.2680926624129165,0.2037027526397932,nan
3082240.0,0.22096927756898338,0.20442952940368056,nan
3084288.0,0.29265509441330134,0.19030212094062027,nan
3086336.0,0.2666830113996316,0.17605560261083103,nan
3088384.0,0.23640408102312593,0.18336058614284384,nan
3090432.0,0.1748492830425601,0.2649787257469454,nan
3092480.0,0.34390475107308593,0.12650342670712422,nan
3094528.0,0.16581468846932929,0.2530704478755889,nan
3096576.0,0.1344770616939616,0.2150877216526852,nan
3098624.0,0.311353246241582,0.1549253897313392,nan
3100672.0,0.28135705420023205,0.1606414563317509,nan
3102720.0,0.256447183176723,0.2077625299959139,nan
3104768.0,0.2835275736802302,0.16198183545343475,nan
3106816.0,0.13240766217803912,0.25173769185285955,nan
3108864.0,0.05220983929122684,0.17806061718554142,nan
3110912.0,0.2882842589415493,0.1781466734723607,63.7941787941788
3112960.0,0.1457162849114612,0.20653602518606512,nan
3115008.0,0.2931544263607927,0.1883308050879192,nan
3117056.0,0.1714893396357568,0.20767762790556255,nan
3119104.0,0.17076348565184807,0.24106698084236108,nan
3121152.0,0.1977789703685259,0.18400023165253807,nan
3123200.0,0.1977179848396696,0.19466636217803227,nan
3125248.0,0.1780296200564589,0.2533083133315014,nan
3127296.0,0.29892568373795547,0.16437509028292976,nan
3129344.0,0.2492120548925227,0.14710702110572751,nan
3131392.0,0.16588610015251848,0.18129691691019528,nan
3133440.0,-0.012305046933478534,0.18350496688162354,nan
3135488.0,0.2940867893666799,0.1707863060466816,nan
3137536.0,0.22930100218392524,0.21402619736406422,nan
3139584.0,0.2671300966277982,0.16318090321442585,nan
3141632.0,0.2983717633970129,0.13811105228728682,nan
3143680.0,0.23909027785913378,0.2120414831553515,nan
3145728.0,0.21898764882907742,0.23652272550473794,nan
3147776.0,0.2636100883544077,0.18720309876104696,nan
3149824.0,0.36359756623083045,0.09654154509380937,nan
3151872.0,0.2635992780819434,0.17487829991606516,nan
3153920.0,0.16208426881305454,0.19123594699343308,nan
3155968.0,0.18006799602009738,0.2208594265385797,nan
3158016.0,0.22524050663076844,0.19664561813821635,nan
3160064.0,0.2183754561331612,0.23771556794241144,nan
3162112.0,0.3031077640474762,0.17077322046893392,nan
3164160.0,0.25617667648680864,0.17502690358064493,nan
3166208.0,0.3278938084453665,0.10468687420805677,nan
3168256.0,0.1575512934242537,0.22271180065467674,nan
3170304.0,0.17398271666131368,0.21603780983606882,nan
3172352.0,0.1519645175358563,0.25108809128325266,nan
3174400.0,0.3068830910500593,0.1545007716050283,nan
3176448.0,0.3116902936730215,0.15743047044576058,nan
3178496.0,0.32463519410969754,0.11063261542329773,nan
3180544.0,0.2295375917581849,0.187395351656439,nan
3182592.0,0.34168218254227534,0.06302882314158242,nan
3184640.0,0.24806783956702627,0.21374691356246556,nan
3186688.0,0.19570066559794716,0.20642071984455643,nan
3188736.0,0.32542313506145293,0.1405653092377368,nan
3190784.0,0.27335634363596273,0.156595545191077,nan
3192832.0,0.2388851157407543,0.19001864081122133,nan
3194880.0,0.17469221598009937,0.2498247382600282,nan
3196928.0,0.356295870323952,0.07809174778598128,nan
3198976.0,0.30284356122200906,0.19177845304139957,nan
3201024.0,0.33045058286792484,0.13422403708815406,nan
3203072.0,0.18659413740123798,0.20609074280699166,nan
3205120.0,0.09723298699723412,0.19506475885378635,nan
3207168.0,0.27248149587042886,0.1633727827617684,nan
3209216.0,0.18928574381175645,0.23190322544760686,nan
3211264.0,0.34541339585194936,0.059309996601061926,50.92574312139815
3213312.0,0.18718019804038674,0.24897923157408774,nan
3215360.0,0.2629568739017343,0.16865908109330552,nan
3217408.0,0.23632179257325375,0.20067070691734165,nan
3219456.0,0.30214644539489627,0.1904109881276806,nan
3221504.0,0.21700676327580715,0.2249938830134121,nan
3223552.0,0.23539554838242627,0.22318840481295488,nan
3225600.0,0.215708702140957,0.22471001772560467,nan
3227648.0,-0.007669819241143554,0.20144774154200734,nan
3229696.0,0.14593327508378134,0.23186906689832085,nan
3231744.0,0.2368352751994447,0.23260814792608836,nan
3233792.0,0.24316868017533882,0.21054277735387433,nan
3235840.0,0.28374735523896416,0.16970414201294864,nan
3237888.0,0.2938422962334407,0.18921801888431233,nan
3239936.0,0.14225533777344138,0.2402347780055892,nan
3241984.0,0.26685418341678857,0.19108743120622498,nan
3244032.0,0.26519870873306933,0.19755950846683093,nan
3246080.0,0.24847064727091578,0.1901015222707617,nan
3248128.0,0.1790215950645228,0.2153445453910968,nan
3250176.0,0.259556125563267,0.18204360907862194,nan
3252224.0,0.22888082201012094,0.20058887513913198,nan
3254272.0,0.2785341125065043,0.1847441807731279,nan
3256320.0,0.2728979988944494,0.16916022986921667,nan
3258368.0,0.23175319595521812,0.19187402304013537,nan
3260416.0,0.13695960169697957,0.22935369111461767,nan
3262464.0,0.17840974987436392,0.21126585866035155,nan
3264512.0,0.32183819465771113,0.1238538648752512,nan
3266560.0,0.3054307228747107,0.11067054391541642,nan
3268608.0,0.23286441699917648,0.19376824631301778,nan
3270656.0,0.22579943193049481,0.20653801737009164,nan
3272704.0,0.12805432006844988,0.2470986138750835,nan
3274752.0,0.29073981071785815,0.1706605982911024,nan
3276800.0,0.1259490303431316,0.2546956246974381,nan
3278848.0,0.31615393599783054,0.1319644256324553,nan
3280896.0,0.2716723157844726,0.18722690929168892,nan
3282944.0,0.17665867164549534,0.2226211331176263,nan
3284992.0,0.2793516868059119,0.1625630481115907,nan
3287040.0,0.25415926091311336,0.18650567178955432,nan
3289088.0,0.15423807728552927,0.2172876714942217,nan
3291136.0,0.16157518213668026,0.2643708456248281,nan
3293184.0,0.3467084767354877,0.09148991208234468,nan
3295232.0,0.23162937439230227,0.1997499502766778,nan
3297280.0,0.23347218429000363,0.19770114208926742,nan
3299328.0,0.17500742705370403,0.21850276253287182,nan
3301376.0,0.2542062995738748,0.19768311859794427,nan
3303424.0,0.19202574678616324,0.24482843975467694,nan
3305472.0,0.27870810862764317,0.19537607222529974,nan
3307520.0,0.12368294085393447,0.24328322920503448,nan
3309568.0,0.1594237103442694,0.2195791348215987,nan
3311616.0,0.1119875771940391,0.21954882589394245,74.36590436590436
3313664.0,0.1306446807870985,0.21298725253300468,nan
3315712.0,0.010822464417782505,0.13885198439423205,nan
3317760.0,0.12233207437016735,0.2071399805105251,nan
3319808.0,0.29607411289640345,0.14806318911611108,nan
3321856.0,0.16239498907042055,0.24494973901818867,nan
3323904.0,0.0589922900936373,0.19429234636413542,nan
3325952.0,0.2478565954682983,0.2001781948889988,nan
3328000.0,0.08895228008330656,0.2228018356423645,nan
3330048.0,0.18225135839500523,0.23070470466972912,nan
3332096.0,0.2134054518142458,0.2114046501066133,nan
3334144.0,0.2735904900069807,0.15591629284751168,nan
3336192.0,0.22644554920124405,0.17601401360462376,nan
3338240.0,0.09139981856677913,0.26973276597306567,nan
3340288.0,0.30297874399755487,0.16468374886942921,nan
3342336.0,0.30140803501570546,0.184018961519483,nan
3344384.0,0.3277908807856402,0.1302362505850062,nan
3346432.0,0.11939313867136127,0.2230630931437851,nan
3348480.0,0.3138169289615421,0.10672432020025509,nan
3350528.0,0.14413497037694223,0.22406402004848872,nan
3352576.0,0.1409858202760321,0.2279117674724017,nan
3354624.0,0.13496545081262667,0.2267624601640717,nan
3356672.0,0.24945304565993298,0.20828675836769683,nan
3358720.0,0.2513482020084092,0.1850629824628745,nan
3360768.0,0.27828149527975177,0.18354022005089038,nan
3362816.0,0.18913746402989293,0.1904630501381904,nan
3364864.0,0.26678893603876086,0.17943423651575657,nan
3366912.0,0.22287474770809104,0.22883436275668062,nan
3368960.0,0.20066108138155528,0.2037466744127374,nan
3371008.0,0.34301478752833237,0.0708941468674702,nan
3373056.0,0.2665904038535837,0.12021424647846365,nan
3375104.0,0.1981528486229998,0.22773871427004072,nan
3377152.0,0.2851014160685112,0.16861242968483592,nan
3379200.0,0.19620246175785344,0.2593742579002166,nan
3381248.0,0.11534860067435976,0.2730069338086152,nan
3383296.0,0.1776290598838852,0.23612766382195027,nan
3385344.0,0.17389508177726015,0.2722220230377672,nan
3387392.0,0.10817245924671359,0.2465425109165454,nan
3389440.0,0.1795014522479036,0.22733772378550976,nan
3391488.0,0.13761432777212954,0.25700487895356683,nan
3393536.0,0.254926612044502,0.1776093356652059,nan
3395584.0,0.2014009263680398,0.18576899137680855,nan
3397632.0,0.22875488260330074,0.20659240077975757,nan
3399680.0,0.29954251078588673,0.16427210085130137,nan
3401728.0,0.3444931325533874,0.08850290991826969,nan
3403776.0,0.33090631770464973,0.023620406591449233,nan
3405824.0,0.1595018881323272,0.2055502127226561,nan
3407872.0,0.15709575711247162,0.22126919769027925,nan
3409920.0,0.23120889030458264,0.17140987030934898,nan
3411968.0,0.191318741127813,0.23178806638391916,76.15384615384616
3414016.0,0.21962416019866415,0.2053423958523632,nan
3416064.0,0.15803855250764892,0.2592605971102179,nan
3418112.0,0.20913280946576168,0.24113296760006048,nan
3420160.0,0.13881068666168414,0.227332892240849,nan
3422208.0,0.1175708946806721,0.2491255773338304,nan
3424256.0,0.22771708928828083,0.23413447043484,nan
3426304.0,0.3331005958734039,0.10069439714026648,nan
3428352.0,0.0945245273916634,0.23348999681282132,nan
3430400.0,0.2765544483448334,0.17860529493068206,nan
3432448.0,0.1676674759333046,0.2005305055610106,nan
3434496.0,0.26999777008064846,0.1743404520989121,nan
3436544.0,0.24971311898244888,0.2023602251880423,nan
3438592.0,0.20417973520905985,0.21737373426037576,nan
3440640.0,0.17664872554779965,0.21592366559833906,nan
3442688.0,0.2720516991252735,0.17508618584156466,nan
3444736.0,0.25155985253565044,0.16716389802064327,nan
3446784.0,0.16378194090405823,0.21345813330033475,nan
3448832.0,0.27221275068889267,0.17254537430471603,nan
3450880.0,0.35663927950425167,0.04695978535391694,nan
3452928.0,0.14921484723916054,0.19332527881100925,nan
3454976.0,0.2230049044834212,0.2259953950333388,nan
3457024.0,0.12544971983934444,0.2203292593344356,nan
3459072.0,0.21333722401661087,0.21101531347863486,nan
3461120.0,0.20359227024136672,0.1736642093741073,nan
3463168.0,0.13936588375128478,0.22560569547002696,nan
3465216.0,0.2436108705794841,0.1873769071811486,nan
3467264.0,0.14338307069550923,0.2359187672427099,nan
3469312.0,0.15345319288881334,0.22782555360493212,nan
3471360.0,0.12741969875960038,0.21882175397610507,nan
3473408.0,0.18479246356738702,0.23025879700194904,nan
3475456.0,0.09368500771823102,0.22516602371754707,nan
3477504.0,0.338955303866081,0.024869464943085492,nan
3479552.0,0.25619125194945,0.1905011907979279,nan
3481600.0,0.20761248267918148,0.1860859042904273,nan
3483648.0,0.10426318289976698,0.24081047598170077,nan
3485696.0,0.24057777876156436,0.2028399564092694,nan
3487744.0,0.3353606933040342,0.11098160235892295,nan
3489792.0,0.2644622771160619,0.1415595317811067,nan
3491840.0,0.27015666636662944,0.13721275149370013,nan
3493888.0,0.19936092407946643,0.20117460466190823,nan
3495936.0,0.27687170898043767,0.17498418627812143,nan
3497984.0,0.2548011312017208,0.15960836200944767,nan
3500032.0,0.24163276020647378,0.2117719166652459,nan
3502080.0,0.2151934059151702,0.19613531765192804,nan
3504128.0,0.1274994695616132,0.20875549339081725,nan
3506176.0,0.2222597618813047,0.22863760397628713,nan
3508224.0,0.1896742222844488,0.20069973907727703,nan
3510272.0,0.26918607440490355,0.14497642300856028,nan
3512320.0,0.05643124523085307,0.16934230526109229,75.66528066528068
3514368.0,0.17377727575818042,0.23966800760187232,nan
3516416.0,0.20519153154958045,0.23192040231047864,nan
3518464.0,0.14480511721888167,0.20760320668760265,nan
3520512.0,0.2373747056586619,0.20721313354145893,nan
3522560.0,0.2796506191358923,0.1788934110642427,nan
3524608.0,0.13298631149745194,0.20463961446596024,nan
3526656.0,0.36990770567756603,0.06606653950877715,nan
3528704.0,0.2981864067519925,0.17799439654006752,nan
3530752.0,0.3235523687249222,0.09390781565501898,nan
3532800.0,0.24438835019355687,0.1689674216353056,nan
3534848.0,0.12007473168541428,0.20552071668920907,nan
3536896.0,0.21849519578921187,0.19884465097032197,nan
3538944.0,0.2056206250896672,0.18391156927947197,nan
3540992.0,0.28387098139872746,0.20432782737820815,nan
3543040.0,0.27497621320309673,0.1548976681194417,nan
3545088.0,0.2970493606161172,0.16141437588237872,nan
3547136.0,0.19909242575238673,0.23144907749448246,nan
3549184.0,0.2677051785988199,0.15587893411365206,nan
3551232.0,0.3189070174782468,0.11927352251110408,nan
3553280.0,0.2878553065433226,0.1621753638094662,nan
3555328.0,0.2680029235362804,0.13736480253292496,nan
3557376.0,0.17138417119166802,0.20732917320087513,nan
3559424.0,0.2102738691859155,0.19119070098587662,nan
3561472.0,0.3162413952202833,0.11701866549438561,nan
3563520.0,0.3443670533244493,0.07159868514222012,nan
3565568.0,0.3078407802742253,0.12941051597470551,nan
3567616.0,0.26326316637866287,0.19531203966452515,nan
3569664.0,0.1475240711356264,0.24040759536992018,nan
3571712.0,0.30903415362784215,0.06930841154250736,nan
3573760.0,-0.048995798519777416,0.2010307864102427,nan
3575808.0,0.24725921741224816,0.19107636851108736,nan
3577856.0,0.17059933888954054,0.17243034447696756,nan
3579904.0,0.16083017739392483,0.24744338022398216,nan
3581952.0,0.24106912996960173,0.15458522035084446,nan
3584000.0,0.1546147391839346,0.23112492121796116,nan
3586048.0,0.14137443117427992,0.23618341220016686,nan
3588096.0,0.23558479738096363,0.19987198138863685,nan
3590144.0,0.19009321569207555,0.2254286698979455,nan
3592192.0,0.2557317276901975,0.14220232351381973,nan
3594240.0,0.30162505958049896,0.14870427960461163,nan
3596288.0,0.31398712487394237,0.15530430955134128,nan
3598336.0,0.18333075356937378,0.19578886857438152,nan
3600384.0,0.17214001165795023,0.1921927357019982,nan
3602432.0,0.31752760560044385,0.1260597892221785,nan
3604480.0,0.3256804609572811,0.09624473994641743,nan
3606528.0,0.3245777347284031,0.1289139895999099,nan
3608576.0,0.3082095579957119,0.16627161846674696,nan
3610624.0,0.2861307183263798,0.1452379231018796,nan
3612672.0,0.33024987272708717,0.08830451329678016,74.002079002079
3614720.0,0.24495001277419554,0.19881786995084788,nan
3616768.0,0.1956351735402272,0.23773759642564932,nan
3618816.0,0.29753701868331983,0.1309760803608113,nan
3620864.0,0.2930866455925114,0.1687178896524765,nan
3622912.0,0.1078302003915593,0.26921754014717003,nan
3624960.0,0.28012924713381293,0.1451969917024031,nan
3627008.0,0.30746956914630164,0.11545524497637173,nan
3629056.0,0.20611861637148882,0.21980411880756712,nan
3631104.0,0.21692309074399335,0.1971620901070492,nan
3633152.0,0.20128864939179728,0.16171794346245955,nan
3635200.0,0.34245784407634033,0.03160962439587027,nan
3637248.0,0.24581331445144788,0.1815630195542245,nan
3639296.0,0.15461066035795962,0.24104141960893785,nan
3641344.0,0.07452128156150872,0.24518515825189136,nan
3643392.0,0.2809741363872567,0.1658893081140459,nan
3645440.0,0.32045213304316694,0.11232836074218237,nan
3647488.0,0.28192560391569005,0.16287197703868017,nan
3649536.0,0.25475211218961935,0.1861516359447496,nan
3651584.0,0.33056260868669035,0.09981115268056334,nan
3653632.0,0.21669756510013277,0.23864292738107518,nan
3655680.0,0.21744569836626482,0.21803949876494788,nan
3657728.0,0.14931293595104264,0.19660522995489693,nan
3659776.0,0.21583356719515936,0.19086196199948802,nan
3661824.0,0.2510203163081879,0.1728540513392284,nan
3663872.0,0.23949996626615996,0.18483269839906954,nan
3665920.0,0.33839605128805583,0.0561247600767386,nan
3667968.0,0.13873969436882247,0.19739376367335226,nan
3670016.0,0.25397503200524546,0.20241395216679778,nan
3672064.0,0.21576520038092728,0.2113785612920437,nan
3674112.0,0.3238736302361873,0.030748186732960488,nan
3676160.0,0.30677827945575803,0.09431421245326131,nan
3678208.0,0.32320945764094344,0.10589951725145387,nan
3680256.0,0.18687367694744422,0.2362223483502178,nan
3682304.0,0.3395695938270079,0.0929943616133367,nan
3684352.0,0.3465528972078815,0.05327047978439137,nan
3686400.0,0.342049718826709,0.11631385285545758,nan
3688448.0,0.013087259258575762,0.1756147438357769,nan
3690496.0,0.2771809731578818,0.15963475319667242,nan
3692544.0,0.23287428206708108,0.19732300423213522,nan
3694592.0,0.18422327628819027,0.21590539065518052,nan
3696640.0,0.2522518203509546,0.18506697801713842,nan
3698688.0,0.3277926070926018,0.12231646156239208,nan
3700736.0,0.34637943921102876,0.06727785804905136,nan
3702784.0,0.32910120380249597,0.13046490396549712,nan
3704832.0,0.2234218699483928,0.21451832984426725,nan
3706880.0,0.2241843040189418,0.21841636172228823,nan
3708928.0,0.2839079942018503,0.16186318124831753,nan
3710976.0,0.2980823169328856,0.1502005156980703,nan
3713024.0,0.33887795862030007,0.09996124329834224,68.60706860706861
3715072.0,0.24991208952667737,0.16737768892889734,nan
3717120.0,0.29696598550671965,0.15374385516835712,nan
3719168.0,0.12401867238395625,0.23174318193640547,nan
3721216.0,0.34077242870091673,0.05347382440276479,nan
3723264.0,0.3286961840999692,0.021084850923552563,nan
3725312.0,0.22995824356546055,0.20098045959902366,nan
3727360.0,0.1992576248340406,0.22376295574095345,nan
3729408.0,0.31706612571063847,0.104080078423407,nan
3731456.0,0.34031072035690474,0.06908958303227299,nan
3733504.0,0.3178555877607353,0.0796202107752615,nan
3735552.0,0.26481018824634556,0.19007543699272086,nan
3737600.0,0.23968457233059445,0.21181037614260215,nan
3739648.0,0.3343836073808897,0.09537770080651709,nan
3741696.0,0.2787261338662148,0.15557021003167446,nan
3743744.0,0.31590469043281744,0.06410353836344249,nan
3745792.0,0.24195308552841877,0.18730902351361908,nan
3747840.0,0.3259743957834838,0.05273006775593821,nan
3749888.0,0.2280387833084771,0.2095194927662109,nan
3751936.0,0.32642968521897525,0.04315147307220206,nan
3753984.0,0.32537621144950846,0.061566491325484016,nan
3756032.0,0.32048725433590075,0.04407419844993241,nan
3758080.0,0.19423329258861305,0.2173681764198512,nan
3760128.0,0.2138136733970709,0.21077583870466882,nan
3762176.0,0.3082139363294416,0.12083004528658428,nan
3764224.0,0.2625952236532854,0.20888809247023585,nan
3766272.0,0.2188609195251891,0.19112992877288312,nan
3768320.0,0.26917322072350425,0.14406103217385327,nan
3770368.0,0.307613785334381,0.16553355586575857,nan
3772416.0,0.11350478445416393,0.2515758463486548,nan
3774464.0,0.25266485830304064,0.1760186161421018,nan
3776512.0,0.30529263177621957,0.14166342857893252,nan
3778560.0,0.3161730795141129,0.08316391481358125,nan
3780608.0,0.32828324400200654,0.06979080066335783,nan
3782656.0,0.2641775953088027,0.17590537495300418,nan
3784704.0,0.25934159151375796,0.15932418219290517,nan
3786752.0,0.35177530437799,0.05156564345007024,nan
3788800.0,0.31531027967151753,0.14895613238549593,nan
3790848.0,0.21841518335430748,0.17421286095200522,nan
3792896.0,0.26116187424321585,0.15257945339828682,nan
3794944.0,0.15100891232734637,0.19639701071240034,nan
3796992.0,0.2662980751054329,0.15062377347762368,nan
3799040.0,0.24649761934643222,0.16727975947930104,nan
3801088.0,0.3065743780299998,0.12266815997817414,nan
3803136.0,0.22190570553221362,0.1805052362229628,nan
3805184.0,0.28282919666262324,0.14517012321898107,nan
3807232.0,0.31605017158954857,0.07938470573254294,nan
3809280.0,0.30674517549091607,0.1361933762681398,nan
3811328.0,0.3290490749828681,0.06624101847571258,nan
3813376.0,0.32114173311950195,0.07378578992620592,92.97297297297298
3815424.0,0.32925463576558983,0.05020478335861428,nan
3817472.0,0.3348102076287531,0.02174088218349113,nan
3819520.0,0.3465862420759333,0.07489850603811732,nan
3821568.0,0.23538838064480563,0.18685993623901745,nan
3823616.0,0.14096158947675974,0.24048294586435975,nan
3825664.0,0.22899334986450673,0.17962034945458702,nan
3827712.0,0.3132994022426625,0.10440028904231484,nan
3829760.0,0.3138442156433992,0.04272427781831528,nan
3831808.0,0.3538302033329463,0.028573845357522824,nan
3833856.0,0.16404261048806046,0.23383569293985315,nan
3835904.0,0.32305722779717205,0.03234989630162089,nan
3837952.0,0.3378643665189969,0.027998207260686383,nan
3840000.0,0.26814085359395506,0.18338296886737954,nan
3842048.0,0.2767209576869125,0.16804219029709286,nan
3844096.0,0.3066857189632619,0.08555605751735239,nan
3846144.0,0.30810851946542106,0.09433552037906269,nan
3848192.0,0.3067147926170269,0.15611510797482916,nan
3850240.0,0.14689084017485515,0.19390848863331198,nan
3852288.0,0.32030719795408535,0.03838039088413641,nan
3854336.0,0.3517373207168606,0.03121682843944985,nan
3856384.0,0.3604098269419207,0.02584570122914818,nan
3858432.0,0.33466814338911993,0.10396664605896183,nan
3860480.0,0.18763099112459264,0.2115598747691967,nan
3862528.0,0.2748935009305252,0.12988114580777815,nan
3864576.0,0.3307287963951488,0.04208431404452008,nan
3866624.0,0.34179965540092005,0.04485527701259396,nan
3868672.0,0.3348707593286611,0.04884538177649918,nan
3870720.0,0.321272598852853,0.1116333716672322,nan
3872768.0,0.14434399958609728,0.22640254205424026,nan
3874816.0,0.2896747846344311,0.12707685115763964,nan
3876864.0,0.2854964765482017,0.1616357093331294,nan
3878912.0,0.32475285224176254,0.12031803443056793,nan
3880960.0,0.30393597737740136,0.09604722210916525,nan
3883008.0,0.3120703836954175,0.12153155424891308,nan
3885056.0,0.2639170427588511,0.12206554178442963,nan
3887104.0,0.2921804402021244,0.12065867497325285,nan
3889152.0,0.26530558446524044,0.14413170195514916,nan
3891200.0,0.2971176688239516,0.11245320871311164,nan
3893248.0,0.3033125755502377,0.11502845396823484,nan
3895296.0,0.2580214964604144,0.16004571646872925,nan
3897344.0,0.316398307860784,0.12781072350152814,nan
3899392.0,0.27788152887689516,0.1711092387104006,nan
3901440.0,0.31105217678119607,0.12582208075502738,nan
3903488.0,0.3203215218239519,0.1049618430269558,nan
3905536.0,0.29896740852965276,0.12146911523655317,nan
3907584.0,0.3301738936931816,0.09143341419791834,nan
3909632.0,0.34294918403442265,0.039097063996268826,nan
3911680.0,0.2109040369642987,0.23494603090751087,nan
3913728.0,0.3166620070075864,0.1092249847262569,93.95010395010395
3915776.0,0.33316566885107696,0.02387810376945239,nan
3917824.0,0.3262401776288697,0.06076997019149205,nan
3919872.0,0.3389953956131898,0.03969993820898921,nan
3921920.0,0.03642046620932659,0.1939869177419445,nan
3923968.0,0.1892922157646069,0.20383780476431795,nan
3926016.0,0.33258075349855337,0.05335691832689831,nan
3928064.0,0.31327032095888196,0.11827778072914777,nan
3930112.0,0.2806814230319516,0.15408758375467696,nan
3932160.0,0.3131027873956508,0.11579829995154065,nan
3934208.0,0.2949658286343717,0.11752201101623272,nan
3936256.0,0.24509438354440993,0.15390410712987734,nan
3938304.0,0.3265183141602087,0.10119983908206978,nan
3940352.0,0.3230141507565274,0.07019488685983628,nan
3942400.0,0.31812201833449766,0.042356836614900556,nan
3944448.0,0.15253709448079464,0.232161664376113,nan
3946496.0,0.32009975925258904,0.06755586061762607,nan
3948544.0,0.3194300937282684,0.09025589745792209,nan
3950592.0,0.29326403600678125,0.16138384034730283,nan
3952640.0,0.34739087554001646,0.04586335512103077,nan
3954688.0,0.1253138466566036,0.22283673611920243,nan
3956736.0,0.2113818903646647,0.21733768822520141,nan
3958784.0,0.21233837340998865,0.20871008262719798,nan
3960832.0,0.31298400931485615,0.13651272035444828,nan
3962880.0,0.32012466675761586,0.11541623267905404,nan
3964928.0,0.31463084481439585,0.15058170552461625,nan
3966976.0,0.21032248553671895,0.2269651080647107,nan
3969024.0,0.216546751708057,0.150890536995085,nan
3971072.0,0.1936684828763007,0.13829846549416683,nan
3973120.0,0.18664276982385808,0.21076746703388918,nan
3975168.0,0.03599551809658609,0.18478436234014906,nan
3977216.0,0.20592884561147892,0.18724536964925942,nan
3979264.0,0.3302855312442655,0.0641353444835314,nan
3981312.0,0.28891522158961314,0.1498498759924094,nan
3983360.0,0.3212513264912529,0.13297486368366454,nan
3985408.0,0.2716520214759385,0.1303078226133475,nan
3987456.0,0.3059386956002435,0.14423928061088642,nan
3989504.0,0.2784694461746858,0.14307942030280899,nan
3991552.0,0.24903747255147732,0.16369201795771637,nan
3993600.0,0.23781299922879268,0.21210504346157133,nan
3995648.0,0.08967211048038164,0.21992560225649344,nan
3997696.0,-0.015817600539550287,0.1926068970373736,nan
3999744.0,0.3097165461156365,0.09051458962605356,nan
4001792.0,0.2972735568561525,0.14185382288943504,nan
4003840.0,0.2553254523024626,0.165645463698166,nan
4005888.0,0.22110306039451244,0.20395928845997854,nan
4007936.0,0.25198349163760403,0.1581620433153205,nan
4009984.0,0.3077928778792868,0.11529743733249662,nan
4012032.0,0.005029132010099004,0.20536524778947848,nan
4014080.0,0.1396159695832868,0.21822585014900683,92.12058212058213
4016128.0,0.25102074896870635,0.18173048826485982,nan
4018176.0,0.3442425693722611,0.03687014653260849,nan
4020224.0,0.2895499366759923,0.1439982544595365,nan
4022272.0,0.2586503697983612,0.17438641008872466,nan
4024320.0,0.2920699468971599,0.12663811168558606,nan
4026368.0,0.33641135353164786,0.11388031992978426,nan
4028416.0,0.3349783914794936,0.07197607636585053,nan
4030464.0,0.15023238606210815,0.21924520663667207,nan
4032512.0,0.33711010025125493,0.10433243145943803,nan
4034560.0,0.3037807318604724,0.18108422172689473,nan
4036608.0,0.0722925034839669,0.21873282633610464,nan
4038656.0,0.33542806579804474,0.07086920710750969,nan
4040704.0,0.24416051172549388,0.16455013119033352,nan
4042752.0,0.23291978355597973,0.22948423593759149,nan
4044800.0,0.3552293516051229,0.03312269823594261,nan
4046848.0,0.34072324848435864,0.049079723582952026,nan
4048896.0,0.3162468090254408,0.12871659236193092,nan
4050944.0,0.3313935159803072,0.13535150222963754,nan
4052992.0,0.3282739536706448,0.06881439311055923,nan
4055040.0,0.21664271649374453,0.14756447796298944,nan
4057088.0,0.289706041318608,0.16289745135844727,nan
4059136.0,0.23783113043846563,0.2118436381503444,nan
4061184.0,0.28028374890161084,0.16660040312982266,nan
4063232.0,0.13140528088690473,0.21146819223454802,nan
4065280.0,0.314077046002977,0.11926641909595828,nan
4067328.0,0.32273199831524885,0.09190699807414611,nan
4069376.0,0.13927888877015096,0.2396446148608638,nan
4071424.0,0.29985640738286334,0.11578500955087817,nan
4073472.0,0.1857090938161502,0.19038613064217016,nan
4075520.0,0.2715780898025257,0.10500065958985952,nan
4077568.0,0.1309666886962558,0.22550376302911201,nan
4079616.0,0.3294285299742157,0.04727668786930357,nan
4081664.0,0.27720023689340173,0.15157098550599005,nan
4083712.0,0.2538375371587416,0.15167101209834868,nan
4085760.0,0.16381538155914463,0.18318861963777297,nan
4087808.0,0.16259209010255962,0.2352839258176555,nan
4089856.0,0.09893801881370398,0.19316213201289742,nan
4091904.0,0.22952944145924123,0.22218840041835414,nan
4093952.0,0.20626146686737162,0.2310227915451626,nan
4096000.0,0.3051286425209758,0.10693335811443468,nan
4098048.0,0.3490502534846824,0.029778166017229633,nan
4100096.0,0.14360366728150437,0.22396730285506938,nan
4102144.0,0.33804105897892733,0.07721501759474486,nan
4104192.0,0.12700898465829552,0.2454773579234941,nan
4106240.0,0.11035760671784806,0.22898027539735247,nan
4108288.0,0.29548657266165923,0.17454865984080598,nan
4110336.0,0.25874793502401205,0.1386066604157907,nan
4112384.0,0.31709515381046394,0.08164850120781202,nan
4114432.0,0.25827304307420673,0.16699637622629976,77.4012474012474
4116480.0,0.22064083079542646,0.17642966401449373,nan
4118528.0,0.32460698074666927,0.07963330422532833,nan
4120576.0,0.31126942019284576,0.11109490762511677,nan
4122624.0,0.2883354451897846,0.14114025204461383,nan
4124672.0,0.3364485652104721,0.052697396544816054,nan
4126720.0,0.3444197200421605,0.04376742299111133,nan
4128768.0,0.21582897303707055,0.19520149955473717,nan
4130816.0,0.24491749193698154,0.18985960028316715,nan
4132864.0,0.3001862527826695,0.1051231025090243,nan
4134912.0,0.33445704463304327,0.11477711063787815,nan
4136960.0,0.32650088870491745,0.10861948985755265,nan
4139008.0,0.23691538504471993,0.15704113434284936,nan
4141056.0,0.2922387343625431,0.14577926871853694,nan
4143104.0,0.3340167850980676,0.049140883352489576,nan
4145152.0,0.3512878751810816,0.02903028570276839,nan
4147200.0,0.3364314589149977,0.07397015335065382,nan
4149248.0,0.3071405720857391,0.13693730785910388,nan
4151296.0,0.3261417935082714,0.10193686506750502,nan
4153344.0,0.3082174074384636,0.10035427201426199,nan
4155392.0,0.20416080675334197,0.21727017728166723,nan
4157440.0,0.23984984160246559,0.1629080605098118,nan
4159488.0,0.27384459328559363,0.16414934448609897,nan
4161536.0,0.35079705864878336,0.04961007224997669,nan
4163584.0,0.33188282405570646,0.067577740393692,nan
4165632.0,0.2602461039590367,0.2047938413408681,nan
4167680.0,0.3483152916906077,0.06596694913228854,nan
4169728.0,0.24734759080198424,0.16826362001270137,nan
4171776.0,0.33602179467933635,0.03375219979723015,nan
4173824.0,0.3275574807112381,0.04682360152460333,nan
4175872.0,0.31785739812694,0.10912907380034963,nan
4177920.0,0.3225404114555032,0.06902840221837184,nan
4179968.0,0.32794486009328827,0.04193592965652844,nan
4182016.0,0.3266122421298101,0.04458585879668551,nan
4184064.0,0.3156080976918149,0.0685741720141892,nan
4186112.0,0.3096659813868276,0.13981761875290585,nan
4188160.0,0.2220886075992897,0.20227299117108904,nan
4190208.0,0.2514482096366114,0.15911147777177137,nan
4192256.0,0.36166864956687816,0.07710700311583991,nan
4194304.0,0.10492022008886645,0.21718465599462736,nan
4196352.0,0.24871226867505358,0.16339681932476238,nan
4198400.0,0.32839174791373255,0.05408884901860451,nan
4200448.0,0.30615911700954557,0.13884499911827952,nan
4202496.0,0.2638934911360503,0.2124382998732672,nan
4204544.0,0.1581239333560429,0.21662201667198433,nan
4206592.0,0.3305039901510171,0.12821544875018817,nan
4208640.0,0.30474418473828213,0.10171846669950377,nan
4210688.0,0.17131411815123807,0.20490275244641526,nan
4212736.0,0.30609333824480384,0.10840172190688376,nan
4214784.0,0.28626986052883574,0.14715492477938785,80.997920997921
4216832.0,0.25820016538340024,0.1517418255365756,nan
4218880.0,0.30130129010330886,0.168535923270829,nan
4220928.0,0.34339277131731993,0.08988781907638771,nan
4222976.0,0.33966659347392614,0.05080283070487153,nan
4225024.0,0.3526731868026392,0.057172207751772806,nan
4227072.0,0.30642937544078697,0.14380469749785085,nan
4229120.0,0.2759370218063206,0.180754951289826,nan
4231168.0,0.3314507616916321,0.06214689907905693,nan
4233216.0,0.3278327098360816,0.081158885624307,nan
4235264.0,0.35912768609613144,0.04430192891127186,nan
4237312.0,0.3257338685859674,0.08870395022348201,nan
4239360.0,0.31252006832426016,0.13224082665611497,nan
4241408.0,0.33358276909245027,0.07734925943367336,nan
4243456.0,0.3111716085206554,0.11408404653299396,nan
4245504.0,0.30623740256675097,0.09748513103668693,nan
4247552.0,0.2939366068741544,0.12951872842023485,nan
4249600.0,0.11797235207625333,0.2593926180117029,nan
4251648.0,0.19905148699250486,0.2107039801394402,nan
4253696.0,0.34798272827411575,0.05444215565447875,nan
4255744.0,0.3574666828041773,0.038859055105340566,nan
4257792.0,0.22586037789889213,0.22482426989964518,nan
4259840.0,0.24859108767546864,0.17780380161830225,nan
4261888.0,0.35628045986384965,0.06498133191455044,nan
4263936.0,0.3498957500618698,0.02387369169898696,nan
4265984.0,0.27437040265764556,0.17141775088895891,nan
4268032.0,0.3512240064229981,0.036655146954216754,nan
4270080.0,0.31772603259859483,0.08577599511487051,nan
4272128.0,0.2944571529205892,0.14673315753091687,nan
4274176.0,0.0886381394832094,0.20222679881458336,nan
4276224.0,0.2591524546965217,0.17790623467690314,nan
4278272.0,0.32738732012836536,0.056945350468984544,nan
4280320.0,0.3256374811236217,0.08724631834329111,nan
4282368.0,0.3454638774671598,0.021104606931420238,nan
4284416.0,0.33661136721790863,0.0485300933149019,nan
4286464.0,0.3123268578700802,0.10191917658905661,nan
4288512.0,0.23574388079823963,0.21779888694518268,nan
4290560.0,0.3165710014098414,0.12380816706164731,nan
4292608.0,0.31114567164280393,0.10826985605764732,nan
4294656.0,0.3331829617281317,0.036183660231534666,nan
4296704.0,0.2308659882504747,0.18675115816500654,nan
4298752.0,0.2837635117429498,0.1068866915771962,nan
4300800.0,0.27689426988074517,0.10413324724049824,nan
4302848.0,0.3120408186920288,0.09238261748072484,nan
4304896.0,0.3479255198471426,0.06753292354364249,nan
4306944.0,0.2538594779680336,0.10199755903660784,nan
4308992.0,0.2372244644462444,0.11764560485144739,nan
4311040.0,0.16400486202403985,0.11311654524737286,nan
4313088.0,0.272332812714165,0.10901996698455675,nan
4315136.0,0.2282316547025231,0.1611573156395516,59.84407484407484
4317184.0,0.2604522285936074,0.11304488680078159,nan
4319232.0,0.2550402443795856,0.12789350327944377,nan
4321280.0,0.2745495564456708,0.1319860799701502,nan
4323328.0,0.24893284812854502,0.17023971494786858,nan
4325376.0,0.28876598562220057,0.11937561191967025,nan
4327424.0,0.31341707165688815,0.08632471656441855,nan
4329472.0,0.33851438171458936,0.05931369671738708,nan
4331520.0,0.30848777566160995,0.10813047523285402,nan
4333568.0,0.3125699854666616,0.12545374081857744,nan
4335616.0,0.31485919209057095,0.09359540393787531,nan
4337664.0,0.23862636978407525,0.15510482593670324,nan
4339712.0,0.29359679278904993,0.11222666281829778,nan
4341760.0,0.26160063185383275,0.201289480631805,nan
4343808.0,0.35998670598071836,0.04648073041935314,nan
4345856.0,0.3074352489826021,0.11226395930117264,nan
4347904.0,0.3498654357750012,0.057963955319715633,nan
4349952.0,0.34090938215507904,0.09386761681829885,nan
4352000.0,0.35376136502601496,0.04339555655399681,nan
4354048.0,0.25378929096954644,0.18385269332686505,nan
4356096.0,0.2833419410360153,0.12945744015351757,nan
4358144.0,0.3031176866398613,0.12321346110988333,nan
4360192.0,0.3265921227532591,0.026803254870633925,nan
4362240.0,0.33490738482810356,0.050519669374845186,nan
4364288.0,0.3070538710320152,0.10163799445165368,nan
4366336.0,0.3485153192066089,0.05255100439332318,nan
4368384.0,0.22999603797293353,0.16187457777680656,nan
4370432.0,0.344649074168166,0.07940868199348308,nan
4372480.0,0.316783643595017,0.11558320798515638,nan
4374528.0,0.13663942025243497,0.20650381004900203,nan
4376576.0,0.15957960314344652,0.25075223241155303,nan
4378624.0,0.364686626904574,0.033427460260593386,nan
4380672.0,0.24429355680550702,0.17158517051730943,nan
4382720.0,0.28435378195736094,0.13298821622872614,nan
4384768.0,0.3371735644274042,0.08959001797675656,nan
4386816.0,0.29396418030683574,0.1322929810629684,nan
4388864.0,0.27368525185962955,0.18643842559922,nan
4390912.0,0.32759873698596687,0.08678035799274973,nan
4392960.0,0.34722022924237916,0.037836919706697635,nan
4395008.0,0.3147237856374784,0.09683487718908405,nan
4397056.0,0.312195885141688,0.11146943172059598,nan
4399104.0,0.3259541116462382,0.09082492581423363,nan
4401152.0,0.2688880259945876,0.15968346348409734,nan
4403200.0,0.3381151796652846,0.07495807251961818,nan
4405248.0,0.3365388803781685,0.056921327653053785,nan
4407296.0,0.29367005024383586,0.14247505588963744,nan
4409344.0,0.3358179649305258,0.06703228622794768,nan
4411392.0,0.33240910270631946,0.07102438062331458,nan
4413440.0,0.3498887584407897,0.07874212000834076,nan
4415488.0,0.2661259221902901,0.15890520640110867,88.86694386694387
4417536.0,0.2505024943395251,0.202233344415151,nan
4419584.0,0.2257764528219049,0.232446424123157,nan
4421632.0,0.2565359000935448,0.16385821682174592,nan
4423680.0,0.31884409087007026,0.12722999317551414,nan
4425728.0,0.30793618575170334,0.11746213792172729,nan
4427776.0,0.3076363292730282,0.13821370614764172,nan
4429824.0,0.22609116163791282,0.19073494104767227,nan
4431872.0,0.29667595713409406,0.12815977116828026,nan
4433920.0,0.19222329043605949,0.19162941012185983,nan
4435968.0,0.3408296883176899,0.07308160259913263,nan
4438016.0,0.35068301948234293,0.04581010883973076,nan
4440064.0,0.2469047216539424,0.1972318197920257,nan
4442112.0,0.14992934313699371,0.22649578763485462,nan
4444160.0,0.3360536806387018,0.0771715081045982,nan
4446208.0,0.32964463306553915,0.07755755847168895,nan
4448256.0,0.3103809087318322,0.12157681830677185,nan
4450304.0,0.3419500186515243,0.07288640209657613,nan
4452352.0,0.32834700029244146,0.0913934373825548,nan
4454400.0,0.2621202700371297,0.19343630956314695,nan
4456448.0,0.23782280570898737,0.1629398948389784,nan
4458496.0,0.3142735913294979,0.13371517756748627,nan
4460544.0,0.3010108160590191,0.12207611710274652,nan
4462592.0,0.21903865337175343,0.20050474045395977,nan
4464640.0,0.312909249456905,0.12774787956560554,nan
4466688.0,0.3310600554598165,0.03455468018933719,nan
4468736.0,0.23751864691596175,0.18956247965120945,nan
4470784.0,0.30641794032253244,0.12876195024954376,nan
4472832.0,0.17894556751171606,0.24053824562755347,nan
4474880.0,0.35941425968929364,0.06115733135082118,nan
4476928.0,0.33070427995971896,0.10964921838088314,nan
4478976.0,0.33496062434829593,0.09652214651809352,nan
4481024.0,0.22118220806654734,0.2141230750273048,nan
4483072.0,0.2699182667267111,0.17888897543601076,nan
4485120.0,0.35674222499804,0.04367002124173221,nan
4487168.0,0.2621325210036118,0.20825156897849706,nan
4489216.0,0.08656145384468275,0.2103255393997083,nan
4491264.0,0.24699433260257303,0.2150789956701506,nan
4493312.0,0.3261494429342139,0.11914941533836804,nan
4495360.0,0.3417783388121131,0.02698045611026373,nan
4497408.0,0.22604004275625444,0.19528784398579122,nan
4499456.0,0.23531369274516845,0.1766169204477141,nan
4501504.0,0.14977868128061142,0.22400059334317365,nan
4503552.0,0.3308524033269916,0.11774782016427038,nan
4505600.0,0.3484763738112441,0.08695310796517286,nan
4507648.0,0.32689417971589296,0.11316722540233429,nan
4509696.0,0.2179648363625582,0.22154046244520997,nan
4511744.0,0.11288774190653,0.23169496625594646,nan
4513792.0,0.3056483751804151,0.12682524662586897,nan
4515840.0,0.3406718613090358,0.09972469862148611,78.4095634095634
4517888.0,0.2988058806442718,0.15312537161220732,nan
4519936.0,0.2808537801202892,0.15527347845119066,nan
4521984.0,0.19475971365860884,0.19982791488083818,nan
4524032.0,0.34172706156800636,0.04148552876258451,nan
4526080.0,0.29441772365242724,0.14635538010255875,nan
4528128.0,0.28548661625492877,0.13548521669482105,nan
4530176.0,0.3321281715654031,0.10259267349478508,nan
4532224.0,0.2826954195521688,0.12652702865877988,nan
4534272.0,0.3489949300109203,0.07590465776473765,nan
4536320.0,0.33124143411644075,0.11720025928849784,nan
4538368.0,0.23878151241357082,0.16746295177774698,nan
4540416.0,0.16414233307411172,0.1761887806588487,nan
4542464.0,0.30428158208431255,0.12791572544667162,nan
4544512.0,0.3320302157940271,0.03261081760543184,nan
4546560.0,0.3299723686215961,0.05104788621858404,nan
4548608.0,0.35307749952289136,0.032154810985917937,nan
4550656.0,0.3156350766953243,0.12634617294919964,nan
4552704.0,0.3382615399414814,0.06972623610699011,nan
4554752.0,0.352670815962371,0.042614068081679495,nan
4556800.0,0.3547115043348795,0.03140440206409229,nan
4558848.0,0.3383865366326554,0.07440198723523676,nan
4560896.0,0.2292774869149429,0.19790810167437778,nan
4562944.0,0.35038028041509284,0.058906017042210296,nan
4564992.0,0.36086377523172697,0.030653753781743148,nan
4567040.0,0.3358726222718089,0.028080576633988885,nan
4569088.0,0.3248530279112134,0.10865642257925955,nan
4571136.0,0.2545134438043359,0.20330280770164774,nan
4573184.0,0.28069603761679973,0.14306590941741637,nan
4575232.0,0.33205103734036434,0.11247389486584936,nan
4577280.0,0.24482781231428916,0.2055879489422397,nan
4579328.0,0.2915844007105938,0.1633688796374357,nan
4581376.0,0.17347386496945633,0.22429284263427648,nan
4583424.0,0.12624052503553693,0.20073844837020335,nan
4585472.0,0.27043876633761643,0.12099782407981544,nan
4587520.0,0.35155534033483915,0.046015903118665255,nan
4589568.0,0.32404636966959754,0.14369674250155212,nan
4591616.0,0.3305217440436339,0.10886011529641569,nan
4593664.0,0.3511472256651944,0.034199279243768976,nan
4595712.0,0.3519646189120583,0.08916429956840073,nan
4597760.0,0.3280371354106342,0.09144524457843715,nan
4599808.0,0.3439610269831253,0.04629233681669701,nan
4601856.0,0.23924484978814753,0.19824062279962157,nan
4603904.0,0.19789352534104204,0.2283683081515617,nan
4605952.0,0.33696052510227875,0.1515804077455316,nan
4608000.0,0.21915818426858238,0.2228420390697927,nan
4610048.0,0.25634521063391413,0.14884631685357955,nan
4612096.0,0.31634720819549234,0.14336828663409684,nan
4614144.0,0.31868215114577914,0.06890636167181134,nan
4616192.0,0.33008936081794704,0.04861388720667065,93.71101871101872
4618240.0,0.3443817244090405,0.01752233359666558,nan
4620288.0,0.34342435953623507,0.036827862196224845,nan
4622336.0,0.32838809668085944,0.019923440603290005,nan
4624384.0,0.2331872053724114,0.21593382085856608,nan
4626432.0,0.13767201600033196,0.2094929679706103,nan
4628480.0,0.24114947061049907,0.21608360657154005,nan
4630528.0,0.34024294864165006,0.04445285788744309,nan
4632576.0,0.29579837735659403,0.15691109010044743,nan
4634624.0,0.3135886768308325,0.1395774452082364,nan
4636672.0,0.19501920000450448,0.21707382280010046,nan
4638720.0,0.304461127084636,0.1400392540832702,nan
4640768.0,0.34234371854341367,0.05773426894666192,nan
4642816.0,0.3363602321310203,0.09314730413509471,nan
4644864.0,0.2725693384603577,0.1341229356043057,nan
4646912.0,0.29064801656324846,0.15568943634029128,nan
4648960.0,0.3188906493354853,0.16534100074380342,nan
4651008.0,0.28905206958303586,0.15805498180177108,nan
4653056.0,0.36374547553462466,0.04243268103643546,nan
4655104.0,0.34039961456482754,0.03632727690474006,nan
4657152.0,0.3319103280934567,0.045241940573574065,nan
4659200.0,0.3356652630115653,0.06829428019478168,nan
4661248.0,0.35478593130913705,0.04745916065265401,nan
4663296.0,0.3427032804430774,0.04712875281228889,nan
4665344.0,0.33898055244017333,0.061154396765369476,nan
4667392.0,0.351365548311821,0.04982836110695219,nan
4669440.0,0.22316830113102604,0.18164198557111755,nan
4671488.0,0.22610937938164233,0.20587509068444465,nan
4673536.0,0.3557158069350511,0.04441122862460891,nan
4675584.0,0.37146569591408474,0.054325820375309176,nan
4677632.0,0.32900692769790413,0.11344310072393568,nan
4679680.0,0.34687228611304555,0.05419656292484627,nan
4681728.0,0.3554457526188467,0.04623358585848883,nan
4683776.0,0.2269459119896181,0.22120677731566044,nan
4685824.0,0.2524412134564401,0.18113873924258717,nan
4687872.0,0.2414814900975713,0.18583239863577541,nan
4689920.0,0.2662883689755521,0.17759734890227052,nan
4691968.0,0.3198954001990223,0.015464246424402707,nan
4694016.0,0.33864549049195003,0.05323455319028245,nan
4696064.0,0.23718060155199505,0.207958113214512,nan
4698112.0,0.35743555677980765,0.05909793335379925,nan
4700160.0,0.33230849286200914,0.08104859741333847,nan
4702208.0,0.29881348482384135,0.18961705538001472,nan
4704256.0,0.3596578569578222,0.028219153908116894,nan
4706304.0,0.3614575803770682,0.029583789443892783,nan
4708352.0,0.31778554664060277,0.12863126291017832,nan
4710400.0,0.3301150952469737,0.08839491737546877,nan
4712448.0,0.2544225909818305,0.15581750721405152,nan
4714496.0,0.3152898615990048,0.12415545236105127,nan
4716544.0,0.33860387593561986,0.09277174660281522,98.27442827442827
4718592.0,0.3375987698036518,0.05461980808228283,nan
4720640.0,0.3264327057808767,0.12140001223483521,nan
4722688.0,0.3526374738358815,0.04584993290918633,nan
4724736.0,0.3489322922317192,0.039559217621814295,nan
4726784.0,0.3334692243097557,0.03329109985865397,nan
4728832.0,0.32949483754604836,0.0737256981063602,nan
4730880.0,0.33533602269455626,0.057180858823102275,nan
4732928.0,0.33720169818369683,0.08807830644075082,nan
4734976.0,0.3277786692889556,0.09629547608660206,nan
4737024.0,0.3609478537011809,0.0821552355642312,nan
4739072.0,0.2947037078132634,0.12053058439346356,nan
4741120.0,0.32993635339598437,0.11607106180789532,nan
4743168.0,0.3478529719423249,0.018939869129546556,nan
4745216.0,0.3519436869251087,0.045730896369168564,nan
4747264.0,0.3080134152290486,0.126110825326431,nan
4749312.0,0.27582650808279446,0.16251390978068872,nan
4751360.0,0.1583493973773175,0.20018730487512754,nan
4753408.0,0.3493655812352391,0.06436755869134737,nan
4755456.0,0.26168917034712624,0.18089704956672958,nan
4757504.0,0.14846274410202148,0.242634645183696,nan
4759552.0,0.3387814437489575,0.018346357261520112,nan
4761600.0,0.13384688360644448,0.2491141530884242,nan
4763648.0,0.3509138658166857,0.0356430983978023,nan
4765696.0,0.33219160234519973,0.08454237667425564,nan
4767744.0,0.16455969647413274,0.21067675973516065,nan
4769792.0,0.11761232951113827,0.26240543643590425,nan
4771840.0,0.3355551150390998,0.05515014897636001,nan
4773888.0,0.2755676908996576,0.14576469557146535,nan
4775936.0,0.32082764658221463,0.03835739549357208,nan
4777984.0,0.3440024248235197,0.06567000163432803,nan
4780032.0,0.29052683336027985,0.14331973997310118,nan
4782080.0,0.32883051647227496,0.07432959931138293,nan
4784128.0,0.1387804460412461,0.20855590375532562,nan
4786176.0,0.2641444281783545,0.15675977436169802,nan
4788224.0,0.3603963098104349,0.07242861343062763,nan
4790272.0,0.355869361996054,0.06695382888434563,nan
4792320.0,0.3444719896718326,0.1186455995218321,nan
4794368.0,0.2337284276370969,0.20321981213482343,nan
4796416.0,0.2412851991884514,0.19475372729538518,nan
4798464.0,0.35417992019987354,0.053905125853193576,nan
4800512.0,0.3283431228016547,0.13110926731916933,nan
4802560.0,0.33104334840125704,0.08265729569938125,nan
4804608.0,0.35417022813754734,0.05671058012518639,nan
4806656.0,0.31802210737330594,0.09824439806292622,nan
4808704.0,0.32628478813150447,0.058914946318815845,nan
4810752.0,0.35387899945293827,0.05353492550257405,nan
4812800.0,0.3177143941558259,0.04072774687162413,nan
4814848.0,0.3529305961402466,0.04419570269990125,nan
4816896.0,0.33029870287869556,0.02643944224533501,77.9002079002079
4818944.0,0.29245280856612627,0.09609361471211936,nan
4820992.0,0.2837629342697746,0.09942310328226411,nan
4823040.0,0.2991723616661391,0.10217493542275162,nan
4825088.0,0.33164300348794873,0.07363016249483219,nan
4827136.0,0.3336376564370655,0.0709531355537851,nan
4829184.0,0.32288758411839874,0.06357517138325877,nan
4831232.0,0.3586245020289256,0.03523875107220796,nan
4833280.0,0.3232848517668573,0.0915941355661879,nan
4835328.0,0.32079586236975444,0.08271184759090427,nan
4837376.0,0.31146565081959665,0.06690505439388639,nan
4839424.0,0.30263899116269644,0.1414750916748758,nan
4841472.0,0.23888131315508604,0.20251651805592585,nan
4843520.0,0.32395257432068136,0.03329238193629046,nan
4845568.0,0.25032721845009986,0.19085640352447264,nan
4847616.0,0.3469468829461734,0.046146480346021354,nan
4849664.0,0.3260674710456354,0.023458093470820732,nan
4851712.0,0.35752572958523976,0.05039553472221554,nan
4853760.0,0.3441282940830624,0.05479470495887547,nan
4855808.0,0.31190080074435966,0.1119774774880693,nan
4857856.0,0.35255430502049556,0.03745436250815401,nan
4859904.0,0.28256611181520586,0.12067359605099102,nan
4861952.0,0.32868691340668926,0.07508582862609099,nan
4864000.0,0.22537699418446336,0.20625460785388752,nan
4866048.0,0.16569673916868655,0.22989239701510075,nan
4868096.0,0.15970194350736244,0.22699120092486894,nan
4870144.0,0.23604612935863228,0.21535268451615094,nan
4872192.0,0.35012029818777657,0.033832592556951674,nan
4874240.0,0.33182951128389593,0.09631794513116548,nan
4876288.0,0.2999306193219936,0.1141608259013766,nan
4878336.0,0.3525711729220819,0.06173161378030133,nan
4880384.0,0.22745201568776097,0.22621734099729354,nan
4882432.0,0.33547070337262735,0.03206195399590199,nan
4884480.0,0.2958410292501701,0.08510098254012949,nan
4886528.0,0.3494370568688835,0.06857769499889128,nan
4888576.0,0.16417969495067722,0.21328773987561356,nan
4890624.0,0.28490566046344046,0.16166193266714113,nan
4892672.0,0.30814755442112307,0.13942458110781691,nan
4894720.0,0.3362577599311671,0.04558387747927831,nan
4896768.0,0.2886730864483941,0.16404754042043548,nan
4898816.0,0.3353647944227499,0.06444816994682852,nan
4900864.0,0.3048515275785214,0.11797033751463222,nan
4902912.0,0.2829336962407817,0.16701025152642213,nan
4904960.0,0.2971071618872231,0.16193513845177518,nan
4907008.0,0.3337907666440745,0.09869080526817021,nan
4909056.0,0.3161959414237088,0.13297080047152743,nan
4911104.0,0.31836103580155417,0.10266808539078173,nan
4913152.0,0.3472924961261742,0.05408387118076355,nan
4915200.0,0.2957711535586513,0.15796418544922514,nan
4917248.0,0.34541608331308266,0.03330329517684717,97.60914760914761
4919296.0,0.33513646126806185,0.05743373112381546,nan
4921344.0,0.3596683061880803,0.06617883741795318,nan
4923392.0,0.3240903029013756,0.07542721795010145,nan
4925440.0,0.33974002696135064,0.07910114148246447,nan
4927488.0,0.34354680695867357,0.04355392489401646,nan
4929536.0,0.24270467477181035,0.16822153249887817,nan
4931584.0,0.2755871420006071,0.16868052804287728,nan
4933632.0,0.29905076261509367,0.16346505996841876,nan
4935680.0,0.33976083272029656,0.0989592029240952,nan
4937728.0,0.32926992097031826,0.031845423300173176,nan
4939776.0,0.3189641827063608,0.053121003028462635,nan
4941824.0,0.28282219361930716,0.18393023918388235,nan
4943872.0,0.33242140889569666,0.10549002303645717,nan
4945920.0,0.30743548637338924,0.1317845283044953,nan
4947968.0,0.3444214097469859,0.07793850267905683,nan
4950016.0,0.3396268940525624,0.050102172162546005,nan
4952064.0,0.3533526052878343,0.027630327572596678,nan
4954112.0,0.360599761614693,0.04175004348089332,nan
4956160.0,0.286392995167846,0.13870828807561889,nan
4958208.0,0.3337990052100621,0.0493342591920749,nan
4960256.0,0.27667713443211256,0.14862358155552463,nan
4962304.0,0.3334292370118078,0.051411632027841284,nan
4964352.0,0.2599213620817849,0.17568566280914072,nan
4966400.0,0.16799023969312563,0.23087670282817752,nan
4968448.0,0.33028424390298106,0.09038863766080449,nan
4970496.0,0.3478479848103292,0.06278783223246924,nan
4972544.0,0.36571479617297664,0.05618856058901033,nan
4974592.0,0.36989233478991135,0.031383469220181315,nan
4976640.0,0.35110769139124687,0.030226785395725302,nan
4978688.0,0.35121897911590194,0.028532865765944312,nan
4980736.0,0.3467685782649231,0.05149115496702656,nan
4982784.0,0.26071657843035806,0.14398105054502452,nan
4984832.0,0.2353286430573311,0.16988645954183915,nan
4986880.0,0.3706208200210439,0.024055357757211012,nan
4988928.0,0.17452284029170417,0.20269838699926138,nan
4990976.0,0.2369580647465622,0.19286325572204016,nan
4993024.0,0.2629767933243388,0.17137732080029117,nan
4995072.0,0.27269127280052874,0.18036309823620886,nan
4997120.0,0.2588927140507138,0.18509793383669196,nan
4999168.0,0.0742937945104461,0.16996724872032656,nan
5000000.0,0.3639969412507554,0.026500457658689455,74.72972972972973
