step,rollout_reward_mean,rollout_reward_std,eval_dcr_mean
2048.0,0.07961663848660179,0.20761706438845662,nan
4096.0,0.08285811858104059,0.2167510300704572,nan
6144.0,0.06345698030921904,0.1836901073726022,nan
8192.0,0.03867890494855418,0.18944648767818564,nan
10240.0,0.08750756566667095,0.20399157974697885,nan
12288.0,0.06108945973278183,0.22198467536008012,nan
14336.0,0.06406090298913232,0.20682084554927063,nan
16384.0,0.04678106623271473,0.1537100266665507,nan
18432.0,0.09161703066363919,0.18968812634473634,nan
20480.0,0.053224347421143126,0.1740880053884811,nan
22528.0,0.07884860226253794,0.16403708626572816,nan
24576.0,0.07384251618073792,0.18574263490766,nan
26624.0,0.09618815533788772,0.1909087189215476,nan
28672.0,0.0523108000643525,0.19782704487098743,nan
30720.0,0.08520260016334198,0.21805522324800436,nan
32768.0,0.08485420979846697,0.17976733020016292,nan
34816.0,0.10862954993997259,0.2072033174394152,nan
36864.0,0.07275474315984386,0.20462041476765438,nan
38912.0,0.04232280142188125,0.14667860210441921,nan
40960.0,0.07581133833390322,0.22360749185828818,nan
43008.0,0.06209039530520987,0.15377248945792607,nan
45056.0,0.0821886478936632,0.21758542747905113,nan
47104.0,0.06472691646194964,0.17235633462186772,nan
49152.0,0.0635998013922474,0.14955380226481035,nan
51200.0,0.08946112610476942,0.20670490879126963,nan
53248.0,0.0980282704611603,0.1696835548188272,nan
55296.0,0.050823209631552166,0.1824864556047085,nan
57344.0,0.06821491000309712,0.19189262136411964,nan
59392.0,0.06861409971719337,0.18803382038596553,nan
61440.0,0.07344398275820103,0.22398026525912326,nan
63488.0,0.06100190324517084,0.13563841670937143,nan
65536.0,0.04682960064450814,0.16775838471185436,nan
67584.0,0.07024415693013177,0.17527329940939665,nan
69632.0,0.07002604334149934,0.17891409803538852,nan
71680.0,0.08280445844839675,0.18408657292035166,nan
73728.0,0.0772490690467533,0.17115812680641956,nan
75776.0,0.07434234970964088,0.14281783953969246,nan
77824.0,0.10060055648341744,0.17901819381244213,nan
79872.0,0.061322914406515265,0.15420469344503124,nan
81920.0,0.07965694578493439,0.16996211907202116,nan
83968.0,0.10288428033049389,0.17190811911171697,nan
86016.0,0.07677496159804019,0.1779361814637073,nan
88064.0,0.08012857326206632,0.14036993385779428,nan
90112.0,0.062006697407358695,0.16677369749744492,nan
92160.0,0.07287809986088895,0.15503708329396987,nan
94208.0,0.05387324755525604,0.18772920965735554,nan
96256.0,0.07041097927944992,0.13888201537551523,nan
98304.0,0.10731375524572816,0.17326478526867475,nan
100352.0,0.09947825958847323,0.18251600207393315,16.34095634095634
102400.0,0.09516522013705153,0.17623846026301102,nan
104448.0,0.06759253483388188,0.16711193510020644,nan
106496.0,0.09200482472992672,0.18993050332993355,nan
108544.0,0.0724026022454616,0.17441403251670828,nan
110592.0,0.06251260615314212,0.15554952098006603,nan
112640.0,0.0888937677235355,0.15472693323411302,nan
114688.0,0.06740732982265599,0.14566610890272774,nan
116736.0,0.06172563565651679,0.19308512993587715,nan
118784.0,0.07979739245899736,0.17032931316967537,nan
120832.0,0.08320944967715722,0.13467759279098016,nan
122880.0,0.07921648708517562,0.18194748717526396,nan
124928.0,0.07066109509780286,0.187702455801293,nan
126976.0,0.08138988492442054,0.17995629054898674,nan
129024.0,0.07959082090174316,0.14857385117453875,nan
131072.0,0.06092513413085091,0.18439713605575933,nan
133120.0,0.07271645192078227,0.2005075795693406,nan
135168.0,0.08943745527233503,0.15827512655061826,nan
137216.0,0.07138037324851604,0.19737219157753286,nan
139264.0,0.07906373665183657,0.15750286752200526,nan
141312.0,0.08065952503963453,0.17825102650881047,nan
143360.0,0.06241146124027724,0.1709702536399685,nan
145408.0,0.074956547174272,0.19040118132408168,nan
147456.0,0.08847579156429507,0.16885415049489322,nan
149504.0,0.0692752154048122,0.14469279698161883,nan
151552.0,0.08808770701778747,0.1908219537905871,nan
153600.0,0.08041747807524466,0.12345510505854294,nan
155648.0,0.08831808690226295,0.15679558209365885,nan
157696.0,0.07426015034142121,0.13071199599686123,nan
159744.0,0.07208763298851714,0.1489162052654819,nan
161792.0,0.090494718231414,0.13929272686958494,nan
163840.0,0.09196537267596053,0.13078972548635767,nan
165888.0,0.07806042106560565,0.16876397654614414,nan
167936.0,0.0863099947464312,0.13839682182192556,nan
169984.0,0.0963790937809397,0.15020960511913023,nan
172032.0,0.09421426075682146,0.1285049877867925,nan
174080.0,0.08277089540352062,0.15840918617327565,nan
176128.0,0.0926399317841664,0.15066717536395594,nan
178176.0,0.10001339261726966,0.16845013904271144,nan
180224.0,0.09059974427802296,0.16225558731071063,nan
182272.0,0.0804840069122531,0.13680305553401162,nan
184320.0,0.09964194425708428,0.18893261144934864,nan
186368.0,0.09068680004486802,0.1456941856669946,nan
188416.0,0.0872323847906424,0.164528470127158,nan
190464.0,0.09022398941470428,0.15025420451338015,nan
192512.0,0.08905387702277157,0.16778845281954324,nan
194560.0,0.08650927426959151,0.16879344777479238,nan
196608.0,0.09502642604334591,0.16810389604359513,nan
198656.0,0.08282849989553956,0.1556671805838518,nan
200704.0,0.09338856667657015,0.1510392181109442,15.956340956340958
202752.0,0.0878945422968559,0.17305203757308943,nan
204800.0,0.08796389896539064,0.16584472430638086,nan
206848.0,0.09169797973959053,0.14320492810967655,nan
208896.0,0.10261614776620653,0.19208897807181127,nan
210944.0,0.0792757478592595,0.16770172508076503,nan
212992.0,0.09022093394536577,0.171893828827247,nan
215040.0,0.07593680075368826,0.16170532374471286,nan
217088.0,0.08065992057233487,0.14331054949174438,nan
219136.0,0.09988884585935454,0.17145700203297026,nan
221184.0,0.08257864528419118,0.16587063789465342,nan
223232.0,0.08673881706316533,0.1824047024003691,nan
225280.0,0.07935926769329833,0.15067041546941956,nan
227328.0,0.08858045724163252,0.18994730360419457,nan
229376.0,0.09669219480465654,0.17901705759228445,nan
231424.0,0.08394309034981876,0.1520904639234149,nan
233472.0,0.08145150834894865,0.15091976439226293,nan
235520.0,0.08689047975942896,0.15486069938691388,nan
237568.0,0.08722718677925878,0.1645112920816352,nan
239616.0,0.0848662637735836,0.15299410404973585,nan
241664.0,0.09234178571462193,0.1552246507043787,nan
243712.0,0.08536420613382978,0.17126019196817624,nan
245760.0,0.0773340364687805,0.16668798629465933,nan
247808.0,0.07609180930717926,0.17148842339203452,nan
249856.0,0.09848394207395678,0.18953853010670846,nan
251904.0,0.07502232409389083,0.17438469458008649,nan
253952.0,0.09708972419714962,0.13996088963549383,nan
256000.0,0.09719826514450952,0.16828244494427078,nan
258048.0,0.09406424895330058,0.1854713340698917,nan
260096.0,0.09255828317681819,0.1688668871204534,nan
262144.0,0.09830260066591878,0.17326014026132475,nan
264192.0,0.08243948706471575,0.17827010275640565,nan
266240.0,0.08827220251008643,0.17705499674427277,nan
268288.0,0.08770589050344332,0.15915887856072988,nan
270336.0,0.08984034733062315,0.17254471790690387,nan
272384.0,0.08500941815862495,0.19623341323208507,nan
274432.0,0.08819001967136267,0.18693445651222032,nan
276480.0,0.08548063124879356,0.18812772592602092,nan
278528.0,0.08162185714452441,0.19230826182452404,nan
280576.0,0.08664409089790867,0.16433863824704326,nan
282624.0,0.09645841308449002,0.1921796641038073,nan
284672.0,0.09425014136545226,0.17855509538072567,nan
286720.0,0.1029677998130196,0.15183260227374773,nan
288768.0,0.08458672368426534,0.17963134305686626,nan
290816.0,0.09960031531762827,0.19505566135109836,nan
292864.0,0.08154589945346585,0.1999402384397072,nan
294912.0,0.0835280955039002,0.18703983150932577,nan
296960.0,0.09820797939167995,0.19639807366618983,nan
299008.0,0.08212287204647126,0.18035565641520163,nan
301056.0,0.0725321503794037,0.1866369568452749,23.5966735966736
303104.0,0.07852217343119257,0.18990912943787808,nan
305152.0,0.10627205575903487,0.19569243962453944,nan
307200.0,0.0899198364944833,0.1874978007785412,nan
309248.0,0.10353571284435717,0.19800872699875996,nan
311296.0,0.09009389311824946,0.18166212661549766,nan
313344.0,0.09577279188432594,0.17735166447056466,nan
315392.0,0.08311998512807472,0.19905279475821064,nan
317440.0,0.08032533924229802,0.2032025395954799,nan
319488.0,0.09494534095046747,0.18961454990845328,nan
321536.0,0.0625375159247857,0.1872003378363576,nan
323584.0,0.08839622992453539,0.1900988814686039,nan
325632.0,0.08364698433921594,0.19758978091165244,nan
327680.0,0.08450637321036596,0.1909500001953477,nan
329728.0,0.09280462477442367,0.20013358555356156,nan
331776.0,0.08897222064309365,0.19970174833592155,nan
333824.0,0.07085126524566038,0.20240098734320525,nan
335872.0,0.09974206849863138,0.21349027682988683,nan
337920.0,0.08778921045112693,0.19916512077250312,nan
339968.0,0.07540737711056965,0.20420045810708476,nan
342016.0,0.09311442865586143,0.21004740643025774,nan
344064.0,0.08917790300608983,0.19486580002726814,nan
346112.0,0.05918190044059627,0.18859529872373412,nan
348160.0,0.09410132399251046,0.2137833901467333,nan
350208.0,0.0851661672641108,0.17918490437208245,nan
352256.0,0.08569115977049538,0.19295095772500676,nan
354304.0,0.0794062725484673,0.20659657570605994,nan
356352.0,0.06767146378231986,0.18601760437595855,nan
358400.0,0.10675080046840146,0.19690055958628347,nan
360448.0,0.07964240694808845,0.20489268983301095,nan
362496.0,0.09203956508030012,0.19026379406545835,nan
364544.0,0.08999910998006297,0.16956357095830618,nan
366592.0,0.0785052358455702,0.20034591476146804,nan
368640.0,0.07955837129720168,0.19977424607571703,nan
370688.0,0.09528048047293203,0.21350813028043467,nan
372736.0,0.08894424793081852,0.1557717712968899,nan
374784.0,0.09105116453695919,0.19581360107763182,nan
376832.0,0.0725622651604963,0.22418891385870873,nan
378880.0,0.08712738602554397,0.18903469718641092,nan
380928.0,0.09116141488057777,0.18238267754427384,nan
382976.0,0.09563440363411574,0.21206700163019138,nan
385024.0,0.07062633606104143,0.21099758630323992,nan
387072.0,0.07412537430050284,0.1916489654802461,nan
389120.0,0.07165640553909564,0.20324556099379004,nan
391168.0,0.09709863988983224,0.1878221988426547,nan
393216.0,0.10391320832706519,0.21330065263101464,nan
395264.0,0.08501160726580737,0.1803054186294874,nan
397312.0,0.09049870774988433,0.1945906202456177,nan
399360.0,0.10437931593739774,0.2044342875534057,nan
401408.0,0.09369560505362623,0.20203145898261293,20.91476091476091
403456.0,0.09063824169823276,0.18060219619968038,nan
405504.0,0.0956015554164579,0.17506658114371748,nan
407552.0,0.10800680966877271,0.20581510324702382,nan
409600.0,0.08630387741988138,0.21781430620829345,nan
411648.0,0.07594767084539995,0.2081443374878303,nan
413696.0,0.09793935831351913,0.19984947572517386,nan
415744.0,0.10022947736079982,0.1913233332328819,nan
417792.0,0.09374190178561305,0.18266462206058195,nan
419840.0,0.06625394237256096,0.1850241980504996,nan
421888.0,0.09414558443855765,0.19393562436355863,nan
423936.0,0.0869587131260328,0.20057594785123106,nan
425984.0,0.09397051169120446,0.16668500989132562,nan
428032.0,0.09545533998246278,0.1729613554775933,nan
430080.0,0.09592887200956893,0.17453056889318377,nan
432128.0,0.07097233385392424,0.17141019619070566,nan
434176.0,0.06493705502137559,0.19857107253371573,nan
436224.0,0.09178291409374201,0.186577197413983,nan
438272.0,0.07797508201636597,0.16545413524147423,nan
440320.0,0.07106160673637771,0.19709879105440403,nan
442368.0,0.09083301794416349,0.1884071239714381,nan
444416.0,0.08771450881531108,0.18319415170461312,nan
446464.0,0.0816675529338502,0.16651154460898557,nan
448512.0,0.07936278798478838,0.20748688718506494,nan
450560.0,0.07853996576536139,0.1875303753686755,nan
452608.0,0.06820849293805033,0.1939438021512981,nan
454656.0,0.09207518968855172,0.19777834302789216,nan
456704.0,0.08287425866816933,0.20841431311659547,nan
458752.0,0.06718137357091065,0.1959234555475551,nan
460800.0,0.08929842873309066,0.1860296145086995,nan
462848.0,0.08257991518711551,0.17569883543468645,nan
464896.0,0.08629397691516968,0.16622665317023871,nan
466944.0,0.06468800184103406,0.17183619008969583,nan
468992.0,0.10451143330664006,0.19722754598417028,nan
471040.0,0.08647707208012356,0.19031976436939976,nan
473088.0,0.09238324532739606,0.1938741586912567,nan
475136.0,0.07664246123607066,0.2214245367042884,nan
477184.0,0.08018816675562312,0.2103285687410295,nan
479232.0,0.06666899987030953,0.18076998965115632,nan
481280.0,0.08901245874271208,0.20781600051028637,nan
483328.0,0.08717826286419067,0.19890309461087247,nan
485376.0,0.07263812895917462,0.20610041673570362,nan
487424.0,0.0998120304711417,0.18444192222007513,nan
489472.0,0.10680833293564186,0.20207399819657812,nan
491520.0,0.05444231225728689,0.20292464798798465,nan
493568.0,0.100517271870517,0.202046265422311,nan
495616.0,0.06525506234187242,0.18158480736122876,nan
497664.0,0.09310554890257836,0.18624438275205998,nan
499712.0,0.09530793703648796,0.19276017472542956,nan
501760.0,0.0861139791849507,0.2253905394148781,25.561330561330557
503808.0,0.08415685649477717,0.20702962999530033,nan
505856.0,0.07587047965594215,0.18154781933868638,nan
507904.0,0.12562550853629523,0.1843157505554018,nan
509952.0,0.08059014513730281,0.21667053227344604,nan
512000.0,0.07738749844781427,0.20631460214119565,nan
514048.0,0.10005447263303469,0.22498015480149233,nan
516096.0,0.09846809914173439,0.19127329436907414,nan
518144.0,0.08982495338658503,0.20551096162904525,nan
520192.0,0.08014785429099867,0.19917865091797612,nan
522240.0,0.06476453248425246,0.20127353735469203,nan
524288.0,0.11215536668103891,0.18515988194218871,nan
526336.0,0.07826370310621154,0.15864773402506036,nan
528384.0,0.11776695795552403,0.19794189786200636,nan
530432.0,0.09262995227728647,0.17236998903830722,nan
532480.0,0.09251443172458833,0.1789330433547676,nan
534528.0,0.07409620907354225,0.16916583012041914,nan
536576.0,0.06723542042206787,0.18360367454566917,nan
538624.0,0.08170064512196044,0.1960009489562436,nan
540672.0,0.09267076673845337,0.2008840170379305,nan
542720.0,0.08144966099679517,0.19545305322089032,nan
544768.0,0.10447837713056171,0.20300737806883018,nan
546816.0,0.09468766574198564,0.21090481269405137,nan
548864.0,0.07393504540483398,0.20903704253372546,nan
550912.0,0.08897856041260285,0.19802300915892285,nan
552960.0,0.08449401613665784,0.19634116549531494,nan
555008.0,0.07763160624776758,0.1865543917642237,nan
557056.0,0.0869646969702053,0.19823341183446755,nan
559104.0,0.0521544474551801,0.20012791451192624,nan
561152.0,0.08387002663172519,0.17637577318533093,nan
563200.0,0.0811008376673572,0.18461708583887854,nan
565248.0,0.0722979770219649,0.1862970910788755,nan
567296.0,0.07845347867084804,0.16730821023442433,nan
569344.0,0.08440263817982868,0.19785982744430625,nan
571392.0,0.0959943064115695,0.1998088602326979,nan
573440.0,0.09128144706961075,0.1883032283445291,nan
575488.0,0.08787740637945249,0.1867899948940193,nan
577536.0,0.08771383326927513,0.1949925884070711,nan
579584.0,0.062888446990578,0.19621035641873721,nan
581632.0,0.10291551487479987,0.1997431627288655,nan
583680.0,0.0731515393306529,0.19581458694243078,nan
585728.0,0.10207146694717367,0.2111971090697061,nan
587776.0,0.07179562144434123,0.1930696894009822,nan
589824.0,0.08044300045502448,0.19176953278559963,nan
591872.0,0.08735678047708678,0.167228203016256,nan
593920.0,0.05773876081040623,0.1958948568847959,nan
595968.0,0.08907306801660363,0.19999242270636008,nan
598016.0,0.08209053615321453,0.2010219358032106,nan
600064.0,0.08121616442216813,0.1943741705187533,nan
602112.0,0.10218836516686944,0.1952442718768847,22.609147609147612
604160.0,0.084808324666551,0.18905751156547942,nan
606208.0,0.10301916147421694,0.21992228152851517,nan
608256.0,0.07842046850647529,0.20681608759285416,nan
610304.0,0.07848179199432712,0.1751701652739145,nan
612352.0,0.07509868055549987,0.19566627050654598,nan
614400.0,0.08590014423358033,0.1911367327143315,nan
616448.0,0.09497279720746228,0.18891248139370984,nan
618496.0,0.06967866751853978,0.21436386321624215,nan
620544.0,0.06775086981179627,0.1933149118345663,nan
622592.0,0.06394009797227937,0.18254300953460456,nan
624640.0,0.09500477082147504,0.1782526536384698,nan
626688.0,0.0670950364478804,0.19800807733787965,nan
628736.0,0.08708522934127182,0.20331914580237023,nan
630784.0,0.11255132932470589,0.20267344900944892,nan
632832.0,0.07453070021198964,0.17850006966023335,nan
634880.0,0.05987949618607236,0.20486411637521912,nan
636928.0,0.09455951564128495,0.20564321178358533,nan
638976.0,0.09601743785472322,0.18460884242181375,nan
641024.0,0.0811483253102872,0.19660357627992564,nan
643072.0,0.07391701990994079,0.20954695841063065,nan
645120.0,0.07139172708993148,0.16465354659229206,nan
647168.0,0.10338421595007359,0.180927046674713,nan
649216.0,0.07750874585906128,0.20403514260516678,nan
651264.0,0.06695206082138433,0.20615926635379905,nan
653312.0,0.10697284750823226,0.19397205207638082,nan
655360.0,0.10174003272343568,0.2124721268949579,nan
657408.0,0.08549546215526439,0.2167864472383156,nan
659456.0,0.08541867178613743,0.1915376969190623,nan
661504.0,0.07032515968479736,0.18915676125776715,nan
663552.0,0.08572094890932302,0.17126496462189625,nan
665600.0,0.08269465593757297,0.19767022125770617,nan
667648.0,0.0843445751853467,0.20307750125404,nan
669696.0,0.08097635279716564,0.20597908268490625,nan
671744.0,0.09690925846655031,0.17089344722303393,nan
673792.0,0.0822731785473903,0.1635869055893267,nan
675840.0,0.0816559426715307,0.2102785828724915,nan
677888.0,0.07028859639367155,0.17468379297356182,nan
679936.0,0.10164685777555317,0.19537751182372726,nan
681984.0,0.07347014816528513,0.18194821922524046,nan
684032.0,0.07172437864502562,0.1867138045440377,nan
686080.0,0.07843689485601968,0.17276222025485133,nan
688128.0,0.0783691503873515,0.18773507870650125,nan
690176.0,0.11413384877641945,0.2138230899074229,nan
692224.0,0.10156462746558478,0.1844473066632793,nan
694272.0,0.10233042893736913,0.18346664167817905,nan
696320.0,0.09622059071567522,0.21499744183122088,nan
698368.0,0.09162149570460669,0.2045607346188288,nan
700416.0,0.07426153061779207,0.21058721333463362,nan
702464.0,0.08366727227514836,0.20615939994499727,23.61746361746362
704512.0,0.08426446464938295,0.18880000428480878,nan
706560.0,0.07558444956340458,0.18478402566534508,nan
708608.0,0.07917809372088123,0.20035790410498472,nan
710656.0,0.10932119530265573,0.20600928432906263,nan
712704.0,0.09375584728234737,0.19300566988264056,nan
714752.0,0.0642100222120219,0.19999825910365224,nan
716800.0,0.07488772314988985,0.21138807995125602,nan
718848.0,0.08394360352170882,0.17778125665460118,nan
720896.0,0.10904903808302316,0.2193415779433773,nan
722944.0,0.08528642919134077,0.2123425938445001,nan
724992.0,0.07137024612974616,0.18533629755918307,nan
727040.0,0.07088220923127851,0.18945342276104168,nan
729088.0,0.08904563017287868,0.18721622410620778,nan
731136.0,0.07153354394805768,0.18568233404518808,nan
733184.0,0.09334040245968563,0.1816530681082625,nan
735232.0,0.09608640149103781,0.18526580243276597,nan
737280.0,0.09991354556370682,0.19112216368884505,nan
739328.0,0.09254852530636645,0.1957826409504529,nan
741376.0,0.07370541217348568,0.16888233571801178,nan
743424.0,0.09435816603207647,0.2134241575322091,nan
745472.0,0.08979005292843056,0.21702666576083854,nan
747520.0,0.09583203967976837,0.16863621268744172,nan
749568.0,0.09223308644871006,0.19914294196337576,nan
751616.0,0.09154014909599521,0.18933560021949633,nan
753664.0,0.08436873914126429,0.19374816698308234,nan
755712.0,0.09170677944784227,0.18193229929727295,nan
757760.0,0.07721312890287715,0.2006792454548958,nan
759808.0,0.11462998756009601,0.18349732813442568,nan
761856.0,0.07291887516604176,0.1988949147892317,nan
763904.0,0.07020860314285035,0.1908588537228834,nan
765952.0,0.09338215787433743,0.16260462187075053,nan
768000.0,0.09670750941746714,0.19589013715108874,nan
770048.0,0.08456614489368362,0.19763478530272624,nan
772096.0,0.07826876632424254,0.1824588718848191,nan
774144.0,0.08861116053449156,0.20665308229240495,nan
776192.0,0.08956514471525222,0.19551812934982588,nan
778240.0,0.10276266525418257,0.2024991889541762,nan
780288.0,0.09602915294940728,0.20695973720029368,nan
782336.0,0.0923326227071615,0.19156133711311019,nan
784384.0,0.10678682739974535,0.20353155935931921,nan
786432.0,0.08504604624918385,0.18941506369509067,nan
788480.0,0.09177761788555866,0.1864265717890842,nan
790528.0,0.08747173474443258,0.18392494404530457,nan
792576.0,0.10363658990256833,0.1737595533151131,nan
794624.0,0.09053948190274372,0.20877823133607226,nan
796672.0,0.06957175106730529,0.18342728029535826,nan
798720.0,0.08761311286981757,0.21354819638193173,nan
800768.0,0.0630415580399874,0.1958817540367413,nan
802816.0,0.0962215655619181,0.18340511938829054,22.869022869022867
804864.0,0.08612111625921268,0.21079579533167303,nan
806912.0,0.06067661300984587,0.1987614306985825,nan
808960.0,0.08678118583358727,0.19360015523711796,nan
811008.0,0.09019422502699193,0.19297579403091733,nan
813056.0,0.06438337856648652,0.17991454322247938,nan
815104.0,0.07699950629679447,0.193153279159918,nan
817152.0,0.10380685275067755,0.17404329452881112,nan
819200.0,0.08813319507752797,0.1687949959677324,nan
821248.0,0.07761053050769845,0.1919339017764465,nan
823296.0,0.07383594160853998,0.19880588734191992,nan
825344.0,0.09973387448093389,0.20742985768382477,nan
827392.0,0.09319218138836202,0.1700240724658462,nan
829440.0,0.11437140661763566,0.18241431742047426,nan
831488.0,0.09331609589143967,0.21569351324020714,nan
833536.0,0.0968441206376519,0.19271196508475216,nan
835584.0,0.07822218667941508,0.19631226821647632,nan
837632.0,0.08628680373099262,0.19369771669829322,nan
839680.0,0.07077827111792401,0.18305353021543605,nan
841728.0,0.082829959087867,0.18590430909431216,nan
843776.0,0.08763226914120303,0.18313610589127993,nan
845824.0,0.09581364970480549,0.2228848864232514,nan
847872.0,0.06962663639108099,0.18602368854184007,nan
849920.0,0.09651443038622942,0.15864978682930453,nan
851968.0,0.07636386850004029,0.18091904925553703,nan
854016.0,0.10601261925120326,0.17824969298252863,nan
856064.0,0.07218380190828835,0.20708028604796688,nan
858112.0,0.06150114740214978,0.21506374252297675,nan
860160.0,0.08441332365872811,0.20484564353798254,nan
862208.0,0.07655945256994022,0.1821186109044712,nan
864256.0,0.07488504987136183,0.21042078842300632,nan
866304.0,0.07917539874199475,0.18744121842751055,nan
868352.0,0.08633529952413176,0.1781776375538281,nan
870400.0,0.08525118021222475,0.20952611595853873,nan
872448.0,0.10287938197978082,0.16821390630598454,nan
874496.0,0.064235192084347,0.199657636519413,nan
876544.0,0.12008199574430325,0.2074008680056604,nan
878592.0,0.07155340729631392,0.2126075481051755,nan
880640.0,0.09890732733492871,0.21253246490347172,nan
882688.0,0.0789215943178002,0.17192955709081117,nan
884736.0,0.09180894190250749,0.16813122833797156,nan
886784.0,0.06821364320438962,0.17779143355974059,nan
888832.0,0.09695781784581488,0.20188251398469328,nan
890880.0,0.1011401042666649,0.18438062704843827,nan
892928.0,0.08300674826205087,0.19329396861817302,nan
894976.0,0.07361411747979321,0.1771520091975468,nan
897024.0,0.09140168382368094,0.18657087447577064,nan
899072.0,0.12257594088513984,0.21379291645220466,nan
901120.0,0.08129708871899421,0.21151261973558358,nan
903168.0,0.08261680115903064,0.18647088478511611,26.70179507866075
905216.0,0.09153402979274752,0.2076808295872005,nan
907264.0,0.07029533117729266,0.18638334892820227,nan
909312.0,0.045986773073272515,0.18257695813899036,nan
911360.0,0.07679492331448266,0.1700983633610663,nan
913408.0,0.09655863477640897,0.2161611303290768,nan
915456.0,0.0883320949091026,0.21462238420003488,nan
917504.0,0.08610073087558015,0.19054168459602291,nan
919552.0,0.09007985155421075,0.16213080983703454,nan
921600.0,0.1106223915593998,0.20390645973681643,nan
923648.0,0.07384168931607178,0.1395998289663733,nan
925696.0,0.09076957115444767,0.17083766014336707,nan
927744.0,0.0757218027016392,0.20021297164801571,nan
929792.0,0.09715658496059154,0.19349835529770718,nan
931840.0,0.1017471548999149,0.21089812821031037,nan
933888.0,0.11457298141463475,0.21714003515295144,nan
935936.0,0.08379213520962464,0.19711866643880704,nan
937984.0,0.12327260184926585,0.19371144223758716,nan
940032.0,0.09882649597660709,0.19581227825420613,nan
942080.0,0.09730505815075027,0.21989087869048748,nan
944128.0,0.09743815429110775,0.20849057383256425,nan
946176.0,0.10182904347023014,0.18413408140467774,nan
948224.0,0.05246343422436757,0.1908067340168652,nan
950272.0,0.10461693867835514,0.2058909923805012,nan
952320.0,0.09469384842853046,0.1875684732070837,nan
954368.0,0.0957842785021695,0.21282108302151717,nan
956416.0,0.09847723788726367,0.20594634432675382,nan
958464.0,0.06828253835323728,0.17226672075652708,nan
960512.0,0.06809301750065119,0.15460042786449485,nan
962560.0,0.09222680575743042,0.22536818218056057,nan
964608.0,0.1074871978492263,0.2005160431861452,nan
966656.0,0.06488118593245593,0.16647515536128565,nan
968704.0,0.08595183322022314,0.21183426815977643,nan
970752.0,0.08096108631278631,0.19305287152481293,nan
972800.0,0.07530772167029087,0.19894920976475622,nan
974848.0,0.08590684705203072,0.20572541151765936,nan
976896.0,0.10177307611672576,0.2131386760494443,nan
978944.0,0.05701409233656421,0.18276603928278512,nan
980992.0,0.08921576582244833,0.2241699461578313,nan
983040.0,0.11244339899020442,0.18509244710547157,nan
985088.0,0.06767184913622463,0.1729241167786428,nan
987136.0,0.0922301053224566,0.19100463461472403,nan
989184.0,0.11235915085801361,0.20330260184890195,nan
991232.0,0.08645469958964117,0.19611084153103908,nan
993280.0,0.06208575788814971,0.19181478637903607,nan
995328.0,0.061192176148924346,0.20055594643190938,nan
997376.0,0.07724005190840941,0.202417233503198,nan
999424.0,0.08669389057231172,0.20668175807503755,nan
1001472.0,0.0935216071068806,0.1954961513437779,nan
1003520.0,0.10565569110876946,0.19719615990936468,24.064449064449068
1005568.0,0.08139087691651051,0.15416806348707207,nan
1007616.0,0.07878230411136664,0.18230328549058014,nan
1009664.0,0.08817530868637465,0.18882002346735596,nan
1011712.0,0.09874909657004274,0.1825704498605549,nan
1013760.0,0.10264138470279044,0.19638953820088678,nan
1015808.0,0.0830333282682259,0.18986840551704204,nan
1017856.0,0.11801817313921571,0.198919227785263,nan
1019904.0,0.090196287635839,0.1930567943831036,nan
1021952.0,0.10526219476294654,0.2058603793093305,nan
1024000.0,0.09591562805089529,0.2070287472746754,nan
1026048.0,0.09401365452886015,0.1949952688076577,nan
1028096.0,0.0819315051172507,0.20577431713529432,nan
1030144.0,0.09703068838151543,0.19586799938097665,nan
1032192.0,0.0714147712348348,0.19545581673915322,nan
1034240.0,0.10577204190324585,0.22330088066469145,nan
1036288.0,0.09227333230504885,0.19997341115123143,nan
1038336.0,0.1112422786119574,0.2073026656625557,nan
1040384.0,0.07335877788669702,0.20549304353548747,nan
1042432.0,0.059235295922282175,0.19775389390236292,nan
1044480.0,0.1051563385501852,0.19719334489864918,nan
1046528.0,0.11948298007200629,0.22651135570259123,nan
1048576.0,0.11037744834622627,0.2063981130647097,nan
1050624.0,0.10128896088540607,0.1679200891800839,nan
1052672.0,0.10137024870527775,0.20768166903528493,nan
1054720.0,0.07228660185821693,0.20245678143745224,nan
1056768.0,0.07923973073593699,0.1889948291913009,nan
1058816.0,0.08622368226103243,0.18412292815853148,nan
1060864.0,0.0960823074148911,0.20629061011420216,nan
1062912.0,0.09972842846453871,0.20206569935750052,nan
1064960.0,0.12705978185962788,0.2042016032963746,nan
1067008.0,0.08571478631023954,0.18901174903181536,nan
1069056.0,0.044242808288459605,0.20631600040050035,nan
1071104.0,0.09400292628541496,0.18265143052486665,nan
1073152.0,0.07348036286937637,0.20264697780311822,nan
1075200.0,0.1170520746993189,0.20869751766291064,nan
1077248.0,0.0866168571330123,0.177984989340106,nan
1079296.0,0.08839735231590426,0.19944331258964787,nan
1081344.0,0.07818849134705183,0.19813146877154691,nan
1083392.0,0.08691767163474282,0.20030366991964302,nan
1085440.0,0.0986928293864301,0.1747136875673598,nan
1087488.0,0.10326831749256664,0.18732201824138245,nan
1089536.0,0.08004571214674776,0.196964336073037,nan
1091584.0,0.10465266820231128,0.18599562576158266,nan
1093632.0,0.09665693444256435,0.20844365817178745,nan
1095680.0,0.108252458693011,0.19040930559335215,nan
1097728.0,0.08289386809139099,0.20057479942964734,nan
1099776.0,0.07623185895521661,0.18460540191194175,nan
1101824.0,0.07819663165353417,0.19451645075965082,nan
1103872.0,0.07841918533239492,0.2177606361265492,28.87733887733888
1105920.0,0.09901179376480324,0.18575357892691424,nan
1107968.0,0.0862075741736957,0.21373507333412722,nan
1110016.0,0.09439761485148014,0.1855962678006826,nan
1112064.0,0.06018804069058264,0.19062953010547296,nan
1114112.0,0.07420624638663918,0.1998238517047106,nan
1116160.0,0.08858940019115155,0.2149639212190334,nan
1118208.0,0.0765350812301554,0.18970996314861233,nan
1120256.0,0.08122512491598902,0.20421417145129345,nan
1122304.0,0.10649643915935919,0.21483448128758414,nan
1124352.0,0.09161223983229196,0.1905198304331096,nan
1126400.0,0.1012289209117769,0.19628991169019663,nan
1128448.0,0.12066421984040995,0.21484769200317486,nan
1130496.0,0.09673090347749577,0.21320200060638997,nan
1132544.0,0.09559890235427987,0.19165819585219898,nan
1134592.0,0.09959511169104283,0.21753213304474803,nan
1136640.0,0.1064708172529674,0.1871105487201899,nan
1138688.0,0.1020619778515787,0.21625062182643248,nan
1140736.0,0.09788759102571801,0.2147120522057161,nan
1142784.0,0.1070589580529217,0.19877274606654374,nan
1144832.0,0.10157753194333799,0.1999866530594578,nan
1146880.0,0.10393362829037482,0.1925749910316026,nan
1148928.0,0.08769428087229998,0.18359789526032935,nan
1150976.0,0.12228407805404229,0.20755242192594583,nan
1153024.0,0.11248293909854318,0.2076654761109271,nan
1155072.0,0.0752424175060222,0.18417335288587397,nan
1157120.0,0.08902480686235911,0.1901424261110067,nan
1159168.0,0.08274241917133711,0.2027006667666863,nan
1161216.0,0.0789579440157153,0.19326674814794692,nan
1163264.0,0.08289156243569377,0.19779291752387396,nan
1165312.0,0.11431210908429663,0.1959540749593451,nan
1167360.0,0.0860221407389479,0.18890729989682886,nan
1169408.0,0.13847429113099188,0.2091624936281513,nan
1171456.0,0.09851994420731136,0.20144330126234533,nan
1173504.0,0.09227022101050672,0.1886936659251254,nan
1175552.0,0.08641654811891754,0.1855878287415378,nan
1177600.0,0.10580372586948317,0.20097422644670934,nan
1179648.0,0.09849617080892137,0.21555719440045187,nan
1181696.0,0.11372894221248975,0.2175353081613983,nan
1183744.0,0.12533176319437483,0.19050230596017992,nan
1185792.0,0.08908494490633354,0.20175183257475263,nan
1187840.0,0.09842765540244278,0.20714281853317942,nan
1189888.0,0.08474722431242304,0.20856849311736037,nan
1191936.0,0.08603075653983784,0.20363142028672615,nan
1193984.0,0.11288569646090323,0.22815664691585336,nan
1196032.0,0.118594223702168,0.2092504712228979,nan
1198080.0,0.12294158348255109,0.22778720023237473,nan
1200128.0,0.1163511662534761,0.20038569678199122,nan
1202176.0,0.08172518289700349,0.20567539440294705,nan
1204224.0,0.07544586333065233,0.1995676034652375,27.733887733887734
1206272.0,0.10300397581609438,0.2108028360629353,nan
1208320.0,0.08379489093113811,0.20373560061512752,nan
1210368.0,0.1008122371984734,0.207108301379499,nan
1212416.0,0.09254890092144047,0.17567915293123615,nan
1214464.0,0.07319694978565477,0.2079252066408532,nan
1216512.0,0.08440077719347694,0.19601171296411032,nan
1218560.0,0.058421389539003485,0.1759090274058017,nan
1220608.0,0.10963436552924381,0.2000495072193081,nan
1222656.0,0.1347481937035384,0.21769590142410342,nan
1224704.0,0.12231897959642798,0.21673674628305833,nan
1226752.0,0.11316978040084694,0.18281328731108346,nan
1228800.0,0.1032741729940021,0.20691701649919694,nan
1230848.0,0.08337751106337557,0.221672910212086,nan
1232896.0,0.11340258637227711,0.21159070013964662,nan
1234944.0,0.09617979163464144,0.20802548198824988,nan
1236992.0,0.09648761101843566,0.21966479727235078,nan
1239040.0,0.08906085326299834,0.20071694372374277,nan
1241088.0,0.0925741530719777,0.19204752808025335,nan
1243136.0,0.10441973104372186,0.21498740164177513,nan
1245184.0,0.0868249305842943,0.1851847635356776,nan
1247232.0,0.0879128814303172,0.22591094479810625,nan
1249280.0,0.09382980008174707,0.1998777961371566,nan
1251328.0,0.10749820763688436,0.20504720153776412,nan
1253376.0,0.09408540518791664,0.209173859706733,nan
1255424.0,0.09222628330177389,0.2129078756868671,nan
1257472.0,0.06669325484630374,0.18267274162341512,nan
1259520.0,0.1160767838663127,0.23220311023510226,nan
1261568.0,0.1037486419079747,0.22315238516501254,nan
1263616.0,0.10680920923709736,0.20176789579991328,nan
1265664.0,0.07219176483280139,0.22857030656085037,nan
1267712.0,0.1000298042218031,0.1591952352291022,nan
1269760.0,0.15101045362864463,0.21243987820435326,nan
1271808.0,0.10993804717965347,0.20951039934850957,nan
1273856.0,0.09860446138144952,0.20703814723241085,nan
1275904.0,0.0884706416139115,0.1981043848583452,nan
1277952.0,0.10864517200624507,0.20528079573768113,nan
1280000.0,0.12155099274611855,0.2127162294632685,nan
1282048.0,0.12243247090153729,0.2208359036668799,nan
1284096.0,0.09140153505447873,0.20238610252341074,nan
1286144.0,0.14472026942299548,0.20925489639259223,nan
1288192.0,0.10134526318547558,0.19160095701567145,nan
1290240.0,0.09336632866584435,0.2078988151732944,nan
1292288.0,0.08013576727532175,0.21397972102261245,nan
1294336.0,0.08663419364719707,0.18684460412388826,nan
1296384.0,0.07814142928505398,0.1869953197351978,nan
1298432.0,0.10211127992806861,0.20330865772662052,nan
1300480.0,0.07965183005715502,0.16551806737151217,nan
1302528.0,0.12046290078652822,0.2120847803961851,nan
1304576.0,0.10145286538531509,0.19162443210225452,31.45530145530146
1306624.0,0.12125003294834827,0.19969200773313567,nan
1308672.0,0.10799007250121553,0.20612967406556035,nan
1310720.0,0.10586223942505842,0.226736512232631,nan
1312768.0,0.1068766247164054,0.2147503145746062,nan
1314816.0,0.09412897667199047,0.196968827550082,nan
1316864.0,0.10989723640957685,0.19265877573104934,nan
1318912.0,0.12286420524268449,0.21567798360378757,nan
1320960.0,0.08225502633383125,0.19245053405585968,nan
1323008.0,0.1090143868770385,0.19228964180391106,nan
1325056.0,0.10670239164683985,0.19709668612766035,nan
1327104.0,0.08682205937036375,0.20200682491338806,nan
1329152.0,0.1033765939165381,0.20768394547886992,nan
1331200.0,0.08584024503175285,0.20494087878137368,nan
1333248.0,0.11494231236623681,0.18184460742292227,nan
1335296.0,0.11686286131825052,0.23603990966035843,nan
1337344.0,0.14517242684718668,0.20942557922927454,nan
1339392.0,0.11724410939898768,0.2093319718333762,nan
1341440.0,0.10262791839084762,0.21122009397807368,nan
1343488.0,0.06103796127917431,0.20582574790628091,nan
1345536.0,0.1039559152222834,0.2048519358856748,nan
1347584.0,0.12843716821636225,0.20229660171007474,nan
1349632.0,0.10790263709537656,0.20464341303279257,nan
1351680.0,0.10032495131017327,0.180662066077641,nan
1353728.0,0.08688331658406069,0.2066442626132378,nan
1355776.0,0.13393658429304603,0.20119614879889341,nan
1357824.0,0.11391605654359785,0.21312709062297472,nan
1359872.0,0.10137787726058388,0.22446937836854636,nan
1361920.0,0.075627623546138,0.19620555421063787,nan
1363968.0,0.09954002207715512,0.2117399132942626,nan
1366016.0,0.12208933412850974,0.2237079397757332,nan
1368064.0,0.1245403234033284,0.22360163128860316,nan
1370112.0,0.11640804889718864,0.2222041083199498,nan
1372160.0,0.12738495579437553,0.21750955082285586,nan
1374208.0,0.12670799371945718,0.21167917825070376,nan
1376256.0,0.09541129224423023,0.2083405780727687,nan
1378304.0,0.14929120922577643,0.18888537211101342,nan
1380352.0,0.09624374106290624,0.20030225675311278,nan
1382400.0,0.1118819806133738,0.21493175678523405,nan
1384448.0,0.12257112322964833,0.2158808404168715,nan
1386496.0,0.09429470060542662,0.21061914969461928,nan
1388544.0,0.11489211526360209,0.2369466998620807,nan
1390592.0,0.08134185644236724,0.20265743107261835,nan
1392640.0,0.10646197000559891,0.22222706008670573,nan
1394688.0,0.13380896130311107,0.22708389288222453,nan
1396736.0,0.09501396905086348,0.21163940009509452,nan
1398784.0,0.09578236007523702,0.21617167648934943,nan
1400832.0,0.11069734390491776,0.185624813690791,nan
1402880.0,0.12338269155269295,0.1990817905284531,nan
1404928.0,0.08254677435186004,0.2040798589353881,34.636174636174644
1406976.0,0.12103023606713409,0.23296816687040495,nan
1409024.0,0.12910774220451524,0.2151930246120342,nan
1411072.0,0.11601601105532945,0.21285621899607754,nan
1413120.0,0.10925929866989831,0.2369085242697666,nan
1415168.0,0.11031276347516733,0.2220311221224699,nan
1417216.0,0.11393817286532491,0.19605927047172816,nan
1419264.0,0.1261557872342991,0.21000063557023327,nan
1421312.0,0.12473832683191989,0.21911700877851228,nan
1423360.0,0.14643106669001568,0.22992817480246458,nan
1425408.0,0.13561594513361713,0.20983188315776155,nan
1427456.0,0.13385940876887026,0.22840124573031004,nan
1429504.0,0.13191375242537962,0.22963387961120452,nan
1431552.0,0.0844072859931492,0.21969468442628268,nan
1433600.0,0.07878186632143341,0.21149965179576155,nan
1435648.0,0.13298849416454533,0.2039201403203349,nan
1437696.0,0.09717616855300278,0.20536340324896277,nan
1439744.0,0.11534780637247757,0.22117204429820042,nan
1441792.0,0.15035178452506276,0.22243665571429405,nan
1443840.0,0.16297196176286144,0.2184757642286653,nan
1445888.0,0.14013573563181203,0.22783770296681566,nan
1447936.0,0.13164193189571194,0.20847960326513224,nan
1449984.0,0.1321349967287728,0.23802044264123665,nan
1452032.0,0.12039744843117117,0.23005527855490124,nan
1454080.0,0.1160848161533516,0.21974760200367818,nan
1456128.0,0.09095534110888358,0.20448931239698037,nan
1458176.0,0.16484564453408485,0.1992961401203463,nan
1460224.0,0.1370579172268092,0.23251375952996983,nan
1462272.0,0.17620130530990735,0.21614592612021466,nan
1464320.0,0.1295686959310625,0.21725466351003636,nan
1466368.0,0.16444628022708216,0.2235335653880966,nan
1468416.0,0.12596479887341783,0.22832872065660814,nan
1470464.0,0.14848917139836462,0.20477543470840923,nan
1472512.0,0.11086167244559908,0.21310516828329948,nan
1474560.0,0.12367432195707169,0.1944539908272425,nan
1476608.0,0.1086917102883265,0.2176456062089302,nan
1478656.0,0.10693006161344713,0.22277738711290065,nan
1480704.0,0.10842997480654655,0.22523841124995939,nan
1482752.0,0.12227182211130502,0.21161674420918317,nan
1484800.0,0.10725049071491347,0.20810155540903674,nan
1486848.0,0.10564054410558633,0.23146113353612288,nan
1488896.0,0.1218334137123607,0.21923895829513237,nan
1490944.0,0.09399046554825347,0.21889055539579996,nan
1492992.0,0.11199257127412676,0.21399964602569302,nan
1495040.0,0.1630718164745371,0.22441047511758497,nan
1497088.0,0.1460489106278287,0.23112544900505086,nan
1499136.0,0.13072943364459136,0.20680705514540026,nan
1501184.0,0.12949136377826181,0.22009760367449482,nan
1503232.0,0.13395694768028327,0.2039225865640561,nan
1505280.0,0.12323463383943872,0.20337507203378266,42.08939708939709
1507328.0,0.08480074691064857,0.1962718258829748,nan
1509376.0,0.1506032004124584,0.20919715577128176,nan
1511424.0,0.10646846269113822,0.22462026834777865,nan
1513472.0,0.13792345752347912,0.21611554603437885,nan
1515520.0,0.09530100780479667,0.21271221337843998,nan
1517568.0,0.11090646119655055,0.2265265187161326,nan
1519616.0,0.19882060757233688,0.2168266500218097,nan
1521664.0,0.1712504716535057,0.22843916792684138,nan
1523712.0,0.11074597178287603,0.22835411501933184,nan
1525760.0,0.16037949907817445,0.22495828598146894,nan
1527808.0,0.09148329592830912,0.19613270734005983,nan
1529856.0,0.18181599063918627,0.21275956998736295,nan
1531904.0,0.1084602163345629,0.22520129480358222,nan
1533952.0,0.12116421637587109,0.23120643736594135,nan
1536000.0,0.14445174797025936,0.24191482933655545,nan
1538048.0,0.14986206307348698,0.22922869081212968,nan
1540096.0,0.11047301317920494,0.21173685738471543,nan
1542144.0,0.15608356456802452,0.22995744723956346,nan
1544192.0,0.13329250370234869,0.2005465455832752,nan
1546240.0,0.11197276921787094,0.2196426781917553,nan
1548288.0,0.14326545809182917,0.22447089649346974,nan
1550336.0,0.11842917515769988,0.2238509495254754,nan
1552384.0,0.09217562801464188,0.2051874753221666,nan
1554432.0,0.13475387617103363,0.2239806124769938,nan
1556480.0,0.1401301299807895,0.2165158094765215,nan
1558528.0,0.09328724754249954,0.19614736952096126,nan
1560576.0,0.14647526641630518,0.22202481746897226,nan
1562624.0,0.09635234164730973,0.22405587594701187,nan
1564672.0,0.095312994842244,0.21822974628846126,nan
1566720.0,0.11606126272790837,0.20878156775182438,nan
1568768.0,0.1121664914257777,0.2290010445679819,nan
1570816.0,0.24184688373525556,0.20381978370491152,nan
1572864.0,0.11217538621365827,0.22855639667260386,nan
1574912.0,0.14176746364235257,0.22897374388032554,nan
1576960.0,0.12255283930321725,0.22874062733085027,nan
1579008.0,0.12866567262844386,0.22778093741012367,nan
1581056.0,0.12461291756479803,0.22010418651781913,nan
1583104.0,0.14041410129976634,0.23631028633719445,nan
1585152.0,0.09944614827818074,0.20686939796100798,nan
1587200.0,0.18093424384740892,0.224150046330466,nan
1589248.0,0.21528657922612904,0.21722681975401223,nan
1591296.0,0.12448074302469508,0.2293243575095969,nan
1593344.0,0.16085327243281045,0.21535800100015173,nan
1595392.0,0.1561171413992605,0.2260873063026896,nan
1597440.0,0.1048325602094847,0.2161577130814216,nan
1599488.0,0.16094661385271042,0.23389437489112774,nan
1601536.0,0.081759093357604,0.20847559298022728,nan
1603584.0,0.12118079574873955,0.2260323875735904,nan
1605632.0,0.13348254392203443,0.22459504751759515,43.61746361746363
1607680.0,0.14800970781269482,0.2152297120081484,nan
1609728.0,0.12402245944243181,0.20482527013377813,nan
1611776.0,0.12700621051603972,0.2172694221931531,nan
1613824.0,0.17173885003126074,0.23465807273683956,nan
1615872.0,0.14322551524271845,0.23596638762960942,nan
1617920.0,0.1300486816774525,0.222142419564512,nan
1619968.0,0.11281036696091676,0.2141531714864746,nan
1622016.0,0.1759366840801237,0.24043354104733708,nan
1624064.0,0.12910387485486294,0.22111838736514122,nan
1626112.0,0.09303044939771712,0.22018600934526456,nan
1628160.0,0.1799226157086659,0.2266423368786381,nan
1630208.0,0.1096241630597813,0.22636832589188988,nan
1632256.0,0.16691378933269005,0.22534792288312833,nan
1634304.0,0.13810365712561956,0.2232240803552205,nan
1636352.0,0.17610687636933453,0.23201262925638502,nan
1638400.0,0.11885898237419802,0.2366657210271427,nan
1640448.0,0.19804004193067823,0.22722657950168862,nan
1642496.0,0.2047578229969459,0.21969863964026357,nan
1644544.0,0.22712491615710415,0.2048906176667562,nan
1646592.0,0.11464960311883618,0.21757566529331965,nan
1648640.0,0.11921516319451708,0.23475534441942394,nan
1650688.0,0.0760250388271803,0.21224120712274444,nan
1652736.0,0.18032672705549407,0.22961301299151815,nan
1654784.0,0.21438831793914553,0.2181711112502378,nan
1656832.0,0.091714919024735,0.2337085531850901,nan
1658880.0,0.11961510933334515,0.22271699058597624,nan
1660928.0,0.13967708008931531,0.2327414447587355,nan
1662976.0,0.16841687454928897,0.2344028830158241,nan
1665024.0,0.11404184382294692,0.23269922505100626,nan
1667072.0,0.16800365141970916,0.21365823405066167,nan
1669120.0,0.1722316553438356,0.2248198672385466,nan
1671168.0,0.16958953819583364,0.2297472273898111,nan
1673216.0,0.13278126296987275,0.22242366618786125,nan
1675264.0,0.11989363335096147,0.2211365291204322,nan
1677312.0,0.14005801773039447,0.22657812524458076,nan
1679360.0,0.15890263592485626,0.2294119399749398,nan
1681408.0,0.13330579920977725,0.2336360432714165,nan
1683456.0,0.11325476177124053,0.23085524636456253,nan
1685504.0,0.16198540765219832,0.22011339056481077,nan
1687552.0,0.14929420455574305,0.2233489860086835,nan
1689600.0,0.15973495261189846,0.2278901332188756,nan
1691648.0,0.11396598230526006,0.22065173500479243,nan
1693696.0,0.16237424387693683,0.2152286373713935,nan
1695744.0,0.1724557486537719,0.2374848159440386,nan
1697792.0,0.11825112854322772,0.22916242976684334,nan
1699840.0,0.22222178595115105,0.2172459565515554,nan
1701888.0,0.2654039563754765,0.19136484165992135,nan
1703936.0,0.1250681248729003,0.21237733511482496,nan
1705984.0,0.11824889545409194,0.23643603326675125,54.95841995841996
1708032.0,0.15776118335607947,0.24163921387712825,nan
1710080.0,0.13864992628156808,0.23310089062618614,nan
1712128.0,0.20493538242073384,0.22117820197232724,nan
1714176.0,0.14923766325963161,0.22167421444628246,nan
1716224.0,0.17426306721545204,0.21904557012900447,nan
1718272.0,0.14659283874584156,0.22298219978361855,nan
1720320.0,0.12363174954741596,0.2287248085119761,nan
1722368.0,0.1513500927555161,0.22252431404489076,nan
1724416.0,0.17197290601881837,0.22521822819368445,nan
1726464.0,0.15708444075769357,0.23352742268977542,nan
1728512.0,0.11298543184899795,0.24031579497266797,nan
1730560.0,0.18869503204363847,0.2263346211000597,nan
1732608.0,0.17685568449124345,0.2326786235687964,nan
1734656.0,0.2005234272333541,0.23765414897046,nan
1736704.0,0.12406815275033609,0.22907679416799598,nan
1738752.0,0.17197790036933647,0.23494140152114018,nan
1740800.0,0.18503914797155926,0.23263986835270573,nan
1742848.0,0.16548413690509378,0.22720430261031002,nan
1744896.0,0.20613638053958538,0.22671407327584647,nan
1746944.0,0.07773343608680952,0.21909667525669563,nan
1748992.0,0.14901738139588072,0.23227623772335027,nan
1751040.0,0.1299823313093755,0.2268907581371018,nan
1753088.0,0.1244663188153302,0.21199468534571034,nan
1755136.0,0.10655139432716902,0.21097616269141672,nan
1757184.0,0.11628205466475106,0.21359930505160388,nan
1759232.0,0.1058209148726425,0.22552469709709472,nan
1761280.0,0.14607367267977686,0.23459422049867537,nan
1763328.0,0.11441749493595826,0.22254124579338758,nan
1765376.0,0.15380059113219716,0.21435369182562117,nan
1767424.0,0.11461900909843406,0.20654040719687192,nan
1769472.0,0.07066919978376879,0.20266002690288043,nan
1771520.0,0.10674522680031148,0.22701413033963186,nan
1773568.0,0.1282220914223079,0.21037454570188835,nan
1775616.0,0.14930182626810173,0.2205856880860553,nan
1777664.0,0.1422979929319384,0.23626904242936028,nan
1779712.0,0.1208932424068137,0.22309002334194855,nan
1781760.0,0.1526192335780568,0.2229617701304662,nan
1783808.0,0.14742260941593635,0.23213016513980944,nan
1785856.0,0.20072936628291183,0.211869964666753,nan
1787904.0,0.1292258565953388,0.2218094940180403,nan
1789952.0,0.16546189333520028,0.22618907499632981,nan
1792000.0,0.1068233768994257,0.19406450391811506,nan
1794048.0,0.10312158591031086,0.21863347274933487,nan
1796096.0,0.1383681606935087,0.22129265581843877,nan
1798144.0,0.10743992706947153,0.21054940547875464,nan
1800192.0,0.10297960812880802,0.22069706679149878,nan
1802240.0,0.13488899569028928,0.22485807918195896,nan
1804288.0,0.11994191682502135,0.2212914876220933,nan
1806336.0,0.1565829528529296,0.22262254139678797,36.808731808731814
1808384.0,0.11893527862356819,0.22779195365835503,nan
1810432.0,0.16647311387362074,0.23494559001353835,nan
1812480.0,0.1971080859812782,0.22298046615961847,nan
1814528.0,0.13007114989783355,0.2355808600891815,nan
1816576.0,0.16789000246562175,0.2283158882834504,nan
1818624.0,0.12699280447977485,0.2268607417924704,nan
1820672.0,0.10042243993305532,0.22254554624754896,nan
1822720.0,0.11313715099244745,0.22342487154901516,nan
1824768.0,0.1323555053119373,0.22386457651333552,nan
1826816.0,0.11136353749328995,0.21612517928933364,nan
1828864.0,0.12201245009652767,0.20907949277842033,nan
1830912.0,0.19251214423977914,0.2004834446096064,nan
1832960.0,0.11316508630684605,0.1774335785982121,nan
1835008.0,0.12453422092513722,0.18366760499182122,nan
1837056.0,0.11043315888811477,0.19544142746751797,nan
1839104.0,0.12079571488899456,0.19539904244538447,nan
1841152.0,0.1399104963162286,0.1884414753117697,nan
1843200.0,0.13962338252200857,0.18021127113376478,nan
1845248.0,0.09726236206116542,0.1998082153710853,nan
1847296.0,0.1079504428389044,0.16745023097078982,nan
1849344.0,0.11660975472847535,0.1496081275206315,nan
1851392.0,0.11759543534587637,0.1268128631387773,nan
1853440.0,0.12294224376693404,0.1444495010415874,nan
1855488.0,0.13750502708547813,0.1683636553586431,nan
1857536.0,0.11622879886022969,0.18445719976075664,nan
1859584.0,0.12994518932255178,0.10492619922831235,nan
1861632.0,0.13746248501799918,0.1448956045121369,nan
1863680.0,0.12423879264613577,0.12449503901276188,nan
1865728.0,0.12571818675273969,0.10343649811326074,nan
1867776.0,0.13721185302885452,0.1373017448272588,nan
1869824.0,0.1177288138399621,0.14187458188935767,nan
1871872.0,0.12947639352268958,0.17202709193008667,nan
1873920.0,0.11520688867885658,0.13983431693203516,nan
1875968.0,0.11420146339294523,0.17987126105029685,nan
1878016.0,0.11989764250798578,0.18253593132379495,nan
1880064.0,0.12020263872909656,0.19923059583294322,nan
1882112.0,0.11543278931256347,0.17314242810074737,nan
1884160.0,0.11804828272052965,0.1868660270268943,nan
1886208.0,0.11257644320310013,0.192445474708463,nan
1888256.0,0.12259046151045187,0.18020746284283828,nan
1890304.0,0.14576091072091665,0.18682945006346596,nan
1892352.0,0.1257707212643328,0.19952228996678664,nan
1894400.0,0.11576266411295055,0.18343187876143854,nan
1896448.0,0.1197457164183762,0.20889480609839228,nan
1898496.0,0.10754778412045982,0.17845948168539835,nan
1900544.0,0.11254921187784991,0.17799521903280105,nan
1902592.0,0.11535939427571702,0.18948639707029405,nan
1904640.0,0.13612397854790137,0.1948069384676643,nan
1906688.0,0.11852283357092352,0.19644121299284845,23.399168399168403
1908736.0,0.11190676693944561,0.18797289545180815,nan
1910784.0,0.1808218407152224,0.18930607591957874,nan
1912832.0,0.11304108578753354,0.20175621178416933,nan
1914880.0,0.12648814277299644,0.20506853686559673,nan
1916928.0,0.09130750394528359,0.2149651199243571,nan
1918976.0,0.10879953899349808,0.18124838386392428,nan
1921024.0,0.12132427158134838,0.1911586817587399,nan
1923072.0,0.11835185753515035,0.19056074508564144,nan
1925120.0,0.12530413902780563,0.21314417043275594,nan
1927168.0,0.11082748244861178,0.17985874982370126,nan
1929216.0,0.12024635129887407,0.16187084961969808,nan
1931264.0,0.1555111439995,0.16477700761803998,nan
1933312.0,0.12133168529681454,0.17826064736519878,nan
1935360.0,0.12111097817121641,0.16294105188680125,nan
1937408.0,0.10531320268503398,0.1942508859339798,nan
1939456.0,0.12023463058133194,0.1462022326000737,nan
1941504.0,0.11351639814845006,0.18663048147629474,nan
1943552.0,0.16057207623510292,0.15508664482905157,nan
1945600.0,0.12377079556318613,0.15079114051753098,nan
1947648.0,0.13456955641086993,0.17637076423362846,nan
1949696.0,0.11928671732804001,0.20587611154477167,nan
1951744.0,0.18433154679711333,0.2073754052592557,nan
1953792.0,0.12167859077825532,0.18317805686738856,nan
1955840.0,0.12119773685710666,0.181608917407336,nan
1957888.0,0.13736280640600476,0.1946010693195456,nan
1959936.0,0.1138394358663999,0.18663989049743082,nan
1961984.0,0.12793842731592175,0.18485390922118294,nan
1964032.0,0.11760380291325369,0.17785555242382087,nan
1966080.0,0.10755930917268414,0.17654182091481369,nan
1968128.0,0.11398770945492859,0.18672904689500586,nan
1970176.0,0.14883640453769534,0.17497244360675207,nan
1972224.0,0.13816489213053265,0.1663441769280632,nan
1974272.0,0.12400792827684315,0.16149273864913788,nan
1976320.0,0.1258122195476144,0.12928857843773958,nan
1978368.0,0.12535050686577867,0.10692589811147142,nan
1980416.0,0.12384311514115601,0.10667938070544979,nan
1982464.0,0.145734265524969,0.18042280849265518,nan
1984512.0,0.1622302233105333,0.18846570665565165,nan
1986560.0,0.11314756382445645,0.17040745034639382,nan
1988608.0,0.15040751007324527,0.17473069952452627,nan
1990656.0,0.12127547282527659,0.18544620893030894,nan
1992704.0,0.11661705930142463,0.1854856245331152,nan
1994752.0,0.12189120914927347,0.18439613016571677,nan
1996800.0,0.11120144178906943,0.16484612250219546,nan
1998848.0,0.1831121658938305,0.2090831043881683,nan
2000896.0,0.1446032376956055,0.2147923565768554,nan
2002944.0,0.12349085163877709,0.15481411550327884,nan
2004992.0,0.1403569415874616,0.177760592679636,nan
2007040.0,0.13034878547320186,0.15046347287597156,16.185031185031185
2009088.0,0.13521009519494775,0.168144342713921,nan
2011136.0,0.12701185689314481,0.21172571436107854,nan
2013184.0,0.18041540561406139,0.19979985315623353,nan
2015232.0,0.10572179952216551,0.17068935947917205,nan
2017280.0,0.11090093315607151,0.17255790705273372,nan
2019328.0,0.11533703220044143,0.2004655149220541,nan
2021376.0,0.10800017087054439,0.1949558200689279,nan
2023424.0,0.12488419130135806,0.19795582114736487,nan
2025472.0,0.1781345284705563,0.18568766417434793,nan
2027520.0,0.10543612012308759,0.20123511434220615,nan
2029568.0,0.1279505124280625,0.22310145035588627,nan
2031616.0,0.13843417212879827,0.20934395993445182,nan
2033664.0,0.12362154119959881,0.20449546317824097,nan
2035712.0,0.10892711162581857,0.18213711127879995,nan
2037760.0,0.16426368067294062,0.19543317038756086,nan
2039808.0,0.11406069272304376,0.19544889432974286,nan
2041856.0,0.15762891351916353,0.18976923792680375,nan
2043904.0,0.06116406526796814,0.22094018834017115,nan
2045952.0,0.18139490542093473,0.22611662684262568,nan
2048000.0,0.1270306928433956,0.21739915854965655,nan
2050048.0,0.18026314641216307,0.21045026963556457,nan
2052096.0,0.1449182081090063,0.2245833348024946,nan
2054144.0,0.17543349073741896,0.2187123802636658,nan
2056192.0,0.12832868522429253,0.20937757563280565,nan
2058240.0,0.1628378432204463,0.2042790900429886,nan
2060288.0,0.15605230266556852,0.2270786037468919,nan
2062336.0,0.13605467743305788,0.22549946745038427,nan
2064384.0,0.0978002623355633,0.22312752512136796,nan
2066432.0,0.14394999294681593,0.2310440280491041,nan
2068480.0,0.1151006886941546,0.2185746797363635,nan
2070528.0,0.13312250642836176,0.2280573245151776,nan
2072576.0,0.1720954337488283,0.22975110830363682,nan
2074624.0,0.1642585423537516,0.22144863232919487,nan
2076672.0,0.1925580013740097,0.22306482134582345,nan
2078720.0,0.08248993095998422,0.22418548502335472,nan
2080768.0,0.08778242777448705,0.22747555570331388,nan
2082816.0,0.15494336848746829,0.21754715449537718,nan
2084864.0,0.217754184192636,0.2213430407065413,nan
2086912.0,0.16937661136353982,0.23147964398050394,nan
2088960.0,0.126829129101693,0.19674473745426427,nan
2091008.0,0.16909146691901544,0.2150364040023093,nan
2093056.0,0.14163288727129797,0.22132969011602038,nan
2095104.0,0.24806424402587968,0.19334659143974336,nan
2097152.0,0.19832735411160737,0.21645288678945626,nan
2099200.0,0.1788681562655495,0.2228386798942028,nan
2101248.0,0.23313444290789004,0.19855128992372287,nan
2103296.0,0.168892934674733,0.20617835313322122,nan
2105344.0,0.14656224387219552,0.18830215691843744,nan
2107392.0,0.1586099325846458,0.1778974948821924,24.511434511434516
2109440.0,0.16212960370110296,0.158002295539002,nan
2111488.0,0.12481151379188804,0.1865240395687296,nan
2113536.0,0.12246838087566725,0.11963257661336556,nan
2115584.0,0.19125722925583735,0.19644718716535256,nan
2117632.0,0.12544667116734637,0.13540086636838333,nan
2119680.0,0.12261027300025079,0.12707944032118504,nan
2121728.0,0.12435208216660977,0.13957968070915894,nan
2123776.0,0.1406055310492984,0.1394754006591001,nan
2125824.0,0.15101393180710526,0.15128294317374896,nan
2127872.0,0.16610950256744283,0.19040860556106232,nan
2129920.0,0.12453477313572535,0.1599997581590353,nan
2131968.0,0.1267610352942917,0.13424242544762988,nan
2134016.0,0.12297983375085018,0.13145029996161015,nan
2136064.0,0.12905199010095306,0.1323601117726068,nan
2138112.0,0.1565153161031017,0.1393499778965957,nan
2140160.0,0.12085407518165149,0.15670702781068804,nan
2142208.0,0.12477430558428863,0.17709963243303525,nan
2144256.0,0.15148487655953027,0.1847778574996449,nan
2146304.0,0.12071397703061884,0.17690592740490316,nan
2148352.0,0.12537163149557246,0.1750534112576238,nan
2150400.0,0.12078827304529349,0.18095816911400076,nan
2152448.0,0.12756157969816329,0.1959484914352986,nan
2154496.0,0.12107348636023493,0.2195385605816116,nan
2156544.0,0.11876723315239043,0.17868206091033512,nan
2158592.0,0.12299628387316316,0.18659619464126634,nan
2160640.0,0.11371059434047293,0.18465085389826674,nan
2162688.0,0.14595392490038828,0.21827573855313123,nan
2164736.0,0.12724346978264187,0.22838904823024267,nan
2166784.0,0.11858168729399243,0.2289485041469825,nan
2168832.0,0.09794063917120735,0.200422239956317,nan
2170880.0,0.07533567264883982,0.2040456239806912,nan
2172928.0,0.12612656359489066,0.21606440672614588,nan
2174976.0,0.1014550841774989,0.22378988688104057,nan
2177024.0,0.12092568134527185,0.22112007515370716,nan
2179072.0,0.10013312575134589,0.2244280114577856,nan
2181120.0,0.1493863896913751,0.23358597479719545,nan
2183168.0,0.12340146767271888,0.2126834204748575,nan
2185216.0,0.1179773604181603,0.21534932306371746,nan
2187264.0,0.14832742189418852,0.20215166752574484,nan
2189312.0,0.16767597624386926,0.22807137396093338,nan
2191360.0,0.12824789160808386,0.22742253492289705,nan
2193408.0,0.14909228504247032,0.22549401513161002,nan
2195456.0,0.1557850137528646,0.22568975870073624,nan
2197504.0,0.11531412654951959,0.22298493155739108,nan
2199552.0,0.15128665926454465,0.22070642526411305,nan
2201600.0,0.16446868352458263,0.21946739832070053,nan
2203648.0,0.19583721310258967,0.22565503163620035,nan
2205696.0,0.14740643097973438,0.23345806872279076,nan
2207744.0,0.18262820830226534,0.22341505623061061,55.322245322245315
2209792.0,0.12678380136074818,0.2259993933891021,nan
2211840.0,0.1367062519182216,0.23048631011475715,nan
2213888.0,0.12266244893976605,0.23063690309346838,nan
2215936.0,0.1725314550972386,0.22642734844041829,nan
2217984.0,0.19158068619913832,0.21449902217497496,nan
2220032.0,0.14771539548240803,0.23220102746436733,nan
2222080.0,0.1765519365722122,0.222448649663948,nan
2224128.0,0.13212341973200392,0.23490614667158582,nan
2226176.0,0.14019667341693487,0.22749712446239648,nan
2228224.0,0.15442964272548407,0.22762800388584994,nan
2230272.0,0.189677488679893,0.2211883538884129,nan
2232320.0,0.202005517249604,0.2202773731670931,nan
2234368.0,0.12793668614882187,0.23758706942848687,nan
2236416.0,0.2364369961243697,0.19757385637917577,nan
2238464.0,0.12912411085244802,0.22249694468747852,nan
2240512.0,0.16430886409974568,0.21086239422489936,nan
2242560.0,0.12762186705235984,0.21944448783405143,nan
2244608.0,0.12804232205360394,0.22473399953925507,nan
2246656.0,0.1504827889509082,0.22628628426099653,nan
2248704.0,0.17131376507127455,0.22932154216046466,nan
2250752.0,0.14314946124120248,0.22100025839073537,nan
2252800.0,0.15548637276811006,0.23455802407231335,nan
2254848.0,0.1549608440286458,0.23359411414408643,nan
2256896.0,0.19394562153031902,0.21382583223160181,nan
2258944.0,0.16205898235513388,0.22689562597194002,nan
2260992.0,0.17003838229068952,0.23041682590881196,nan
2263040.0,0.16776992646085895,0.23296819318159984,nan
2265088.0,0.1722396414924443,0.22710415088385227,nan
2267136.0,0.17002123309598588,0.23528228745365407,nan
2269184.0,0.13994317963286954,0.2375286915087656,nan
2271232.0,0.14258880010435007,0.23288894155114107,nan
2273280.0,0.19089145571299926,0.22568510307433923,nan
2275328.0,0.13172513387411774,0.2293320419261031,nan
2277376.0,0.17781698697413992,0.23067406563247322,nan
2279424.0,0.17914704528305447,0.22068747674621716,nan
2281472.0,0.18024642505335084,0.2356312325988856,nan
2283520.0,0.14828100188839066,0.22024090030879606,nan
2285568.0,0.17362223966074866,0.22620283874911598,nan
2287616.0,0.17745487685318223,0.23049401287441026,nan
2289664.0,0.17279383114884939,0.22391609485776437,nan
2291712.0,0.16094023609487293,0.23300821220851078,nan
2293760.0,0.16045745605415515,0.23713817134668597,nan
2295808.0,0.13430764733516937,0.23186037004380464,nan
2297856.0,0.15692212141208725,0.23099640507214333,nan
2299904.0,0.14295153819783524,0.22960825405780608,nan
2301952.0,0.19726003509447793,0.21820430366689575,nan
2304000.0,0.18053790688991753,0.22373689291710125,nan
2306048.0,0.16196419902870418,0.22494366471314622,nan
2308096.0,0.11414320407910483,0.2334209989053439,47.62993762993763
2310144.0,0.11958991729695297,0.23898701294410168,nan
2312192.0,0.16458256029575447,0.23608985658102094,nan
2314240.0,0.1419524878559144,0.22544839418125792,nan
2316288.0,0.18899166993082755,0.2136450860573195,nan
2318336.0,0.1353224184269296,0.22474496919514178,nan
2320384.0,0.13664048728960343,0.22825390745808719,nan
2322432.0,0.12314492425734912,0.22360806543746017,nan
2324480.0,0.10352724518349121,0.2275998026627262,nan
2326528.0,0.13729083227020172,0.23072990466174584,nan
2328576.0,0.12019850949084172,0.2297761356212281,nan
2330624.0,0.15537739492392189,0.21507745683980206,nan
2332672.0,0.07070283775909308,0.21757926610449674,nan
2334720.0,0.1783825098647001,0.2318408331088686,nan
2336768.0,0.11337371445132047,0.22700454873845702,nan
2338816.0,0.16500102276702427,0.22781896618679398,nan
2340864.0,0.20724630197969363,0.214108596576003,nan
2342912.0,0.1924974896093823,0.21535695214147374,nan
2344960.0,0.1564595719381355,0.21987133143360937,nan
2347008.0,0.11486419555361892,0.22774272815112873,nan
2349056.0,0.13423618615788335,0.20825274842280955,nan
2351104.0,0.13549282258087345,0.23858992190429043,nan
2353152.0,0.15698319796402999,0.22743704195442851,nan
2355200.0,0.16165683510889445,0.21053432312589465,nan
2357248.0,0.17012459017008874,0.21509721250614047,nan
2359296.0,0.18237212116974075,0.21069951188962624,nan
2361344.0,0.1300414146616166,0.20951308614405592,nan
2363392.0,0.13303858916091618,0.20440422108129713,nan
2365440.0,0.11583139759202857,0.18482304102779776,nan
2367488.0,0.14200017803246706,0.22371167425108274,nan
2369536.0,0.17161332699155413,0.2085555845558016,nan
2371584.0,0.18018867559254378,0.2057542418715946,nan
2373632.0,0.15964679568601836,0.2028686040082382,nan
2375680.0,0.12995147260905426,0.1840383310347922,nan
2377728.0,0.1334614114298937,0.16373316428570353,nan
2379776.0,0.1284617062450358,0.17660426297547785,nan
2381824.0,0.14905724643589333,0.1855656960551777,nan
2383872.0,0.15241802376585228,0.20106289944801403,nan
2385920.0,0.15996543556980408,0.19730443545640483,nan
2387968.0,0.10958810380723234,0.19229982447481922,nan
2390016.0,0.12156016130462644,0.21033402671211857,nan
2392064.0,0.17438768892036488,0.2320467139766109,nan
2394112.0,0.14517345111864388,0.21762839570831968,nan
2396160.0,0.1517998305603741,0.21137179819407975,nan
2398208.0,0.16186056035971644,0.2145361672850292,nan
2400256.0,0.23865051302172427,0.20827796562499606,nan
2402304.0,0.20033311987925911,0.22423600086096987,nan
2404352.0,0.15139208595339831,0.22699350932909484,nan
2406400.0,0.15760461354225247,0.2199685980100753,nan
2408448.0,0.2236248929002703,0.20090010686436136,50.79002079002079
2410496.0,0.1429845678898829,0.21241263273540192,nan
2412544.0,0.15824166499153905,0.2287726049010812,nan
2414592.0,0.11077646445062529,0.19543090960931012,nan
2416640.0,0.15967056429683704,0.2178676104447783,nan
2418688.0,0.10468745155748292,0.19438714954758232,nan
2420736.0,0.16432226848213144,0.2223256253486697,nan
2422784.0,0.175732041802805,0.21246102304752923,nan
2424832.0,0.1266962971103981,0.2028777441691005,nan
2426880.0,0.14399298690330592,0.21491531469401504,nan
2428928.0,0.20195066300111436,0.20282781324639743,nan
2430976.0,0.19744107917526094,0.20948719006256747,nan
2433024.0,0.14887772819512712,0.20733042156512593,nan
2435072.0,0.10103187840312107,0.20443680618229937,nan
2437120.0,0.13552943146869376,0.22721785288841204,nan
2439168.0,0.14012474288657972,0.21789106908795275,nan
2441216.0,0.23370858978374284,0.1911586476313894,nan
2443264.0,0.11482902337364362,0.1984410631721952,nan
2445312.0,0.07756676513982541,0.2161666192305106,nan
2447360.0,0.13431457405001293,0.22492633791633346,nan
2449408.0,0.20806694783095708,0.20068401129253965,nan
2451456.0,0.1735494565078612,0.22306236797857082,nan
2453504.0,0.06990594228389327,0.1979146596412919,nan
2455552.0,0.14697182490523736,0.21408698130773599,nan
2457600.0,0.1808426798956431,0.22883334931981225,nan
2459648.0,0.1774426640763141,0.2138616103322651,nan
2461696.0,0.19003556219720774,0.2066264620759838,nan
2463744.0,0.11714878936196108,0.19719160424773913,nan
2465792.0,0.15183649055075304,0.20729967047360143,nan
2467840.0,0.12708880070814155,0.18297071582937127,nan
2469888.0,0.16078187945583455,0.2107029778471205,nan
2471936.0,0.1392628134489055,0.2131024452542648,nan
2473984.0,0.13273992478575203,0.21035844472983783,nan
2476032.0,0.2245543665530919,0.19939983458204183,nan
2478080.0,0.12016602837743892,0.22389753919185337,nan
2480128.0,0.16622186965735924,0.23053715374129327,nan
2482176.0,0.14285792443743328,0.21287784600193171,nan
2484224.0,0.17098401573060273,0.22525350249802295,nan
2486272.0,0.18040727241837562,0.2312089155106847,nan
2488320.0,0.10485640870198204,0.2248970628267627,nan
2490368.0,0.12767371797346555,0.21146817212992275,nan
2492416.0,0.10008701353059114,0.24089142230827917,nan
2494464.0,0.17302871357144156,0.2316517730740756,nan
2496512.0,0.2220035765846782,0.20592040163976616,nan
2498560.0,0.13700154143756876,0.23659584037596662,nan
2500608.0,0.09674572504272404,0.23834211720373144,nan
2502656.0,0.1980830952076425,0.22402549972841576,nan
2504704.0,0.174331006708216,0.2167930276416424,nan
2506752.0,0.16606542798260104,0.2241849551847174,nan
2508800.0,0.1526912584521705,0.22460682439922153,55.956340956340966
2510848.0,0.17665634847628955,0.22299211892867127,nan
2512896.0,0.18229961389850627,0.2326576234256318,nan
2514944.0,0.20852049179192692,0.20662962464855372,nan
2516992.0,0.16700805727436685,0.2299772839359373,nan
2519040.0,0.11662305644209983,0.22915738739708766,nan
2521088.0,0.1312578487965769,0.21270004100174042,nan
2523136.0,0.143107684759666,0.23530760216514826,nan
2525184.0,0.1756848149943177,0.22508840033798203,nan
2527232.0,0.1903977430181159,0.2164776400018058,nan
2529280.0,0.23196265050367282,0.21077076987844715,nan
2531328.0,0.1783792715193406,0.21652487711185436,nan
2533376.0,0.18947345260600723,0.22327994070500895,nan
2535424.0,0.11569545317911052,0.23525845017430586,nan
2537472.0,0.14526868186365055,0.22468657619335514,nan
2539520.0,0.18017870079698783,0.22479956578801694,nan
2541568.0,0.07317600449796076,0.18737364603574896,nan
2543616.0,0.16199311709082848,0.2228647713452816,nan
2545664.0,0.16588743043438545,0.2343187107442134,nan
2547712.0,0.17288309050726125,0.21834692167882672,nan
2549760.0,0.1829331478867914,0.22649535603850451,nan
2551808.0,0.17330602596715453,0.21958175718049927,nan
2553856.0,0.19462613657599676,0.22179862149899665,nan
2555904.0,0.13526061883106666,0.2253945838135016,nan
2557952.0,0.15941122776714106,0.21533179929764104,nan
2560000.0,0.22620456348307905,0.21318086046465623,nan
2562048.0,0.1399250987160047,0.2165361483644026,nan
2564096.0,0.1425398885687501,0.2177906878317999,nan
2566144.0,0.1409713866070792,0.2209617583342528,nan
2568192.0,0.1711920941166438,0.21898555882385368,nan
2570240.0,0.15753087315784828,0.2308639966185056,nan
2572288.0,0.17344245310155426,0.2204650563227885,nan
2574336.0,0.14563842398911148,0.22933981149561614,nan
2576384.0,0.24745922878548102,0.1941723280386837,nan
2578432.0,0.1332915858929091,0.22452068210379228,nan
2580480.0,0.14494296336686452,0.22790288186250215,nan
2582528.0,0.16263048846349076,0.22499771368407004,nan
2584576.0,0.06993278109847448,0.235065867898575,nan
2586624.0,0.13692636514334894,0.23286469948162922,nan
2588672.0,0.16409812883484454,0.21487592504910258,nan
2590720.0,0.17740903890338672,0.2214775145953762,nan
2592768.0,0.15069350352441363,0.22163232388603696,nan
2594816.0,0.26694219074104614,0.18173519473722036,nan
2596864.0,0.14429620062832424,0.23166654879184775,nan
2598912.0,0.2078359721700299,0.19844209385328995,nan
2600960.0,0.15305977199353482,0.1881537168000614,nan
2603008.0,0.10524208734915647,0.22415561330565,nan
2605056.0,0.16402076302760404,0.20132034305334887,nan
2607104.0,0.11031653690073503,0.1793013579149284,nan
2609152.0,0.12728198735572427,0.11634711324082155,34.553014553014556
2611200.0,0.1860802424606552,0.20350887790597125,nan
2613248.0,0.1254149030521103,0.2029517704553742,nan
2615296.0,0.12672933906978484,0.2014723825446345,nan
2617344.0,0.14683137155821044,0.1981351576969999,nan
2619392.0,0.15944897814546846,0.19028724635667546,nan
2621440.0,0.11482602759512561,0.17194449824844116,nan
2623488.0,0.18369463073404227,0.21866012686233416,nan
2625536.0,0.12496888493712496,0.18484957578688863,nan
2627584.0,0.1421515375643726,0.20569155557029922,nan
2629632.0,0.1537259881901787,0.21064845799985063,nan
2631680.0,0.18609164785181875,0.19194688684082722,nan
2633728.0,0.13421652031002596,0.22910552787840377,nan
2635776.0,0.1752434489312935,0.2035948143292068,nan
2637824.0,0.1904858511890617,0.2009999300270465,nan
2639872.0,0.1623499936961112,0.2187152881919434,nan
2641920.0,0.12184071873730293,0.20331812008122727,nan
2643968.0,0.11383361095790487,0.1937361719924996,nan
2646016.0,0.1708947108304823,0.20104828448605774,nan
2648064.0,0.18699792072591692,0.20707514911953182,nan
2650112.0,0.2576114453890248,0.17944702451221578,nan
2652160.0,0.17232230823050612,0.2092452147541334,nan
2654208.0,0.21056859661970084,0.21656729689592402,nan
2656256.0,0.15402494125818644,0.22532845085452569,nan
2658304.0,0.18608047200203703,0.2178117839681037,nan
2660352.0,0.18371685264241797,0.221834958397134,nan
2662400.0,0.17919040382553547,0.22309241906947483,nan
2664448.0,0.15186638442725361,0.22058547498241932,nan
2666496.0,0.13421267156221015,0.21711022190248497,nan
2668544.0,0.15907405157708873,0.2101747702387739,nan
2670592.0,0.1812413727232648,0.21841748365034117,nan
2672640.0,0.16990678703611123,0.2070875066389148,nan
2674688.0,0.2232619690024274,0.2175200894943285,nan
2676736.0,0.19499721381121457,0.21112096142269846,nan
2678784.0,0.14927794750081635,0.19596980846492582,nan
2680832.0,0.10732835613108868,0.22942235437109817,nan
2682880.0,0.12634025413521174,0.2118938432058927,nan
2684928.0,0.1381637173978408,0.1891477052252391,nan
2686976.0,0.13291418664892324,0.20811077752784649,nan
2689024.0,0.1192830032419218,0.1895644279214717,nan
2691072.0,0.16033974104780274,0.20913091597328268,nan
2693120.0,0.28326644809282664,0.17738502226123662,nan
2695168.0,0.24539802366818386,0.18904668676579017,nan
2697216.0,0.17106267198766248,0.17196305442486826,nan
2699264.0,0.1655638866102539,0.15537177451989784,nan
2701312.0,0.16794847490527087,0.20135833496236355,nan
2703360.0,0.1583073599699647,0.16180749651962506,nan
2705408.0,0.12759907414374447,0.20694902474177274,nan
2707456.0,0.18985029008873985,0.19449565095864196,nan
2709504.0,0.12567267202922117,0.19963762152240777,34.54261954261954
2711552.0,0.1454529771898153,0.18967221328832579,nan
2713600.0,0.14072297227122693,0.2020122734025349,nan
2715648.0,0.1848252064664731,0.19983946920556983,nan
2717696.0,0.1104589866865745,0.21078685486717605,nan
2719744.0,0.1494837052737617,0.2124855286051584,nan
2721792.0,0.11269109807613276,0.20352376318393525,nan
2723840.0,0.15576156404816804,0.1965026199919147,nan
2725888.0,0.23676159557728674,0.18393252469309754,nan
2727936.0,0.14339615471697528,0.19057931413305773,nan
2729984.0,0.16334202772316853,0.23436574644787997,nan
2732032.0,0.12378059444513742,0.1588484282544276,nan
2734080.0,0.12519089246895404,0.17430079781417845,nan
2736128.0,0.1404233942114802,0.19297882096679508,nan
2738176.0,0.19218545811618792,0.20853145535479098,nan
2740224.0,0.17280651746196266,0.18243657397057014,nan
2742272.0,0.13361604227434776,0.1381771830625519,nan
2744320.0,0.17660605416160238,0.21123370228572286,nan
2746368.0,0.20793501058949693,0.19701517953832823,nan
2748416.0,0.24876930635255493,0.18170821987381844,nan
2750464.0,0.15182101311416354,0.18737851365238412,nan
2752512.0,0.20816596074144217,0.1812089574780665,nan
2754560.0,0.1316209467161623,0.16222408845428313,nan
2756608.0,0.14009683211258794,0.22494229933114404,nan
2758656.0,0.1355828675869588,0.15941124702316947,nan
2760704.0,0.13560750687187817,0.1999585967669088,nan
2762752.0,0.14038256279222266,0.21575227718626905,nan
2764800.0,0.13175683384226655,0.14346504882244906,nan
2766848.0,0.13421328867750867,0.14280004136148503,nan
2768896.0,0.14477941135562983,0.157580737823852,nan
2770944.0,0.11166338172888106,0.19121024537374956,nan
2772992.0,0.14361529876069296,0.20996833981843832,nan
2775040.0,0.16826620117108765,0.17991607059931541,nan
2777088.0,0.13732107510525168,0.22518795550960197,nan
2779136.0,0.14279888613052497,0.1947605905847494,nan
2781184.0,0.17552257919133557,0.19581469414180608,nan
2783232.0,0.14440358004975593,0.17319249291274816,nan
2785280.0,0.16342779185203798,0.2071729453799991,nan
2787328.0,0.16325133094187777,0.16102015069889916,nan
2789376.0,0.2080576130672675,0.2089957365295282,nan
2791424.0,0.16571414435103737,0.19516362484821628,nan
2793472.0,0.19065156548450493,0.1975497433022759,nan
2795520.0,0.182552609794829,0.1822577628949927,nan
2797568.0,0.17663874535278673,0.19200548214177252,nan
2799616.0,0.21041338128514991,0.1969186505763838,nan
2801664.0,0.1291312567490889,0.15651909310915874,nan
2803712.0,0.13052882378397207,0.22360562373991114,nan
2805760.0,0.17481061950415652,0.216407437460122,nan
2807808.0,0.2545353536026662,0.18199437988685338,nan
2809856.0,0.12895953174962851,0.18732696873173202,33.32640332640334
2811904.0,0.128941048520419,0.21370671825179957,nan
2813952.0,0.2551279955278131,0.1950121890148418,nan
2816000.0,0.13380567806798022,0.17325055551606067,nan
2818048.0,0.17746086269741881,0.17973817074056841,nan
2820096.0,0.16957183296959552,0.21522417910172242,nan
2822144.0,0.15595381645350578,0.19600202960452717,nan
2824192.0,0.15119331671025488,0.17777486593788278,nan
2826240.0,0.19310035140401266,0.1593486362811371,nan
2828288.0,0.17263421646433047,0.19006851683460338,nan
2830336.0,0.1904415578940261,0.18732834681261867,nan
2832384.0,0.14359122157018744,0.20146667620625758,nan
2834432.0,0.1284344530246747,0.2055140353100908,nan
2836480.0,0.18208487029111758,0.21393658979369284,nan
2838528.0,0.13311550448658593,0.17220802081053835,nan
2840576.0,0.16011630287974002,0.1912617872682209,nan
2842624.0,0.18221908276948165,0.20786883747741586,nan
2844672.0,0.263650823249472,0.19665808990466646,nan
2846720.0,0.11107485258948463,0.1830319705879041,nan
2848768.0,0.17101221564957614,0.1881787754131438,nan
2850816.0,0.18812265636061654,0.16634258942165994,nan
2852864.0,0.15263241146269452,0.18957003744526793,nan
2854912.0,0.250720294507311,0.18663307199805934,nan
2856960.0,0.11888030940910113,0.20027560692983817,nan
2859008.0,0.18447899184807934,0.20535533694910385,nan
2861056.0,0.12466397776768477,0.1861482284323604,nan
2863104.0,0.126044988956783,0.1696575144536664,nan
2865152.0,0.13526967409294488,0.2000225562632305,nan
2867200.0,0.13432774019698343,0.22182363303708383,nan
2869248.0,0.13440557591364513,0.20811720641779083,nan
2871296.0,0.19655297862188326,0.17558202537864379,nan
2873344.0,0.1430835042162565,0.22209005557976574,nan
2875392.0,0.21214780509618145,0.20492390421798037,nan
2877440.0,0.21142454774405922,0.22109072695057194,nan
2879488.0,0.1739785269812722,0.22760435204459803,nan
2881536.0,0.1703083572289961,0.21474207330739276,nan
2883584.0,0.1200942882520925,0.20508507572924056,nan
2885632.0,0.14324430660599335,0.21145957659618478,nan
2887680.0,0.12436587526048519,0.22574908410365915,nan
2889728.0,0.13967785272423555,0.22759487550719132,nan
2891776.0,0.17492696278633654,0.22455370214896,nan
2893824.0,0.10902272009391413,0.22440154768430234,nan
2895872.0,0.16679430253159427,0.21851062337789665,nan
2897920.0,0.22331991429981438,0.2101379109114622,nan
2899968.0,0.15588392807679308,0.22588821857020308,nan
2902016.0,0.1146182020980441,0.2273057261140317,nan
2904064.0,0.18392832957009114,0.2287436880186472,nan
2906112.0,0.18586094325331148,0.23193308032072488,nan
2908160.0,0.1804497997106633,0.22926746648450008,nan
2910208.0,0.18196354015189703,0.22376897767303336,60.925155925155934
2912256.0,0.13206694789917978,0.24649326178852282,nan
2914304.0,0.1626797999046405,0.23116340976426383,nan
2916352.0,0.2018393194888807,0.2356553150584123,nan
2918400.0,0.17421431955685326,0.23183730237583644,nan
2920448.0,0.08083403727454314,0.2173216449333214,nan
2922496.0,0.17180345147040157,0.23613635217335183,nan
2924544.0,0.19925744308134374,0.2272082705621172,nan
2926592.0,0.1911530327340052,0.2153662031974066,nan
2928640.0,0.187884864825196,0.22094844451096787,nan
2930688.0,0.2248348889478336,0.21674825918262447,nan
2932736.0,0.26983301104003254,0.1872930599363699,nan
2934784.0,0.176500157819115,0.2241774892466188,nan
2936832.0,0.2241816258359915,0.18322663789109592,nan
2938880.0,0.26927131746843835,0.20172886368340837,nan
2940928.0,0.22176200493512593,0.21795031613049984,nan
2942976.0,0.3186280459548577,0.1372332225216243,nan
2945024.0,0.2052272440246666,0.20712648430265124,nan
2947072.0,0.12152101625026115,0.1641864066159771,nan
2949120.0,0.18357398725298646,0.21558377472623352,nan
2951168.0,0.18476964885866592,0.19481173629164913,nan
2953216.0,0.20704847693828815,0.22209579724133197,nan
2955264.0,0.14121693978371902,0.2069781315770499,nan
2957312.0,0.14783077150236068,0.1963270694858125,nan
2959360.0,0.19487015492174292,0.20060068205759188,nan
2961408.0,0.19118089933883403,0.20858678300683378,nan
2963456.0,0.22675642232436635,0.19747785345771704,nan
2965504.0,0.1770063471652117,0.20830413120049168,nan
2967552.0,0.20744418253584504,0.21520391968178298,nan
2969600.0,0.171792290198377,0.22257456945865012,nan
2971648.0,0.2119489821199823,0.21489022046472978,nan
2973696.0,0.05989597260936279,0.1813848569216686,nan
2975744.0,0.1804371189032808,0.21524289631961677,nan
2977792.0,0.13401926359657831,0.21843739920209837,nan
2979840.0,0.13857718062472835,0.21920114789663933,nan
2981888.0,0.17456548867825877,0.228319119628273,nan
2983936.0,0.1456571798245957,0.21551495260839434,nan
2985984.0,0.15979313760031144,0.21413024174579423,nan
2988032.0,0.19737251616104867,0.21302438334287138,nan
2990080.0,0.12834350730880195,0.21629556402481903,nan
2992128.0,0.1216056650757112,0.2041655692777142,nan
2994176.0,0.1788894989298056,0.21556620644212635,nan
2996224.0,0.16889827035932561,0.22335127821044098,nan
2998272.0,0.1683301051022641,0.20408442164797944,nan
3000320.0,0.131064579468555,0.19044688175491384,nan
3002368.0,0.1281619951690881,0.21430425816461537,nan
3004416.0,0.17088577056274296,0.21559587943458752,nan
3006464.0,0.1428433088880758,0.2176384257774333,nan
3008512.0,0.1512627042515844,0.22917300523693956,nan
3010560.0,0.1357450392163952,0.19791161083768385,47.60914760914761
3012608.0,0.165845862929329,0.21783014080647906,nan
3014656.0,0.11806753064158054,0.22091056045869858,nan
3016704.0,0.12617916922109867,0.20287751119883932,nan
3018752.0,0.18460422373347737,0.19639285403122989,nan
3020800.0,0.13815028922698916,0.21543316914003027,nan
3022848.0,0.15953002296399263,0.23362621970344985,nan
3024896.0,0.13806989604672462,0.20784430053795747,nan
3026944.0,0.13699448453335222,0.21543670412924237,nan
3028992.0,0.1356327169475342,0.20587129867049023,nan
3031040.0,0.14715520131819948,0.19905441889950043,nan
3033088.0,0.13637147091922786,0.18148193191858936,nan
3035136.0,0.21880876114119627,0.21550156683687308,nan
3037184.0,0.22776589056100846,0.17905517252263456,nan
3039232.0,0.14792353432166294,0.15899068884268186,nan
3041280.0,0.16781707284973535,0.22483434575399036,nan
3043328.0,0.16155073566959527,0.18877337525213145,nan
3045376.0,0.1807279548026114,0.220031103160535,nan
3047424.0,0.19340718069739277,0.20681191982551547,nan
3049472.0,0.24313303540590703,0.2082285961624602,nan
3051520.0,0.2423749134442349,0.20185288265021337,nan
3053568.0,0.1542193161711352,0.22105488503502702,nan
3055616.0,0.20239964429236199,0.21767263960078329,nan
3057664.0,0.2343481302718125,0.20037894860534528,nan
3059712.0,0.1653540719836544,0.2245356760930798,nan
3061760.0,0.21416016311678387,0.21329946977249725,nan
3063808.0,0.18577803069602755,0.21967840409507644,nan
3065856.0,0.1954351074357133,0.21844683145071606,nan
3067904.0,0.17868738550762486,0.23010268943365797,nan
3069952.0,0.22174205835339877,0.20790261328944815,nan
3072000.0,0.1860090163100303,0.22894196547233753,nan
3074048.0,0.24834344880265236,0.20275977225844163,nan
3076096.0,0.11045012047761099,0.22709873743792405,nan
3078144.0,0.12976822098043794,0.2112092332116768,nan
3080192.0,0.16963895755547193,0.20654048963916283,nan
3082240.0,0.1404957693626891,0.18997661868863297,nan
3084288.0,0.19088427321208873,0.20870904731410006,nan
3086336.0,0.12088150938877495,0.22635026110691167,nan
3088384.0,0.17837617347953194,0.21544067288050234,nan
3090432.0,0.16461838973934756,0.23734934444711933,nan
3092480.0,0.1590339817563577,0.14373681912935599,nan
3094528.0,0.17941498414016407,0.19962441500537365,nan
3096576.0,0.16058858303300763,0.16861039231831884,nan
3098624.0,0.15624662359676098,0.16189861765013627,nan
3100672.0,0.1438764736436926,0.20107201562540902,nan
3102720.0,0.13752162985444633,0.18605815949443794,nan
3104768.0,0.13343085698896395,0.16531747282890694,nan
3106816.0,0.16756124873646655,0.1794198136634831,nan
3108864.0,0.13033183484613076,0.13502619074948286,nan
3110912.0,0.12903377544282735,0.162695942989719,18.794178794178794
3112960.0,0.12740260579248538,0.14422165753982383,nan
3115008.0,0.12472815019776086,0.16687099694293916,nan
3117056.0,0.17686352708769498,0.1891994880655526,nan
3119104.0,0.19379565537937712,0.2039888749581005,nan
3121152.0,0.17700904164028236,0.17348423756070927,nan
3123200.0,0.20656453279559006,0.19713249276516806,nan
3125248.0,0.16041560673446192,0.20545603638113946,nan
3127296.0,0.1332544583550514,0.18941829671746463,nan
3129344.0,0.1291662094427997,0.177849807611628,nan
3131392.0,0.12711175268361607,0.16812531795500202,nan
3133440.0,0.16171856474032284,0.18632695910531247,nan
3135488.0,0.13454926603949385,0.18308416765355448,nan
3137536.0,0.1268015526709506,0.18327705221777052,nan
3139584.0,0.14360717227095135,0.18240107833583488,nan
3141632.0,0.12193740635082802,0.1873614840654159,nan
3143680.0,0.1358926488586679,0.19374124686889557,nan
3145728.0,0.1242187980210274,0.18694367847619742,nan
3147776.0,0.12024036071361253,0.18809664087342773,nan
3149824.0,0.13440807464014493,0.2100759337426218,nan
3151872.0,0.15669361029037898,0.1930907339117297,nan
3153920.0,0.1832943166578463,0.20799866974258135,nan
3155968.0,0.12603821298149823,0.2275756338227956,nan
3158016.0,0.14105814486874146,0.22773787609821627,nan
3160064.0,0.15363590397403573,0.22365174002610622,nan
3162112.0,0.12877587383631106,0.1790784516265124,nan
3164160.0,0.20440926761288936,0.18700779368251308,nan
3166208.0,0.18725800269545034,0.21472211378737235,nan
3168256.0,0.15330567219775715,0.17743737303169274,nan
3170304.0,0.17164905582515042,0.23742479284348766,nan
3172352.0,0.13944303374850675,0.1775481066284599,nan
3174400.0,0.212790797858019,0.17149917243477106,nan
3176448.0,0.09544577984765817,0.2026034486231777,nan
3178496.0,0.11836648685757309,0.1831984171520173,nan
3180544.0,0.11096128887149558,0.19923770716968328,nan
3182592.0,0.10232885990799809,0.17652543883157681,nan
3184640.0,0.11673680032585176,0.20818567377209615,nan
3186688.0,0.15256260330159524,0.22298301739066229,nan
3188736.0,0.16749640217917527,0.22290326713078856,nan
3190784.0,0.09078661966331578,0.1858110845691043,nan
3192832.0,0.1932250025163435,0.19430886479997847,nan
3194880.0,0.1918958628068797,0.19457641068243636,nan
3196928.0,0.21337636316229325,0.19460146641834664,nan
3198976.0,0.16879402021628095,0.18195258624267535,nan
3201024.0,0.1637816242746835,0.1768250993419519,nan
3203072.0,0.16357239407625435,0.21355528188878978,nan
3205120.0,0.16752018540913716,0.16139529906306405,nan
3207168.0,0.20239303795499597,0.19773293710683054,nan
3209216.0,0.19567940961914765,0.2260605167506725,nan
3211264.0,0.14055035880636713,0.17769683010317644,38.82536382536382
3213312.0,0.14051323573857682,0.21022892737735996,nan
3215360.0,0.17507368563451137,0.19300164047498716,nan
3217408.0,0.17413436324802134,0.2025675616491143,nan
3219456.0,0.1550998514305828,0.22365888031424774,nan
3221504.0,0.17525752129914862,0.22401904507799208,nan
3223552.0,0.2379041409398977,0.21849115841649752,nan
3225600.0,0.17484536935043196,0.20750496423249667,nan
3227648.0,0.18113985068054092,0.19287275909921742,nan
3229696.0,0.1423106425840678,0.21627210838202673,nan
3231744.0,0.17372538180451524,0.2009773372865778,nan
3233792.0,0.23736147766776922,0.1767497852796254,nan
3235840.0,0.18494699356339828,0.2101264479580465,nan
3237888.0,0.12128500893544919,0.23229249850195613,nan
3239936.0,0.14568431541483742,0.2409956136233925,nan
3241984.0,0.1545573671470799,0.24258166725893954,nan
3244032.0,0.17828784740160047,0.22855764354516994,nan
3246080.0,0.17227278378007893,0.23475511589463816,nan
3248128.0,0.13995305592587223,0.2282787332566297,nan
3250176.0,0.24921701747372726,0.21060251801900143,nan
3252224.0,0.09603129735353179,0.2291049953115305,nan
3254272.0,0.2044782494329671,0.22737112305481127,nan
3256320.0,0.2039023198930228,0.23169941956317955,nan
3258368.0,0.23975330199550196,0.22045678900489793,nan
3260416.0,0.13605690703372594,0.21738606458605012,nan
3262464.0,0.18863628962713752,0.23319749744510862,nan
3264512.0,0.16885444683968565,0.24303185498607002,nan
3266560.0,0.18910675244424913,0.23792809332790069,nan
3268608.0,0.20559063954364754,0.2315344951458521,nan
3270656.0,0.22123862662285798,0.22103652643771352,nan
3272704.0,0.22763363022849772,0.21922271560576084,nan
3274752.0,0.18759538545435106,0.23051716615948745,nan
3276800.0,0.20063890994827357,0.23454117226456683,nan
3278848.0,0.23958655336300635,0.19779147980633327,nan
3280896.0,0.14855235138635478,0.20043101459131568,nan
3282944.0,0.16448993144924626,0.19550002880386125,nan
3284992.0,0.13787544526709783,0.1924472108838361,nan
3287040.0,0.13015648070796987,0.17439557309083387,nan
3289088.0,0.1427387033047689,0.1933626444322263,nan
3291136.0,0.17496924638213746,0.19107542335539118,nan
3293184.0,0.20673641504855694,0.20622114154777504,nan
3295232.0,0.1589809130378422,0.2197460374458196,nan
3297280.0,0.22907845292393392,0.20330521075223573,nan
3299328.0,0.2341300914213503,0.2143403190255605,nan
3301376.0,0.16124981140794525,0.16025381813777229,nan
3303424.0,0.14776574588052832,0.2148746838421246,nan
3305472.0,0.19151881998855147,0.23910844980984064,nan
3307520.0,0.15549877102728754,0.1755867294463451,nan
3309568.0,0.2515301286119951,0.21784850133660003,nan
3311616.0,0.16356195898098863,0.21391559110363464,46.90228690228691
3313664.0,0.1823944931242923,0.20607458788918573,nan
3315712.0,0.17283629172654735,0.21229674451394226,nan
3317760.0,0.1690587434042649,0.20230283234299962,nan
3319808.0,0.213006413934521,0.20160286675819106,nan
3321856.0,0.24004800032755402,0.19753981732069165,nan
3323904.0,0.2563204581452978,0.18551194215481837,nan
3325952.0,0.12994183901512982,0.18338513167497048,nan
3328000.0,0.08841691989091742,0.20301816588016408,nan
3330048.0,0.10391975317770619,0.156158631580165,nan
3332096.0,0.16885715318490524,0.14558864909062474,nan
3334144.0,0.19804748272411826,0.1854746799087356,nan
3336192.0,0.1746203490195855,0.19324726794270355,nan
3338240.0,0.12801000550665798,0.09223537935271056,nan
3340288.0,0.16969706389435893,0.1954900900164183,nan
3342336.0,0.224286965447414,0.19948588855238775,nan
3344384.0,0.19830772248223344,0.1808683495640839,nan
3346432.0,0.21255903091283057,0.19816135183435316,nan
3348480.0,0.21532461627299457,0.16757115743635873,nan
3350528.0,0.20368867861523932,0.15722185623779983,nan
3352576.0,0.17452549466543182,0.14235579430505022,nan
3354624.0,0.18275184564983915,0.2073831740928751,nan
3356672.0,0.16861267089829643,0.2423674412930624,nan
3358720.0,0.23497557342346798,0.14728521183302054,nan
3360768.0,0.16711411348752306,0.19925993756676103,nan
3362816.0,0.1545428202019725,0.1645164430964075,nan
3364864.0,0.1879293487162954,0.20799304666752866,nan
3366912.0,0.14660857225032517,0.18267163711752119,nan
3368960.0,0.19513734511468472,0.1807997755910556,nan
3371008.0,0.21156441997450384,0.1904998720605749,nan
3373056.0,0.18875249098621838,0.12461956158064957,nan
3375104.0,0.16208212783529777,0.14802538236551982,nan
3377152.0,0.1629767626556242,0.19606277860464416,nan
3379200.0,0.1390182136463295,0.1654765814195887,nan
3381248.0,0.1512018035469908,0.16474413365034782,nan
3383296.0,0.16850600762794676,0.20883085563198442,nan
3385344.0,0.16313532572820977,0.16214717302789636,nan
3387392.0,0.1887812755076081,0.14309496553523265,nan
3389440.0,0.19281160877879955,0.20430443677939694,nan
3391488.0,0.1914891102039487,0.18490929567886608,nan
3393536.0,0.16975050200717273,0.13763496558125196,nan
3395584.0,0.17606601194591046,0.22184267316345824,nan
3397632.0,0.13820636209483406,0.0838269816325518,nan
3399680.0,0.21115334938238164,0.18398595367063927,nan
3401728.0,0.20723300828779928,0.15052991170799598,nan
3403776.0,0.2389860314686234,0.1675664041708048,nan
3405824.0,0.1658168383998033,0.13289539879284093,nan
3407872.0,0.1503870250357236,0.14695437982730128,nan
3409920.0,0.23403908301678317,0.16440749468450988,nan
3411968.0,0.20859162126948327,0.195062269394405,39.53222453222453
3414016.0,0.12431258111956217,0.2016995163678297,nan
3416064.0,0.15329661132223094,0.1615302836730708,nan
3418112.0,0.19251289063661048,0.1536796546186921,nan
3420160.0,0.18268498822417614,0.17666189240020577,nan
3422208.0,0.16929782118956216,0.17946783109700834,nan
3424256.0,0.16087852805350256,0.19728496480300578,nan
3426304.0,0.11718607134351464,0.1951054866217796,nan
3428352.0,0.0940751497972577,0.13438174252672574,nan
3430400.0,0.17445151752851262,0.182201093491676,nan
3432448.0,0.15619830594988837,0.20666553237439997,nan
3434496.0,0.18942196451289195,0.1719454158436174,nan
3436544.0,0.17286673303525849,0.17623769747732798,nan
3438592.0,0.23968215403141907,0.18146776475558873,nan
3440640.0,0.201020806414393,0.14657656984783052,nan
3442688.0,0.1576063130665416,0.2081968415437481,nan
3444736.0,0.24986417502763048,0.1506354517891767,nan
3446784.0,0.18399462887686727,0.18001990531697898,nan
3448832.0,0.21513789557572044,0.19948377893865377,nan
3450880.0,0.21322835070912585,0.1993513858014261,nan
3452928.0,0.14782095289751468,0.18741264565653465,nan
3454976.0,0.19531191945496656,0.1960948661169989,nan
3457024.0,0.15313265105233992,0.2309055637434512,nan
3459072.0,0.15766344422542097,0.20328236232419158,nan
3461120.0,0.18665014637778227,0.20905629842619017,nan
3463168.0,0.09531400320435254,0.1951282674559027,nan
3465216.0,0.13013832729801256,0.13793901569474049,nan
3467264.0,0.12973242759819992,0.15456048286863544,nan
3469312.0,0.1324624515044517,0.20137302242364746,nan
3471360.0,0.1546006719297754,0.21085075665125796,nan
3473408.0,0.126596207151305,0.18681514031908014,nan
3475456.0,0.11814073999142483,0.20075342540205182,nan
3477504.0,0.12579433724485029,0.19400710849649574,nan
3479552.0,0.13733114885230113,0.1797269134045923,nan
3481600.0,0.16878734245624352,0.21308628559439355,nan
3483648.0,0.1789699765044575,0.20454548980068082,nan
3485696.0,0.18531158805283687,0.21018840826996169,nan
3487744.0,0.12125474108893841,0.1750378367947674,nan
3489792.0,0.12955823999454574,0.1522427671521254,nan
3491840.0,0.13290475141391087,0.1698901440635719,nan
3493888.0,0.13400448293352232,0.14715844661917565,nan
3495936.0,0.16363303290493808,0.18700829453599982,nan
3497984.0,0.17445728195711196,0.18248679332788534,nan
3500032.0,0.142374128129285,0.1778432860491914,nan
3502080.0,0.12702549024397736,0.1115336257822878,nan
3504128.0,0.133325299821418,0.12344302179989888,nan
3506176.0,0.13217931708204703,0.1266540976497726,nan
3508224.0,0.16976592227692608,0.14564774578266249,nan
3510272.0,0.15311852632059916,0.19162430107880085,nan
3512320.0,0.1344426705224651,0.12527368879474582,10.000000000000002
3514368.0,0.1314734519123818,0.11013153034682313,nan
3516416.0,0.16567647501946886,0.14581299833950076,nan
3518464.0,0.13192112634974995,0.11953053259495108,nan
3520512.0,0.13906196551471608,0.09097932117462156,nan
3522560.0,0.17565672930862825,0.12869203852175176,nan
3524608.0,0.13077548473049222,0.09115246938832099,nan
3526656.0,0.18361006311070419,0.13450113263774202,nan
3528704.0,0.13324240974569435,0.07885795826097787,nan
3530752.0,0.12740501843868995,0.09680255029751854,nan
3532800.0,0.14095789813370677,0.11473957027811889,nan
3534848.0,0.15152104658101287,0.09308149744799377,nan
3536896.0,0.17264850181772057,0.12373005508000472,nan
3538944.0,0.14931217352179074,0.08331277695898646,nan
3540992.0,0.15963340183862923,0.14508229927735147,nan
3543040.0,0.13095763923376275,0.09815482171222319,nan
3545088.0,0.12804237441802482,0.12912599991065288,nan
3547136.0,0.1315425646504644,0.13738913552459825,nan
3549184.0,0.20897477233890738,0.15345105424021635,nan
3551232.0,0.14980729938641274,0.10418741910158007,nan
3553280.0,0.1314132794011596,0.11320879304939148,nan
3555328.0,0.12809472350050594,0.14582158671154533,nan
3557376.0,0.1254498054877144,0.10693837237259285,nan
3559424.0,0.15576572843106318,0.1251598975748922,nan
3561472.0,0.1423076291442078,0.12989807271369327,nan
3563520.0,0.18534370394722993,0.11604259621377407,nan
3565568.0,0.14567665418157724,0.1300705168202426,nan
3567616.0,0.1429833857004958,0.09406681241484467,nan
3569664.0,0.13517013586497165,0.05468381005081888,nan
3571712.0,0.13788063675280599,0.11468114572885629,nan
3573760.0,0.13454545241214128,0.12276260822567896,nan
3575808.0,0.1798742652891545,0.15360367377637404,nan
3577856.0,0.127519884879743,0.13462633783668448,nan
3579904.0,0.12756921599791196,0.13850710386609705,nan
3581952.0,0.13092428805107126,0.10358520820482504,nan
3584000.0,0.13224188668380882,0.13703606830007,nan
3586048.0,0.15332382289137025,0.18827498865046458,nan
3588096.0,0.15855064906637834,0.1524644896431294,nan
3590144.0,0.1309582020986293,0.15089392014348577,nan
3592192.0,0.19764201631050682,0.15887070294091182,nan
3594240.0,0.16026292132519668,0.18721900027230587,nan
3596288.0,0.12735122966740625,0.1831820462869261,nan
3598336.0,0.11645101088857338,0.17700076804144543,nan
3600384.0,0.12544847446905538,0.17375101404582324,nan
3602432.0,0.15198589923788383,0.19596593117104258,nan
3604480.0,0.15677210416693244,0.18965185322123795,nan
3606528.0,0.18568351028730853,0.1737149920791993,nan
3608576.0,0.1822714004843227,0.14527098202375863,nan
3610624.0,0.14031953713730316,0.18917787311544929,nan
3612672.0,0.15594757476386278,0.17983799949035933,29.002079002079007
3614720.0,0.13143497935470977,0.13032771119849518,nan
3616768.0,0.12413726216555948,0.15961449862664345,nan
3618816.0,0.1274602651467732,0.14489283894825628,nan
3620864.0,0.17809647815258453,0.19609199377543948,nan
3622912.0,0.13107255113332078,0.14151651776757804,nan
3624960.0,0.13307799493164302,0.1656331513470419,nan
3627008.0,0.13764540054502244,0.16769347526364276,nan
3629056.0,0.10088924156852515,0.15792328733124442,nan
3631104.0,0.16537713425339892,0.19545670740900664,nan
3633152.0,0.13909033774530422,0.17166069535591005,nan
3635200.0,0.12492655116902707,0.18380396186120462,nan
3637248.0,0.15370943933453307,0.19785158663370198,nan
3639296.0,0.123356391193336,0.17861222657031492,nan
3641344.0,0.13065173479349348,0.17117483208937068,nan
3643392.0,0.12420854220682942,0.18257681801694503,nan
3645440.0,0.1298802633569561,0.2012936517839142,nan
3647488.0,0.12606653145706387,0.2219207953706013,nan
3649536.0,0.17795204985698532,0.23024040511575875,nan
3651584.0,0.14811913501413082,0.17085090829011051,nan
3653632.0,0.14174465247683624,0.20652705303305197,nan
3655680.0,0.10130006748593104,0.19750897234104325,nan
3657728.0,0.16808198283401837,0.23501225273150575,nan
3659776.0,0.20797049781325566,0.2295401333621015,nan
3661824.0,0.2576529523744898,0.18939207334679747,nan
3663872.0,0.1754675379260774,0.20931565414405343,nan
3665920.0,0.13504784530977437,0.1835909617394728,nan
3667968.0,0.14872413195636222,0.19943725148931046,nan
3670016.0,0.142001150778959,0.1771696902812504,nan
3672064.0,0.13653029391307964,0.15552294231660954,nan
3674112.0,0.1716478074183844,0.19684768671764755,nan
3676160.0,0.16302551669942686,0.20023384812224518,nan
3678208.0,0.13144000553605575,0.20487253472006076,nan
3680256.0,0.152015238673027,0.190600892310905,nan
3682304.0,0.1434274341684677,0.18815621238484845,nan
3684352.0,0.19904573704772865,0.1985987461262998,nan
3686400.0,0.20887692268864166,0.21874509782891566,nan
3688448.0,0.1611320745536783,0.16831834546867055,nan
3690496.0,0.16881959709417443,0.20718518857630408,nan
3692544.0,0.1600717835319892,0.21820484922418945,nan
3694592.0,0.17913011852145616,0.2272467851757292,nan
3696640.0,0.22655034367783128,0.21803647736826828,nan
3698688.0,0.20067630563163555,0.2227933991899561,nan
3700736.0,0.28892997623824307,0.17867556149157518,nan
3702784.0,0.22801348285208123,0.20815398440448493,nan
3704832.0,0.25103832465232295,0.20451119347977728,nan
3706880.0,0.26696839570543607,0.20598628010127623,nan
3708928.0,0.14955626674064434,0.20984136260248248,nan
3710976.0,0.14810527924035133,0.2270835761209759,nan
3713024.0,0.17701952881941918,0.21178966094234108,68.25363825363826
3715072.0,0.1765647590166857,0.20387139535884827,nan
3717120.0,0.15829868706625222,0.2159120391863114,nan
3719168.0,0.21694390347223141,0.2195159569578676,nan
3721216.0,0.13423020986380424,0.2328715071880494,nan
3723264.0,0.14154711130658706,0.2150961984490842,nan
3725312.0,0.19802870839024417,0.22434120993167583,nan
3727360.0,0.15589528961980445,0.22254134483333912,nan
3729408.0,0.1386631020078593,0.22368028952678082,nan
3731456.0,0.21782409675004671,0.22311104145586594,nan
3733504.0,0.15662432865660197,0.21505984714147366,nan
3735552.0,0.224116223794252,0.20687648390086139,nan
3737600.0,0.17823866617515544,0.21505618553584127,nan
3739648.0,0.22180077995496683,0.20596973554609854,nan
3741696.0,0.2196954723348747,0.2169977427688005,nan
3743744.0,0.22971685755432297,0.21355703691419406,nan
3745792.0,0.20888728403982032,0.22877375968132455,nan
3747840.0,0.1755994130103473,0.22250396616204707,nan
3749888.0,0.23157281641185223,0.22078266381891418,nan
3751936.0,0.13777039508413408,0.22600182325221932,nan
3753984.0,0.10988909539750652,0.233774455217242,nan
3756032.0,0.15457789675232947,0.22506861401776035,nan
3758080.0,0.19680646874837004,0.23614800215154153,nan
3760128.0,0.17680214643377867,0.24081908723855255,nan
3762176.0,0.14332728054258162,0.2425089927568414,nan
3764224.0,0.16057310937936142,0.2411431110975548,nan
3766272.0,0.2102153870195788,0.2319907367085974,nan
3768320.0,0.17386799819206428,0.22959233069272597,nan
3770368.0,0.21119083015273327,0.22213440490261213,nan
3772416.0,0.19026674139490926,0.21206407997803864,nan
3774464.0,0.23644358993026002,0.21783987841896366,nan
3776512.0,0.2733714389086807,0.20110810505729648,nan
3778560.0,0.1985320437170527,0.23229701891750296,nan
3780608.0,0.22881325756748083,0.22465792689282615,nan
3782656.0,0.24940857948004203,0.21218686394246716,nan
3784704.0,0.19297950482209297,0.23865222175690282,nan
3786752.0,0.24731212137203318,0.21402407600795734,nan
3788800.0,0.2376126053520566,0.2126970913310249,nan
3790848.0,0.2648502711351141,0.20645066860117187,nan
3792896.0,0.23738860484899527,0.2186796591655016,nan
3794944.0,0.22908258013371144,0.21462857106780803,nan
3796992.0,0.21802261071513945,0.22421727669357872,nan
3799040.0,0.25811689742014027,0.19845523541375348,nan
3801088.0,0.18042077951052327,0.22431216988499134,nan
3803136.0,0.2721682493144514,0.2043194203804218,nan
3805184.0,0.17851976516377854,0.21798298618690604,nan
3807232.0,0.2447733318825122,0.20575572074554396,nan
3809280.0,0.17823175520021955,0.2262035397193657,nan
3811328.0,0.20400546166690184,0.22435224414285762,nan
3813376.0,0.23809360311105263,0.20978055127718384,65.96673596673597
3815424.0,0.23646482130982638,0.22068593800252717,nan
3817472.0,0.21945353239544318,0.21713071729951847,nan
3819520.0,0.10087597191919119,0.21643412009033383,nan
3821568.0,0.2889715165848047,0.18062104681069482,nan
3823616.0,0.1863427087676926,0.21670684311854596,nan
3825664.0,0.21057122144781348,0.22395105271679777,nan
3827712.0,0.16893681220616408,0.24216087912226839,nan
3829760.0,0.25952440226569445,0.20806357723366503,nan
3831808.0,0.31001611522589545,0.16356554298435055,nan
3833856.0,0.24721356987864734,0.21683555148523312,nan
3835904.0,0.18691191414529498,0.232690233285358,nan
3837952.0,0.17228548682243255,0.24197986862297752,nan
3840000.0,0.23235715650234903,0.21782393067979625,nan
3842048.0,0.15708720256831407,0.2396149940141696,nan
3844096.0,0.27312597908441993,0.1967901297776518,nan
3846144.0,0.24348939268068617,0.22007127914369437,nan
3848192.0,0.21477154440257462,0.2281048585647161,nan
3850240.0,0.17861445832967626,0.23711959610760763,nan
3852288.0,0.2541143732153259,0.21430982193896192,nan
3854336.0,0.2520397017771365,0.21150842996714359,nan
3856384.0,0.25304633883953,0.21442500625663072,nan
3858432.0,0.26916000985358557,0.19667923004419838,nan
3860480.0,0.24857686463394346,0.21100776079232353,nan
3862528.0,0.20215842082846533,0.21874314794077773,nan
3864576.0,0.11192727916233937,0.22991295879762055,nan
3866624.0,0.19781824731673725,0.21603987137358313,nan
3868672.0,0.2132707545503142,0.22864031633448886,nan
3870720.0,0.294733836319792,0.1866656860208915,nan
3872768.0,0.14706607120477955,0.2330886313527076,nan
3874816.0,0.26349405958548094,0.20049000627014432,nan
3876864.0,0.17112660240477356,0.24249188361239796,nan
3878912.0,0.19496085369779798,0.22890364649636594,nan
3880960.0,0.18759915665155058,0.2365599361460991,nan
3883008.0,0.1745500415961398,0.23607904682354497,nan
3885056.0,0.14674682097690286,0.24021025563200812,nan
3887104.0,0.1534021005931012,0.23750974085917875,nan
3889152.0,0.2799258135300904,0.19668559365588115,nan
3891200.0,0.21694413128142687,0.2262730814092657,nan
3893248.0,0.22898639421806086,0.21735750009476787,nan
3895296.0,0.23907171055546367,0.22335896036442973,nan
3897344.0,0.25123088906452756,0.2081616998356642,nan
3899392.0,0.21412671201177513,0.23176199551897217,nan
3901440.0,0.16177634769889088,0.2482067251524643,nan
3903488.0,0.2703382573081283,0.20152917698714568,nan
3905536.0,0.19861745597640573,0.2298248962890646,nan
3907584.0,0.26660813960499685,0.21292192894466483,nan
3909632.0,0.33140157630028133,0.1471231273230866,nan
3911680.0,0.1743713621999205,0.22504124954397228,nan
3913728.0,0.27769234434660695,0.20103997140747834,74.99999999999999
3915776.0,0.29490605924736657,0.17795047752229542,nan
3917824.0,0.22887925069653275,0.2100066665611255,nan
3919872.0,0.2012866452490227,0.23413185263693473,nan
3921920.0,0.15523855806779643,0.2326368868776595,nan
3923968.0,0.19805289469071866,0.23070110587447845,nan
3926016.0,0.2424713464068503,0.22011399615070998,nan
3928064.0,0.10891245236603839,0.2385647248912298,nan
3930112.0,0.19357275310524769,0.23021604988428954,nan
3932160.0,0.23042364798394221,0.20229897515224965,nan
3934208.0,0.23170408308011992,0.21807110420992118,nan
3936256.0,0.21329750755620294,0.19994231534168164,nan
3938304.0,0.213439792728312,0.17947538225841725,nan
3940352.0,0.1912339727055379,0.16482793989951977,nan
3942400.0,0.08077847542888947,0.1939260648763583,nan
3944448.0,0.14776691930360283,0.22431399319415962,nan
3946496.0,0.18940395729382645,0.21620886045335982,nan
3948544.0,0.20523440477112379,0.2043896998832348,nan
3950592.0,0.18219698174844623,0.2204980718096361,nan
3952640.0,0.20684871103889416,0.1935588939686503,nan
3954688.0,0.16635954551653753,0.23379920254890899,nan
3956736.0,0.19202614130353401,0.18502437871735483,nan
3958784.0,0.1518588062182698,0.21923967736032815,nan
3960832.0,0.2017709087294357,0.23568054887563336,nan
3962880.0,0.23507792018502327,0.19852668341896237,nan
3964928.0,0.22442573856067843,0.19543138509988842,nan
3966976.0,0.18433058514152914,0.187084797203983,nan
3969024.0,0.18897300636825953,0.19182525237662099,nan
3971072.0,0.252372713400431,0.18587429716289347,nan
3973120.0,0.12916391476292627,0.16583092138747585,nan
3975168.0,0.19844984934918883,0.22689439380881543,nan
3977216.0,0.2580249265033356,0.19168720302796335,nan
3979264.0,0.24156001851947995,0.2142169201253487,nan
3981312.0,0.21261150462179013,0.22688682356862258,nan
3983360.0,0.23210548188766905,0.21960717720034248,nan
3985408.0,0.1784453683606893,0.23385841489676032,nan
3987456.0,0.22528150042651768,0.2209359221222777,nan
3989504.0,0.23590733830441588,0.21861770458515833,nan
3991552.0,0.27217200371832,0.20058894514252423,nan
3993600.0,0.225347293522754,0.2206674499304614,nan
3995648.0,0.16462270613335153,0.24533243436276958,nan
3997696.0,0.23161860515710642,0.21949690392586668,nan
3999744.0,0.17817777139063054,0.22868564033204633,nan
4001792.0,0.1236757162237277,0.22958829272766226,nan
4003840.0,0.2061339510249221,0.2273822733563706,nan
4005888.0,0.2838824173986215,0.19780397378138034,nan
4007936.0,0.2436765130180995,0.2153597307401959,nan
4009984.0,0.26027622083280305,0.2005964454570627,nan
4012032.0,0.20134141036552294,0.2249138046950866,nan
4014080.0,0.2798957355451369,0.19206492073900916,55.09355509355508
4016128.0,0.1658588042501219,0.24228410047063997,nan
4018176.0,0.23072539196992786,0.22272038420696558,nan
4020224.0,0.19120993262514552,0.23472586688851857,nan
4022272.0,0.34302786514972,0.12556887474366762,nan
4024320.0,0.2676890677575264,0.20485145406227714,nan
4026368.0,0.1720546339326457,0.239816544273906,nan
4028416.0,0.18210405556567344,0.23970975040292344,nan
4030464.0,0.28080348956357915,0.1982047065392298,nan
4032512.0,0.25444362751144334,0.20848181117174222,nan
4034560.0,0.2415594442112485,0.21983313210155933,nan
4036608.0,0.22704224310423338,0.22504335685376706,nan
4038656.0,0.3170017072626953,0.1509094152304474,nan
4040704.0,0.2471177620939194,0.21824454430338414,nan
4042752.0,0.19976455014146666,0.23327505694974093,nan
4044800.0,0.15528043647991818,0.23969136708615812,nan
4046848.0,0.16634467932602295,0.23499737102671545,nan
4048896.0,0.19075803636906818,0.23847590238659638,nan
4050944.0,0.2519017116538137,0.21222968403172515,nan
4052992.0,0.21127335270588038,0.23472139986629767,nan
4055040.0,0.25966662537803153,0.21371522607051704,nan
4057088.0,0.24337857624552575,0.214280860122837,nan
4059136.0,0.24600905474210027,0.216996491297103,nan
4061184.0,0.18751911217098333,0.23473093214924032,nan
4063232.0,0.28269400994454674,0.19129247306615516,nan
4065280.0,0.2920928022692806,0.1871453308112467,nan
4067328.0,0.06471242959346296,0.18567823361266536,nan
4069376.0,0.30314496730440665,0.14331685464259145,nan
4071424.0,0.16479445895018768,0.2235899158590299,nan
4073472.0,0.20380533090398611,0.22919246748098565,nan
4075520.0,0.2511661795355364,0.20746909449649434,nan
4077568.0,0.18758462676404286,0.22610740331115003,nan
4079616.0,0.21825733000954128,0.21691775359620577,nan
4081664.0,0.06840536088999921,0.20202594818014705,nan
4083712.0,0.24230467462397776,0.20622327906369933,nan
4085760.0,0.21127717417986874,0.21706461452150544,nan
4087808.0,0.2774129937666314,0.18897507263468225,nan
4089856.0,0.17165354918435846,0.22328053302315418,nan
4091904.0,0.10977535844108867,0.21098310687535132,nan
4093952.0,0.22570505579953112,0.20705647240865424,nan
4096000.0,0.2000648365296311,0.2286586323559644,nan
4098048.0,0.3249464713656306,0.14063254875512848,nan
4100096.0,0.17006015119896867,0.2162234906753259,nan
4102144.0,0.25972625999152443,0.20291020724929978,nan
4104192.0,0.21271078933461743,0.21902004654202678,nan
4106240.0,0.24061920496212735,0.2186140590258829,nan
4108288.0,0.2845216503742595,0.18569631194393457,nan
4110336.0,0.20595165976300484,0.22249259077791816,nan
4112384.0,0.30290936060176593,0.18036160787831065,nan
4114432.0,0.22376612754006805,0.21837327684436617,64.14760914760915
4116480.0,0.2313227236771008,0.22269600397612602,nan
4118528.0,0.28987389328081353,0.188880582473211,nan
4120576.0,0.21106047556416146,0.1930465824291343,nan
4122624.0,0.20709938275670114,0.21865184541933638,nan
4124672.0,0.19920484775517844,0.19826663570016145,nan
4126720.0,0.15968689705132647,0.21357602539786755,nan
4128768.0,0.14190279451888377,0.16890130737984674,nan
4130816.0,0.13291331959638966,0.18317384552906776,nan
4132864.0,0.22725792110982357,0.18171790814763963,nan
4134912.0,0.1696785384568346,0.21832260682089635,nan
4136960.0,0.1734062574530322,0.1997359746024249,nan
4139008.0,0.17558478263689617,0.1849782156585848,nan
4141056.0,0.13921653787536928,0.16808616461618492,nan
4143104.0,0.22073946250811233,0.22393653052595155,nan
4145152.0,0.225938742756905,0.2053730944753876,nan
4147200.0,0.2280633044368068,0.22118766365706824,nan
4149248.0,0.1954586385481053,0.21375546821588823,nan
4151296.0,0.2100859931753063,0.2302849267550723,nan
4153344.0,0.2576868314841113,0.20797551349882815,nan
4155392.0,0.2225439166803042,0.21418821173004104,nan
4157440.0,0.2724466211637414,0.18832117479868704,nan
4159488.0,0.1818561725573956,0.2265793350239545,nan
4161536.0,0.17793054310229073,0.21940753812171854,nan
4163584.0,0.21502168163886917,0.23214434926659686,nan
4165632.0,0.23293786032510772,0.21486118726726156,nan
4167680.0,0.20530638010025423,0.22674164155688278,nan
4169728.0,0.2321951734461895,0.21284072117182198,nan
4171776.0,0.2653650702410726,0.20912779795692707,nan
4173824.0,0.23514269510665267,0.22198821551983206,nan
4175872.0,0.2610931695809748,0.20787746125506545,nan
4177920.0,0.23873682054087933,0.22000907511362847,nan
4179968.0,0.3190378299719482,0.15595025374565952,nan
4182016.0,0.24327744380191618,0.2162061521950511,nan
4184064.0,0.2587947274773736,0.2092964479969811,nan
4186112.0,0.2765888210332142,0.19985048073315656,nan
4188160.0,0.2636490684803063,0.20907006890373409,nan
4190208.0,0.27292833127540483,0.19910478872639545,nan
4192256.0,0.23442601075311317,0.22484963906227712,nan
4194304.0,0.25928918212443963,0.20713772466528893,nan
4196352.0,0.24752096014907532,0.21743875408091393,nan
4198400.0,0.1921333558477214,0.21265110672648382,nan
4200448.0,0.25349573601792336,0.19308268853094002,nan
4202496.0,0.21306880429440947,0.21852084565158988,nan
4204544.0,0.22067299194102397,0.21219619110618754,nan
4206592.0,0.27372532041659003,0.19276607640691673,nan
4208640.0,0.2293488975401069,0.20176005783703968,nan
4210688.0,0.19628110746072677,0.21528017988745035,nan
4212736.0,0.16610706225518418,0.21329123036743156,nan
4214784.0,0.23474707074528034,0.20134912171732283,53.63825363825364
4216832.0,0.1965561191876132,0.14700153801662255,nan
4218880.0,0.25700459668457953,0.1724423234084355,nan
4220928.0,0.26748704855722444,0.1991020173218579,nan
4222976.0,0.3175910937812809,0.14082458144876095,nan
4225024.0,0.24738182369542538,0.21564222634384905,nan
4227072.0,0.21869760064287166,0.22778044014661036,nan
4229120.0,0.2422294850426623,0.22073467923930434,nan
4231168.0,0.16637838666111643,0.2356180308324288,nan
4233216.0,0.23792739223096365,0.2153092376395895,nan
4235264.0,0.2159022967238007,0.22579420951416784,nan
4237312.0,0.264848809244932,0.2036883451284985,nan
4239360.0,0.27389891326023746,0.19467386724892904,nan
4241408.0,0.25618574622695156,0.20703239668626722,nan
4243456.0,0.251661782126455,0.2112724070911011,nan
4245504.0,0.2597262757166623,0.19711424438129946,nan
4247552.0,0.28224593680267374,0.18904177829840493,nan
4249600.0,0.16416999919235498,0.23985148167132342,nan
4251648.0,0.13812164573663246,0.23715889042361124,nan
4253696.0,0.3219295272019045,0.1506211879062891,nan
4255744.0,0.242688873072055,0.2074162844820567,nan
4257792.0,0.25674521512680437,0.2064543647488183,nan
4259840.0,0.21480753175909917,0.22272623238115227,nan
4261888.0,0.2882154914552334,0.17819939442258415,nan
4263936.0,0.2741397023816151,0.19444676756008136,nan
4265984.0,0.17448489332841077,0.23005109907939764,nan
4268032.0,0.23442880638355373,0.2223250785867369,nan
4270080.0,0.26178637253907944,0.20168966823189374,nan
4272128.0,0.22006152558654407,0.2131311198642969,nan
4274176.0,0.3190745681850199,0.15013232348526462,nan
4276224.0,0.2765364949053976,0.1879752882081797,nan
4278272.0,0.2856977220216312,0.17658000184388092,nan
4280320.0,0.26695846067499,0.19063464452439352,nan
4282368.0,0.27707778331864685,0.18419673310858992,nan
4284416.0,0.2638052993205643,0.19505071722169562,nan
4286464.0,0.2978478650963533,0.1739326148671697,nan
4288512.0,0.26908374400133633,0.19107196489171452,nan
4290560.0,0.24652739949121302,0.20501317488123558,nan
4292608.0,0.2968145560701612,0.168102191405671,nan
4294656.0,0.32730095758847855,0.1282096385019767,nan
4296704.0,0.230212591544175,0.21159176515428982,nan
4298752.0,0.250401065238897,0.21144096807494261,nan
4300800.0,0.2602998164050401,0.198578778280485,nan
4302848.0,0.30105492001625933,0.16544976481456344,nan
4304896.0,0.3155463853572128,0.15074471143006313,nan
4306944.0,0.21477366886745775,0.22178376578496312,nan
4308992.0,0.23842916312404341,0.197242396276916,nan
4311040.0,0.2645104238527612,0.18392855054554622,nan
4313088.0,0.2638462432994221,0.1725105929371943,nan
4315136.0,0.26456911943406,0.1773788413714882,72.88981288981289
4317184.0,0.21746764110025815,0.22681740967568725,nan
4319232.0,0.2912800002535856,0.17440277427390427,nan
4321280.0,0.24268237400063408,0.2101064196537835,nan
4323328.0,0.21173373378498617,0.22448810970651123,nan
4325376.0,0.24935856990060207,0.1988343368650499,nan
4327424.0,0.29635498169783114,0.1654883272920386,nan
4329472.0,0.22840390251536552,0.21215790505841936,nan
4331520.0,0.19130584610434237,0.202759986516357,nan
4333568.0,0.2653353314978276,0.1832763082151065,nan
4335616.0,0.1635503647678143,0.2212390048059571,nan
4337664.0,0.2588386013237013,0.17892859236719053,nan
4339712.0,0.26607460989586573,0.17368492408376685,nan
4341760.0,0.21194219822586818,0.21515752656990664,nan
4343808.0,0.13622986632354175,0.21655391324475648,nan
4345856.0,0.2566892367588621,0.19830917097720827,nan
4347904.0,0.20898528070761901,0.20961315164703273,nan
4349952.0,0.26288846068184085,0.19036532067787879,nan
4352000.0,0.25769030859540687,0.20501323362335902,nan
4354048.0,0.17482311943098128,0.23327018283708764,nan
4356096.0,0.27695507334076364,0.19024316853163734,nan
4358144.0,0.26174560108573486,0.18970224253164206,nan
4360192.0,0.3138739851395214,0.13569769418151553,nan
4362240.0,0.2756479628632446,0.178464958174888,nan
4364288.0,0.24828251340167062,0.20191799997561216,nan
4366336.0,0.298268630935427,0.14849492893331992,nan
4368384.0,0.20619032096792206,0.22994768015428516,nan
4370432.0,0.23695683102079595,0.2168234256852562,nan
4372480.0,0.1915810429557283,0.22214532424643066,nan
4374528.0,0.31873383596821314,0.14943241751628766,nan
4376576.0,0.3140622966925704,0.1296855907207108,nan
4378624.0,0.257189849756092,0.17873546738065887,nan
4380672.0,0.25335764272267675,0.20164324542470408,nan
4382720.0,0.27869139244707747,0.1767135867414542,nan
4384768.0,0.2375416477741444,0.20234857733379782,nan
4386816.0,0.27061333996230574,0.1877607829236363,nan
4388864.0,0.2867349650567082,0.16136052071211535,nan
4390912.0,0.24787471392053165,0.18959608021498384,nan
4392960.0,0.22430925100219784,0.21813934253408954,nan
4395008.0,0.2709355412664221,0.17921528129193567,nan
4397056.0,0.31733124779347077,0.12188742990299294,nan
4399104.0,0.08031153315335854,0.21886870759794388,nan
4401152.0,0.24481421901338318,0.19407308535917314,nan
4403200.0,0.2864912031020439,0.18192295755828736,nan
4405248.0,0.22588414384933458,0.20892653507067713,nan
4407296.0,0.2505050618106496,0.1906440809976102,nan
4409344.0,0.3202293154423329,0.12742730541055114,nan
4411392.0,0.24166868863020188,0.20694715563637328,nan
4413440.0,0.30058446787939375,0.1551399418364008,nan
4415488.0,0.21692681267503916,0.21811421330137135,75.88357588357589
4417536.0,0.24552787155431452,0.2087567390467533,nan
4419584.0,0.2925981434212033,0.15052016544258923,nan
4421632.0,0.2125338056252582,0.22447437034041304,nan
4423680.0,0.2735412700116184,0.190889254027213,nan
4425728.0,0.2685904471618107,0.19474895809078768,nan
4427776.0,0.2688658848278508,0.1930452892922211,nan
4429824.0,0.28811841438343216,0.1720472674955608,nan
4431872.0,0.1910310791526361,0.21675883958471734,nan
4433920.0,0.27845407465907174,0.17324660176924309,nan
4435968.0,0.28248836788100234,0.1737223591152435,nan
4438016.0,0.26943411998423095,0.1827403339568799,nan
4440064.0,0.2706783052036701,0.1804236032193398,nan
4442112.0,0.26115489799840597,0.1907578357143699,nan
4444160.0,0.1514430348602726,0.2313892597489938,nan
4446208.0,0.21758635523026185,0.22185748515347836,nan
4448256.0,0.2844540388516585,0.18437360311973566,nan
4450304.0,0.24576291635094155,0.20180487529847482,nan
4452352.0,0.20661882725009495,0.2227206226537829,nan
4454400.0,0.22126337667545587,0.22437934445878166,nan
4456448.0,0.2798437521240583,0.18374101606690818,nan
4458496.0,0.2755307444492343,0.18429821616752273,nan
4460544.0,0.2743579933029948,0.1868324897964858,nan
4462592.0,0.30898930037092087,0.15704448253576023,nan
4464640.0,0.2912990337938256,0.1726461947627256,nan
4466688.0,0.29670439499059276,0.1649638214344967,nan
4468736.0,0.28570409024697535,0.18461463121347405,nan
4470784.0,0.3088587655794475,0.15354864781462665,nan
4472832.0,0.2876621165534197,0.17104845948206643,nan
4474880.0,0.2815446959568887,0.18176171250943907,nan
4476928.0,0.3017912490361715,0.16280803368177912,nan
4478976.0,0.27772756252473013,0.18667982801248162,nan
4481024.0,0.3143258619477227,0.1535452959861963,nan
4483072.0,0.26408759826779593,0.1918832681138883,nan
4485120.0,0.2712920113923119,0.1903673910263416,nan
4487168.0,0.08825229102125132,0.23015647458753746,nan
4489216.0,0.25033512178763523,0.18399043418781633,nan
4491264.0,0.2496584576543125,0.2029419398623008,nan
4493312.0,0.2645963465592081,0.18850709333500404,nan
4495360.0,0.2643965055690063,0.1953383370500353,nan
4497408.0,0.24203082833188286,0.20803721104980635,nan
4499456.0,0.2870279784713349,0.1628410171969446,nan
4501504.0,0.28423590255558884,0.18909680859146138,nan
4503552.0,0.30709023337296987,0.15520262191656783,nan
4505600.0,0.20659398154650713,0.22031242781933255,nan
4507648.0,0.17495128528914267,0.23613779565794513,nan
4509696.0,0.28519505559008324,0.17562623951951883,nan
4511744.0,0.3188186424356595,0.1374266285232983,nan
4513792.0,0.2995354152999221,0.16667623032126647,nan
4515840.0,0.2437843024045307,0.19059679470720156,78.87733887733887
4517888.0,0.18953541727656453,0.2303116111298961,nan
4519936.0,0.26326029951471214,0.19387960935896395,nan
4521984.0,0.3047782209839329,0.1468474283140527,nan
4524032.0,0.15092913403357627,0.24539948144825546,nan
4526080.0,0.15851733014834807,0.24753771757397802,nan
4528128.0,0.12749005448869397,0.24721068095012547,nan
4530176.0,0.30676670423949715,0.1368166640050688,nan
4532224.0,0.16783321338973994,0.22917254654890612,nan
4534272.0,0.3094318722404992,0.13685201814429457,nan
4536320.0,0.2625485565065113,0.18950034321255713,nan
4538368.0,0.2672640134655089,0.17598429681982944,nan
4540416.0,0.22476198779783346,0.20174602656762658,nan
4542464.0,0.29627503408412337,0.16229077880187695,nan
4544512.0,0.22767697214797883,0.20090433260186444,nan
4546560.0,0.2245868948599763,0.18396666521030167,nan
4548608.0,0.2524919266853439,0.19199013397293832,nan
4550656.0,0.22996907222368806,0.20390804303783366,nan
4552704.0,0.21555173762824975,0.21727090655108267,nan
4554752.0,0.2843274478092634,0.1622319093393149,nan
4556800.0,0.3023540744436272,0.14713871688322738,nan
4558848.0,0.2660632131474225,0.17530241024820267,nan
4560896.0,0.28993811111547985,0.16662779926739088,nan
4562944.0,0.32449438661570446,0.11656557900464273,nan
4564992.0,0.27820125225637826,0.17407574717200947,nan
4567040.0,0.28152514274456764,0.16296838099914251,nan
4569088.0,0.30664018138540333,0.12790313798643946,nan
4571136.0,0.2643984240181151,0.1886385297586347,nan
4573184.0,0.292169018462126,0.17862884257451198,nan
4575232.0,0.11462493202685714,0.21412881164965744,nan
4577280.0,0.22091220034887346,0.2216160022473761,nan
4579328.0,0.26412972270165014,0.1986198065225458,nan
4581376.0,0.3033022952618769,0.1473131446821366,nan
4583424.0,0.2735217968818688,0.1844994731449196,nan
4585472.0,0.2830830757404197,0.165698279218896,nan
4587520.0,0.30555716227842095,0.1435043090838937,nan
4589568.0,0.28594933411743584,0.1700217977108939,nan
4591616.0,0.333720840461323,0.09489338867867372,nan
4593664.0,0.2254935028763756,0.2205067031871472,nan
4595712.0,0.3216097944130172,0.09268540733917338,nan
4597760.0,0.24731525296166873,0.18997355830322643,nan
4599808.0,0.3158398877128625,0.1500251794500478,nan
4601856.0,0.28096072262123084,0.16691270746700865,nan
4603904.0,0.2861840539165627,0.15452681454416062,nan
4605952.0,0.19850727854078618,0.21095262515641966,nan
4608000.0,0.33210833887972546,0.11294271048069643,nan
4610048.0,0.3204737873810457,0.12260151909589664,nan
4612096.0,0.2883009707116355,0.16337920403734513,nan
4614144.0,0.24690334713009615,0.1924216293590459,nan
4616192.0,0.2556227045713222,0.19935585620785493,81.53846153846153
4618240.0,0.25142223436761413,0.2084730945628082,nan
4620288.0,0.301136997024968,0.16303010884214197,nan
4622336.0,0.23837057188178293,0.21168012393680888,nan
4624384.0,0.2531526929646116,0.19403387712662779,nan
4626432.0,0.32871339404713706,0.10322163461599827,nan
4628480.0,0.29044062888060196,0.165091121997868,nan
4630528.0,0.1792933798842805,0.23740813708160446,nan
4632576.0,0.27355409561192057,0.18196021528504472,nan
4634624.0,0.23471442778971935,0.2081047951174842,nan
4636672.0,0.2829938596048974,0.1641538393972095,nan
4638720.0,0.30273608125971885,0.1391135515108585,nan
4640768.0,0.24578500324624664,0.19882581405120997,nan
4642816.0,0.22782155421410233,0.20706322860657472,nan
4644864.0,0.28980309908767526,0.1521929100193577,nan
4646912.0,0.21008089043220704,0.21430392235354936,nan
4648960.0,0.30150008040214155,0.13765545528182416,nan
4651008.0,0.23680175987113422,0.1960958842938367,nan
4653056.0,0.2913767394000496,0.15423465697480682,nan
4655104.0,0.26182070488500886,0.17930930340873802,nan
4657152.0,0.26093113360857256,0.19219475824434124,nan
4659200.0,0.26724589968377027,0.18019767885319715,nan
4661248.0,0.30796307884237206,0.13861297013840812,nan
4663296.0,0.2596580497395634,0.19977569551189278,nan
4665344.0,0.2682746331152296,0.1852174326473083,nan
4667392.0,0.25655132063987796,0.1890854180840077,nan
4669440.0,0.2974992203316131,0.1483538915710688,nan
4671488.0,0.2743404971332982,0.185733181188618,nan
4673536.0,0.2911269217717989,0.1679454139214174,nan
4675584.0,0.3081563157799007,0.13790369581260073,nan
4677632.0,0.3170571950030447,0.12630213360550965,nan
4679680.0,0.2678674368706617,0.19098050453835344,nan
4681728.0,0.2202178677497716,0.2153439918584585,nan
4683776.0,0.2604163356518564,0.18663867861760686,nan
4685824.0,0.30842209358097045,0.13025497654809656,nan
4687872.0,0.2787701048300103,0.1718826596775015,nan
4689920.0,0.29896480526850366,0.15356519695920418,nan
4691968.0,0.19356644533439554,0.21445609668542476,nan
4694016.0,0.2952436424327508,0.1649754786813989,nan
4696064.0,0.28676929571223075,0.16505745833309204,nan
4698112.0,0.2780460432341474,0.17765664736132397,nan
4700160.0,0.26272002214820445,0.1918211466603341,nan
4702208.0,0.2624964118768484,0.16537365171808543,nan
4704256.0,0.1034905599503749,0.2222767933377121,nan
4706304.0,0.2234344384472785,0.2147382702947788,nan
4708352.0,0.22593672191474445,0.21686030700921427,nan
4710400.0,0.23778725276302673,0.2069813221245285,nan
4712448.0,0.25561299328570397,0.201405412487623,nan
4714496.0,0.24313232594096246,0.19191582177102326,nan
4716544.0,0.3029592900436768,0.14556034783634575,59.92723492723493
4718592.0,0.19339231624977068,0.2061989253578023,nan
4720640.0,0.16905298490989362,0.14906292061243476,nan
4722688.0,0.21764943060595382,0.1908939418432422,nan
4724736.0,0.18733970367674363,0.19925612697125378,nan
4726784.0,0.2369972518282461,0.1991175117312383,nan
4728832.0,0.23195974356242333,0.2038175403501523,nan
4730880.0,0.2801619634181515,0.18106635361149725,nan
4732928.0,0.26204102338924884,0.1839970377369718,nan
4734976.0,0.16267474550426209,0.21560278399609784,nan
4737024.0,0.2461232391056093,0.18983889686514552,nan
4739072.0,0.28850714973090263,0.16268383355848104,nan
4741120.0,0.2427948379204978,0.18168184369991544,nan
4743168.0,0.23618250858426532,0.1810350166483082,nan
4745216.0,0.2140561570670408,0.19227542819241805,nan
4747264.0,0.17304880031433112,0.20620527793020785,nan
4749312.0,0.17388040589417827,0.1920317956442109,nan
4751360.0,0.26606039258209935,0.17851995917418914,nan
4753408.0,0.22646978862655115,0.19963832557063643,nan
4755456.0,0.3079662903877497,0.1572994225358468,nan
4757504.0,0.23108322316506624,0.21540546624914342,nan
4759552.0,0.22323096158807615,0.2231635971743434,nan
4761600.0,0.29434775673674896,0.17098776676925395,nan
4763648.0,0.22116182293049463,0.20960549075649795,nan
4765696.0,0.2918301717252343,0.16780788772883026,nan
4767744.0,0.2784505938459613,0.1750096677853029,nan
4769792.0,0.31857980617921805,0.14081862053449828,nan
4771840.0,0.30620686171270994,0.15105590637726896,nan
4773888.0,0.28352003946280946,0.16601041595102936,nan
4775936.0,0.27894567697636397,0.17334642176407972,nan
4777984.0,0.2836197788702488,0.17860301765821399,nan
4780032.0,0.28235894424938457,0.16862451133913306,nan
4782080.0,0.27557743677450736,0.1786940850482124,nan
4784128.0,0.29570343012918543,0.15883257696030073,nan
4786176.0,0.32301729907805404,0.10713164432907081,nan
4788224.0,0.3110390244430543,0.14438341228411128,nan
4790272.0,0.26107870252055454,0.17411783178873133,nan
4792320.0,0.24812869057016484,0.1900872960975759,nan
4794368.0,0.29754516383097346,0.140098395146829,nan
4796416.0,0.1472334657592304,0.22108877893711804,nan
4798464.0,0.02404665349572108,0.15982156117698862,nan
4800512.0,0.23351569812064177,0.2069605550727824,nan
4802560.0,0.23729408159454354,0.2072072579897035,nan
4804608.0,0.24373670906910083,0.1970596797163332,nan
4806656.0,0.07266109456360034,0.21693955410459725,nan
4808704.0,0.148271253661753,0.2382695429053899,nan
4810752.0,0.12133127427574908,0.24007019468549656,nan
4812800.0,0.12123657906431035,0.23469173704047291,nan
4814848.0,0.13379570733096924,0.250875964050175,nan
4816896.0,0.16654816066354025,0.25690200089077964,69.63617463617464
4818944.0,0.16305252991149344,0.24765754982381225,nan
4820992.0,0.2191152226267103,0.23211948217065534,nan
4823040.0,0.18158921214231655,0.22954725178157734,nan
4825088.0,0.144312149593131,0.2562001571127462,nan
4827136.0,0.2083490377177189,0.22572271486466813,nan
4829184.0,0.13566959087837793,0.2501060098828978,nan
4831232.0,0.27920461487957987,0.2026323501270381,nan
4833280.0,0.16149190665706373,0.2398250364263828,nan
4835328.0,0.26585919804091385,0.20142596308467042,nan
4837376.0,0.26166249487681514,0.2029321758337926,nan
4839424.0,0.20714568916861356,0.19250012352435558,nan
4841472.0,0.17546648339158444,0.2248903639369815,nan
4843520.0,0.3102004283174148,0.16004244146011345,nan
4845568.0,0.2169987686408098,0.20928834311614955,nan
4847616.0,0.26601143299176566,0.1927153861255138,nan
4849664.0,0.22212328250864796,0.2028660124950827,nan
4851712.0,0.2650369155189843,0.19933877290653948,nan
4853760.0,0.15746951325601016,0.2213872755392951,nan
4855808.0,0.19172476277086967,0.22516941630292867,nan
4857856.0,0.22494018557869452,0.2127919245894011,nan
4859904.0,0.12802638748854045,0.22925368356057635,nan
4861952.0,0.09565092976695697,0.2394471711357817,nan
4864000.0,0.3141406471106515,0.14143949365332711,nan
4866048.0,0.20795526247409696,0.20880897719205305,nan
4868096.0,0.22836339205127423,0.20953396323361656,nan
4870144.0,0.2583242768737332,0.1924111675868601,nan
4872192.0,0.27697373510286244,0.1830946660269906,nan
4874240.0,0.24603319249946093,0.20089679261886578,nan
4876288.0,0.2792687111573003,0.1893863016000689,nan
4878336.0,0.3240170342157157,0.12710629208414295,nan
4880384.0,0.2827108505132657,0.15984623085013747,nan
4882432.0,0.2596683419983781,0.1916330622379372,nan
4884480.0,0.2998600502027894,0.15391431490496832,nan
4886528.0,0.1657199714246429,0.22373201961439682,nan
4888576.0,0.2323465636831376,0.21300220524578797,nan
4890624.0,0.27994899403654694,0.16764644788869476,nan
4892672.0,0.2815169569834052,0.15884992473380596,nan
4894720.0,0.28462222492213934,0.16486287669108035,nan
4896768.0,0.30278431019911567,0.14915643814636317,nan
4898816.0,0.32257966899759827,0.09733826705926824,nan
4900864.0,0.20346456385936557,0.20766869319068462,nan
4902912.0,0.23739266329818015,0.20245177306987872,nan
4904960.0,0.2741385128537001,0.17912259869137784,nan
4907008.0,0.2597434179439151,0.1894860829643989,nan
4909056.0,0.2788017622329334,0.1742436579707559,nan
4911104.0,0.3082397671635199,0.13660617284746449,nan
4913152.0,0.313227171409137,0.1402628332088599,nan
4915200.0,0.31653278900996246,0.11557219900741802,nan
4917248.0,0.10704141078758828,0.20396938375506588,82.44282744282744
4919296.0,0.29740047874888415,0.14924730192674193,nan
4921344.0,0.2916858346779382,0.1686305744838243,nan
4923392.0,0.31425149071574754,0.1344672018782755,nan
4925440.0,0.3192005544815808,0.11651009379226653,nan
4927488.0,0.3325563894278234,0.10352635369067903,nan
4929536.0,0.2923623319917261,0.15718275722356417,nan
4931584.0,0.21763418367253845,0.2058345111056138,nan
4933632.0,0.2639090903383413,0.19582460764973086,nan
4935680.0,0.3204647563489481,0.11054134715319384,nan
4937728.0,0.22664615826100182,0.19913877977664507,nan
4939776.0,0.291753086309223,0.14081281384063,nan
4941824.0,0.3205334983388448,0.1319175347151425,nan
4943872.0,0.26970038603232444,0.18353099084809738,nan
4945920.0,0.28920398887994336,0.16911352661394094,nan
4947968.0,0.2954451572423543,0.15653689364614928,nan
4950016.0,0.30952834176468014,0.13861783109993173,nan
4952064.0,0.32044208499605575,0.13254494445839815,nan
4954112.0,0.3328857189305686,0.12036571655332105,nan
4956160.0,0.30829418112348617,0.14033781848472568,nan
4958208.0,0.24269466307358512,0.20293346503483395,nan
4960256.0,0.3319701446663994,0.06875553327168407,nan
4962304.0,0.26574891308710524,0.19513437782698334,nan
4964352.0,0.2966637697239376,0.16276258752584088,nan
4966400.0,0.2531566268593698,0.1914640383632736,nan
4968448.0,0.2882745816381179,0.15598550284522483,nan
4970496.0,0.21192967336000731,0.21231020232368095,nan
4972544.0,0.21144849850469116,0.22037155342056167,nan
4974592.0,0.19210502715886604,0.21999308970155496,nan
4976640.0,0.29580562386206455,0.17615003465810689,nan
4978688.0,0.27937646709859265,0.1698104909364213,nan
4980736.0,0.0892539508054328,0.2123348125842233,nan
4982784.0,0.2512865231719421,0.20472674298986232,nan
4984832.0,0.27261320695492264,0.1957651185697446,nan
4986880.0,0.15201042836799028,0.2272385261855122,nan
4988928.0,0.15051904783923373,0.23334186359336567,nan
4990976.0,0.25597845105011247,0.19715417799792798,nan
4993024.0,0.22057229255384458,0.22682791971672345,nan
4995072.0,0.28894645145481446,0.17167826458907198,nan
4997120.0,0.13590599015240923,0.23107674112507512,nan
4999168.0,0.18739187615949846,0.2332608766131063,nan
5000000.0,0.2892710940861687,0.18873564298033055,64.67775467775468
