step,rollout_reward_mean,rollout_reward_std,eval_dcr_mean
2048.0,0.07551443625682969,0.22324818134692245,nan
4096.0,0.03283728332483244,0.21748926747523184,nan
6144.0,0.10175357615748802,0.2156805026553091,nan
8192.0,0.012466084662130257,0.18696786254335934,nan
10240.0,0.08326253005147116,0.2252517421650515,nan
12288.0,0.027350549112918753,0.20539314490334737,nan
14336.0,0.09935246379075174,0.20168961597649604,nan
16384.0,0.09520620337996945,0.2319174146093399,nan
18432.0,0.09351971287953478,0.21291953908592956,nan
20480.0,0.04846002210399116,0.20334331676742376,nan
22528.0,0.08348115060261047,0.2190880067808653,nan
24576.0,0.07109364325757901,0.23444739009188273,nan
26624.0,0.0760149004719679,0.21657386340709942,nan
28672.0,0.06439289647420887,0.2003845787477181,nan
30720.0,0.09000712932319704,0.24170318505635915,nan
32768.0,0.06115920516321748,0.16896359204892175,nan
34816.0,0.04861300343383153,0.20427881394541764,nan
36864.0,0.0684008137923125,0.18101088180282915,nan
38912.0,0.08905714193558974,0.19595733617662195,nan
40960.0,0.07768349825596747,0.20510594891583764,nan
43008.0,0.07347551765032136,0.23518219064442908,nan
45056.0,0.11055613272068714,0.21471742010971726,nan
47104.0,0.10161607219793452,0.21478656096479715,nan
49152.0,0.05017653871697146,0.18561398228248402,nan
51200.0,0.08389730506066159,0.2168288903000549,nan
53248.0,0.042181719072395894,0.1724254729765369,nan
55296.0,0.06337734438064827,0.20721780759020314,nan
57344.0,0.0915887615485169,0.20513120248406697,nan
59392.0,0.034837560698576214,0.19942526149360407,nan
61440.0,0.10230470901432058,0.20324632936280762,nan
63488.0,0.06575941433882934,0.1952931651159479,nan
65536.0,0.08277852166659769,0.23803314901995065,nan
67584.0,0.060862691566837095,0.19836878093193835,nan
69632.0,0.06776676162596942,0.19120436397912724,nan
71680.0,0.08880769004413645,0.22179992569119852,nan
73728.0,0.07663960029914829,0.2177521971224521,nan
75776.0,0.048574897754354716,0.19995066097280542,nan
77824.0,0.08138493644412237,0.20744283775488193,nan
79872.0,0.06977996224026438,0.22501229131152292,nan
81920.0,0.10948806617012016,0.20493016872489656,nan
83968.0,0.048693830958127175,0.21939091206012798,nan
86016.0,0.10220605031295087,0.20628400213922468,nan
88064.0,0.06416073210543041,0.15483317369185984,nan
90112.0,0.08084715848849709,0.18934338604432957,nan
92160.0,0.06766889758676008,0.20830213754204624,nan
94208.0,0.04946980655568556,0.20762752007481508,nan
96256.0,0.08749914152404378,0.2068509278519081,nan
98304.0,0.08211046252784801,0.19126277654689577,nan
100352.0,0.06937873739208075,0.1978768748943843,26.77754677754678
102400.0,0.09023307059718808,0.23667229409604415,nan
104448.0,0.05714319253192306,0.19131084873031717,nan
106496.0,0.08567226507478413,0.22248815412897616,nan
108544.0,0.07806550964366941,0.21439423467825106,nan
110592.0,0.06951779975259986,0.19393453131043073,nan
112640.0,0.08200729350245142,0.19294914790292847,nan
114688.0,0.06349771447502131,0.2105421563470402,nan
116736.0,0.08803532944067116,0.20643805845875624,nan
118784.0,0.09661609144052034,0.1991939358969402,nan
120832.0,0.06997360393783912,0.17225898402111625,nan
122880.0,0.10649430590329753,0.18786452604208517,nan
124928.0,0.07345622706304933,0.21106265440924166,nan
126976.0,0.06647685851331328,0.21399816200502042,nan
129024.0,0.07610186563136159,0.1957492655196946,nan
131072.0,0.08294049370934298,0.19298147041876806,nan
133120.0,0.05979318714945978,0.201641406082295,nan
135168.0,0.05639194300799759,0.1873202304474074,nan
137216.0,0.07375683041570272,0.21436402296240034,nan
139264.0,0.0870961167108106,0.20503045043768514,nan
141312.0,0.09323402787309126,0.20257850914825395,nan
143360.0,0.060720821317104934,0.17287954546943682,nan
145408.0,0.10942847821964098,0.2181504160296204,nan
147456.0,0.05487190572105356,0.2199738298756738,nan
149504.0,0.08344449246800441,0.22335712685880466,nan
151552.0,0.06233408799027467,0.19857973075829832,nan
153600.0,0.08822922001679588,0.22069974227747724,nan
155648.0,0.08884348394123878,0.21453162459591987,nan
157696.0,0.06417168011067469,0.20893502456795698,nan
159744.0,0.10862857655150882,0.21652865051305537,nan
161792.0,0.09571882176848512,0.20800802409710523,nan
163840.0,0.053881243920922084,0.2068255993836955,nan
165888.0,0.07881900023516678,0.21786850930444102,nan
167936.0,0.0787184333691002,0.19729338179749678,nan
169984.0,0.06685769340833977,0.2322307819864274,nan
172032.0,0.08297818014267991,0.21393908775809806,nan
174080.0,0.09028815479407123,0.21920587097993396,nan
176128.0,0.09213768032989489,0.22538425936742112,nan
178176.0,0.10486714408599777,0.22916495269914922,nan
180224.0,0.07030017472633908,0.20440826961392536,nan
182272.0,0.09011736468187902,0.19457488384988475,nan
184320.0,0.09633581422682852,0.2147324240179666,nan
186368.0,0.1091080106339344,0.2137352559481931,nan
188416.0,0.1032402644003818,0.23578396583762992,nan
190464.0,0.0849554018650338,0.21680601644768893,nan
192512.0,0.06705243537549392,0.2064168418393867,nan
194560.0,0.10238922649349065,0.21677836254083507,nan
196608.0,0.09892482175171402,0.20742043787329337,nan
198656.0,0.08351484972739014,0.2077047890569685,nan
200704.0,0.08393921210188518,0.23230396663204775,33.71101871101871
202752.0,0.09179854670348994,0.2135057777670835,nan
204800.0,0.07755023042224182,0.20774598273607595,nan
206848.0,0.07094787652557773,0.2320631702752093,nan
208896.0,0.09010891595582446,0.21759776340295528,nan
210944.0,0.06704720445928629,0.18967540947432288,nan
212992.0,0.08103762835151745,0.22643491658243986,nan
215040.0,0.08245528824314974,0.21116787311211357,nan
217088.0,0.10276969945400112,0.2374557141864525,nan
219136.0,0.10482215108366418,0.23503685752733705,nan
221184.0,0.061626397823857704,0.2016915983848179,nan
223232.0,0.05627600416880395,0.2273756816254291,nan
225280.0,0.07650268154247822,0.23505733963747003,nan
227328.0,0.07820737066445871,0.22352447254369753,nan
229376.0,0.07419323835580924,0.19873907792762485,nan
231424.0,0.10709577337224108,0.23471330587576825,nan
233472.0,0.06472532387956989,0.2190563377137634,nan
235520.0,0.08870262939936965,0.22904627559871238,nan
237568.0,0.05048268802893312,0.2199559248047348,nan
239616.0,0.086266075839635,0.20755532841007074,nan
241664.0,0.08579924544042128,0.22502581061885904,nan
243712.0,0.05372529431426791,0.21807424875928802,nan
245760.0,0.06885702826931825,0.19962614296304354,nan
247808.0,0.0781675998696025,0.20259361288399189,nan
249856.0,0.0789439775060248,0.21919124482212163,nan
251904.0,0.08367451213623836,0.2070507357141161,nan
253952.0,0.08739790617477557,0.1933122075628264,nan
256000.0,0.07914159372019884,0.23693836442855357,nan
258048.0,0.08687960890985534,0.2157471089431003,nan
260096.0,0.05075131219267206,0.21002104610330818,nan
262144.0,0.06900389341781879,0.17555666408309165,nan
264192.0,0.08395651805895413,0.2012255354470793,nan
266240.0,0.06411565172242724,0.21666673895804409,nan
268288.0,0.1119864551665804,0.20286608902025074,nan
270336.0,0.07707402043796727,0.22507203833347111,nan
272384.0,0.09515162187130749,0.22169708438678157,nan
274432.0,0.08718642083387519,0.21000273753484058,nan
276480.0,0.07739884408645117,0.21804138818416302,nan
278528.0,0.06070980632471997,0.21972348724286986,nan
280576.0,0.0625079880619137,0.21849717345772623,nan
282624.0,0.06410116477671751,0.21671890604983826,nan
284672.0,0.07800438691735839,0.22254323087535782,nan
286720.0,0.10007905112715754,0.22861092260589114,nan
288768.0,0.07307242833808306,0.21864194007240173,nan
290816.0,0.07300959408829441,0.20825562102736872,nan
292864.0,0.057105846343197056,0.21324316170022126,nan
294912.0,0.08531130221313746,0.1936722453719038,nan
296960.0,0.0571725852965556,0.22336967846025754,nan
299008.0,0.09300483982561218,0.2262730783701327,nan
301056.0,0.08986678630341195,0.20964115394376612,32.515592515592516
303104.0,0.08028919017814645,0.2203169986806246,nan
305152.0,0.08332097949517275,0.221861318840616,nan
307200.0,0.09925730420852376,0.22753368784193426,nan
309248.0,0.09241172070452672,0.20484268508735157,nan
311296.0,0.08185247927911712,0.2224769931385578,nan
313344.0,0.08990717833019295,0.22057640788780392,nan
315392.0,0.05493627441113637,0.21878151228362303,nan
317440.0,0.09778579582629802,0.21469436759377128,nan
319488.0,0.06080152646405669,0.20348187026711875,nan
321536.0,0.0899891695155316,0.2018220868278735,nan
323584.0,0.0562936069424836,0.21250688635797838,nan
325632.0,0.09827823945247718,0.2126884067895854,nan
327680.0,0.06967170402678505,0.19241610682995205,nan
329728.0,0.09463202746586713,0.2100090612062638,nan
331776.0,0.0779032056852686,0.21885829623062777,nan
333824.0,0.07948169008272907,0.21391941892367194,nan
335872.0,0.05300140417647426,0.19508979603313933,nan
337920.0,0.09388858775044986,0.19648718972950396,nan
339968.0,0.07415345769628162,0.18275525899881248,nan
342016.0,0.0696864399084522,0.23282571273536865,nan
344064.0,0.08517060762694348,0.19961905418688175,nan
346112.0,0.08898378933845244,0.22777882856183157,nan
348160.0,0.04787029615425336,0.2031422533231996,nan
350208.0,0.07778772100050613,0.22377506356836138,nan
352256.0,0.07576902616894503,0.21562047658105898,nan
354304.0,0.08604340363415466,0.22166568787907112,nan
356352.0,0.06019600377798484,0.19287245030697095,nan
358400.0,0.061612228327928495,0.19540662308858306,nan
360448.0,0.09833555052012577,0.22967058450666794,nan
362496.0,0.08960273112671227,0.22386847508146976,nan
364544.0,0.07707826282798282,0.22040415725666543,nan
366592.0,0.04586677367302071,0.21144609596526262,nan
368640.0,0.06875827638516487,0.1985314846804286,nan
370688.0,0.08310308019209002,0.2301977810396331,nan
372736.0,0.06342567757999892,0.20139235923812038,nan
374784.0,0.08759699538479351,0.2023110681496494,nan
376832.0,0.06820151086505781,0.21351664778953625,nan
378880.0,0.0906255703474539,0.21563417574791055,nan
380928.0,0.06254650760422811,0.22995656255204,nan
382976.0,0.07970246946202084,0.21511224729125192,nan
385024.0,0.08128068104429327,0.21991545967498918,nan
387072.0,0.0958757817713827,0.2323608435069873,nan
389120.0,0.0571819451334311,0.2015943547749476,nan
391168.0,0.06531943040134229,0.23156733241647812,nan
393216.0,0.052034430497294795,0.21407101342847634,nan
395264.0,0.057007840949680935,0.2238634545409156,nan
397312.0,0.07546150815929953,0.2062732996859969,nan
399360.0,0.09614108881309126,0.19551504635901476,nan
401408.0,0.10534479441888381,0.2045859643714461,31.288981288981283
403456.0,0.09311863675802853,0.21516269263044766,nan
405504.0,0.07129172234882153,0.1833650867709311,nan
407552.0,0.10477983541140541,0.23160968233168547,nan
409600.0,0.0843885929415287,0.23284794741406672,nan
411648.0,0.05734038504548256,0.20262506394245042,nan
413696.0,0.05958874348238438,0.1919406816482147,nan
415744.0,0.0741115796477498,0.21108104460967092,nan
417792.0,0.10798211474117897,0.2293905567177276,nan
419840.0,0.06972223791928661,0.21612096122598734,nan
421888.0,0.08930920461245677,0.21133530901153455,nan
423936.0,0.06054789958869772,0.2142651097545715,nan
425984.0,0.0750961821729404,0.21641823219116507,nan
428032.0,0.06500498365762247,0.20698735531873996,nan
430080.0,0.11756662467123713,0.2064645337215456,nan
432128.0,0.1031773426877722,0.22786385530039352,nan
434176.0,0.06764079782489935,0.1981968916581467,nan
436224.0,0.06271007236140416,0.2155654222818904,nan
438272.0,0.08475527028013458,0.20508955231206494,nan
440320.0,0.0759056906474385,0.20806855136580538,nan
442368.0,0.11739466607465879,0.22933890967072024,nan
444416.0,0.09074967091716782,0.21696661283611646,nan
446464.0,0.10389779808295255,0.21589719288070316,nan
448512.0,0.11011265431473985,0.21137419905823743,nan
450560.0,0.06692943370043239,0.20912491203236616,nan
452608.0,0.062643537047033,0.20976529572676897,nan
454656.0,0.08815951469244031,0.21218479531674503,nan
456704.0,0.08782512122720774,0.2211160727285696,nan
458752.0,0.08036867925713316,0.23082179615650056,nan
460800.0,0.060477866983248,0.21851703915168466,nan
462848.0,0.07663702044248066,0.2232203224217169,nan
464896.0,0.08207019413533576,0.20040110363002367,nan
466944.0,0.10106445350025739,0.23015509338204218,nan
468992.0,0.06447321458254276,0.2276979976146796,nan
471040.0,0.048529780284232896,0.21830856462614365,nan
473088.0,0.07399744152709693,0.22293120778275818,nan
475136.0,0.05746420414977177,0.19943329157921108,nan
477184.0,0.10028515376699418,0.22741040285260394,nan
479232.0,0.08231519196233159,0.21354214875015504,nan
481280.0,0.07115218712639765,0.21170908296400154,nan
483328.0,0.06407711486804674,0.2053148298753153,nan
485376.0,0.08463562936846863,0.22809981105445828,nan
487424.0,0.06598748006086304,0.22414471903831298,nan
489472.0,0.08126899965617917,0.2169436176032492,nan
491520.0,0.08864599921451935,0.22833945820287624,nan
493568.0,0.08261254284555059,0.21769663570503262,nan
495616.0,0.06877313267588374,0.2194828064811474,nan
497664.0,0.057724259475334126,0.22279213372910608,nan
499712.0,0.07073942028996011,0.2080865298654214,nan
501760.0,0.057989459662292804,0.21400126894126376,32.089397089397096
503808.0,0.06155442569929435,0.21558340682289837,nan
505856.0,0.0911630612171998,0.2021153256823285,nan
507904.0,0.09221198089251713,0.2303906697194622,nan
509952.0,0.07747061127772273,0.21153571442367233,nan
512000.0,0.0821808843453102,0.232298443900971,nan
514048.0,0.06787694902259417,0.21239036360433652,nan
516096.0,0.06729764548660794,0.22481684598992577,nan
518144.0,0.07131555849771871,0.2084067022842479,nan
520192.0,0.07116314161178464,0.22945856782795393,nan
522240.0,0.08581017530111931,0.239392404338667,nan
524288.0,0.07203779565545358,0.22159916085673323,nan
526336.0,0.04527257062854051,0.2164513424197508,nan
528384.0,0.08744923893102695,0.22926745316295605,nan
530432.0,0.07105206030506633,0.22019110351675378,nan
532480.0,0.06594299475336124,0.21867474867155628,nan
534528.0,0.08491836459489738,0.19425692798732405,nan
536576.0,0.1024486965031651,0.2193759145317635,nan
538624.0,0.10396003967705054,0.22236268126354583,nan
540672.0,0.08755756222498062,0.21866505187445046,nan
542720.0,0.05557339627691344,0.22665889348210488,nan
544768.0,0.08930773588420474,0.20028516106888045,nan
546816.0,0.0766692914239967,0.23348807796919865,nan
548864.0,0.09504655603306816,0.2214103622437052,nan
550912.0,0.09126585534319334,0.22223830900110048,nan
552960.0,0.09422366069336383,0.22191943473437875,nan
555008.0,0.05987108988762293,0.2201064772914284,nan
557056.0,0.036488556224670385,0.21265668565092322,nan
559104.0,0.07475674379216322,0.22722864127814915,nan
561152.0,0.05220603650425298,0.2091173048913856,nan
563200.0,0.10544293763922113,0.24039804166230863,nan
565248.0,0.07607619243968378,0.22188169429289908,nan
567296.0,0.05982841876733444,0.19940499954688057,nan
569344.0,0.09167765276114118,0.2224293508641109,nan
571392.0,0.06445534072517511,0.21923253638867696,nan
573440.0,0.0911782018821943,0.2061514998942266,nan
575488.0,0.07947002344501126,0.20388519537148964,nan
577536.0,0.12034128015927327,0.22208094640009177,nan
579584.0,0.07472496117425219,0.19402675684469306,nan
581632.0,0.10257661399785456,0.22231575380857693,nan
583680.0,0.11331664665271979,0.22812455620211977,nan
585728.0,0.07668189155048658,0.21937482976417097,nan
587776.0,0.07565006271617336,0.21135200603836765,nan
589824.0,0.09258050178752446,0.22413366083061353,nan
591872.0,0.07180353311292142,0.2273410808693843,nan
593920.0,0.07816937740886959,0.20825750719107164,nan
595968.0,0.09457140592372644,0.2121942437226811,nan
598016.0,0.0894714077965858,0.22716767268391275,nan
600064.0,0.10144946008598832,0.21475377611880694,nan
602112.0,0.0639470083048375,0.22309861596619038,31.008316008316008
604160.0,0.09948635018980043,0.22685064359989204,nan
606208.0,0.08623044899440106,0.21380764035078187,nan
608256.0,0.08818445902603603,0.22393988408479454,nan
610304.0,0.09488547876669282,0.22075917536206824,nan
612352.0,0.07823062939631448,0.2119993337915065,nan
614400.0,0.05752814285030822,0.21376157662753992,nan
616448.0,0.07226127126868784,0.21166899459699956,nan
618496.0,0.07400616657572434,0.20915438317786908,nan
620544.0,0.11989310845465335,0.2322807302843686,nan
622592.0,0.10530479095141225,0.22534371175756784,nan
624640.0,0.0751672763068391,0.21929948125844756,nan
626688.0,0.09169548371425978,0.22304944433772206,nan
628736.0,0.11527901567768375,0.22880307530463068,nan
630784.0,0.11509314764103015,0.23248443497595506,nan
632832.0,0.09156808820717956,0.22689468745060384,nan
634880.0,0.10521097782278271,0.2206895390868828,nan
636928.0,0.05144857773489299,0.21680413044747252,nan
638976.0,0.07638024475891265,0.2267109920435907,nan
641024.0,0.07286007023390212,0.22434552305405953,nan
643072.0,0.04778491631878333,0.2086832268387321,nan
645120.0,0.10933122024303249,0.21680821558909671,nan
647168.0,0.09450051389387792,0.2151059610468425,nan
649216.0,0.09614066171863125,0.22572376782222198,nan
651264.0,0.10091518567452261,0.2340789041060152,nan
653312.0,0.12333900978368617,0.24520837501917317,nan
655360.0,0.0832912732792634,0.2210851612088691,nan
657408.0,0.09916262152847952,0.21722028691834122,nan
659456.0,0.10651644638979157,0.2257504206375455,nan
661504.0,0.0931737389543705,0.22132114094934285,nan
663552.0,0.08954389153887801,0.1932236968622687,nan
665600.0,0.0722910261656779,0.2234613127026557,nan
667648.0,0.03042393280327396,0.21503906751782664,nan
669696.0,0.0886779396414596,0.2065492153801795,nan
671744.0,0.09200365014324935,0.21210695622559494,nan
673792.0,0.08026470843433844,0.2212562188122455,nan
675840.0,0.07759627827254596,0.21868410611549247,nan
677888.0,0.08338112042869061,0.22224116118618695,nan
679936.0,0.08069270912070903,0.21766330750903193,nan
681984.0,0.1132079656353,0.22691060390539494,nan
684032.0,0.06742637428572712,0.2223598374171312,nan
686080.0,0.08553899617906213,0.2325549006253758,nan
688128.0,0.09207547423190596,0.2089199727387703,nan
690176.0,0.06484363587885647,0.20737003881004656,nan
692224.0,0.051687400253871724,0.21206856376863234,nan
694272.0,0.09002129141902701,0.19287531112846237,nan
696320.0,0.0736323286881087,0.21817954948649063,nan
698368.0,0.08730616587595769,0.22469194693935934,nan
700416.0,0.08161643301054498,0.22871668361948957,nan
702464.0,0.06485086725505285,0.2176718496844354,29.386694386694387
704512.0,0.07119590922057151,0.20814308673654577,nan
706560.0,0.08635536796441645,0.22967915470813216,nan
708608.0,0.058385001509241696,0.21846939995355988,nan
710656.0,0.08322657403600456,0.21678634138158556,nan
712704.0,0.05693249197482915,0.2127626329762459,nan
714752.0,0.044311115413170385,0.21713973920092952,nan
716800.0,0.042106828309496615,0.21065573297243909,nan
718848.0,0.12181422173873516,0.2319133825066563,nan
720896.0,0.08586469975581248,0.23777507308457135,nan
722944.0,0.06323886482022174,0.2255940671815012,nan
724992.0,0.08595719106852376,0.20420281602398327,nan
727040.0,0.06324823765797175,0.21759664924727798,nan
729088.0,0.06358410191054537,0.21462974399707363,nan
731136.0,0.10436991692486067,0.22779170776016758,nan
733184.0,0.060183895794687615,0.20911552267624373,nan
735232.0,0.06454928558833374,0.21962800430010762,nan
737280.0,0.06741439207187405,0.22758880443828902,nan
739328.0,0.0869660492473791,0.23291690812022073,nan
741376.0,0.10245463497242696,0.21486756128900128,nan
743424.0,0.12770566179705792,0.23592508067820053,nan
745472.0,0.07275388952692172,0.21403397217253972,nan
747520.0,0.04545341348897969,0.1985141451310408,nan
749568.0,0.08544837893154758,0.2295257911327693,nan
751616.0,0.06205591370017488,0.19709557156098476,nan
753664.0,0.0989551252884853,0.23639326273340974,nan
755712.0,0.07780748969143023,0.20722721915345288,nan
757760.0,0.07301392622217906,0.207417277181164,nan
759808.0,0.06550132642388454,0.21805474581157072,nan
761856.0,0.081803499852017,0.2237385835783725,nan
763904.0,0.0990928901303951,0.22317964008391925,nan
765952.0,0.07956236740845572,0.2108765723258984,nan
768000.0,0.08133336947736809,0.21360632405794872,nan
770048.0,0.07799634504154267,0.20746135081229752,nan
772096.0,0.10175920520497152,0.22470254113934232,nan
774144.0,0.06135209465036886,0.21896888161636768,nan
776192.0,0.0743850203634539,0.22274664868913302,nan
778240.0,0.0917620516107591,0.22281507237679668,nan
780288.0,0.07727684288157238,0.21520718104747108,nan
782336.0,0.08479015908847524,0.2293559061821191,nan
784384.0,0.08296068583033211,0.2255019726341289,nan
786432.0,0.10868374577677756,0.23054591737572747,nan
788480.0,0.11399222206699974,0.22870917669061658,nan
790528.0,0.0781209908371176,0.23732478918071523,nan
792576.0,0.10868687349238604,0.23512855177789538,nan
794624.0,0.08618354898366348,0.2359020983447661,nan
796672.0,0.07808491244355277,0.22735449790588724,nan
798720.0,0.07078477473496614,0.20973607926048352,nan
800768.0,0.10818309211855667,0.21143431396932502,nan
802816.0,0.043005488540975315,0.22378525236156988,30.602910602910605
804864.0,0.0788836105238691,0.22196809517225743,nan
806912.0,0.10381602787168434,0.21928224011138406,nan
808960.0,0.12100466799134944,0.234590913272045,nan
811008.0,0.07715301578686874,0.22012323159287814,nan
813056.0,0.06774743941217286,0.22311973563034757,nan
815104.0,0.12557872636823175,0.23041130825176134,nan
817152.0,0.08214087459141434,0.2183990158275475,nan
819200.0,0.09405452272443952,0.212691018711048,nan
821248.0,0.08160437157252501,0.22490677833155068,nan
823296.0,0.12343392322188061,0.2311458923600282,nan
825344.0,0.07389812602743394,0.22962155815106136,nan
827392.0,0.10050107539525273,0.22779898747750596,nan
829440.0,0.10037456729326094,0.21259062467998682,nan
831488.0,0.06636490354637785,0.22788970326002206,nan
833536.0,0.13977060737576416,0.2322706822942108,nan
835584.0,0.07017971814145468,0.21892378291851655,nan
837632.0,0.10911298112990206,0.23237463288952961,nan
839680.0,0.08367451675009469,0.20532859461778755,nan
841728.0,0.06807476249958588,0.2153870070633582,nan
843776.0,0.07456156447872297,0.2212675665727901,nan
845824.0,0.05763663137039138,0.2224921143271528,nan
847872.0,0.10943973523941557,0.2202548387813472,nan
849920.0,0.05752748127250994,0.22318235786355956,nan
851968.0,0.10713316487452125,0.23001823963694298,nan
854016.0,0.07474383684054142,0.21923640476223108,nan
856064.0,0.07792341327747238,0.21299393354336327,nan
858112.0,0.08478990087070706,0.22595642577115851,nan
860160.0,0.07928626327733612,0.21234573157168807,nan
862208.0,0.06729029023225369,0.21934963341926203,nan
864256.0,0.06763383923858064,0.2320372695511526,nan
866304.0,0.09456264494701744,0.21337332693764013,nan
868352.0,0.07897688207540626,0.22225209808477883,nan
870400.0,0.09147512693211113,0.2279554956756879,nan
872448.0,0.09798877256906979,0.22561535500575206,nan
874496.0,0.09273950514881302,0.23206411104460528,nan
876544.0,0.08159735548433467,0.2305397930623538,nan
878592.0,0.08218018471424682,0.22845502865164158,nan
880640.0,0.11274611657219939,0.23731097011572663,nan
882688.0,0.08814135970260598,0.22400695727640174,nan
884736.0,0.1301393923245968,0.23033469668098694,nan
886784.0,0.11527583339688928,0.242177832058595,nan
888832.0,0.06648830165625566,0.22969390873665105,nan
890880.0,0.11683985052699196,0.2182233570929646,nan
892928.0,0.07703193979069825,0.21901742883807632,nan
894976.0,0.0812044236886599,0.21448822821046984,nan
897024.0,0.08746234672311418,0.2288629187899343,nan
899072.0,0.10026966028140563,0.21701254048814173,nan
901120.0,0.0817274506654114,0.20563943213479097,nan
903168.0,0.044616572748497854,0.21504955209031493,31.923076923076916
905216.0,0.09728318962049531,0.2345799663463119,nan
907264.0,0.05917298636072811,0.21174482734382735,nan
909312.0,0.09299371898328747,0.2364454306241229,nan
911360.0,0.06355981419863446,0.2163215773616703,nan
913408.0,0.08228982096206856,0.22977591711924353,nan
915456.0,0.09141805440231349,0.22372965404780185,nan
917504.0,0.08714013382477642,0.2217654983866596,nan
919552.0,0.11189186422428923,0.23681677890106592,nan
921600.0,0.09690281790307853,0.22862574567754396,nan
923648.0,0.12271466933369905,0.23387471853453054,nan
925696.0,0.08952977253850783,0.21722139810556326,nan
927744.0,0.10718631989263948,0.23489935967630962,nan
929792.0,0.05320924137829176,0.21789554108129622,nan
931840.0,0.09444490171258128,0.22186495087509242,nan
933888.0,0.07802697553862803,0.22287089692642648,nan
935936.0,0.0902723183939706,0.2156654644613328,nan
937984.0,0.08343308873718433,0.23436382964070915,nan
940032.0,0.06935156349785951,0.1999079253503173,nan
942080.0,0.07094376049276852,0.20776279030741118,nan
944128.0,0.08437709687156066,0.22643829904815196,nan
946176.0,0.10311166617715312,0.23396888726394724,nan
948224.0,0.055722070929534843,0.21994919386647094,nan
950272.0,0.062197772425307635,0.2083160477820611,nan
952320.0,0.07724528739379341,0.22168304344024956,nan
954368.0,0.09017274558206748,0.22624003339439308,nan
956416.0,0.0655307261603591,0.21123014459135658,nan
958464.0,0.1189931798563788,0.23837842584942495,nan
960512.0,0.07914223023941595,0.22051075645088636,nan
962560.0,0.07262600197588721,0.23268509413898758,nan
964608.0,0.10669044840827008,0.22300434178596604,nan
966656.0,0.07193178654022325,0.22363795718972607,nan
968704.0,0.08907125853132225,0.2145239677504477,nan
970752.0,0.06631125541651754,0.19309594967640284,nan
972800.0,0.09924972675143125,0.22410239215186806,nan
974848.0,0.12446675637725264,0.22517289628759912,nan
976896.0,0.07761924729147379,0.2195228600727248,nan
978944.0,0.1147588324216692,0.23352799112361464,nan
980992.0,0.08744634716572676,0.2222231580431638,nan
983040.0,0.09226141908599156,0.22548937737648708,nan
985088.0,0.10328230896847337,0.23789335156671965,nan
987136.0,0.09074467547556203,0.22262682856311442,nan
989184.0,0.08151976149209492,0.2184044986822541,nan
991232.0,0.07125349316174712,0.20629240103811075,nan
993280.0,0.12606018140780453,0.24321323404809433,nan
995328.0,0.11669447033307302,0.23262485951393252,nan
997376.0,0.09502215777645498,0.2117648069419466,nan
999424.0,0.12143158030784602,0.22167591123613214,nan
1001472.0,0.056768053754435166,0.2076728704061806,nan
1003520.0,0.07930415784747044,0.23733225304353445,34.08523908523908
1005568.0,0.06355933424634093,0.2173916513036063,nan
1007616.0,0.05659608793166181,0.19332542918417797,nan
1009664.0,0.12284411433200386,0.22965363530544108,nan
1011712.0,0.12915772826479974,0.2382124866786704,nan
1013760.0,0.06484516767060163,0.22985185036399366,nan
1015808.0,0.07984738807605632,0.22744969983456867,nan
1017856.0,0.08096154769607425,0.22402813209882783,nan
1019904.0,0.1078273085856403,0.23674039717803214,nan
1021952.0,0.08508059114313199,0.2138279384663192,nan
1024000.0,0.11486113143728938,0.2421198131535694,nan
1026048.0,0.11197984562811339,0.23415045663842152,nan
1028096.0,0.04404996126237613,0.22362982510813373,nan
1030144.0,0.02943149113100446,0.2057711192902533,nan
1032192.0,0.10389470805279553,0.20680907331621282,nan
1034240.0,0.09666824409062025,0.22654659263245983,nan
1036288.0,0.09561655395922374,0.23037675963440812,nan
1038336.0,0.09857015725405835,0.2262532912191308,nan
1040384.0,0.10650686052010759,0.21466340265352757,nan
1042432.0,0.09582141679782563,0.21664379609944634,nan
1044480.0,0.1061246826278184,0.22891698444787154,nan
1046528.0,0.09743210478471778,0.22902181058661727,nan
1048576.0,0.08675067314559226,0.22691119152201655,nan
1050624.0,0.10426420673552284,0.2403515849531784,nan
1052672.0,0.1117042862989577,0.22137753054676101,nan
1054720.0,0.08344547288753432,0.2048227405935608,nan
1056768.0,0.07885039832872029,0.21764624510824795,nan
1058816.0,0.06607594157444643,0.22221670748051464,nan
1060864.0,0.08645504465216144,0.21594190740845354,nan
1062912.0,0.07516549039856144,0.21458346553564803,nan
1064960.0,0.06682489228465344,0.22677857925743314,nan
1067008.0,0.08506220553383988,0.22933836022831658,nan
1069056.0,0.09684528894064928,0.21137554452671264,nan
1071104.0,0.10131481770668563,0.2241070306464207,nan
1073152.0,0.09427064259779477,0.21750102129782542,nan
1075200.0,0.11096825620979447,0.23793599278063457,nan
1077248.0,0.05813359874879949,0.23614518320115874,nan
1079296.0,0.08410386046927168,0.23085690926662228,nan
1081344.0,0.07673644748424224,0.22203051892669656,nan
1083392.0,0.08450047935497967,0.22421731266073955,nan
1085440.0,0.07676235828333032,0.212387009985923,nan
1087488.0,0.0801508429155553,0.22633186994979576,nan
1089536.0,0.10899076813334227,0.2279132676731298,nan
1091584.0,0.06679755037541321,0.2055574468306244,nan
1093632.0,0.06540592896330105,0.21139230951729457,nan
1095680.0,0.14240951556334108,0.20608512591614137,nan
1097728.0,0.061969356437087474,0.203397236511321,nan
1099776.0,0.10037844862970399,0.23166190428379974,nan
1101824.0,0.05894627008163074,0.22161090814156592,nan
1103872.0,0.09322498817366029,0.22419070990570114,34.272349272349274
1105920.0,0.10268240685082397,0.2265875551199042,nan
1107968.0,0.0986410171660047,0.20833830964672406,nan
1110016.0,0.08389097206789575,0.21664751067175275,nan
1112064.0,0.0822721682047059,0.23581191106575203,nan
1114112.0,0.08664076867772914,0.19994361301522406,nan
1116160.0,0.07407864035855773,0.23039551387441562,nan
1118208.0,0.09670361224609605,0.22796240783624497,nan
1120256.0,0.09519526504909603,0.22322757889602046,nan
1122304.0,0.07281017119797967,0.22963506632731984,nan
1124352.0,0.1263939100916316,0.23218207401193372,nan
1126400.0,0.09451017280806608,0.22623236959034745,nan
1128448.0,0.09570788729327034,0.2175429997628913,nan
1130496.0,0.06942008079716716,0.2337822795714554,nan
1132544.0,0.08888203580837191,0.22177554695027754,nan
1134592.0,0.11893003851470249,0.23195580324084064,nan
1136640.0,0.06566742819766037,0.2312774067893554,nan
1138688.0,0.11293625296902282,0.22317859303808518,nan
1140736.0,0.08739327685870833,0.23379986581616366,nan
1142784.0,0.0894325497632459,0.2213745798942608,nan
1144832.0,0.12244247597640928,0.22811272388501722,nan
1146880.0,0.10982750043582643,0.23719346894131857,nan
1148928.0,0.07992600543006781,0.22756472985074638,nan
1150976.0,0.12214325735925893,0.24098931317485361,nan
1153024.0,0.07936420169505538,0.23120745012949076,nan
1155072.0,0.05525133850541901,0.2096956941582117,nan
1157120.0,0.06610624355797479,0.21840520619807724,nan
1159168.0,0.09934597620169217,0.21500882839978877,nan
1161216.0,0.06602578860692808,0.23570667702680256,nan
1163264.0,0.06055376481701559,0.2147853926047524,nan
1165312.0,0.10718727425175781,0.22312867789727137,nan
1167360.0,0.10453959165464072,0.22270014042358546,nan
1169408.0,0.10780809901049145,0.22621653340331507,nan
1171456.0,0.10469155248025022,0.21991676484139785,nan
1173504.0,0.06695611384919159,0.2076603792413043,nan
1175552.0,0.09028326278656912,0.22414701821871535,nan
1177600.0,0.13113932224102262,0.23849243959710645,nan
1179648.0,0.0934387099437926,0.21785379706569524,nan
1181696.0,0.11447576825301939,0.2162021225570779,nan
1183744.0,0.12863357109850326,0.2379716836879177,nan
1185792.0,0.06674702145798551,0.21067137278434525,nan
1187840.0,0.07308906921244124,0.203833427105902,nan
1189888.0,0.09644229718241727,0.20543398510293756,nan
1191936.0,0.1007639929906243,0.2260889325064964,nan
1193984.0,0.08619520540886304,0.2217361851595195,nan
1196032.0,0.07967907163278334,0.22620827901342713,nan
1198080.0,0.0641516376330496,0.23319262536511257,nan
1200128.0,0.09592725709684867,0.23006450649384017,nan
1202176.0,0.11057794962619022,0.22544064441120168,nan
1204224.0,0.07621040784080103,0.21126437043900717,32.972972972972975
1206272.0,0.0634002895099605,0.21711573525408145,nan
1208320.0,0.12991338922254186,0.23013666306423217,nan
1210368.0,0.10259119032763793,0.22469599660210934,nan
1212416.0,0.09333392857673274,0.21594655009879873,nan
1214464.0,0.1259867917780761,0.2178512259249519,nan
1216512.0,0.11045143026398749,0.22977074219116117,nan
1218560.0,0.10370341587332355,0.2222110812377926,nan
1220608.0,0.0913628141888259,0.22359559918410504,nan
1222656.0,0.11501024818850916,0.24090055674129657,nan
1224704.0,0.09918948688768264,0.23048926430346459,nan
1226752.0,0.1412006326330839,0.22407089915617845,nan
1228800.0,0.09097461308926069,0.21312743062444026,nan
1230848.0,0.06369351589683067,0.22145878668411512,nan
1232896.0,0.07875388045404469,0.2238850391450546,nan
1234944.0,0.08000815932950646,0.2137696707889551,nan
1236992.0,0.1102307468377898,0.23069770043665958,nan
1239040.0,0.07773782664275129,0.21203667732611564,nan
1241088.0,0.08478158396876151,0.2282150567703769,nan
1243136.0,0.10517248405993443,0.2014295576865639,nan
1245184.0,0.0762164123159206,0.2103716396849606,nan
1247232.0,0.07063862867513712,0.22668104019727364,nan
1249280.0,0.14180474525411912,0.22439392684295784,nan
1251328.0,0.08410025254557539,0.22195801782245697,nan
1253376.0,0.1161916967836499,0.2258079147915044,nan
1255424.0,0.12378057678245843,0.2170295641196417,nan
1257472.0,0.09553444718453272,0.2197437327453238,nan
1259520.0,0.07955726456674628,0.21849572597068,nan
1261568.0,0.06596379829420115,0.19778664798230955,nan
1263616.0,0.10256658658453122,0.22322221168456283,nan
1265664.0,0.09339346729080245,0.21403375962920068,nan
1267712.0,0.1254535474248691,0.23347370303824405,nan
1269760.0,0.0765792563516658,0.2214134944561676,nan
1271808.0,0.08260431340943089,0.21603700775366758,nan
1273856.0,0.09366203892257505,0.2365729850686102,nan
1275904.0,0.12047491158806298,0.23786727560988477,nan
1277952.0,0.1456041396346529,0.21810912677248245,nan
1280000.0,0.12315509813287404,0.22974975051384874,nan
1282048.0,0.09392798784584067,0.22104549319880146,nan
1284096.0,0.07488402997734926,0.20200343046678582,nan
1286144.0,0.09415799851135034,0.23581719781263233,nan
1288192.0,0.11008391877163587,0.20455470559137956,nan
1290240.0,0.11357765327971964,0.23270075705536908,nan
1292288.0,0.08372233015380891,0.21738291220873707,nan
1294336.0,0.11637304507787846,0.23796877872765182,nan
1296384.0,0.07840353343148955,0.22287368904051993,nan
1298432.0,0.08815910056156664,0.2061012789121521,nan
1300480.0,0.08133969282874565,0.23274331556268957,nan
1302528.0,0.11796843906125226,0.2276266132371669,nan
1304576.0,0.10825263443529837,0.22055921940145093,41.34095634095634
1306624.0,0.12104657464788052,0.23444888163058658,nan
1308672.0,0.1066845570983023,0.2165460979307034,nan
1310720.0,0.12382486326172869,0.20334134950577487,nan
1312768.0,0.1177806659223389,0.2180322862901975,nan
1314816.0,0.08038798596805821,0.2214479667422585,nan
1316864.0,0.09290028642810601,0.22520494281391412,nan
1318912.0,0.12425901686452043,0.24255479043490305,nan
1320960.0,0.11027997629874106,0.22367849155089806,nan
1323008.0,0.11351473885034644,0.21773176184773202,nan
1325056.0,0.10447281738186141,0.21974233141140312,nan
1327104.0,0.07497983752401255,0.2118482283433806,nan
1329152.0,0.10679397372351386,0.22880492352004947,nan
1331200.0,0.11237037838235094,0.23427949141532453,nan
1333248.0,0.13452848920722812,0.2274192488011374,nan
1335296.0,0.13692244773953902,0.2300936889887425,nan
1337344.0,0.09460307149100047,0.2333005979584342,nan
1339392.0,0.11053651491317937,0.24094829720538624,nan
1341440.0,0.11142146682379259,0.23166986588049798,nan
1343488.0,0.13803709811011045,0.21529893801482558,nan
1345536.0,0.1734454986766596,0.23353152684538628,nan
1347584.0,0.10260546272294155,0.2341885602540567,nan
1349632.0,0.10263808626076043,0.22558214553821063,nan
1351680.0,0.0903465204395679,0.22840653734655156,nan
1353728.0,0.13551506770517063,0.23046724522837786,nan
1355776.0,0.0764170009002278,0.2137960617586162,nan
1357824.0,0.12303079679194959,0.22746903033540566,nan
1359872.0,0.12535722136854038,0.23060094017451943,nan
1361920.0,0.09326217413006163,0.2386837028602502,nan
1363968.0,0.12985703500427198,0.2239980820964522,nan
1366016.0,0.13960555078486378,0.232957333663747,nan
1368064.0,0.13796699208940855,0.24190765463940267,nan
1370112.0,0.1338841644243436,0.23737132732496632,nan
1372160.0,0.08882149780404446,0.2130267325172104,nan
1374208.0,0.12430460047376596,0.22442867202933067,nan
1376256.0,0.09246709043764345,0.21801976458798114,nan
1378304.0,0.10813796496313903,0.21969956952790587,nan
1380352.0,0.07030269055707956,0.22537610517499934,nan
1382400.0,0.11647200921872183,0.23397800704377536,nan
1384448.0,0.09820584422060585,0.21945109103004445,nan
1386496.0,0.10043076712762372,0.22907141168250986,nan
1388544.0,0.09600087988053022,0.228638105592658,nan
1390592.0,0.10643333063297442,0.2324771979573549,nan
1392640.0,0.11369567360169958,0.21444301837779692,nan
1394688.0,0.10856087245146442,0.21973276351081866,nan
1396736.0,0.0692807442772179,0.22319757851402905,nan
1398784.0,0.07871663595006317,0.21327681865602738,nan
1400832.0,0.14738437610837218,0.2391243885890117,nan
1402880.0,0.1145979293882043,0.22635506346382228,nan
1404928.0,0.10657147259493635,0.23563383690024123,44.854469854469855
1406976.0,0.16719673181497766,0.2342025569912315,nan
1409024.0,0.10123545971470681,0.22413710956256755,nan
1411072.0,0.12679571924962713,0.20849664612451385,nan
1413120.0,0.10963590175415716,0.2124373952628494,nan
1415168.0,0.14069880968464338,0.2420611955275052,nan
1417216.0,0.12468253795519224,0.23680868238454184,nan
1419264.0,0.10003458563840256,0.21963727259459176,nan
1421312.0,0.0943208870793587,0.23033524037358602,nan
1423360.0,0.0831610116131515,0.2379746467472679,nan
1425408.0,0.06909819943455875,0.2207038735373041,nan
1427456.0,0.21931519266329044,0.2199325243243405,nan
1429504.0,0.13033095329914895,0.2379488027051127,nan
1431552.0,0.13740804963726416,0.23142152700163815,nan
1433600.0,0.14120845869316873,0.2354022958524759,nan
1435648.0,0.16969203328512358,0.23964968158319774,nan
1437696.0,0.12651778783677256,0.22567522253436653,nan
1439744.0,0.11622094741439332,0.24580693803240078,nan
1441792.0,0.12636578832507625,0.22437197961739802,nan
1443840.0,0.11446531547505184,0.22268632820689688,nan
1445888.0,0.11039814756085162,0.23364033240783066,nan
1447936.0,0.07722683446671384,0.22006051110592662,nan
1449984.0,0.1259436241132338,0.22748036356829449,nan
1452032.0,0.09813067369216755,0.2321289920621079,nan
1454080.0,0.11557276319410481,0.2262499155088112,nan
1456128.0,0.14472450584578148,0.23145965241586708,nan
1458176.0,0.16006427727834818,0.20587220207567303,nan
1460224.0,0.13308482291670248,0.22418008800356834,nan
1462272.0,0.09950230499660617,0.22887110342757033,nan
1464320.0,0.10249130657203288,0.234945708054853,nan
1466368.0,0.1426961484944417,0.2411066506330099,nan
1468416.0,0.11749092208274128,0.227957727949142,nan
1470464.0,0.1369337867894143,0.2316472497514664,nan
1472512.0,0.09731394528373537,0.22257122360547538,nan
1474560.0,0.10048099619391232,0.223806159485697,nan
1476608.0,0.1396154046012219,0.21829979102459826,nan
1478656.0,0.0860415098645066,0.2316865753161832,nan
1480704.0,0.122296151831285,0.2400131866793,nan
1482752.0,0.13525912850638472,0.24756771526805257,nan
1484800.0,0.12396485155295428,0.24215667816754183,nan
1486848.0,0.132504954211271,0.23294598806185957,nan
1488896.0,0.13271262879027465,0.24203960489806478,nan
1490944.0,0.10479285170778524,0.24040170317180665,nan
1492992.0,0.048520735992651755,0.19587486166551152,nan
1495040.0,0.11509790179761764,0.22259015420067602,nan
1497088.0,0.15053674147423082,0.23950618972907237,nan
1499136.0,0.14055181869645628,0.23160152428493444,nan
1501184.0,0.08592849378295397,0.23168465925184745,nan
1503232.0,0.11988859922906918,0.22216290974419867,nan
1505280.0,0.0943541535764854,0.2481229254286355,46.13305613305614
1507328.0,0.18670859239729273,0.22605801337015388,nan
1509376.0,0.14721959263628195,0.24666252209924605,nan
1511424.0,0.1259134576084928,0.2359693281603857,nan
1513472.0,0.16167830560655172,0.24251203774196445,nan
1515520.0,0.15530329365104784,0.23082283766239986,nan
1517568.0,0.1459256027975633,0.24636529127093632,nan
1519616.0,0.1717570043917978,0.22692901930992276,nan
1521664.0,0.09377147997702347,0.19484607456142267,nan
1523712.0,0.08014305489398973,0.21228339961364262,nan
1525760.0,0.13575052334872262,0.21349630664833733,nan
1527808.0,0.12167657566110657,0.21393560651893487,nan
1529856.0,0.11796217477571605,0.24621949249170183,nan
1531904.0,0.1262233261583175,0.22507818360074902,nan
1533952.0,0.1307185187847591,0.23750779204759298,nan
1536000.0,0.12774043620862832,0.2379272877951211,nan
1538048.0,0.12112998549135778,0.22927230170843454,nan
1540096.0,0.08832856271612657,0.230024723973542,nan
1542144.0,0.13919239696647084,0.2399913531033708,nan
1544192.0,0.10641681982759045,0.23505026031676202,nan
1546240.0,0.11477531529732588,0.22301880981473737,nan
1548288.0,0.12940249793835434,0.22814771176801277,nan
1550336.0,0.08384434018118517,0.24138101843069323,nan
1552384.0,0.1038750412129752,0.24575890262412287,nan
1554432.0,0.17899904062286354,0.22755171630872878,nan
1556480.0,0.09499513265483042,0.22229785882595035,nan
1558528.0,0.11847782510007379,0.22592337010702646,nan
1560576.0,0.15477356417001786,0.2222253577120134,nan
1562624.0,0.08743986927511341,0.21128631462505207,nan
1564672.0,0.1302264444841074,0.23706288702123626,nan
1566720.0,0.12573136739563978,0.2348682720206606,nan
1568768.0,0.15064424598452264,0.23038777425783238,nan
1570816.0,0.08330651611356973,0.24630934679578387,nan
1572864.0,0.15308916296735559,0.25132556027849107,nan
1574912.0,0.1421253664664419,0.23806765480524086,nan
1576960.0,0.08455826467592975,0.23081896651871533,nan
1579008.0,0.15390452677215688,0.2413490616537339,nan
1581056.0,0.20077673247059427,0.22966704381563188,nan
1583104.0,0.1517713960843086,0.22095010022174633,nan
1585152.0,0.13934847218289065,0.23666393948493658,nan
1587200.0,0.07491772154496565,0.22656855796624262,nan
1589248.0,0.13958354792182287,0.2307747216851065,nan
1591296.0,0.12258853308696159,0.23501833142211576,nan
1593344.0,0.13800768929782406,0.23456882411573862,nan
1595392.0,0.17357095698116454,0.2346659665251725,nan
1597440.0,0.15816285651882117,0.22870194873111127,nan
1599488.0,0.1882063743225007,0.22761850405296383,nan
1601536.0,0.13290904531378642,0.233591299876949,nan
1603584.0,0.1948065568652439,0.2204018563237898,nan
1605632.0,0.15717147695506606,0.2261968499903724,52.93139293139293
1607680.0,0.1716445362306917,0.22535909982503322,nan
1609728.0,0.12599955523502365,0.2517875475601224,nan
1611776.0,0.19086436776581167,0.224859118079729,nan
1613824.0,0.12763862120972289,0.23718849615568804,nan
1615872.0,0.14961679812777318,0.23686087437577713,nan
1617920.0,0.1332298843432858,0.227550007779275,nan
1619968.0,0.1702507524648162,0.23903257355059315,nan
1622016.0,0.09177208527199061,0.23988448712645905,nan
1624064.0,0.10746239809263013,0.2152266917021091,nan
1626112.0,0.14021614627282983,0.2334676234466262,nan
1628160.0,0.14509197651744624,0.2241758977307062,nan
1630208.0,0.15484043535394199,0.23250288277381903,nan
1632256.0,0.1785287671953903,0.23464563381228518,nan
1634304.0,0.12267780169379067,0.2100831792605944,nan
1636352.0,0.16657072084962765,0.21773188266388682,nan
1638400.0,0.1766974023912558,0.2293433864278771,nan
1640448.0,0.17890226022477823,0.23930927736110302,nan
1642496.0,0.17915317621527638,0.24069920300594197,nan
1644544.0,0.1073303196677238,0.2357003485487582,nan
1646592.0,0.12337137327284031,0.24239829521145356,nan
1648640.0,0.17017535154377655,0.2293923330488187,nan
1650688.0,0.19795244250840116,0.22698741239955778,nan
1652736.0,0.15106555310477351,0.24195803074319344,nan
1654784.0,0.13929380650337897,0.23265742051165755,nan
1656832.0,0.1593829143034444,0.22507661378092844,nan
1658880.0,0.11082508773681451,0.2242411702898842,nan
1660928.0,0.13642042743791555,0.2328951806807089,nan
1662976.0,0.14754503273600833,0.22683676765565927,nan
1665024.0,0.06364427218945183,0.22366535922475453,nan
1667072.0,0.15913776461960683,0.23835260341328413,nan
1669120.0,0.12545691278859444,0.23300541864451813,nan
1671168.0,0.14941577923466376,0.2397561113003834,nan
1673216.0,0.20253872476861134,0.2239683327310322,nan
1675264.0,0.15784518912710516,0.23022541823014575,nan
1677312.0,0.15399612951001673,0.2412078545107627,nan
1679360.0,0.16222754980666604,0.25357749541998376,nan
1681408.0,0.18687169839981244,0.22788935493829254,nan
1683456.0,0.1856657579054625,0.2308413250265024,nan
1685504.0,0.16776935616063937,0.23302122763212207,nan
1687552.0,0.11689643172305345,0.21778768750542046,nan
1689600.0,0.1670272737717228,0.23154614767279094,nan
1691648.0,0.12304999718219889,0.25020108072225894,nan
1693696.0,0.13850503092619096,0.23217796075282207,nan
1695744.0,0.13274592115692924,0.2385511927326888,nan
1697792.0,0.16341785678543447,0.2337631850359048,nan
1699840.0,0.14391608588302124,0.23019376404048097,nan
1701888.0,0.14856981717602297,0.2482684301533898,nan
1703936.0,0.12669027002203093,0.2301199429340874,nan
1705984.0,0.15865176215176757,0.228572080761794,51.725571725571726
1708032.0,0.26560101100983435,0.20022619898816538,nan
1710080.0,0.1675799419581005,0.2113442682285501,nan
1712128.0,0.12301733345401188,0.23800530459985733,nan
1714176.0,0.11021921679276969,0.23535200603282144,nan
1716224.0,0.10837359800917545,0.2193576789674411,nan
1718272.0,0.16147194254239017,0.24341346998766863,nan
1720320.0,0.12535992784258246,0.2345860218264841,nan
1722368.0,0.11553857143035623,0.2270416128481296,nan
1724416.0,0.08989524319408904,0.21081850542106545,nan
1726464.0,0.14270401511087555,0.2280054671753801,nan
1728512.0,0.112966515253613,0.2266474270095184,nan
1730560.0,0.12193015684756911,0.2255108343862878,nan
1732608.0,0.16470917476815183,0.21640965182993113,nan
1734656.0,0.12429238016874225,0.2164114885684137,nan
1736704.0,0.15698260245500134,0.23229073855657775,nan
1738752.0,0.12489969039945739,0.21207423717203133,nan
1740800.0,0.1475100325703611,0.23140650350896463,nan
1742848.0,0.20567654939538532,0.20269801275590865,nan
1744896.0,0.1405845939806986,0.2363175381167635,nan
1746944.0,0.17730832020341453,0.22661624359019492,nan
1748992.0,0.11447792002141682,0.23849178463979973,nan
1751040.0,0.1323763094703811,0.23583184420895678,nan
1753088.0,0.13244070785863082,0.23483020515152597,nan
1755136.0,0.14439958934527325,0.23709684674851988,nan
1757184.0,0.2210909671528137,0.21543438514638533,nan
1759232.0,0.0911584651252004,0.22963962822993983,nan
1761280.0,0.08760428596211506,0.19560962784702995,nan
1763328.0,0.13046445412655328,0.21794600995635216,nan
1765376.0,0.1270858327916701,0.23081144958830607,nan
1767424.0,0.12419425248564514,0.24157079522246494,nan
1769472.0,0.08551201394297969,0.2428333007321751,nan
1771520.0,0.16779215312793805,0.23130729936516461,nan
1773568.0,0.17172857273907838,0.23643355641283723,nan
1775616.0,0.16001851116258697,0.22811426646169844,nan
1777664.0,0.18845397006225642,0.2417784489434071,nan
1779712.0,0.13875763993844042,0.23931077728772554,nan
1781760.0,0.15075386987401154,0.24480634126333906,nan
1783808.0,0.19135872683085545,0.22954178636938516,nan
1785856.0,0.05428751259642206,0.23196828409066586,nan
1787904.0,0.15816756857610523,0.23033075100103048,nan
1789952.0,0.1527948023579726,0.22406371891238816,nan
1792000.0,0.09627223566548629,0.20932571775673933,nan
1794048.0,0.194110529522527,0.23249749571734213,nan
1796096.0,0.20679527677225776,0.23774154353835905,nan
1798144.0,0.09983935547091263,0.23871129233794658,nan
1800192.0,0.21856525010837413,0.2280890145780839,nan
1802240.0,0.16626824270496965,0.24093661448606327,nan
1804288.0,0.19105461535966928,0.23995632520696927,nan
1806336.0,0.18907485309432226,0.2207427969861809,55.062370062370064
1808384.0,0.2196064578443506,0.2124676380764278,nan
1810432.0,0.15364219507328464,0.2493578658062409,nan
1812480.0,0.20057157279605795,0.23945193992492517,nan
1814528.0,0.17036992151505218,0.22774825096231627,nan
1816576.0,0.162861898481719,0.23602383039758773,nan
1818624.0,0.18706863869354118,0.24160573800736712,nan
1820672.0,0.2031300335045235,0.23480669617731392,nan
1822720.0,0.06006094862781141,0.20392308230125575,nan
1824768.0,0.2160422553725515,0.20185326460518516,nan
1826816.0,0.1775008246405629,0.23169162034012725,nan
1828864.0,0.11788661610162006,0.2389126677953077,nan
1830912.0,0.10947933475180374,0.24008969063399302,nan
1832960.0,0.1991639966267225,0.24279032673419831,nan
1835008.0,0.183223750794071,0.24495414261526202,nan
1837056.0,0.22561674586011157,0.21250038200463334,nan
1839104.0,0.239828868898418,0.20374207710441633,nan
1841152.0,0.15224443589409672,0.24707962608142764,nan
1843200.0,0.1537308588689969,0.2521092424321944,nan
1845248.0,0.09286700089676882,0.24008277663293429,nan
1847296.0,0.26885174491549746,0.1860793686959692,nan
1849344.0,0.11264406877376151,0.24421921387572734,nan
1851392.0,0.15345302394247073,0.22064965724875138,nan
1853440.0,0.17022492822109853,0.24845614148730816,nan
1855488.0,0.19059666331719494,0.21683449211324105,nan
1857536.0,0.09335522994435858,0.2508585447470243,nan
1859584.0,0.14211210577009276,0.2354595624935791,nan
1861632.0,0.06858622712602433,0.21947741909743806,nan
1863680.0,0.1683389688471197,0.246300267879311,nan
1865728.0,0.12949507077326244,0.242167696213661,nan
1867776.0,0.17580465902648224,0.21269993789983074,nan
1869824.0,0.15777482143430055,0.23035060802410057,nan
1871872.0,0.20925639389455228,0.23374525952772401,nan
1873920.0,0.2924461164037634,0.1695041921857019,nan
1875968.0,0.2717115090396365,0.18879710088702795,nan
1878016.0,0.10378641169548365,0.2089073240965945,nan
1880064.0,0.1345427626204198,0.23790929747408712,nan
1882112.0,0.09158688912196243,0.2358948131894068,nan
1884160.0,0.1305282774888909,0.23565709894583087,nan
1886208.0,0.15737098799789803,0.21112169378285867,nan
1888256.0,0.2471836536426004,0.20555140106518174,nan
1890304.0,0.27706198880057537,0.17410872297636867,nan
1892352.0,0.12895159770469872,0.23115380567573496,nan
1894400.0,0.20362553305634506,0.2207325838513318,nan
1896448.0,0.12650642364127884,0.2443731407214543,nan
1898496.0,0.13706721140533867,0.2373425204114283,nan
1900544.0,0.18409845973352554,0.231800606343456,nan
1902592.0,0.16721555912467226,0.23806152727766847,nan
1904640.0,0.11442565072064473,0.2462043144417271,nan
1906688.0,0.14712810865655965,0.2514170551833362,61.30977130977131
1908736.0,0.13529896197931254,0.23351503130602178,nan
1910784.0,0.19873832556716764,0.24478351556851013,nan
1912832.0,0.13743501655118318,0.2458170181487067,nan
1914880.0,0.19236886250169968,0.23113607824183002,nan
1916928.0,0.2116957693146314,0.21884341441593724,nan
1918976.0,0.16132598781525032,0.23840720337205856,nan
1921024.0,0.15453678880178406,0.2417662391277732,nan
1923072.0,0.21906445000453412,0.22278201883935875,nan
1925120.0,0.19244413177143355,0.23301269996817608,nan
1927168.0,0.20612354026513655,0.21841790992687934,nan
1929216.0,0.1634946993561407,0.2196827761329341,nan
1931264.0,0.20510314261511822,0.23278854032638438,nan
1933312.0,0.2505559144831543,0.21858755272225183,nan
1935360.0,0.19233487945435812,0.22946032877038214,nan
1937408.0,0.1868697051881399,0.244116111722202,nan
1939456.0,0.2584670076740564,0.20192513875603443,nan
1941504.0,0.16124283003452536,0.2387824272388249,nan
1943552.0,0.20984221429239527,0.2261591276292478,nan
1945600.0,0.12709999722567594,0.25054403601533165,nan
1947648.0,0.220049723077738,0.21499351454256352,nan
1949696.0,0.20330407326487354,0.21589166341663693,nan
1951744.0,0.1697926235243853,0.23117838727306006,nan
1953792.0,0.18791151393365318,0.24137739152581864,nan
1955840.0,0.17756879681087887,0.2338552754815184,nan
1957888.0,0.20238960623347768,0.22506769236098553,nan
1959936.0,0.17284209086524116,0.22466911339720097,nan
1961984.0,0.1322079173379928,0.2258031257714437,nan
1964032.0,0.196255903139117,0.2414977913786713,nan
1966080.0,0.12487233336074352,0.23114856399618866,nan
1968128.0,0.07331224070269438,0.2277020361444328,nan
1970176.0,0.2123706467881601,0.23427002917109868,nan
1972224.0,0.22539131331628875,0.230205313302244,nan
1974272.0,0.1465914993447763,0.24783533655194415,nan
1976320.0,0.19911824404491843,0.21596104594221974,nan
1978368.0,0.23431938387592044,0.20642555538758037,nan
1980416.0,0.18116997001454285,0.22628787312599558,nan
1982464.0,0.2342925325400549,0.2050781684985949,nan
1984512.0,0.2688035191673543,0.1902813964866866,nan
1986560.0,0.30116793707785705,0.17178657930591762,nan
1988608.0,0.17059759514712955,0.24334735677742575,nan
1990656.0,0.1637584103968434,0.2292465569096645,nan
1992704.0,0.22981584915186698,0.20997283338004713,nan
1994752.0,0.20394844481969204,0.23040802533800078,nan
1996800.0,0.26447313445210063,0.19054839069587787,nan
1998848.0,0.12639171051288278,0.21940856885109877,nan
2000896.0,0.2901338597180293,0.16133213008429195,nan
2002944.0,0.11134480519824443,0.24079310202432416,nan
2004992.0,0.19768110519709148,0.23167106128322185,nan
2007040.0,0.11815583190027874,0.2402315946302468,59.428274428274435
2009088.0,0.14093188728801792,0.24286943817946374,nan
2011136.0,0.13650194211272787,0.25372422194301275,nan
2013184.0,0.1407390511102749,0.24876589478223401,nan
2015232.0,0.18821322056203507,0.23335780338219136,nan
2017280.0,0.09279265785439422,0.2367048885186464,nan
2019328.0,0.07336647057150814,0.22051803291299457,nan
2021376.0,0.07906040472021855,0.23280981210089635,nan
2023424.0,0.15919803870257182,0.2377752960296406,nan
2025472.0,0.15301925830987076,0.21913356078401955,nan
2027520.0,0.20061816850267528,0.21470660914343262,nan
2029568.0,0.2275136786272105,0.22825681850514812,nan
2031616.0,0.2132767285140696,0.2291429300594096,nan
2033664.0,0.06303995592893294,0.22761873532109683,nan
2035712.0,0.09298239333637556,0.23721655982503786,nan
2037760.0,0.22526323778564228,0.1938960833181731,nan
2039808.0,0.2751862069100447,0.20071153111060164,nan
2041856.0,0.29009867301238157,0.18435250666177416,nan
2043904.0,0.2279906053251833,0.20850904276541538,nan
2045952.0,0.2523680233717842,0.20092273775933986,nan
2048000.0,0.12417902196793511,0.25396808743292765,nan
2050048.0,0.14575418932559986,0.24151264855525809,nan
2052096.0,0.20369066144135137,0.23365941188579203,nan
2054144.0,0.2581424284231454,0.18908570688402646,nan
2056192.0,0.25652349024760346,0.2057847705994347,nan
2058240.0,0.09579601416228109,0.2639983852640152,nan
2060288.0,0.153713157005221,0.2406523618473521,nan
2062336.0,0.14826829387221385,0.22343645203481838,nan
2064384.0,0.2724595801510745,0.19031718177263526,nan
2066432.0,-0.004750333680900632,0.13057099707931108,nan
2068480.0,0.23731953247198484,0.22500941798994054,nan
2070528.0,0.24450245443475585,0.2046490403387807,nan
2072576.0,0.18212233153845486,0.23444694937863828,nan
2074624.0,0.21066172099361966,0.22033543202027991,nan
2076672.0,0.268540378778696,0.19894224406254113,nan
2078720.0,0.32241287724455336,0.1213733941696153,nan
2080768.0,0.08179666123269314,0.23392315441231243,nan
2082816.0,0.11834272338458071,0.21878937404515156,nan
2084864.0,0.11666628294080073,0.2457077133317026,nan
2086912.0,0.10308383966081658,0.25918308587911143,nan
2088960.0,0.27399653963202686,0.19806346483878334,nan
2091008.0,0.2546267229995516,0.20022082323863385,nan
2093056.0,0.20118677549389516,0.2538427305104275,nan
2095104.0,0.30341794400873096,0.14105384369989074,nan
2097152.0,0.1860226024324418,0.25507632212937553,nan
2099200.0,0.10983211464579731,0.24854974066594837,nan
2101248.0,0.06933848076769764,0.19175043752487148,nan
2103296.0,0.01856107767551079,0.22725549546548435,nan
2105344.0,0.06347793061866638,0.18081295655488497,nan
2107392.0,0.1008846357457702,0.2393203847460262,63.47193347193347
2109440.0,0.2787518232587982,0.17957761187159968,nan
2111488.0,0.22073455599821157,0.2264526785573599,nan
2113536.0,0.29258447233828383,0.1895677108534226,nan
2115584.0,0.0953950373190435,0.25339858267633253,nan
2117632.0,0.27874833403928967,0.19502447021937686,nan
2119680.0,0.2341693909078931,0.22603826397521298,nan
2121728.0,0.27107773243975697,0.19268575731323578,nan
2123776.0,0.12528663080420724,0.24953227114495494,nan
2125824.0,0.08946205089839701,0.25098780493676487,nan
2127872.0,0.12070737127286113,0.2564218836616853,nan
2129920.0,0.16049440561287126,0.2523586237915619,nan
2131968.0,0.24558216803418426,0.20766500416186362,nan
2134016.0,0.1615090246268611,0.23169002459652444,nan
2136064.0,0.30691618224380135,0.16456378404984576,nan
2138112.0,0.1716177482110937,0.24206103451195593,nan
2140160.0,0.21020006128781193,0.1989304247863624,nan
2142208.0,0.13791422897334354,0.23101755518577627,nan
2144256.0,0.05674024671753815,0.25925376097222036,nan
2146304.0,0.1212024125386094,0.23614397625221642,nan
2148352.0,0.23351536203550446,0.22632203046694568,nan
2150400.0,0.181598545615535,0.245775336713379,nan
2152448.0,0.10521119507559587,0.2507509871512295,nan
2154496.0,0.11282684031807166,0.2161976997824688,nan
2156544.0,0.16775636561777216,0.22454889705300213,nan
2158592.0,0.16914854187120998,0.23412648495811691,nan
2160640.0,0.16066547809679904,0.2377676892978248,nan
2162688.0,0.07916337467267563,0.2360453050385128,nan
2164736.0,0.28047094513250426,0.18103095171234324,nan
2166784.0,0.1586599536274671,0.21981413451615264,nan
2168832.0,0.20007051817712956,0.2212064073277561,nan
2170880.0,0.26170473921614446,0.1742064959637688,nan
2172928.0,0.27106360426523357,0.17263256507965402,nan
2174976.0,0.09484384510893283,0.22918879840171402,nan
2177024.0,0.0884744362735676,0.2522740008190495,nan
2179072.0,0.17359414022555034,0.23839834416280759,nan
2181120.0,0.24164614480844365,0.20542921080873797,nan
2183168.0,0.11356837395144773,0.25187651155450047,nan
2185216.0,0.2805343424576695,0.1886457926837625,nan
2187264.0,0.2207974409692477,0.2290072982048377,nan
2189312.0,0.08185012436533795,0.23578993443407187,nan
2191360.0,0.10074619110803242,0.24332127055746428,nan
2193408.0,0.14156495781684264,0.2425511955793112,nan
2195456.0,0.17482388314673042,0.2378410806330057,nan
2197504.0,0.13213043461913254,0.25527945682938713,nan
2199552.0,0.27359473061291134,0.1992066108192661,nan
2201600.0,-0.060862407906966974,0.15616570113241085,nan
2203648.0,-0.009123761434842299,0.19163501764061758,nan
2205696.0,0.05284330234792006,0.2010469581417572,nan
2207744.0,0.16823594906938633,0.23148722164672472,44.896049896049895
2209792.0,0.027316692395525945,0.15854471261178588,nan
2211840.0,0.1620874656605241,0.223964445537081,nan
2213888.0,0.12946134876545273,0.23735370938788716,nan
2215936.0,0.004730372173500912,0.20369396444572876,nan
2217984.0,0.16786110640978572,0.23475132999182227,nan
2220032.0,0.09358947632519707,0.2099127854493329,nan
2222080.0,0.23167459740294347,0.21377527959054488,nan
2224128.0,0.2132621417994609,0.23764125480520282,nan
2226176.0,0.09843076174537857,0.24957317689285105,nan
2228224.0,0.0728971768635527,0.2011716850504391,nan
2230272.0,0.13063836965918196,0.23167976700460607,nan
2232320.0,0.15670523959742408,0.21461267603237227,nan
2234368.0,-0.037010615765178626,0.16740420461536307,nan
2236416.0,0.1520827701438751,0.23841663311026137,nan
2238464.0,0.1742168731625614,0.24184318627424328,nan
2240512.0,0.16033162035424578,0.2410954493959317,nan
2242560.0,0.06452921911087854,0.23692300921201379,nan
2244608.0,0.20134245189780126,0.22789168048893482,nan
2246656.0,0.1524293198839263,0.2374702744684069,nan
2248704.0,0.07765270670917908,0.2156868560555072,nan
2250752.0,0.13573480250633957,0.23166127732088185,nan
2252800.0,0.17539326593232177,0.2519689500339179,nan
2254848.0,0.2644393310326121,0.20786952895171956,nan
2256896.0,0.27267674378167633,0.17937391965833688,nan
2258944.0,0.3209034825368877,0.13069493757278977,nan
2260992.0,0.2438805355117415,0.2171563903175238,nan
2263040.0,0.023900954311858416,0.18380398490637606,nan
2265088.0,0.17195438155854262,0.23718222880302162,nan
2267136.0,0.19418441091044594,0.24494825656287242,nan
2269184.0,0.18011165875020796,0.22236825541490332,nan
2271232.0,0.18506372344770913,0.2403096652135429,nan
2273280.0,0.2261012939944514,0.21833169145012754,nan
2275328.0,0.15289065860001466,0.21995350091689597,nan
2277376.0,0.21812809313786194,0.2231535903355118,nan
2279424.0,0.31493576231929066,0.13859139825965552,nan
2281472.0,0.20404966824355886,0.2290381240888262,nan
2283520.0,0.214590731502501,0.2263645354234257,nan
2285568.0,0.1936869321569604,0.2264089650119185,nan
2287616.0,0.17537906371902956,0.22870233154329409,nan
2289664.0,0.2028845622419969,0.24383811150046375,nan
2291712.0,0.26424590211472754,0.19691812414661478,nan
2293760.0,0.23816850930543004,0.2313680094951613,nan
2295808.0,0.07837152672120049,0.23349641023482873,nan
2297856.0,0.18998102730182115,0.23631425380387625,nan
2299904.0,0.18253449492498078,0.2177319950778055,nan
2301952.0,0.29748780932221974,0.17605256658891633,nan
2304000.0,0.18793575350584443,0.22580016910844494,nan
2306048.0,0.1268358922112956,0.23527172850690767,nan
2308096.0,0.21212788967459068,0.22941270757641824,66.78794178794179
2310144.0,0.09335312440138932,0.2069609515683838,nan
2312192.0,0.20771378715308167,0.22893902091902457,nan
2314240.0,0.15993799610830375,0.23777503999427643,nan
2316288.0,0.20203077000678107,0.20068628457944873,nan
2318336.0,0.1434207935569986,0.24827684639636494,nan
2320384.0,0.1304482026982356,0.24415808892496657,nan
2322432.0,0.1308538386809993,0.24496198017354473,nan
2324480.0,0.23078384781239747,0.22328665308788673,nan
2326528.0,0.2558401973883926,0.21038219102351643,nan
2328576.0,0.28593999821506677,0.16939751930143748,nan
2330624.0,0.23398594338576825,0.22204355096394762,nan
2332672.0,0.20137786342066671,0.23096312677039377,nan
2334720.0,0.26033245936684685,0.19294345934694634,nan
2336768.0,0.150793630320539,0.2322404502840138,nan
2338816.0,0.1729563106372316,0.23765672858777684,nan
2340864.0,0.22618684391148453,0.21444012123278658,nan
2342912.0,0.29587235453279687,0.17840318982651193,nan
2344960.0,0.2066332369286385,0.21848262622504866,nan
2347008.0,0.29114353427895395,0.14814575746115477,nan
2349056.0,0.2630176867956957,0.19266496582240392,nan
2351104.0,0.16122112955693924,0.2424964011280358,nan
2353152.0,0.1007771654072136,0.21788388350586307,nan
2355200.0,0.19692013156772212,0.23945678531796855,nan
2357248.0,0.15593695627264662,0.22128060290118562,nan
2359296.0,0.1581296803143137,0.23964401556098452,nan
2361344.0,0.2830133789113184,0.18244279994302404,nan
2363392.0,0.10895374940169444,0.26436551235434963,nan
2365440.0,0.13759366515814103,0.22707576775335084,nan
2367488.0,0.23774057558864176,0.20621655428047828,nan
2369536.0,0.2718624071045194,0.18822947666182638,nan
2371584.0,0.1471108302185059,0.2393793371141052,nan
2373632.0,0.22207210610073008,0.2256053748533194,nan
2375680.0,0.20925538515839437,0.2281410352747151,nan
2377728.0,0.22018811525746856,0.21245304033453288,nan
2379776.0,0.26690753935240885,0.1862497017080851,nan
2381824.0,0.2594576341387489,0.19581375752427227,nan
2383872.0,0.13457548520473134,0.22978312909825027,nan
2385920.0,0.22000974871670134,0.20188923007501153,nan
2387968.0,0.08287714104588997,0.2177539627671917,nan
2390016.0,0.2899277447293754,0.16770997956596007,nan
2392064.0,0.26249389521427224,0.2048633890609259,nan
2394112.0,0.16660801341333603,0.24034151357300337,nan
2396160.0,0.0765978876452504,0.21283737727906354,nan
2398208.0,0.13938535803841154,0.22130992283959228,nan
2400256.0,0.20172606557839848,0.21394197077781363,nan
2402304.0,0.15960181805099335,0.2122076932039014,nan
2404352.0,0.1677731074215315,0.22188722107121775,nan
2406400.0,0.2255686251189135,0.2159585611632945,nan
2408448.0,0.1223221447517326,0.2324785053893505,64.27234927234926
2410496.0,0.12671953174216619,0.24902808946080318,nan
2412544.0,0.19326584806495195,0.22388412289854928,nan
2414592.0,0.1626086084038968,0.243822922925466,nan
2416640.0,0.17407059958406176,0.22536064994136046,nan
2418688.0,0.19624980459314928,0.217911942037183,nan
2420736.0,0.2970388322595574,0.1292095442315232,nan
2422784.0,0.2209121114271538,0.2036906674446923,nan
2424832.0,0.22458055961017634,0.22439034884292333,nan
2426880.0,0.20057995892086491,0.22605223615573683,nan
2428928.0,0.29075475260199474,0.15222630652486585,nan
2430976.0,0.1770930099415403,0.2260216745941282,nan
2433024.0,0.13623604777556347,0.23944144971837805,nan
2435072.0,0.19612090519245598,0.22816250334218507,nan
2437120.0,0.17911540618064792,0.225281508240162,nan
2439168.0,0.25479356600092296,0.21411894050415042,nan
2441216.0,0.297908900960724,0.14755075438883009,nan
2443264.0,0.04606361047147002,0.2193763642973478,nan
2445312.0,0.18109633994354715,0.21656034650274886,nan
2447360.0,0.23814544466633822,0.21654040319101436,nan
2449408.0,0.2812090590289851,0.19440155281380084,nan
2451456.0,0.2244877472198175,0.2111644542814108,nan
2453504.0,0.20374752403444285,0.22973778314082052,nan
2455552.0,0.18632979465265753,0.22701753323090587,nan
2457600.0,0.3011847863960176,0.14786495613989642,nan
2459648.0,0.15959315036386634,0.23442255840854265,nan
2461696.0,0.06132649756576636,0.2287280045383651,nan
2463744.0,0.21173650593788262,0.2181523355439298,nan
2465792.0,0.2521540995910183,0.18001619578306766,nan
2467840.0,0.19357322715317823,0.2221343962455607,nan
2469888.0,0.22314497172471082,0.22487431958131635,nan
2471936.0,0.27011600390146456,0.1908518421922103,nan
2473984.0,0.34012346130683674,0.11444470687958083,nan
2476032.0,0.22501661931992395,0.2320032516398927,nan
2478080.0,0.17314407253848835,0.23907954236744614,nan
2480128.0,0.24422861580890742,0.20950462965946576,nan
2482176.0,0.2115197239181283,0.21157392947820394,nan
2484224.0,0.11132977055271082,0.23443451057255876,nan
2486272.0,0.28892807569844803,0.17048817137950223,nan
2488320.0,0.30654347752775346,0.14371624538693453,nan
2490368.0,0.1943613246188463,0.20407346203324359,nan
2492416.0,0.244957051852178,0.21098236821676,nan
2494464.0,0.20110464030434128,0.22960817385642457,nan
2496512.0,0.18287693682348014,0.2200746798186009,nan
2498560.0,0.29825734559085715,0.15531648008187957,nan
2500608.0,0.13829793996920453,0.22410449584719583,nan
2502656.0,0.268684926139907,0.20466613679820675,nan
2504704.0,0.24677403857363206,0.19277752354792285,nan
2506752.0,0.2860483665824266,0.15113116835351526,nan
2508800.0,0.22839469215876257,0.2039766240213799,82.72349272349274
2510848.0,0.30265654814586257,0.17068308087026382,nan
2512896.0,0.22394756239600033,0.19077889332744705,nan
2514944.0,0.1783793647751564,0.24211700575495734,nan
2516992.0,0.23888973708829386,0.21131429798359003,nan
2519040.0,0.17017407572857374,0.23585643727726116,nan
2521088.0,0.21648971244000673,0.2162164709163307,nan
2523136.0,0.16744711300303108,0.22630893132684318,nan
2525184.0,0.25143219717841725,0.1929602872591495,nan
2527232.0,0.2610086497401038,0.17892693218525021,nan
2529280.0,0.30722781619484363,0.1618215809953271,nan
2531328.0,0.2916487177399415,0.17794962413976223,nan
2533376.0,0.30292308749822905,0.16569890402467471,nan
2535424.0,0.2050045063143191,0.22723669862878704,nan
2537472.0,0.06707797256097636,0.24135464321425168,nan
2539520.0,0.23428641682046836,0.21663707604792318,nan
2541568.0,0.2062071921665824,0.21878739481059112,nan
2543616.0,0.1663267270432976,0.2358548790261646,nan
2545664.0,0.28076607053579866,0.17399228700688021,nan
2547712.0,0.1825677684910651,0.22068352014804513,nan
2549760.0,0.28638267224729885,0.1833141365414733,nan
2551808.0,0.10717894806627196,0.21244266880589302,nan
2553856.0,0.29771574984325555,0.1772884693859977,nan
2555904.0,0.20361402616345284,0.21782371613497692,nan
2557952.0,0.25124277642914944,0.1935859552121948,nan
2560000.0,0.16258041541242185,0.24449570367904405,nan
2562048.0,0.22434811089071383,0.21307704617141612,nan
2564096.0,0.27615382071361616,0.1757720619341263,nan
2566144.0,0.15230138458748932,0.24006099577608683,nan
2568192.0,0.13207231577604903,0.21957331252016982,nan
2570240.0,0.2759469360867469,0.19260217868860557,nan
2572288.0,0.262500358300321,0.17077764896400785,nan
2574336.0,0.22013176024375516,0.20001953950643486,nan
2576384.0,0.21255347297149188,0.22745847022207377,nan
2578432.0,0.3041839684067457,0.14448216365004843,nan
2580480.0,0.21413320860297871,0.23493030944940121,nan
2582528.0,0.09913552421441643,0.26171140098468587,nan
2584576.0,0.12207015180680897,0.23267582622611266,nan
2586624.0,0.23144652978615582,0.2198555377317499,nan
2588672.0,0.1978220030452037,0.22422282777849636,nan
2590720.0,-0.04415265254590233,0.2141049040470443,nan
2592768.0,0.22920333283074013,0.22263919592163228,nan
2594816.0,0.233334161046716,0.21422702619918266,nan
2596864.0,0.2957203318888377,0.1484921960621365,nan
2598912.0,0.2866119063767196,0.17292277068595563,nan
2600960.0,0.19074249407539928,0.24841109647950918,nan
2603008.0,0.1318347074727057,0.23126618370963942,nan
2605056.0,0.19919775326837116,0.2401133587622386,nan
2607104.0,0.19898874159094287,0.2317522831204411,nan
2609152.0,0.2509338830222063,0.2013860429116195,57.120582120582114
2611200.0,0.14499575485567165,0.25408539698626276,nan
2613248.0,0.09346335732134334,0.23434171123317105,nan
2615296.0,0.15303578721043065,0.25242643070530846,nan
2617344.0,0.25232694855586135,0.20412974277590165,nan
2619392.0,0.1354026304246566,0.24259691475691128,nan
2621440.0,0.31050871907707345,0.15340578313201805,nan
2623488.0,0.1687117675807891,0.2063913206216326,nan
2625536.0,0.09557139513674452,0.22692248838987206,nan
2627584.0,0.18823502217662236,0.2294430573139446,nan
2629632.0,0.3353039070834002,0.09200464344789905,nan
2631680.0,0.19501842644451184,0.23703664819267328,nan
2633728.0,0.14025128333822778,0.23754143758954144,nan
2635776.0,0.14761093976282946,0.25527234133947957,nan
2637824.0,0.18551508090357757,0.22990431815356288,nan
2639872.0,0.24438536947732045,0.18584322736512746,nan
2641920.0,0.20798693269252827,0.24205129653810278,nan
2643968.0,0.13645452485206477,0.23172273224864962,nan
2646016.0,0.27854455196617656,0.16947398198732458,nan
2648064.0,0.2623807848410254,0.17331945145097924,nan
2650112.0,0.2541663002885677,0.20616362726176757,nan
2652160.0,0.1273816878837904,0.22479876899264872,nan
2654208.0,0.12319665917224573,0.23722196984982877,nan
2656256.0,0.23343138699144406,0.20405026489140876,nan
2658304.0,0.18396861519618163,0.2256915434184081,nan
2660352.0,0.26695233260947737,0.1758777860955084,nan
2662400.0,0.16305032045969003,0.2185618549247189,nan
2664448.0,0.1339997215402848,0.22852563138511314,nan
2666496.0,0.2115927777906463,0.2068320952118981,nan
2668544.0,0.2531093338661945,0.17267410025675253,nan
2670592.0,0.1367346862483788,0.2166587596481595,nan
2672640.0,0.21173771970234442,0.2250942567733669,nan
2674688.0,0.032442160231780544,0.23955057119970946,nan
2676736.0,0.25636678989813,0.18533090379494904,nan
2678784.0,0.27894997604147553,0.1861803156800908,nan
2680832.0,0.21651491085271846,0.22952514117353603,nan
2682880.0,0.2312693940043224,0.2131875101688638,nan
2684928.0,0.35528318993216523,0.02850994436640077,nan
2686976.0,0.23487109144325677,0.17791919429796607,nan
2689024.0,0.22004790630793164,0.21319555202149548,nan
2691072.0,0.2755277899995312,0.19240953989454163,nan
2693120.0,0.2846198448669877,0.15336832248779075,nan
2695168.0,0.17585510678794342,0.23137559178571115,nan
2697216.0,0.20579466398635943,0.24322612064373755,nan
2699264.0,0.3048410888299501,0.17781733938977284,nan
2701312.0,0.15657151460220212,0.23619627421423534,nan
2703360.0,0.18596252271662533,0.2267450970300784,nan
2705408.0,0.3067780440502069,0.14001819589631673,nan
2707456.0,0.2886077088375238,0.19293857186937863,nan
2709504.0,0.25297168903744816,0.18569558790548105,72.20374220374221
2711552.0,0.30441425854067095,0.1560082614988762,nan
2713600.0,0.2844448597736666,0.17845317186838044,nan
2715648.0,0.15619168835748748,0.2234530544148863,nan
2717696.0,0.12264332816364298,0.20335765324593588,nan
2719744.0,0.15402706326778923,0.22107155147339388,nan
2721792.0,0.15141560375186802,0.2299697957566605,nan
2723840.0,0.11003696693312914,0.22886091211093237,nan
2725888.0,0.2135104101814011,0.2119133365671308,nan
2727936.0,0.21346539528102482,0.2389896508487246,nan
2729984.0,0.20119018038280018,0.22507811867160715,nan
2732032.0,0.22082529527808853,0.21147473911907538,nan
2734080.0,0.23257945864457188,0.2119319549907606,nan
2736128.0,0.2742390578015047,0.1699430685669063,nan
2738176.0,0.17779905507531057,0.2364916182035351,nan
2740224.0,0.10114448466430087,0.23081078801761165,nan
2742272.0,0.2406735817335327,0.19847916615845876,nan
2744320.0,0.2930334954817615,0.18445948930218165,nan
2746368.0,0.30909945138218886,0.17359830746575164,nan
2748416.0,0.22622275970308123,0.23642121976538022,nan
2750464.0,0.340664263726297,0.10213558058341049,nan
2752512.0,0.2836949459649618,0.17839709163104808,nan
2754560.0,0.10452937795263624,0.24549824963738284,nan
2756608.0,0.19569215927389216,0.23999849054853098,nan
2758656.0,0.19632395131551234,0.24406896702565525,nan
2760704.0,0.23092693259932132,0.2353701188964685,nan
2762752.0,0.09133335673794464,0.25062141576198127,nan
2764800.0,0.30837572137619496,0.14005345965768673,nan
2766848.0,0.11503131231085974,0.2343889325302136,nan
2768896.0,0.26418068613041285,0.2154332705563043,nan
2770944.0,0.19051877240360326,0.24097154208475982,nan
2772992.0,0.10856468315629196,0.2449328844663373,nan
2775040.0,0.12882392665312103,0.23477363277311541,nan
2777088.0,0.2434123759329609,0.19392142536091284,nan
2779136.0,0.18331044194423587,0.24540180349546734,nan
2781184.0,0.32009341421084264,0.13518212365769897,nan
2783232.0,0.2590417954603187,0.19395857178698042,nan
2785280.0,0.15632172475173997,0.22372895196324494,nan
2787328.0,0.19377198406583385,0.23326415062627243,nan
2789376.0,0.23125054258998887,0.2017077160319822,nan
2791424.0,0.20213283061324627,0.21969866487214823,nan
2793472.0,0.14511898456122563,0.269217845311806,nan
2795520.0,0.08080304401493359,0.21893859043570799,nan
2797568.0,0.23568809087655276,0.23719710371724717,nan
2799616.0,0.2552593287924917,0.21010635456373672,nan
2801664.0,0.12889735035800223,0.24857518461136074,nan
2803712.0,0.32792056511013,0.12928446598164792,nan
2805760.0,0.11294565527904848,0.21535091154460104,nan
2807808.0,0.12128240834353507,0.2604647511017759,nan
2809856.0,0.15261365698940066,0.22344308581855107,78.41995841995842
2811904.0,0.17308619597355623,0.2364065775566844,nan
2813952.0,0.24791711844756492,0.1989248585322937,nan
2816000.0,0.12095610998313276,0.24337407924390936,nan
2818048.0,0.20169649950394172,0.22345174889131086,nan
2820096.0,0.16612523190956893,0.25200818921010243,nan
2822144.0,0.27068727977295637,0.16916454802002379,nan
2824192.0,0.32808806085581776,0.09774408833447017,nan
2826240.0,0.10162573828296681,0.21091102241403764,nan
2828288.0,0.23355786198242906,0.2172363659574171,nan
2830336.0,0.2026468093323732,0.23746014515717578,nan
2832384.0,0.32461416633342466,0.11927538754253714,nan
2834432.0,0.23755036908429938,0.21054901370520834,nan
2836480.0,0.2462900054536681,0.1946711128168483,nan
2838528.0,0.3111669370322844,0.15868011949336241,nan
2840576.0,0.21738913161878212,0.21913303016237867,nan
2842624.0,0.17661722501891888,0.24024728371181878,nan
2844672.0,0.15908477438884877,0.2355146394222648,nan
2846720.0,0.19874779312634078,0.23570374419639842,nan
2848768.0,0.27730862358681374,0.18164618118944093,nan
2850816.0,0.3197458253270632,0.13762458099362598,nan
2852864.0,0.26414988769060355,0.20697881182395153,nan
2854912.0,0.155581657975387,0.23217169591739287,nan
2856960.0,0.16614753524224735,0.21541578918327314,nan
2859008.0,0.22458291317033408,0.1958833782060631,nan
2861056.0,0.11400267779206733,0.24151246257954315,nan
2863104.0,0.18944558912217613,0.22083507332656038,nan
2865152.0,0.3169992552257248,0.12979894513112594,nan
2867200.0,0.2995212024610512,0.15347060964213446,nan
2869248.0,0.23154458882539478,0.21558476418045816,nan
2871296.0,0.24258201473018454,0.2080166352250863,nan
2873344.0,0.26189480367471507,0.1819188930908594,nan
2875392.0,0.2075243658098535,0.24032701599057946,nan
2877440.0,0.28603041146454833,0.1540831123265627,nan
2879488.0,0.2672842640052051,0.18305182631999836,nan
2881536.0,0.24649952254981827,0.21218446721034875,nan
2883584.0,0.317355957131247,0.08509709116389029,nan
2885632.0,0.31718149836181464,0.12153169550103898,nan
2887680.0,0.24789179042107917,0.18884956118155619,nan
2889728.0,0.21485911599456078,0.2152322225213313,nan
2891776.0,0.30693449669127576,0.13431818762769054,nan
2893824.0,0.2857773502357679,0.1569919809636703,nan
2895872.0,0.1319293448517785,0.24051633736604883,nan
2897920.0,0.13022023911661906,0.23081266032163017,nan
2899968.0,0.16308976292608462,0.22447241954867864,nan
2902016.0,0.24001969389113004,0.2053466965655957,nan
2904064.0,0.25847790347878336,0.1914373484451638,nan
2906112.0,0.3406110460998605,0.09514288452278903,nan
2908160.0,0.31633747967664316,0.12011824125104972,nan
2910208.0,0.08873599431979406,0.20495169029307042,84.55301455301455
2912256.0,0.34052472705351516,0.09451525352414418,nan
2914304.0,0.26465121753135445,0.17200989940821537,nan
2916352.0,0.3363925647278889,0.10028960818839237,nan
2918400.0,0.26741860113081395,0.17693244912113654,nan
2920448.0,0.18380053230315613,0.2327927867131524,nan
2922496.0,0.18700954604947692,0.23704549923618626,nan
2924544.0,0.33312490234315995,0.12862067552678239,nan
2926592.0,0.27622315034085104,0.16409469364194998,nan
2928640.0,0.19046885150884113,0.23210668408122404,nan
2930688.0,0.2645128991888266,0.1776859259681933,nan
2932736.0,0.09879597508048502,0.22862669402689995,nan
2934784.0,0.26051921305258424,0.18867517989524782,nan
2936832.0,0.24178147803558006,0.2064420360580562,nan
2938880.0,0.22486103473713673,0.19963116885639295,nan
2940928.0,0.3264829270314967,0.13753698116846683,nan
2942976.0,0.22153642120003486,0.20765821277696372,nan
2945024.0,0.1885079522440275,0.23986538602426274,nan
2947072.0,0.07646146470127863,0.2271933741083223,nan
2949120.0,0.22216838879690143,0.2024176949793175,nan
2951168.0,0.22236750216132764,0.1615273948125158,nan
2953216.0,0.301638064601611,0.13869405922274608,nan
2955264.0,0.2675497779182163,0.19998456236434062,nan
2957312.0,0.29361693618408075,0.17261678351992912,nan
2959360.0,0.14818075800236133,0.23731620734507733,nan
2961408.0,0.18132054545781107,0.221877639566224,nan
2963456.0,0.24310523683281432,0.20621496698309094,nan
2965504.0,0.18126360351697557,0.24388166392854232,nan
2967552.0,0.2638640031088441,0.17361366347373414,nan
2969600.0,0.2833786731432625,0.17662055359716358,nan
2971648.0,0.20827109791517248,0.20073062588857388,nan
2973696.0,0.19141985302114126,0.22339039393715382,nan
2975744.0,0.24665768409483593,0.17664230480898938,nan
2977792.0,0.26883855419005165,0.1638408253759559,nan
2979840.0,0.2706319150829857,0.1877625432030984,nan
2981888.0,0.17657459814849275,0.23126951677707258,nan
2983936.0,0.2745598217386138,0.18836951078032999,nan
2985984.0,0.2798691236434556,0.17465085352744153,nan
2988032.0,0.2203542191503902,0.2060561994679558,nan
2990080.0,0.2379961657722032,0.2052659533546121,nan
2992128.0,0.20808358519347464,0.20632517168530065,nan
2994176.0,0.19121620549282162,0.2276743487268656,nan
2996224.0,0.1497715585840809,0.23530321737937768,nan
2998272.0,0.254561525685029,0.17474898530400065,nan
3000320.0,0.2819495724844151,0.1692720378622375,nan
3002368.0,0.25737573490171783,0.17881860779123243,nan
3004416.0,0.21897394576122517,0.21533864209452172,nan
3006464.0,0.13923763249754295,0.24606554356424146,nan
3008512.0,0.19465314542016396,0.22924387233219617,nan
3010560.0,0.35529069298281735,0.06888473631279923,88.97089397089397
3012608.0,0.29708143233995854,0.15779387148911198,nan
3014656.0,0.21944014027042477,0.22089858091985812,nan
3016704.0,0.2052736923844123,0.235879819190492,nan
3018752.0,0.19631885627347878,0.2074980521654824,nan
3020800.0,0.3092843501991101,0.16372314001927651,nan
3022848.0,0.27712718271557846,0.1746474914809736,nan
3024896.0,0.1854352574991157,0.23173140961813674,nan
3026944.0,0.23349614377887354,0.22572285274537476,nan
3028992.0,0.06307366526308925,0.2435954745258336,nan
3031040.0,0.34457491240203864,0.09319528913301602,nan
3033088.0,0.21620362808245905,0.22198181501461844,nan
3035136.0,0.16976325789013072,0.23026445891492234,nan
3037184.0,0.2352195236303153,0.2160706457232455,nan
3039232.0,0.31802289702156733,0.12320570768605207,nan
3041280.0,0.20757000861723435,0.20856453179033757,nan
3043328.0,0.2662156611701614,0.17317660735158907,nan
3045376.0,0.3479203457534027,0.08802223124052604,nan
3047424.0,0.08846811281553538,0.2575807871880666,nan
3049472.0,0.2202606987421432,0.2043942925568344,nan
3051520.0,0.224716469590434,0.2157651506367929,nan
3053568.0,0.28610908489441345,0.167472342876885,nan
3055616.0,0.3087965418588545,0.16686264688581676,nan
3057664.0,0.3290225088838855,0.13739792364037687,nan
3059712.0,0.2964961695058447,0.16227280986835052,nan
3061760.0,0.3413177727899182,0.06811112085237091,nan
3063808.0,0.14942409818278096,0.2304314745960797,nan
3065856.0,0.24178775318672935,0.20268835435852242,nan
3067904.0,0.25520841305569253,0.1966206092585122,nan
3069952.0,0.2567112677095399,0.19302513906604393,nan
3072000.0,0.26021447749155596,0.188443481228478,nan
3074048.0,0.15394916702219236,0.2380688982025518,nan
3076096.0,0.18525977504243935,0.23488362393115247,nan
3078144.0,0.21674279956399017,0.21417656176071082,nan
3080192.0,0.226952274162195,0.18924580967322369,nan
3082240.0,0.19131406124235745,0.21702234592095812,nan
3084288.0,0.22425641135717234,0.2076221506542115,nan
3086336.0,0.2587866017729734,0.20166667851535033,nan
3088384.0,0.21443827716160807,0.21695534602115715,nan
3090432.0,0.2815863559608307,0.15602750152822936,nan
3092480.0,0.3426310642378564,0.08445152308053493,nan
3094528.0,0.3320635437195764,0.10760756064053377,nan
3096576.0,0.24153141931677186,0.21081202375525773,nan
3098624.0,0.192719305873153,0.2278472371395045,nan
3100672.0,0.3045752470077958,0.12418495664222666,nan
3102720.0,0.26668927057424796,0.1805110846770405,nan
3104768.0,0.3200925766733601,0.07540951357217834,nan
3106816.0,0.19963385491027108,0.22187981735466986,nan
3108864.0,0.1447436938431609,0.25567672016669757,nan
3110912.0,0.22998450390142908,0.22396877368070667,85.63409563409564
3112960.0,0.26436648100586047,0.20604126906800993,nan
3115008.0,0.2324473724919643,0.22553010855638544,nan
3117056.0,0.289542773127052,0.20154322304587807,nan
3119104.0,0.31885196924023246,0.11502763311957191,nan
3121152.0,0.21406399876599055,0.20694549040547075,nan
3123200.0,0.22558651519744133,0.20896240644075742,nan
3125248.0,0.2387214907716309,0.21585566361070244,nan
3127296.0,0.3399579713582809,0.05523959853434152,nan
3129344.0,0.27696093016832557,0.18729680273722943,nan
3131392.0,0.20231703091146286,0.2403544613781755,nan
3133440.0,0.2914013127919527,0.1432662168603818,nan
3135488.0,0.2993552119741799,0.1605723873526324,nan
3137536.0,0.3040713454710722,0.12029808667585423,nan
3139584.0,0.34049683167372635,0.06248291291609158,nan
3141632.0,0.208946063474109,0.218814253731562,nan
3143680.0,0.2695073605697429,0.18378530739955803,nan
3145728.0,0.24945646540431438,0.16763721039241755,nan
3147776.0,0.2551759839566642,0.19246072597643077,nan
3149824.0,0.20434993466048995,0.2115317585122765,nan
3151872.0,0.2977158231226943,0.1498683949812367,nan
3153920.0,0.2814513347163543,0.17040307800799437,nan
3155968.0,0.2725257369856049,0.17119794175330516,nan
3158016.0,0.33336156793205624,0.07027507590193534,nan
3160064.0,0.2902056634812431,0.14586897815008262,nan
3162112.0,0.27152155187293087,0.1571646516112679,nan
3164160.0,0.28787863447397544,0.1364605375419088,nan
3166208.0,0.2664227461855596,0.18151197209485234,nan
3168256.0,0.2733667536563763,0.1594861051945665,nan
3170304.0,0.31115862887856394,0.11123291120815022,nan
3172352.0,0.321127115470833,0.11153005306783592,nan
3174400.0,0.29794547406248206,0.1546718367851454,nan
3176448.0,0.33610230637893956,0.06854604691113168,nan
3178496.0,0.17441798927558627,0.23348063268208985,nan
3180544.0,0.2567859716129782,0.1801639968571188,nan
3182592.0,0.2573388294112206,0.19116378054996602,nan
3184640.0,0.14469659066379256,0.23696673068736623,nan
3186688.0,0.34711135718960107,0.076978314502214,nan
3188736.0,0.20847541503540873,0.2283347537858738,nan
3190784.0,0.31788323644591393,0.10731808333102884,nan
3192832.0,0.17613695534692247,0.21534590813639115,nan
3194880.0,0.2945125087187654,0.1451474520446852,nan
3196928.0,0.1533828517713272,0.22895543578771477,nan
3198976.0,0.21228457770389475,0.2147773699063843,nan
3201024.0,0.3020971168809894,0.1415927746543126,nan
3203072.0,0.3442542981363581,0.09881400329909876,nan
3205120.0,0.30425773338583895,0.1398878938773202,nan
3207168.0,0.3239921291775973,0.11008929736283811,nan
3209216.0,0.3074468422519141,0.1361695714305061,nan
3211264.0,0.295328772934332,0.15647348654718118,79.05405405405405
3213312.0,0.2862902104401183,0.1484678991480296,nan
3215360.0,0.28860431563950534,0.14164730568920111,nan
3217408.0,0.3148073683990627,0.1449736110360062,nan
3219456.0,0.3063774133454613,0.14733501494767015,nan
3221504.0,0.31652289056885263,0.13135761006327368,nan
3223552.0,0.34843252372429556,0.05899039050583609,nan
3225600.0,0.2960242933701551,0.14725996771079344,nan
3227648.0,0.32407258215542767,0.11697496086197649,nan
3229696.0,0.3367081882973486,0.08595489329120252,nan
3231744.0,0.22664210427688664,0.22740215410982897,nan
3233792.0,0.2836502021359405,0.17754397411174577,nan
3235840.0,0.22004582548145002,0.23352194156663736,nan
3237888.0,0.3287364692363777,0.08228466912900323,nan
3239936.0,0.35498809643734275,0.021359149781621654,nan
3241984.0,0.2966497101901221,0.13063654793552493,nan
3244032.0,0.20002912746459994,0.2150615259287892,nan
3246080.0,0.24918503794513475,0.182964221822809,nan
3248128.0,0.22548223084944807,0.1940331618443337,nan
3250176.0,0.3503684129370451,0.061230215402829274,nan
3252224.0,0.2680505125242121,0.1546380664228737,nan
3254272.0,0.26005334064393454,0.16917994968376313,nan
3256320.0,0.31602012943883595,0.08971495836131886,nan
3258368.0,0.2527587869399306,0.1791989857577586,nan
3260416.0,0.2203557497370725,0.1850565358706905,nan
3262464.0,0.21453054794341445,0.22297972590488296,nan
3264512.0,0.22331978030540894,0.1895097755593891,nan
3266560.0,0.2367401738161457,0.19769967209914657,nan
3268608.0,0.15742135429305604,0.24966948250653329,nan
3270656.0,0.26105946393669216,0.17681774321525573,nan
3272704.0,0.20923599167708135,0.21640345144866405,nan
3274752.0,0.26877879024987883,0.1685073690355103,nan
3276800.0,0.2134922338323006,0.20248371691511738,nan
3278848.0,0.21698037507758147,0.2262383641741787,nan
3280896.0,0.28307667749464394,0.17596352877151386,nan
3282944.0,0.27825515758462815,0.18074369784085412,nan
3284992.0,0.2780077068979605,0.18131115949351678,nan
3287040.0,0.24882535967475322,0.20553381414760483,nan
3289088.0,0.19696308926301534,0.22546819095237355,nan
3291136.0,0.23950568574510678,0.19184281574887935,nan
3293184.0,0.26119011081404436,0.1821867201313,nan
3295232.0,0.22507096322263714,0.23166090067924064,nan
3297280.0,0.2307652225756016,0.2126806285430694,nan
3299328.0,0.21919363168817002,0.2081646406664871,nan
3301376.0,0.24817135107289898,0.19237615829329952,nan
3303424.0,0.14133843152476472,0.2448198504787596,nan
3305472.0,0.23739821899887126,0.1996609229776748,nan
3307520.0,0.14238352942282007,0.25354623393359527,nan
3309568.0,0.16114222210293758,0.2452366843664923,nan
3311616.0,0.2680768951760174,0.18036072811154621,77.52598752598752
3313664.0,0.2439590114395517,0.21924772517787264,nan
3315712.0,0.3070987856414787,0.13330212885323484,nan
3317760.0,0.17004165662766924,0.24522253290225202,nan
3319808.0,0.188780480623776,0.20988297546489076,nan
3321856.0,0.273681561366992,0.17335226683198926,nan
3323904.0,0.21961607816253775,0.23520147440390152,nan
3325952.0,0.19146054265848378,0.2034342527337445,nan
3328000.0,0.2437233880045389,0.21257666095960998,nan
3330048.0,0.2246006893157576,0.20352585741351023,nan
3332096.0,0.15848940297006175,0.2536150056847921,nan
3334144.0,0.25803227656487504,0.1920033296783394,nan
3336192.0,0.2096497762089672,0.21406274531766759,nan
3338240.0,0.2576487241996417,0.17810198013417075,nan
3340288.0,0.18688691184096234,0.21523745730306246,nan
3342336.0,0.3438411763696793,0.11169257895094402,nan
3344384.0,0.23636127765850617,0.21096205705300727,nan
3346432.0,0.22150717138064044,0.21343734547954457,nan
3348480.0,0.28677852726558867,0.16875567708713277,nan
3350528.0,0.144238321721712,0.24105662887558088,nan
3352576.0,0.30533342018773535,0.16866580857417285,nan
3354624.0,0.2115816772184688,0.2338801375704511,nan
3356672.0,0.23485950909879882,0.21280328611019458,nan
3358720.0,0.3006114555287157,0.13541983537061597,nan
3360768.0,0.3198981618832418,0.10689355756777949,nan
3362816.0,0.24536872842244611,0.20653441858622798,nan
3364864.0,0.3004238026264887,0.15611628633270896,nan
3366912.0,0.20592329009205354,0.22642612855066938,nan
3368960.0,0.2289339534991232,0.20111570043274488,nan
3371008.0,0.29913048196693204,0.13646794334095194,nan
3373056.0,0.31098909341284253,0.1618300322130649,nan
3375104.0,0.2594787554073025,0.20801542958292635,nan
3377152.0,0.36032352212125707,0.029962573029965685,nan
3379200.0,0.20159689012978912,0.2507176232369987,nan
3381248.0,0.12552428888997058,0.2258264423712961,nan
3383296.0,0.3114841839598003,0.11480045940372349,nan
3385344.0,0.31072877508163366,0.15246877557431232,nan
3387392.0,0.09161452638752632,0.20390119030985154,nan
3389440.0,0.3056530827165176,0.14054026073007592,nan
3391488.0,0.31401980320539835,0.12333564551988482,nan
3393536.0,0.3223604572214872,0.13520089087031367,nan
3395584.0,0.15472524936507345,0.22882870046849468,nan
3397632.0,0.2039511168513281,0.2158407449855266,nan
3399680.0,0.1858352016979211,0.23871422017002694,nan
3401728.0,0.2626090660746609,0.16438851260749848,nan
3403776.0,0.32825482654807536,0.0918279481541886,nan
3405824.0,0.2999423570646037,0.14983214239783305,nan
3407872.0,0.31338026671618485,0.14838065540843476,nan
3409920.0,0.31301347430968945,0.16752897355055105,nan
3411968.0,0.31926782724603964,0.12593456649340806,78.13929313929314
3414016.0,0.3445960666572283,0.021319737423319208,nan
3416064.0,0.09307878291706903,0.22565828989403852,nan
3418112.0,0.16772089369711904,0.22578440506282937,nan
3420160.0,0.2338560339951256,0.21239763280594817,nan
3422208.0,0.2211993755261992,0.20703188243078477,nan
3424256.0,0.2422614080691724,0.21146842851810274,nan
3426304.0,0.2805136062556479,0.19811454181710822,nan
3428352.0,0.043166029185127464,0.2320374947702059,nan
3430400.0,0.1251449099547879,0.25852056359491377,nan
3432448.0,0.32682520479052163,0.15979699113326623,nan
3434496.0,0.27029258904918485,0.16464731078157463,nan
3436544.0,0.11850126210649403,0.21982047873333524,nan
3438592.0,0.2527306356696165,0.2030552816502738,nan
3440640.0,0.30450545893489006,0.11769684607835924,nan
3442688.0,0.32465353137429137,0.1344463749332898,nan
3444736.0,0.24606786973083924,0.2125510754769015,nan
3446784.0,0.25359822878147387,0.22541258016424373,nan
3448832.0,0.21222038726685877,0.2040983625432207,nan
3450880.0,0.2756430301716717,0.17587540826867354,nan
3452928.0,0.31842430280310113,0.1380579710386802,nan
3454976.0,0.20112557568050501,0.23150449401844683,nan
3457024.0,0.2588688163523268,0.17572029431299027,nan
3459072.0,0.28333476667556146,0.15153423278938616,nan
3461120.0,0.2874483815905758,0.16508824827181512,nan
3463168.0,0.17425575450669467,0.2416700869337821,nan
3465216.0,0.28837685186041095,0.17320001096592624,nan
3467264.0,0.26589758725828694,0.20377302358142022,nan
3469312.0,0.3420723006030341,0.116492053102805,nan
3471360.0,0.31928386592094504,0.11792253018982432,nan
3473408.0,0.24047565242326896,0.21797102990020187,nan
3475456.0,0.24084271198753643,0.17792029374892376,nan
3477504.0,0.22672477027384763,0.2169289382786378,nan
3479552.0,0.17881992955180953,0.22262085205153878,nan
3481600.0,0.053808276784839605,0.22868261878669785,nan
3483648.0,0.20563531107005376,0.22173753254619352,nan
3485696.0,0.2947728952546481,0.189333252672766,nan
3487744.0,0.28513164638507393,0.17705842238307198,nan
3489792.0,0.2031875610572006,0.21671395529567689,nan
3491840.0,0.306160613612381,0.12998376268899722,nan
3493888.0,0.27711606928314086,0.15722820632242288,nan
3495936.0,0.15119079924160508,0.23475596972669693,nan
3497984.0,0.16349198661278466,0.2169253472781832,nan
3500032.0,0.33289497678847907,0.1358048241871936,nan
3502080.0,0.23542416448068204,0.19316078537138226,nan
3504128.0,0.10010790197249521,0.19081830736655317,nan
3506176.0,0.21591442033168315,0.19313171944753768,nan
3508224.0,0.28316537896380417,0.19138139525810546,nan
3510272.0,0.22267955814598867,0.2120842976161559,nan
3512320.0,0.27019767411204343,0.21975767372986024,78.47193347193348
3514368.0,0.23885881027486106,0.18530250340595206,nan
3516416.0,0.3374837620151472,0.12336728409418322,nan
3518464.0,0.21596970533625076,0.2468257068499247,nan
3520512.0,0.2711873211210796,0.16737602806410407,nan
3522560.0,0.08197912601434207,0.23525745578821802,nan
3524608.0,0.33041682646851456,0.058304041339071896,nan
3526656.0,0.2673150335925316,0.20144435803091493,nan
3528704.0,0.17723862736094634,0.22153272596997103,nan
3530752.0,0.298311132738785,0.14821697175141654,nan
3532800.0,0.32644855558145003,0.145337438249844,nan
3534848.0,0.2900335761392971,0.14724127702969605,nan
3536896.0,0.3306630572274347,0.13448825507269374,nan
3538944.0,0.14363217765442748,0.2236043661148869,nan
3540992.0,0.2170408263630615,0.1827699550127569,nan
3543040.0,0.29914608251361485,0.17581322550272022,nan
3545088.0,0.29698055937969636,0.10562410738044002,nan
3547136.0,0.30100008285453206,0.11488987040076848,nan
3549184.0,0.21199750991609784,0.2293408004821454,nan
3551232.0,0.3003966142742381,0.1424174381208704,nan
3553280.0,0.2113151104574807,0.19126328234063195,nan
3555328.0,0.21708180540550748,0.20004793004199342,nan
3557376.0,0.33166483743713526,0.06810921974854275,nan
3559424.0,0.20228802956058803,0.21919760833374796,nan
3561472.0,0.16791677595077206,0.24182877631383531,nan
3563520.0,0.2609805751195527,0.1762747361438051,nan
3565568.0,0.29185771367226165,0.18640898328898947,nan
3567616.0,0.1994332832671451,0.23833909643506213,nan
3569664.0,0.24845306442033951,0.22044085764530033,nan
3571712.0,0.27253854828086765,0.1717285602208029,nan
3573760.0,0.2961572906387073,0.18523520429264095,nan
3575808.0,0.2676403714472302,0.16767580108000404,nan
3577856.0,0.26687206317643747,0.16789097471897496,nan
3579904.0,0.3186557578623556,0.11383534757680851,nan
3581952.0,0.3195500134261687,0.08898573000742378,nan
3584000.0,0.28370679079249744,0.16755546769137578,nan
3586048.0,0.21643977674636575,0.22388907466012561,nan
3588096.0,0.2838206455530462,0.15601924509073845,nan
3590144.0,0.32461932543100436,0.11760108437610091,nan
3592192.0,0.08665657807871108,0.1985859119864037,nan
3594240.0,0.17653247463157562,0.21647645454612835,nan
3596288.0,0.2196785890214792,0.22067503289289153,nan
3598336.0,0.16875116640752746,0.22017356722178466,nan
3600384.0,0.14653323981104832,0.1718311486106748,nan
3602432.0,0.09527533039467508,0.20560909137202138,nan
3604480.0,0.1221687541432982,0.23221506871370792,nan
3606528.0,0.17581060740198506,0.2370906094940094,nan
3608576.0,0.12282022494854718,0.230017230362566,nan
3610624.0,0.1350040813551386,0.2333520061039844,nan
3612672.0,0.2035188231568842,0.21342623887054593,48.8981288981289
3614720.0,0.18048199708375545,0.22305032718467047,nan
3616768.0,0.1357265122580562,0.25000887954973955,nan
3618816.0,0.21709260347095063,0.21544097679643298,nan
3620864.0,0.16757043984024103,0.24050442643983222,nan
3622912.0,0.19323115600899682,0.2197039180088687,nan
3624960.0,0.2922980016319891,0.15620497359969163,nan
3627008.0,0.21220348707659997,0.2029095695720543,nan
3629056.0,0.18772262252163774,0.22630929350004905,nan
3631104.0,0.251256656908711,0.17673703342430924,nan
3633152.0,0.15819553463217118,0.17593270210792436,nan
3635200.0,0.08617606178524495,0.22627392659694456,nan
3637248.0,0.1365723500055354,0.20900923916569486,nan
3639296.0,0.16703896519998884,0.16825155907788172,nan
3641344.0,0.20403974573185263,0.17231923758092071,nan
3643392.0,0.1628892792982642,0.19619665611127207,nan
3645440.0,0.19342794804212715,0.1595307024601195,nan
3647488.0,0.19299118006794824,0.1531263473142774,nan
3649536.0,0.22070258511280055,0.1631969562723534,nan
3651584.0,0.2908665047845973,0.1628847572400342,nan
3653632.0,0.18839647437666188,0.18033156839532785,nan
3655680.0,0.24378090611327913,0.16169739151648183,nan
3657728.0,0.21533764591374144,0.19190994036671893,nan
3659776.0,0.2089380769471585,0.1710438805249638,nan
3661824.0,0.16595731641626332,0.19405569729533162,nan
3663872.0,0.1899896256458553,0.18426217561692013,nan
3665920.0,0.24003534156798437,0.17103051518163315,nan
3667968.0,0.21094722684135836,0.19672669389011152,nan
3670016.0,0.30578961791978354,0.15680616190859462,nan
3672064.0,0.26009341976778166,0.19044135892625136,nan
3674112.0,0.20404424021140455,0.2239994772407003,nan
3676160.0,0.2675382861434842,0.1847888568932895,nan
3678208.0,0.3119870440539756,0.14654145261410984,nan
3680256.0,0.2218354263139924,0.23117152720397124,nan
3682304.0,0.29268658850587204,0.16586479200384488,nan
3684352.0,0.3330863613320483,0.12068705704840973,nan
3686400.0,0.3250417448841356,0.1331364750771631,nan
3688448.0,0.3632085416518549,0.09388299975273931,nan
3690496.0,0.2717286367425838,0.20984702334374583,nan
3692544.0,0.31133618217242903,0.13789177998254715,nan
3694592.0,0.2826828581533528,0.18277037011511604,nan
3696640.0,0.3257399274671201,0.10923578814019519,nan
3698688.0,0.2923228366789755,0.143521904444408,nan
3700736.0,0.30718719561937863,0.15318762520952214,nan
3702784.0,0.21669016281302592,0.24407098792510307,nan
3704832.0,0.3402053013642107,0.09297272188265324,nan
3706880.0,0.30188162110413785,0.1354966501540313,nan
3708928.0,0.3174044488358003,0.16122278020024994,nan
3710976.0,0.29000390643877416,0.20542400485827622,nan
3713024.0,0.35290503626294656,0.11930116935037388,84.28274428274429
3715072.0,0.31741145605215126,0.16018973341592124,nan
3717120.0,0.29457860110760126,0.1904660157295305,nan
3719168.0,0.3668759575190055,0.07657865213474907,nan
3721216.0,0.26168304292382755,0.21112251229674284,nan
3723264.0,0.0824201495825477,0.2108149804807344,nan
3725312.0,0.2888227577775674,0.18840562583786688,nan
3727360.0,0.26754269848884904,0.1800784169599108,nan
3729408.0,0.31676046091433213,0.12117426485436547,nan
3731456.0,0.2989384480438661,0.12863328038781963,nan
3733504.0,0.14804960905257977,0.237457254188657,nan
3735552.0,0.30239660512319577,0.15464469305814463,nan
3737600.0,0.22501461300272887,0.19951606604125666,nan
3739648.0,0.22497441628422177,0.21343596528635206,nan
3741696.0,0.18659831062326354,0.23495909420752364,nan
3743744.0,0.30417010095639085,0.1421079444040037,nan
3745792.0,0.19182673917173756,0.22133478144062138,nan
3747840.0,0.33828886809718467,0.10862965911931681,nan
3749888.0,0.291068438429592,0.17963910736476443,nan
3751936.0,0.27832049388451174,0.19277313607527694,nan
3753984.0,0.3226379905486678,0.15418853097703528,nan
3756032.0,0.2787853948087495,0.16534784837541844,nan
3758080.0,0.23758813122790937,0.18585047975446245,nan
3760128.0,0.29391450894956295,0.19200569251708596,nan
3762176.0,0.34134402415932974,0.14640713219635912,nan
3764224.0,0.23296937207373403,0.21324924065891945,nan
3766272.0,0.33015835565235574,0.12084781305200862,nan
3768320.0,0.2505347987602675,0.1978037998343981,nan
3770368.0,0.3145418514507485,0.16607088823783486,nan
3772416.0,0.2558157913262948,0.2116118428417638,nan
3774464.0,0.3321282419364993,0.1268500786835015,nan
3776512.0,0.3002256607342071,0.16001950453126618,nan
3778560.0,0.1689183851064281,0.2630503554889915,nan
3780608.0,0.3511938277312717,0.12940621777165387,nan
3782656.0,0.3193292231265358,0.17460451645356054,nan
3784704.0,0.33121515939776003,0.15062386712597223,nan
3786752.0,0.30373715616354025,0.15877923337913835,nan
3788800.0,0.3552474749571981,0.11611025677091275,nan
3790848.0,0.12312021882719926,0.27186424786485025,nan
3792896.0,0.1329144513902148,0.2326370477251434,nan
3794944.0,0.30904097247436746,0.15312709531609547,nan
3796992.0,0.2828915587358303,0.2176705518006794,nan
3799040.0,0.12379964729059617,0.26399884347806474,nan
3801088.0,0.21708328377905078,0.22727947944069152,nan
3803136.0,0.32511734095320144,0.13900007822998237,nan
3805184.0,0.27151089393869526,0.18138276182962787,nan
3807232.0,0.1633705275320558,0.26924108369138733,nan
3809280.0,0.223925036562417,0.24277298182046053,nan
3811328.0,0.2994507941110546,0.22039494353879982,nan
3813376.0,0.2527512025623421,0.18877585276670308,49.22681912681913
3815424.0,0.17316287562168187,0.228121397679423,nan
3817472.0,0.3726316094755926,0.07882953078312203,nan
3819520.0,0.3547671257489361,0.07168465820246532,nan
3821568.0,0.26474799975468355,0.23194519855015305,nan
3823616.0,0.3597130458469856,0.0509199477234025,nan
3825664.0,0.2979638702874487,0.15378786142012976,nan
3827712.0,0.32752495357818484,0.15529376758143149,nan
3829760.0,0.2847920371885433,0.1788255662265568,nan
3831808.0,0.1803922474423635,0.22332939142005157,nan
3833856.0,0.28836939245402243,0.16090113571393086,nan
3835904.0,0.25569842884624283,0.2168264098287956,nan
3837952.0,0.23456407867619514,0.21595571315330533,nan
3840000.0,0.31971676991056497,0.1602505492888119,nan
3842048.0,0.2981912445485733,0.1634324324738643,nan
3844096.0,0.2955571876656765,0.19485773719982344,nan
3846144.0,0.22805918354173657,0.21407896290455386,nan
3848192.0,0.23751066438533902,0.19229771421780087,nan
3850240.0,0.320977112873625,0.14549246241488348,nan
3852288.0,0.2882799816186892,0.17731278370385808,nan
3854336.0,0.30921273590566795,0.13756172059850577,nan
3856384.0,0.3027367446112089,0.16325785695670517,nan
3858432.0,0.23364263892965015,0.2469354697155056,nan
3860480.0,0.22115082376885242,0.2572773923786112,nan
3862528.0,0.31871758434775116,0.12027279382120452,nan
3864576.0,0.2881267833544522,0.21320449711261516,nan
3866624.0,0.2648280633539588,0.1908973348925136,nan
3868672.0,0.27104816101349816,0.17208480010822763,nan
3870720.0,0.32860430375439753,0.16484138870262055,nan
3872768.0,0.305582799792419,0.14689392434633325,nan
3874816.0,0.33869920103524176,0.12396153533807912,nan
3876864.0,0.3337260458857332,0.14773055476867142,nan
3878912.0,0.29207420814712914,0.18802781780108072,nan
3880960.0,0.35949673186486375,0.10664704455683595,nan
3883008.0,0.34557090943162383,0.14432405134128393,nan
3885056.0,0.2746400399694759,0.20058449840033152,nan
3887104.0,0.33818778589020926,0.14568758464174905,nan
3889152.0,0.31573160042082243,0.15793023073294668,nan
3891200.0,0.3540402296839006,0.05042139646064801,nan
3893248.0,0.3302146017848384,0.11630663826911612,nan
3895296.0,0.331271571120747,0.15793983198364153,nan
3897344.0,0.31005565424325876,0.18699794466028316,nan
3899392.0,0.11002028525394522,0.22754615886470392,nan
3901440.0,0.20402866956048024,0.2064066619888597,nan
3903488.0,0.1587786912638364,0.23184147202342004,nan
3905536.0,0.1634887209588976,0.1999538118965161,nan
3907584.0,0.22548730594027677,0.19120294975275615,nan
3909632.0,0.14189604146972823,0.2178684646680136,nan
3911680.0,0.20346052750989968,0.23089718105244053,nan
3913728.0,0.13347700964680398,0.2568768001268528,93.69022869022868
3915776.0,0.25264937406390364,0.18834731975008298,nan
3917824.0,0.32967611759323423,0.1563702673631637,nan
3919872.0,0.17383062717278946,0.22982521893937427,nan
3921920.0,0.18308592600484022,0.26673201309364586,nan
3923968.0,0.18420881937243783,0.24312654826047964,nan
3926016.0,0.16808917286851977,0.24715331121648346,nan
3928064.0,0.34475354861594615,0.13235320893029306,nan
3930112.0,0.2758927152599765,0.18699843514114514,nan
3932160.0,0.27009384543620707,0.16383321164030584,nan
3934208.0,0.1681580725206504,0.20187213909708074,nan
3936256.0,0.3096146521003442,0.15268437270022514,nan
3938304.0,0.24512741295960636,0.19516761698852464,nan
3940352.0,0.33936024530880715,0.12187207950518633,nan
3942400.0,0.16813216788993307,0.2244816749472325,nan
3944448.0,0.28882196121737214,0.17260634563076802,nan
3946496.0,0.33631978504171156,0.10975606515417086,nan
3948544.0,0.3310202402770325,0.15092273483578625,nan
3950592.0,0.2541215543289599,0.22777428177089637,nan
3952640.0,0.2875915624587766,0.19828751182856738,nan
3954688.0,0.12788652298895858,0.22111159700828556,nan
3956736.0,0.24470850633992508,0.21285133419520266,nan
3958784.0,0.20495190479972414,0.21280490761845897,nan
3960832.0,0.23637584659057748,0.21923516635827012,nan
3962880.0,0.35829247417363796,0.11902707280883577,nan
3964928.0,0.11149356593185515,0.27821609817425225,nan
3966976.0,0.24070695193163424,0.1965487006543017,nan
3969024.0,0.20143047708580022,0.19728615936592994,nan
3971072.0,0.2606049663815927,0.17085083470124637,nan
3973120.0,0.3330302260838608,0.10872009539348002,nan
3975168.0,0.26372636913834274,0.19312374238854674,nan
3977216.0,0.28605682227311413,0.18510294392927454,nan
3979264.0,0.3499349391338018,0.01898446215653074,nan
3981312.0,0.274168860641948,0.1807784685569772,nan
3983360.0,0.30702491506958407,0.14383441012531248,nan
3985408.0,0.13706058842916694,0.27233174695518797,nan
3987456.0,0.32726609179228416,0.11789774284491568,nan
3989504.0,0.3276070722791344,0.08655304017524242,nan
3991552.0,0.3459825255203116,0.07836674118615988,nan
3993600.0,0.3521254181468675,0.0812926323452901,nan
3995648.0,0.339461351348721,0.0734108460298052,nan
3997696.0,0.29783123530653816,0.15308279529995975,nan
3999744.0,0.331009594972917,0.10213621239165545,nan
4001792.0,0.12309391114387254,0.22403348363156614,nan
4003840.0,0.30381954284503054,0.13890367248863572,nan
4005888.0,0.1971573401620696,0.21246140715477643,nan
4007936.0,0.21188296440041626,0.22608253692244512,nan
4009984.0,0.278612453041328,0.1682971060816727,nan
4012032.0,0.3117023544797538,0.17238187770725974,nan
4014080.0,0.25667975006210353,0.21730206747389028,59.36590436590437
4016128.0,0.17855614080053028,0.2370130999355767,nan
4018176.0,0.2785083184928467,0.18308258920263354,nan
4020224.0,0.23704963719726252,0.23657534087283372,nan
4022272.0,0.0321177558860737,0.26114623799412007,nan
4024320.0,0.3024836830318972,0.1571162766074879,nan
4026368.0,0.1783472043603483,0.25752896618945437,nan
4028416.0,0.3325796711906772,0.10249944154256396,nan
4030464.0,0.06461008973446838,0.19141691354900242,nan
4032512.0,0.10598429110022312,0.19454520063766936,nan
4034560.0,0.1267727089005983,0.22195845155609378,nan
4036608.0,0.05809272297594881,0.2369852531275496,nan
4038656.0,0.15380282837928322,0.2388304406749802,nan
4040704.0,0.30753043745173425,0.13999008671040264,nan
4042752.0,0.32309103017802804,0.13637935727917005,nan
4044800.0,0.2851681490783746,0.16143897062025447,nan
4046848.0,0.3367347136704977,0.07789021703121046,nan
4048896.0,0.09661726235105517,0.27185320348751346,nan
4050944.0,0.3038605774289066,0.14320109639397097,nan
4052992.0,0.3109941090676208,0.13995624972089188,nan
4055040.0,0.2713847096952769,0.16476334885565044,nan
4057088.0,0.12750611524562616,0.22239049390829121,nan
4059136.0,0.13451293727763974,0.2676628101217572,nan
4061184.0,0.2522388360890918,0.1882388897718146,nan
4063232.0,0.26493892554760945,0.1795994560052429,nan
4065280.0,0.18315951125203417,0.20424367608357058,nan
4067328.0,0.2552200078325238,0.18384418575830352,nan
4069376.0,0.15629081810238085,0.21454036579190075,nan
4071424.0,0.29980061938911173,0.11849175519059355,nan
4073472.0,0.33956566821459877,0.10249465351987436,nan
4075520.0,0.2897617250317175,0.12515386528243813,nan
4077568.0,0.3157307095154944,0.0988553698598323,nan
4079616.0,0.1936475282076079,0.2295317540730246,nan
4081664.0,0.2934429209987858,0.17325977011608681,nan
4083712.0,0.18283899344079418,0.25797436624789405,nan
4085760.0,0.3429289051345143,0.09258418061502277,nan
4087808.0,0.15785851993454542,0.1967692847988672,nan
4089856.0,0.28037035942889765,0.1555178121292071,nan
4091904.0,0.2969045637544166,0.13743550010196365,nan
4093952.0,0.28968067873085046,0.18139934523475676,nan
4096000.0,0.32500816122053766,0.1125875639185398,nan
4098048.0,0.3108926328229454,0.16248889566610963,nan
4100096.0,0.3511596715256264,0.09276254729325453,nan
4102144.0,0.32746623534335084,0.10017836807488116,nan
4104192.0,0.07318631730412073,0.24219020705083003,nan
4106240.0,0.10878110068681804,0.24327724576053364,nan
4108288.0,0.28810229678046195,0.15891581734703616,nan
4110336.0,0.06686121952640746,0.21099699058485535,nan
4112384.0,0.10404685814532377,0.22648013619302404,nan
4114432.0,0.13774906413228577,0.2570906486296763,56.95426195426196
4116480.0,0.05965054211556135,0.24113340634475428,nan
4118528.0,0.23953959140484316,0.20721018829445867,nan
4120576.0,0.30391558254621576,0.1626118992733221,nan
4122624.0,0.22495819053124852,0.2081438358895605,nan
4124672.0,0.31892431455838843,0.13703983974550382,nan
4126720.0,0.31170303368352636,0.12978834183506854,nan
4128768.0,0.31781106359089323,0.10826450660976437,nan
4130816.0,0.3115175503193818,0.1519075867427805,nan
4132864.0,0.3300673251065137,0.046237386087031394,nan
4134912.0,0.22824911883366164,0.20030106672542228,nan
4136960.0,0.36035816099503404,0.025669663817134647,nan
4139008.0,0.1824785723176576,0.2729589737919938,nan
4141056.0,0.19331293000355682,0.2571843852207384,nan
4143104.0,0.14609356113802482,0.26324553856146393,nan
4145152.0,0.2749816512691489,0.20778963743766854,nan
4147200.0,0.19526957134747086,0.2615810162562813,nan
4149248.0,0.2886751636986609,0.16725314589396223,nan
4151296.0,0.24196272373632652,0.21888530081011176,nan
4153344.0,0.34586418235312255,0.058907362446047,nan
4155392.0,0.2717344772734256,0.2021641548100422,nan
4157440.0,0.3501064333938838,0.09898302260525359,nan
4159488.0,0.22864778414987955,0.23197918723537128,nan
4161536.0,0.276713585975047,0.1973151295513842,nan
4163584.0,0.2687300227777507,0.18449601483880854,nan
4165632.0,0.06379107150582755,0.2527173166691811,nan
4167680.0,0.2854840792519868,0.16565508342212446,nan
4169728.0,0.365127179565481,0.09772530938414292,nan
4171776.0,0.24048994401066592,0.20419905733250537,nan
4173824.0,0.35531765993395753,0.02413788762009669,nan
4175872.0,0.240768904569635,0.1688343091825269,nan
4177920.0,0.297726296910464,0.14685193718284156,nan
4179968.0,0.25181409219989825,0.21893409402676506,nan
4182016.0,0.057233216794502786,0.2575832678825606,nan
4184064.0,0.2486553116887204,0.23492545859789205,nan
4186112.0,0.29342870892066925,0.19075251817874272,nan
4188160.0,0.2993373356801847,0.17445796904399147,nan
4190208.0,0.10659677725026265,0.24520315720421995,nan
4192256.0,0.29094224899070975,0.17679230826149775,nan
4194304.0,0.045368052599000355,0.26148360807497484,nan
4196352.0,0.19226073055502935,0.2331333411491541,nan
4198400.0,0.15442341156165884,0.2645330566343519,nan
4200448.0,0.34713628173718847,0.12131823350989075,nan
4202496.0,0.15413439656761913,0.24241384028232194,nan
4204544.0,0.23861794777248024,0.19829233481609942,nan
4206592.0,0.3076205922029357,0.11467322452454509,nan
4208640.0,0.14878625315363403,0.2282838919484774,nan
4210688.0,0.24696079206623633,0.19820941835161185,nan
4212736.0,0.2089343836758563,0.2325571718312332,nan
4214784.0,0.1555290413185483,0.2122919298562693,61.26819126819127
4216832.0,0.25746795074001466,0.19353828545780735,nan
4218880.0,0.2963111158795991,0.16889884334823313,nan
4220928.0,0.24321859176327884,0.19397374649851082,nan
4222976.0,0.2282081506182595,0.22803414026571295,nan
4225024.0,0.32929008604639487,0.1392195076729267,nan
4227072.0,0.3179793570518711,0.16836495881192862,nan
4229120.0,0.2815122207048628,0.1453786398093882,nan
4231168.0,0.0742674295109895,0.17270942469845973,nan
4233216.0,0.24363715812576933,0.21594695239965514,nan
4235264.0,0.1923906616410247,0.23759797070600755,nan
4237312.0,0.3027951898047585,0.15688024108204504,nan
4239360.0,0.34977834588642237,0.12103907709167808,nan
4241408.0,0.2400051869199587,0.22246684711078682,nan
4243456.0,0.3418361279437215,0.15133112168034607,nan
4245504.0,0.21644135673716264,0.23450610777360803,nan
4247552.0,0.1676374186581971,0.2381339834811245,nan
4249600.0,0.28000684107660734,0.1643791119057892,nan
4251648.0,0.1327515149725185,0.2266806866699763,nan
4253696.0,0.22487792392117822,0.2332412554039275,nan
4255744.0,0.1824540946761315,0.22767059554533892,nan
4257792.0,0.2938157647413799,0.17357510206004,nan
4259840.0,0.30553445607062857,0.1984561761982365,nan
4261888.0,0.255147895989097,0.20487640805723914,nan
4263936.0,0.1475742880377134,0.20949796094661444,nan
4265984.0,0.22828235028400454,0.22678385914937443,nan
4268032.0,0.24161583142316795,0.22033553024179509,nan
4270080.0,0.29846256661304776,0.15806933930804828,nan
4272128.0,0.22690955111012073,0.20733387191148153,nan
4274176.0,0.31768292147291405,0.15699477561444722,nan
4276224.0,0.23340600091398156,0.18062318214220358,nan
4278272.0,0.21261537788446727,0.24301787089922885,nan
4280320.0,0.11140662758313938,0.2620766149695234,nan
4282368.0,0.17993222889033333,0.21534338901106584,nan
4284416.0,0.31844736604453605,0.16889037543654212,nan
4286464.0,0.2774317204152773,0.17381794480495966,nan
4288512.0,0.2991699258407612,0.18010185747220792,nan
4290560.0,0.1884247377221328,0.2408213804186561,nan
4292608.0,0.12207484238494744,0.2229906620532627,nan
4294656.0,0.356134190361856,0.100915520387352,nan
4296704.0,0.28156581242673157,0.17649991965622028,nan
4298752.0,0.2937751963821432,0.1722833809383802,nan
4300800.0,0.30430885832230314,0.16606524534708,nan
4302848.0,0.17338612573872617,0.21183863389965324,nan
4304896.0,0.21483288598275285,0.19473889453867765,nan
4306944.0,0.11266423479419996,0.2601619350265765,nan
4308992.0,0.33046941768889426,0.0758428401181846,nan
4311040.0,0.15679713348466678,0.22577158753471943,nan
4313088.0,0.13605919673775685,0.18656919504813632,nan
4315136.0,0.09709462000601386,0.20863645983538873,65.38081582909169
4317184.0,0.2550093736436112,0.16267269496070685,nan
4319232.0,0.3332717099282194,0.1237103681414999,nan
4321280.0,0.2825208720905048,0.16850678197925603,nan
4323328.0,0.2932319781399797,0.17229108948823946,nan
4325376.0,0.3425765582237003,0.113526982008545,nan
4327424.0,0.26774862461841564,0.15979387533601236,nan
4329472.0,0.2587396482081064,0.21885147147106834,nan
4331520.0,0.3043461834925744,0.182799818728266,nan
4333568.0,0.2775672518692899,0.18129034452013543,nan
4335616.0,0.2710468572988908,0.18383630602495094,nan
4337664.0,0.3431388010138461,0.1290752349632047,nan
4339712.0,0.3184557760131725,0.15677067045653773,nan
4341760.0,0.2939092585276699,0.18402254621181627,nan
4343808.0,0.14127399924497638,0.233539041192925,nan
4345856.0,0.21026152493050615,0.21598131273488191,nan
4347904.0,0.3384083534082636,0.09503834726430124,nan
4349952.0,0.29510680713108095,0.18078272520765248,nan
4352000.0,0.27962668262326207,0.1724177621528735,nan
4354048.0,0.10727029663953029,0.2262298191342115,nan
4356096.0,0.2994662666962161,0.16758300052859065,nan
4358144.0,0.34174012272275256,0.08312893726178054,nan
4360192.0,0.3617556199821782,0.0621431444097407,nan
4362240.0,0.2587049818212095,0.1640510335890687,nan
4364288.0,0.289736015020296,0.17712118545473102,nan
4366336.0,0.2810157557228696,0.15938114898850939,nan
4368384.0,0.22907057158484304,0.20391208505460068,nan
4370432.0,0.3356520372861478,0.10010423201498199,nan
4372480.0,0.24868907190433104,0.20046633992490417,nan
4374528.0,0.1777956514670495,0.16818234954602307,nan
4376576.0,0.21415960333927414,0.20739243627583817,nan
4378624.0,0.25199268368057604,0.19203102903704167,nan
4380672.0,0.16550598488977333,0.24130761869039855,nan
4382720.0,0.2641169604010926,0.2024864280584718,nan
4384768.0,0.3516737218238065,0.02664365309069939,nan
4386816.0,0.16177578872876078,0.23102230256682113,nan
4388864.0,0.2008254766268048,0.22141442326324173,nan
4390912.0,0.20830055792462518,0.243395235577667,nan
4392960.0,0.2304538844689111,0.23996760930776406,nan
4395008.0,0.3447620794009552,0.12213693781742734,nan
4397056.0,0.16403383991814544,0.2415187537530984,nan
4399104.0,0.1604668343832787,0.21240730545811867,nan
4401152.0,0.2938581952359555,0.16638676074375036,nan
4403200.0,0.35824270015053894,0.024001434712474738,nan
4405248.0,0.32261909515879617,0.09697919204451358,nan
4407296.0,0.027800712754222044,0.17865326553863325,nan
4409344.0,0.151544925832704,0.2120524063165797,nan
4411392.0,0.20519697652525243,0.20908599991900553,nan
4413440.0,0.11146714968671556,0.19676482266409775,nan
4415488.0,0.18365174181677718,0.22133392258616608,76.8087318087318
4417536.0,0.3129274614102917,0.11954476620087065,nan
4419584.0,0.32358631842492525,0.11393125502377824,nan
4421632.0,0.20638765174709403,0.21904966123028044,nan
4423680.0,0.17858900389635593,0.2413509463924385,nan
4425728.0,0.3258853100180763,0.03134787961643469,nan
4427776.0,0.28132710517684706,0.17843091223117075,nan
4429824.0,0.13410336192769523,0.2423817548410898,nan
4431872.0,0.3369332132011747,0.021255614163419062,nan
4433920.0,0.31252702972399893,0.1224187969064208,nan
4435968.0,0.2747292638983288,0.19349331861147565,nan
4438016.0,0.3068421555753892,0.13509235899742536,nan
4440064.0,0.16727343983508175,0.23862992747450726,nan
4442112.0,0.16083437944996468,0.20875152680133743,nan
4444160.0,0.18535524426393074,0.24039975420321447,nan
4446208.0,0.2963317952589457,0.1406407728738357,nan
4448256.0,0.3078058017613582,0.11353916771937445,nan
4450304.0,0.29701755260322726,0.13804302830205992,nan
4452352.0,0.18003026461249472,0.22940233869795634,nan
4454400.0,0.32570554561690795,0.0970958180912372,nan
4456448.0,0.23421801892427827,0.21791264474844324,nan
4458496.0,0.3475432845929231,0.06583325872188248,nan
4460544.0,0.331910351173317,0.09060846104600674,nan
4462592.0,0.14881376830896123,0.2473681221897903,nan
4464640.0,0.3260335561355717,0.09794625298934179,nan
4466688.0,0.15670877715124787,0.2016461678537781,nan
4468736.0,0.30758380521059225,0.13120336213915537,nan
4470784.0,0.18231831939360765,0.23952050639842004,nan
4472832.0,0.2861109271106554,0.14669044558813896,nan
4474880.0,0.24517724648592357,0.20903528389659629,nan
4476928.0,0.34228898544143116,0.11626498363161589,nan
4478976.0,0.22102038993419573,0.2165044928371029,nan
4481024.0,0.2468524965427264,0.2214293148448789,nan
4483072.0,0.33118531319521755,0.10419038932709768,nan
4485120.0,0.10132044256310876,0.18533157953791252,nan
4487168.0,0.27822606095908176,0.1494602281932234,nan
4489216.0,0.11435658816551514,0.20094141158634873,nan
4491264.0,0.1403755404911975,0.21196936251014886,nan
4493312.0,0.16526551584159246,0.21915275903564155,nan
4495360.0,0.2760242351036455,0.163465860728004,nan
4497408.0,0.28416270434716423,0.1569665376001864,nan
4499456.0,0.3340154464796822,0.13073843932135953,nan
4501504.0,0.1894901279238222,0.21402157781113307,nan
4503552.0,0.20882613323325422,0.21808247320946572,nan
4505600.0,0.30658867138794266,0.11799570389485034,nan
4507648.0,0.23110532997341518,0.22595236640962937,nan
4509696.0,0.338816723358805,0.12195678100995631,nan
4511744.0,0.24606922540629012,0.2253513429046653,nan
4513792.0,0.3431039449429191,0.1236570345434069,nan
4515840.0,0.29746609499647886,0.1243284628526613,87.6923076923077
4517888.0,0.25394797427493293,0.2257182339796337,nan
4519936.0,0.3246591333127696,0.1542398146212704,nan
4521984.0,0.2698846344108784,0.15539406746345513,nan
4524032.0,0.07932959770540443,0.25408886169320377,nan
4526080.0,0.26685085182004226,0.19589496371019463,nan
4528128.0,0.2558125024894353,0.21773544963714478,nan
4530176.0,0.1941244928905833,0.2555637043954754,nan
4532224.0,0.20946453151668099,0.20961388396139255,nan
4534272.0,0.25935937123784547,0.17410295342519247,nan
4536320.0,0.20321485036817338,0.2451236681521044,nan
4538368.0,0.28107930564844463,0.19586356242874828,nan
4540416.0,0.35414399090246856,0.016689574339684866,nan
4542464.0,0.31181787681744094,0.1816552518904231,nan
4544512.0,0.21037462704161194,0.23978594452093213,nan
4546560.0,0.2075299966999819,0.23983206531061466,nan
4548608.0,0.29441614915576453,0.16785822758683683,nan
4550656.0,0.17462249460098694,0.19652671341621353,nan
4552704.0,0.33136633207095745,0.11078833372000386,nan
4554752.0,0.3038954856857089,0.1600054550155595,nan
4556800.0,0.33779582573091904,0.12819457010967572,nan
4558848.0,0.15616994406529044,0.23199292462679832,nan
4560896.0,0.1088421880596176,0.23048968195419722,nan
4562944.0,0.2573420155501509,0.19319400458208302,nan
4564992.0,0.16502984625965378,0.23718425537290883,nan
4567040.0,0.2554154842019555,0.19396783665692446,nan
4569088.0,0.34194384766474517,0.06814288764258294,nan
4571136.0,0.2536232900586806,0.1969642397976779,nan
4573184.0,0.2502920399683634,0.19008639063744617,nan
4575232.0,0.1208364417322643,0.2639951673707504,nan
4577280.0,0.360519593697739,0.08246334499921987,nan
4579328.0,0.2592812632311046,0.20110674949652813,nan
4581376.0,0.3419251700895163,0.11482440354890204,nan
4583424.0,0.34104866890467966,0.10686222632378187,nan
4585472.0,0.25708884733976717,0.20868246388705086,nan
4587520.0,0.23362101002712432,0.20468565011898604,nan
4589568.0,0.2997578684104261,0.1782062852942344,nan
4591616.0,0.35724986294987354,0.0601746010994189,nan
4593664.0,0.30660720324552954,0.15419824674882482,nan
4595712.0,0.33407627704006726,0.12806695844416438,nan
4597760.0,0.36668398279075687,0.08672987193004592,nan
4599808.0,0.2814062896777816,0.19683975395622424,nan
4601856.0,0.23569934588328229,0.2552210725299342,nan
4603904.0,0.29455455377050643,0.17787846265367488,nan
4605952.0,0.3517798628633301,0.0810940665777175,nan
4608000.0,0.32780088088371295,0.1462167889357364,nan
4610048.0,0.3430070704654493,0.09271194166455383,nan
4612096.0,0.2891451869967864,0.161679270952982,nan
4614144.0,0.34364765674713116,0.0998608981194399,nan
4616192.0,0.27039897636292415,0.203154741617387,80.42619542619543
4618240.0,0.25758057796220607,0.19246265785545502,nan
4620288.0,0.3212731614614399,0.1282822134790658,nan
4622336.0,0.3528443318492277,0.09706777401506372,nan
4624384.0,0.3179898605093656,0.1562253269845902,nan
4626432.0,0.34498514199379593,0.10109426831634014,nan
4628480.0,0.3510521628568267,0.11289482001342345,nan
4630528.0,0.22714969571051813,0.19929797515282432,nan
4632576.0,0.3319990674382911,0.09470170115749839,nan
4634624.0,0.2818520356015105,0.16089096513149775,nan
4636672.0,0.35369997376423223,0.08351954536976787,nan
4638720.0,0.3105735621468857,0.12552093418576074,nan
4640768.0,0.26512307904139215,0.16638193896116943,nan
4642816.0,0.3425319981645325,0.09965173826827937,nan
4644864.0,0.3530772703844755,0.03884867229935606,nan
4646912.0,0.1818518579116251,0.24800835408133043,nan
4648960.0,0.3781680407140805,0.05222657538552994,nan
4651008.0,0.3059252550145748,0.12080291167576201,nan
4653056.0,0.3459207668734341,0.08503414202458755,nan
4655104.0,0.3068166737439778,0.13609357722893312,nan
4657152.0,0.3371120691835253,0.07143332768721997,nan
4659200.0,0.26843362476781063,0.17899899077644046,nan
4661248.0,0.35057877087385514,0.08136149034018614,nan
4663296.0,0.35447523791205693,0.0987276167881235,nan
4665344.0,0.34945079698006304,0.10249500345321085,nan
4667392.0,0.33161716006491415,0.12767534918346948,nan
4669440.0,0.36864589489411403,0.08019071389783268,nan
4671488.0,0.3655097664075953,0.08007881406062305,nan
4673536.0,0.2960654216993796,0.16141539674092112,nan
4675584.0,0.3306495234030097,0.11489139259065745,nan
4677632.0,0.32412362509257087,0.08528281894644742,nan
4679680.0,0.3199610863692134,0.14694371775322795,nan
4681728.0,0.178905108170024,0.24202854566577625,nan
4683776.0,0.1903716094358333,0.22310915638399578,nan
4685824.0,0.3211648942676457,0.10882972169691943,nan
4687872.0,0.26493787276811254,0.18077919718844057,nan
4689920.0,0.3261454713048589,0.10818146307465593,nan
4691968.0,0.25764293422342827,0.1876098251724923,nan
4694016.0,0.3119542094869997,0.14819563790616908,nan
4696064.0,0.23147476664220007,0.22666882279714481,nan
4698112.0,0.3194854073814518,0.1252165947039584,nan
4700160.0,0.15142406318169033,0.25025872764084145,nan
4702208.0,0.08837870330798998,0.22672936704059052,nan
4704256.0,0.22865314793837926,0.1736420783035381,nan
4706304.0,0.2756933518772833,0.17677097697401328,nan
4708352.0,0.3188928375968515,0.08650166712778427,nan
4710400.0,0.20626812305946404,0.19406097942941777,nan
4712448.0,0.24792801463484931,0.15892267286581901,nan
4714496.0,0.28669357496498415,0.13961034172606263,nan
4716544.0,0.19799844422963003,0.19213496065981853,41.08108108108108
4718592.0,0.22377330037045873,0.19091214844583343,nan
4720640.0,0.25241557628106737,0.178293548613011,nan
4722688.0,0.30671780157122397,0.1287587353044455,nan
4724736.0,0.32379568508296375,0.0950228843075787,nan
4726784.0,0.32752763808078533,0.1115068873561791,nan
4728832.0,0.2733393461788124,0.21855973379365615,nan
4730880.0,0.35022263882784876,0.11481636232483786,nan
4732928.0,0.35388834068292163,0.09344139790023441,nan
4734976.0,0.3495591079193979,0.07231010863397559,nan
4737024.0,0.22909645574497806,0.17758600942385616,nan
4739072.0,0.1514559929148398,0.23879651644954658,nan
4741120.0,0.3201466991905878,0.1489225314829529,nan
4743168.0,0.3212214424614601,0.13575546556249307,nan
4745216.0,0.18865174971477516,0.2614019238462335,nan
4747264.0,0.27462281598151966,0.16503380800289236,nan
4749312.0,0.34363528690112766,0.1141882564217091,nan
4751360.0,0.3304568506879939,0.1309426803420074,nan
4753408.0,0.31548885309428204,0.12579718818524316,nan
4755456.0,0.2993128299367598,0.16765610308995066,nan
4757504.0,0.31391040417232957,0.136074378651902,nan
4759552.0,0.33323743643679443,0.07021471732036172,nan
4761600.0,0.2950944393233569,0.17060079496069375,nan
4763648.0,0.13831447324927615,0.2505809595688845,nan
4765696.0,0.322151794048815,0.10104353774590984,nan
4767744.0,0.2431134902171947,0.20919723167681503,nan
4769792.0,0.3324936065331782,0.11032238693133253,nan
4771840.0,0.33859565448740025,0.13201247644147568,nan
4773888.0,0.32255209521962963,0.18030899749534388,nan
4775936.0,0.32556461688847094,0.13337595153518864,nan
4777984.0,0.3403001125521447,0.1268222005629968,nan
4780032.0,0.27607554443348176,0.20372967868510614,nan
4782080.0,0.2163714982205392,0.24000367767701042,nan
4784128.0,0.2918600747809693,0.20283118886530357,nan
4786176.0,0.2919012586691021,0.14475984813054957,nan
4788224.0,0.2391613538003015,0.21492518767189828,nan
4790272.0,0.310584513237037,0.15887248593364342,nan
4792320.0,0.2770711326155714,0.17292965722854853,nan
4794368.0,0.28441979720365146,0.19182517056498688,nan
4796416.0,0.34434307531296526,0.02881369476489128,nan
4798464.0,0.32723105587247253,0.09127652171138119,nan
4800512.0,0.3488939180001188,0.04985994245552012,nan
4802560.0,0.20026077879711632,0.22975230150390288,nan
4804608.0,0.23780871701171452,0.1772412611731256,nan
4806656.0,0.27691123577089083,0.18120883926869247,nan
4808704.0,0.2347492374077679,0.20945460354809456,nan
4810752.0,0.3263140337919832,0.1448563910906071,nan
4812800.0,0.21414553364717798,0.2188061453537274,nan
4814848.0,0.34035619730564964,0.09802183628400073,nan
4816896.0,0.22137681129085074,0.2034574263583473,84.61538461538461
4818944.0,0.29987780911884726,0.16545370767401216,nan
4820992.0,0.26944302689100086,0.17177154414792212,nan
4823040.0,0.33186065012176,0.11454569112754895,nan
4825088.0,0.23816888348184198,0.24539984764874773,nan
4827136.0,0.22870381440487603,0.24181499406568635,nan
4829184.0,0.2625268687691049,0.22353023107884817,nan
4831232.0,0.1887214519061227,0.2469280190305023,nan
4833280.0,0.3007372771800335,0.1733182677108229,nan
4835328.0,0.11032098226862654,0.2283496296905458,nan
4837376.0,0.1597639484497136,0.23568624382264805,nan
4839424.0,0.18945760154865438,0.21235642392061307,nan
4841472.0,0.21879070044019766,0.21339352748421492,nan
4843520.0,0.10925292038803462,0.22942154607150606,nan
4845568.0,0.07702011086112572,0.22197070025785975,nan
4847616.0,0.18552766501718482,0.21288951262633163,nan
4849664.0,0.17512115533476574,0.2309545652420643,nan
4851712.0,0.15540809207930684,0.23943219193286022,nan
4853760.0,0.1694157385294829,0.2083275066107094,nan
4855808.0,0.24146912116636213,0.17994001789177666,nan
4857856.0,0.13277078819720145,0.21956064224527702,nan
4859904.0,0.15985903850763997,0.20261379514309452,nan
4861952.0,0.2771674161286432,0.18339743563242572,nan
4864000.0,0.29611474631871904,0.14449172431793794,nan
4866048.0,0.33010667162896046,0.14292373867538172,nan
4868096.0,0.34674594119120267,0.0935087218271564,nan
4870144.0,0.30916744987412537,0.14015374385947577,nan
4872192.0,0.253431899138489,0.21260166222922436,nan
4874240.0,0.261618003592169,0.2006248857594094,nan
4876288.0,0.26900047118278236,0.17990081833484606,nan
4878336.0,0.2869335929023257,0.18386583827539008,nan
4880384.0,0.23126546438296028,0.23465721958835192,nan
4882432.0,0.3361693011948692,0.11092983654216687,nan
4884480.0,0.2957776783585826,0.16818259594163196,nan
4886528.0,0.3189194064648738,0.13200460770420058,nan
4888576.0,0.3022551756423879,0.1691494266135612,nan
4890624.0,0.250873977368542,0.2091174600705524,nan
4892672.0,0.24279238612922055,0.19632228290300818,nan
4894720.0,0.1912234434727892,0.23354804697136816,nan
4896768.0,0.2224916583355336,0.2059986517924686,nan
4898816.0,0.21539706783603574,0.2099749828095165,nan
4900864.0,0.2972824122258251,0.16536941394156313,nan
4902912.0,0.2618180042843935,0.1929276981878127,nan
4904960.0,0.20008735891499357,0.22090046991318207,nan
4907008.0,0.30733028717472766,0.13877281199367816,nan
4909056.0,0.3607783229637573,0.044068570011247546,nan
4911104.0,0.1305142134778401,0.24137625231356424,nan
4913152.0,0.1927986841694768,0.2355978506779527,nan
4915200.0,0.31350005423824384,0.15012524557021378,nan
4917248.0,0.3200637557944984,0.14454450925129755,88.25363825363826
4919296.0,0.25334705605474594,0.18803718150982923,nan
4921344.0,0.3437410749610468,0.045127377334034144,nan
4923392.0,0.3362875565452383,0.10320460061883946,nan
4925440.0,0.3528640555491427,0.022072741307900167,nan
4927488.0,0.29282707608431163,0.1487347075005904,nan
4929536.0,0.14990365615765844,0.25125596711825043,nan
4931584.0,0.26840364931160643,0.2135272050864218,nan
4933632.0,0.3076813588496427,0.17402992519695748,nan
4935680.0,0.36215417421774254,0.0818046588372823,nan
4937728.0,0.3340064209135985,0.12679851506021786,nan
4939776.0,0.3466230765398159,0.07585679351239875,nan
4941824.0,0.3517675294645791,0.11521753377988751,nan
4943872.0,0.33601239756502277,0.10170533281202145,nan
4945920.0,0.27317625403169926,0.1669226950829246,nan
4947968.0,0.3449968996299655,0.02123769286492922,nan
4950016.0,0.3148176757689813,0.09567391733346366,nan
4952064.0,0.26249742578335694,0.18707812667320728,nan
4954112.0,0.3399689343842178,0.08861012514778516,nan
4956160.0,0.34425023525294773,0.10709798356502322,nan
4958208.0,0.2725986007476018,0.18062083407985025,nan
4960256.0,0.31509192173176737,0.15191293386160742,nan
4962304.0,0.33963665439509017,0.05896306327194464,nan
4964352.0,0.1704888942063233,0.2592245318658508,nan
4966400.0,0.20171506735406095,0.23808891469799057,nan
4968448.0,0.3622032498531938,0.0693931397385908,nan
4970496.0,0.2525198403839195,0.17734200734829128,nan
4972544.0,0.22691174062038094,0.22992192271030207,nan
4974592.0,0.2966290858099818,0.1692546143611359,nan
4976640.0,0.32917220122387625,0.06818973522615847,nan
4978688.0,0.3463094973142486,0.060676539324740646,nan
4980736.0,0.21400787357173406,0.22348142986992733,nan
4982784.0,0.2016034931639032,0.22763375979616463,nan
4984832.0,0.31102163717935827,0.1022307228514614,nan
4986880.0,0.2795263268559531,0.16675186449106222,nan
4988928.0,0.22428409772278962,0.22251221338999397,nan
4990976.0,0.29789717720412645,0.15128035481157534,nan
4993024.0,0.28513078397821723,0.173339576779796,nan
4995072.0,0.3539009613130949,0.07857984253411006,nan
4997120.0,0.25329538961666814,0.1899867992508236,nan
4999168.0,0.258145496864612,0.2033511818730022,nan
5000000.0,0.17722707549653077,0.2634941936053349,85.13513513513513
