step,rollout_reward_mean,rollout_reward_std,eval_dcr_mean
2048.0,0.12205716490466162,0.23883902948354696,nan
4096.0,0.20317409882076615,0.23493977193642568,nan
6144.0,0.12445195445149775,0.2383204558002848,nan
8192.0,0.12028883660720802,0.2649372309705728,nan
10240.0,0.19537106551461852,0.2325476740625776,nan
12288.0,0.06628292160810441,0.24299577785626908,nan
14336.0,0.15712445115240586,0.26203200170248253,nan
16384.0,0.07721413663541031,0.21963581605354893,nan
18432.0,0.06299290776444365,0.21800796958503743,nan
20480.0,0.05903216884926582,0.21386793415282981,nan
22528.0,0.14627695364857157,0.2448165164693655,nan
24576.0,0.07463611013509476,0.2561483278013021,nan
26624.0,0.08992990989408708,0.2548568731752095,nan
28672.0,0.08206525096906125,0.24593985406892507,nan
30720.0,0.22920454258710843,0.20787280850842849,nan
32768.0,0.08403649800518892,0.2278262235359393,nan
34816.0,0.19347476967383168,0.23584949030698135,nan
36864.0,0.09216289738792205,0.25304499315705314,nan
38912.0,0.018521164718992608,0.20839454755351472,nan
40960.0,0.038116542155746745,0.18113314673303782,nan
43008.0,0.1191215749856168,0.22243538146305658,nan
45056.0,0.12888200382767018,0.24849725228286268,nan
47104.0,0.10852645141256084,0.2193646657384331,nan
49152.0,0.1553827624863438,0.24710648451469838,nan
51200.0,0.17355377437470415,0.234856126217308,nan
53248.0,0.09296940177337865,0.23895783876167304,nan
55296.0,-0.00450458703001402,0.21029095878836893,nan
57344.0,0.22992802032617907,0.22834266480750556,nan
59392.0,0.1305870272366248,0.23754282646419947,nan
61440.0,0.06979651717821517,0.24487970625784225,nan
63488.0,0.018247843133546795,0.21406546820438838,nan
65536.0,0.073932008800217,0.19259498555918939,nan
67584.0,0.20756022399608828,0.22146560592896922,nan
69632.0,0.14644470985450556,0.2417783863729757,nan
71680.0,0.1536121171038024,0.22516238279955714,nan
73728.0,0.12443427986540607,0.22424775090019464,nan
75776.0,0.0536138038973545,0.22131447890298156,nan
77824.0,0.12067217252395905,0.2387104176055513,nan
79872.0,0.11546709145205157,0.23204442778957546,nan
81920.0,0.01626097872611285,0.22670831825147317,nan
83968.0,0.10276164191017739,0.24292166496651726,nan
86016.0,0.18294293250580151,0.25160342729887997,nan
88064.0,0.08598113759969425,0.23844189866370605,nan
90112.0,0.17126955651704923,0.24068028947692602,nan
92160.0,0.10124697346434186,0.24001315093401673,nan
94208.0,0.18519388324010716,0.23647033435197387,nan
96256.0,0.137411875199559,0.23878659137094727,nan
98304.0,0.12800449333755531,0.24772097395992568,nan
100352.0,0.18737148533218317,0.21194212380151986,54.07484407484408
102400.0,0.28684377532903227,0.17606926365828118,nan
104448.0,0.1457264783080549,0.2415312943889248,nan
106496.0,0.10674976176136408,0.23195880187306758,nan
108544.0,0.1374690942164558,0.25808214193789913,nan
110592.0,0.09473222883509748,0.22184332874984225,nan
112640.0,0.0885166841380815,0.2386396113026886,nan
114688.0,0.10566407976828768,0.2382544294050049,nan
116736.0,0.0024312838608369185,0.21814657742889956,nan
118784.0,0.019404189079802847,0.19074727690379795,nan
120832.0,0.03921805248912741,0.2001175026884176,nan
122880.0,0.11345715151941413,0.24598169997756664,nan
124928.0,0.14814476550114597,0.2245143713163195,nan
126976.0,0.046222244872456617,0.22482567471151393,nan
129024.0,0.13461098371299354,0.23998569398598033,nan
131072.0,0.08797275172495206,0.243174396786359,nan
133120.0,0.06562749858372785,0.22189066518402237,nan
135168.0,0.009474448711280267,0.20529062395499476,nan
137216.0,0.11861855182984934,0.2549623617180758,nan
139264.0,0.15580121363097998,0.22127234993338324,nan
141312.0,0.15645915057554954,0.24732221602476046,nan
143360.0,0.11300499706835937,0.22883177229551588,nan
145408.0,0.3094245162751258,0.14103169628369736,nan
147456.0,0.15611808888103673,0.22991687755192344,nan
149504.0,0.13523263446261702,0.19985747266780085,nan
151552.0,0.18005927634429914,0.2427015959206476,nan
153600.0,0.07886176860132088,0.2059539392893711,nan
155648.0,0.027881907777691214,0.22947145881480854,nan
157696.0,0.07990145277749128,0.2439629570155381,nan
159744.0,0.139222467003993,0.2506963995946513,nan
161792.0,0.027718763520553535,0.1907012822106208,nan
163840.0,0.08744441397335054,0.19911530444883024,nan
165888.0,0.06331763218795523,0.23695377003860005,nan
167936.0,0.011114579452511405,0.215367139297665,nan
169984.0,0.07921383186098196,0.22308942723713437,nan
172032.0,0.055325023015332604,0.22071975069083136,nan
174080.0,0.06321409127963473,0.23230969923780329,nan
176128.0,0.06226361038773215,0.20813565929950498,nan
178176.0,0.025865782524794823,0.2152055972349627,nan
180224.0,0.13284266646940873,0.20308330046345363,nan
182272.0,0.0574491288962711,0.20677937988472428,nan
184320.0,0.039927758156038044,0.1952641754171332,nan
186368.0,0.07174690224060046,0.23754539507259806,nan
188416.0,0.08943351159015397,0.24194750871612072,nan
190464.0,0.05855505198564387,0.24112573873254883,nan
192512.0,0.06977741777457494,0.19748482966903574,nan
194560.0,0.09572399636858116,0.21064009496657043,nan
196608.0,0.059333345095451503,0.23301707602257477,nan
198656.0,0.014239235970016036,0.19268557606596062,nan
200704.0,0.09180585422356197,0.24960864859097154,32.2972972972973
202752.0,0.06334605522906961,0.22705704765127188,nan
204800.0,0.05731202447698679,0.2171090021249292,nan
206848.0,0.07517827058573495,0.23289963060621238,nan
208896.0,0.05874830452243108,0.22905328331384528,nan
210944.0,0.09091508627530005,0.2371210486785394,nan
212992.0,0.029600890481495647,0.19469364513448562,nan
215040.0,0.10367788458303911,0.22815368931512123,nan
217088.0,0.14434596919761022,0.21810535126188793,nan
219136.0,0.04474745504210112,0.17354708209643746,nan
221184.0,0.150090261633554,0.23701221551940002,nan
223232.0,-0.003634647654798394,0.19503642425320009,nan
225280.0,0.006678650452198977,0.2028645857422541,nan
227328.0,0.055722588969452584,0.23680094967710674,nan
229376.0,0.018038450183203988,0.21759822228131753,nan
231424.0,0.07239995607851868,0.23231428773495325,nan
233472.0,0.08100387629536115,0.21525571169157118,nan
235520.0,0.07620376104053883,0.23858763777476735,nan
237568.0,0.020374276505123863,0.2067128957606724,nan
239616.0,0.07874950247144887,0.22973225108585288,nan
241664.0,0.0825428112220889,0.22404760529555878,nan
243712.0,0.08501145274479521,0.22422537262766878,nan
245760.0,0.13659434428878506,0.24722712556600843,nan
247808.0,0.08907510976053518,0.228698099616556,nan
249856.0,0.07955529606121287,0.20563727608517046,nan
251904.0,0.0286347377865075,0.22325864685708813,nan
253952.0,0.08704679946160379,0.21080382545770426,nan
256000.0,0.05354312810995635,0.2361128756131387,nan
258048.0,0.0559862682411826,0.2043664875029477,nan
260096.0,0.07172984053876146,0.22928165925757749,nan
262144.0,0.1135986190868469,0.2335094816658373,nan
264192.0,-0.0014818726894822234,0.16436059137701475,nan
266240.0,0.05234975593068739,0.21846886277354938,nan
268288.0,0.041638306656337346,0.1807432913721102,nan
270336.0,0.023149365347166932,0.19190445281446314,nan
272384.0,0.04923892601710945,0.2019777113790046,nan
274432.0,0.08541554304936472,0.21391787527708098,nan
276480.0,0.037965908515079846,0.2241663756944451,nan
278528.0,0.05802152079465222,0.21587944713538565,nan
280576.0,0.04374028326680594,0.20253306388746534,nan
282624.0,0.11315092801069088,0.2337296387476914,nan
284672.0,0.10549415480452037,0.18967313789904977,nan
286720.0,0.032619885170918905,0.20396083509924604,nan
288768.0,0.09235954740591479,0.22163612070413036,nan
290816.0,0.077964620757818,0.2432485821808018,nan
292864.0,0.05688310994152006,0.217632919189207,nan
294912.0,0.12185552518756462,0.21552017712293514,nan
296960.0,0.05309071546678285,0.2247555075075628,nan
299008.0,0.05957340567463328,0.24562176751277534,nan
301056.0,0.1339994182490297,0.22845836392772037,34.42827442827443
303104.0,0.09031912555258977,0.20877915457224253,nan
305152.0,0.0057322649481926745,0.20003970210537197,nan
307200.0,0.062182044396178186,0.2079449269068686,nan
309248.0,0.11579536654822699,0.23529686106726108,nan
311296.0,0.00035965272478058214,0.15168775797096604,nan
313344.0,0.07748143992316653,0.22299433425180282,nan
315392.0,0.09923275068357695,0.22184796869895704,nan
317440.0,0.0454379942715554,0.2278618387012227,nan
319488.0,0.11907691333087042,0.23247213439999134,nan
321536.0,0.07040758081893245,0.20953162513862578,nan
323584.0,0.09575367706466033,0.24917756546064318,nan
325632.0,0.0428653195943972,0.18862931707389047,nan
327680.0,0.06206197385465419,0.15116846101946058,nan
329728.0,0.10671473385710127,0.22012914123403232,nan
331776.0,0.028392378907643363,0.17309076734595244,nan
333824.0,0.05884453455298044,0.20360902816042378,nan
335872.0,0.137540324800482,0.21898714158019886,nan
337920.0,0.030266182315163648,0.1985407962930647,nan
339968.0,0.06786506197731301,0.22253565402942144,nan
342016.0,-0.018301175927701335,0.1605071781325977,nan
344064.0,0.14805385400002952,0.23026096457436118,nan
346112.0,0.09651253773692495,0.2068672991049681,nan
348160.0,0.11568510647345374,0.22606951819450094,nan
350208.0,0.14523897144421644,0.22598039607874132,nan
352256.0,0.07592405197479671,0.22562922397409585,nan
354304.0,0.051469775373640454,0.19601523312908783,nan
356352.0,0.08792352233980297,0.2187314356770013,nan
358400.0,0.07984902552055495,0.205896328522445,nan
360448.0,0.04936912317666184,0.19378111061310466,nan
362496.0,0.10516675589589977,0.2371000031474689,nan
364544.0,0.10448601236466762,0.22720013107195347,nan
366592.0,0.055029216121113264,0.20702857955482182,nan
368640.0,0.02533566271542572,0.1997115970198004,nan
370688.0,0.1194075659916882,0.1869974107935764,nan
372736.0,0.046448285085159496,0.22741563530581504,nan
374784.0,0.11101973850224506,0.2464555496116897,nan
376832.0,0.09694942287242549,0.1881857079860421,nan
378880.0,0.07426488853075741,0.24449605524263626,nan
380928.0,0.07807766257235915,0.24076306479876122,nan
382976.0,0.06766173412720602,0.2224448009509912,nan
385024.0,0.014869248802138503,0.19917345147848065,nan
387072.0,0.1646987249139794,0.2315000871121345,nan
389120.0,0.09444150979558709,0.2159059193274155,nan
391168.0,0.14187515269052142,0.2270286388295174,nan
393216.0,0.10744691983052729,0.23448335674547616,nan
395264.0,0.13336348657967226,0.23926205131635944,nan
397312.0,0.13982823873643946,0.2375362576724464,nan
399360.0,0.0762101940045516,0.1954120953535748,nan
401408.0,0.1117393718214292,0.2370040032865488,33.51351351351351
403456.0,0.038534950621694555,0.1788269811798413,nan
405504.0,0.053428704162900964,0.18144286581084848,nan
407552.0,0.038328623673079945,0.19891353022086136,nan
409600.0,0.06387810214225595,0.19930144837266897,nan
411648.0,0.08999084871364156,0.22088865368100735,nan
413696.0,0.12141409453537046,0.20774750949056664,nan
415744.0,0.00027033065433452845,0.1268484366862932,nan
417792.0,0.07912633952850659,0.22755742917733993,nan
419840.0,0.11641535846781922,0.22477117385085424,nan
421888.0,0.10045528385204788,0.1872813150122964,nan
423936.0,0.17777659362915266,0.23776944303346464,nan
425984.0,0.05904316202957247,0.19348723801043247,nan
428032.0,0.07506401603425909,0.2133985027744106,nan
430080.0,0.11158496483322697,0.2445334691225898,nan
432128.0,0.07117632236036711,0.21983336038764684,nan
434176.0,0.13102888033325794,0.2199147577460209,nan
436224.0,0.08104890523104268,0.19398628473124704,nan
438272.0,0.1428692724488407,0.23810200663649442,nan
440320.0,0.014073399528142537,0.15902566283888292,nan
442368.0,0.12062831960127794,0.2144882252570112,nan
444416.0,0.08629545042489073,0.22093549737438592,nan
446464.0,0.08540053690863986,0.21373326654118557,nan
448512.0,0.0911766600352393,0.22630315498387807,nan
450560.0,0.04924861061722161,0.2224531427747703,nan
452608.0,0.10071115302474126,0.2189019407998669,nan
454656.0,0.09484339344994404,0.22557194823148813,nan
456704.0,0.08941416369683804,0.23641526343324804,nan
458752.0,0.1058051567725406,0.24576336299834062,nan
460800.0,0.0423626901299283,0.19575938516703847,nan
462848.0,0.09834031752111036,0.19252644850563272,nan
464896.0,0.06487763555347824,0.21448135642190932,nan
466944.0,0.04499095644621236,0.22077726070181855,nan
468992.0,0.0683692380637463,0.21707952581247014,nan
471040.0,0.07604916311818875,0.21135737099745872,nan
473088.0,0.1314664564809976,0.23931151602584208,nan
475136.0,0.10162347740284827,0.21896867204297224,nan
477184.0,0.10046248754750871,0.21025894740227036,nan
479232.0,0.04280833379003211,0.2021597749672803,nan
481280.0,0.028427955806113205,0.208399461347895,nan
483328.0,0.06825098944767473,0.2159398577175754,nan
485376.0,0.0829747008127916,0.22590729602153342,nan
487424.0,0.1236013551230628,0.21213764043264408,nan
489472.0,0.030021579995145323,0.2014107304562651,nan
491520.0,0.08300353044892148,0.2186627697509308,nan
493568.0,0.08405569352515928,0.22365456510447765,nan
495616.0,0.06330411403993694,0.17678813548627056,nan
497664.0,0.10531780225719228,0.2047508946749258,nan
499712.0,0.0716832966345805,0.18043180699912453,nan
501760.0,0.05426352023188458,0.17745321850158313,30.58212058212059
503808.0,0.04904533691276902,0.20295673530891137,nan
505856.0,0.12486176480203906,0.2254337499089961,nan
507904.0,0.11271370806949735,0.2350720024003133,nan
509952.0,0.0741461293506953,0.21455599957591706,nan
512000.0,0.1144422266928877,0.22684726278608466,nan
514048.0,0.15905203855589894,0.2385748001911329,nan
516096.0,0.06664649544717223,0.20524455558139507,nan
518144.0,0.10699998622729212,0.19336153720282617,nan
520192.0,0.040539601757239446,0.19777897261934374,nan
522240.0,0.05396372002404855,0.21386127924447168,nan
524288.0,0.10105620412374915,0.1936345303896129,nan
526336.0,0.06881183160148864,0.20446255793322407,nan
528384.0,0.045117199206051284,0.18098275807197933,nan
530432.0,0.08907785447340566,0.2226402125851964,nan
532480.0,0.11659013392963857,0.23306079480718153,nan
534528.0,0.11743936681407477,0.22323493163028454,nan
536576.0,0.09960418583930436,0.19547344704069577,nan
538624.0,0.08383222145402289,0.22974026886319265,nan
540672.0,0.07881479024639423,0.21359340173210667,nan
542720.0,0.04957026449615252,0.2368868742870589,nan
544768.0,0.10580676900917275,0.21058311544771632,nan
546816.0,0.10515793326426609,0.23082352637729386,nan
548864.0,0.14198520336347642,0.2333197751324567,nan
550912.0,0.07770175933699629,0.2320481285822733,nan
552960.0,0.12355197109567763,0.21622653188487567,nan
555008.0,0.08891101290421002,0.22233223353967463,nan
557056.0,0.014652305126329276,0.15501880456557277,nan
559104.0,0.12901290299693832,0.20983793486464622,nan
561152.0,0.12070723440915179,0.24863496937358023,nan
563200.0,0.04480309059179073,0.20912134457566214,nan
565248.0,0.13911164766985515,0.21866137800425178,nan
567296.0,0.16374516418941937,0.23309706316137552,nan
569344.0,0.09715348305893892,0.22996165474641994,nan
571392.0,0.13397961377165335,0.22882306552741236,nan
573440.0,0.11260833849661786,0.19934363408816358,nan
575488.0,0.10676399884468692,0.20272453734144197,nan
577536.0,0.12878967949032744,0.2377604325588688,nan
579584.0,0.10627525773920239,0.2223998088962543,nan
581632.0,0.06744109899389451,0.2080350757361163,nan
583680.0,0.10748191404773777,0.2119937136996933,nan
585728.0,0.030841200481110366,0.16816764050479652,nan
587776.0,0.1344700497154228,0.20875108166133158,nan
589824.0,0.031132635893614004,0.1922189270977977,nan
591872.0,0.05199301304080796,0.20507308334831248,nan
593920.0,0.08552044319405833,0.20556023462857495,nan
595968.0,0.10836173688014564,0.2331280226210335,nan
598016.0,0.0828545595524709,0.1971883602993901,nan
600064.0,0.0758650542577568,0.19716766697596222,nan
602112.0,0.11852028536855491,0.20891093561574894,33.36798336798337
604160.0,0.0772261167522785,0.22204849507030397,nan
606208.0,0.10727044277332864,0.22607683087156472,nan
608256.0,0.08565139003083916,0.2041782078571514,nan
610304.0,0.1369220090393529,0.21819720784998936,nan
612352.0,0.10855992111989114,0.22417953430268248,nan
614400.0,0.09310228552082885,0.22354085580210903,nan
616448.0,0.10333742252480266,0.2140511182856119,nan
618496.0,0.03794467298108095,0.20137500192351346,nan
620544.0,0.07422235420403811,0.21254226853066535,nan
622592.0,0.10289161319141901,0.22844745941314212,nan
624640.0,0.10215283544308466,0.22536966431388822,nan
626688.0,0.035880731195751574,0.1837946841396078,nan
628736.0,0.10711439672563114,0.21618083332930707,nan
630784.0,0.11589328155178223,0.19718962522967848,nan
632832.0,0.0820032122250704,0.17852064275938073,nan
634880.0,0.12133227434984012,0.2361355475894575,nan
636928.0,0.05539363409586683,0.20473785849987244,nan
638976.0,0.08689507914952449,0.2190561974384351,nan
641024.0,0.047798569106223696,0.20822966640824908,nan
643072.0,0.06879771242618951,0.21476589131264787,nan
645120.0,0.0968467035014827,0.21123735550264527,nan
647168.0,0.10315177186839442,0.2363045409673564,nan
649216.0,0.1228651308223885,0.2242608829983513,nan
651264.0,0.09122498234769566,0.22457424629218609,nan
653312.0,0.09224245352771396,0.20154325503592366,nan
655360.0,0.05824333042712582,0.23071870431721567,nan
657408.0,0.1286481824999389,0.21977533611510328,nan
659456.0,0.05634607542761855,0.19677658106455592,nan
661504.0,0.11119356113042028,0.23814649737262622,nan
663552.0,0.18187256708949243,0.22109700853435293,nan
665600.0,0.12959612362771786,0.2304874535697461,nan
667648.0,0.09830025843060651,0.21187992796858954,nan
669696.0,0.11739925125392467,0.21203303057262946,nan
671744.0,0.051302325380110744,0.21339916420239158,nan
673792.0,0.09886360603542867,0.20745812865080862,nan
675840.0,0.08475087399946712,0.2119056411593198,nan
677888.0,0.13308874352044084,0.22233604877658694,nan
679936.0,0.0810344011427025,0.24110705233400653,nan
681984.0,0.08735725768884589,0.21691556356591893,nan
684032.0,0.06135183070717227,0.20995578910872753,nan
686080.0,0.07258875177828523,0.22182489402362648,nan
688128.0,0.15718353636643084,0.22555748226259054,nan
690176.0,0.11149567164652946,0.21818259879463173,nan
692224.0,0.12722598415221675,0.22442978708760378,nan
694272.0,0.13296653751132742,0.22572547275620888,nan
696320.0,0.05819948487822397,0.2269779318965468,nan
698368.0,0.13719352839308768,0.21157834963184438,nan
700416.0,0.18258044511403854,0.2214255820854035,nan
702464.0,0.05161425128832678,0.19158460579156864,33.25363825363825
704512.0,0.12003662032408727,0.21888647394080615,nan
706560.0,0.024875369385094204,0.2017034354329333,nan
708608.0,0.08047597447124508,0.22307157003725406,nan
710656.0,0.056324794167623884,0.14181263271466374,nan
712704.0,0.1072515771201866,0.21450613281433045,nan
714752.0,0.08128844591210396,0.21767398123504159,nan
716800.0,0.08883914216864876,0.20786720400278869,nan
718848.0,0.09886846429566236,0.2109962901057704,nan
720896.0,0.0516283013571474,0.20467081871868611,nan
722944.0,0.0702463439373836,0.19262736109701692,nan
724992.0,0.12928966542035297,0.2003031247294719,nan
727040.0,0.10307841585298053,0.20067648544516833,nan
729088.0,0.04886294248330443,0.21092825879226262,nan
731136.0,0.057155216074204845,0.21799523571021834,nan
733184.0,0.11279960613959672,0.244517170318045,nan
735232.0,0.15304882632383235,0.2287173177241659,nan
737280.0,0.09962355479998011,0.1920055944396979,nan
739328.0,0.12367171034594394,0.2307458183127931,nan
741376.0,0.13629733517138576,0.2376454657132665,nan
743424.0,0.06724562651657595,0.1996512397002664,nan
745472.0,0.10170681793798403,0.21753457674479532,nan
747520.0,0.14678462563277947,0.20504497955069637,nan
749568.0,0.11775854479317724,0.24398483829547676,nan
751616.0,0.04033043919158782,0.17212435553297822,nan
753664.0,0.07276590593920333,0.2295262092124803,nan
755712.0,0.135984791343328,0.25501141053688775,nan
757760.0,0.0838375097498618,0.21175718078172312,nan
759808.0,0.12316955439273672,0.23565902457478322,nan
761856.0,0.05001350486598596,0.22521073228392322,nan
763904.0,0.08236352623686413,0.20735209493184525,nan
765952.0,0.11251021017300955,0.24050477106154963,nan
768000.0,0.08442340387085073,0.23310800939780218,nan
770048.0,0.06191791462049933,0.21974163150027945,nan
772096.0,0.19412919828435185,0.22099877549018734,nan
774144.0,0.14360978178406095,0.24882534056678288,nan
776192.0,0.12789516788548758,0.23341245185978232,nan
778240.0,0.08120562381673224,0.22292362518080064,nan
780288.0,0.09777112830390991,0.23387526835417874,nan
782336.0,0.07269198539923394,0.19950351262299953,nan
784384.0,0.04474442374982903,0.16131966129574518,nan
786432.0,0.15499671969555315,0.23076999564647666,nan
788480.0,0.030724384563128686,0.1505589273746712,nan
790528.0,0.07513808193949235,0.20599431826596074,nan
792576.0,0.0730069059886754,0.19506231810552502,nan
794624.0,0.07981695870601299,0.21032037334029927,nan
796672.0,0.05293920539990468,0.2101831181638928,nan
798720.0,0.17126218059090026,0.22002489562023747,nan
800768.0,0.11400366349188167,0.2358686335285825,nan
802816.0,0.07397079182071238,0.20374836379373634,32.37006237006237
804864.0,0.08912882986758112,0.21902182627989455,nan
806912.0,0.11437469631740982,0.22541784398280013,nan
808960.0,0.13194248720455948,0.22320359309738805,nan
811008.0,0.03541580385364685,0.20013521910153545,nan
813056.0,0.08064054098674694,0.216258334601068,nan
815104.0,0.09549976140354931,0.22581432629309137,nan
817152.0,0.11035559619030928,0.2221177688865966,nan
819200.0,0.08894013405164516,0.22750312014389212,nan
821248.0,0.08592915585055158,0.2246451847448857,nan
823296.0,0.13116901611843884,0.2347682046470914,nan
825344.0,0.0988733481357799,0.20282053245842666,nan
827392.0,0.13781868293241423,0.20998290500439154,nan
829440.0,0.09350041597406428,0.2318351036924298,nan
831488.0,0.15197296594817852,0.22633597659524837,nan
833536.0,0.07961439130863304,0.22516113908202753,nan
835584.0,0.08468760413730644,0.2007305174730425,nan
837632.0,0.14594562486644802,0.21498042854357194,nan
839680.0,0.22167834513643292,0.20105776790870647,nan
841728.0,0.1274074577487827,0.24383211769770602,nan
843776.0,0.09377944926796625,0.2105280596684357,nan
845824.0,0.08133476785924838,0.2356842401822155,nan
847872.0,0.13170082085518894,0.2240758065548678,nan
849920.0,0.07252383017437153,0.2213779084738816,nan
851968.0,0.1467666576579223,0.22943969184625368,nan
854016.0,0.06088799043106244,0.22482075363783877,nan
856064.0,0.05884169375189139,0.20384562104637902,nan
858112.0,0.04925033421843209,0.22083491790716017,nan
860160.0,0.07941039089898085,0.23210374239899817,nan
862208.0,0.0653663682426262,0.20413133251069523,nan
864256.0,0.08373999744694743,0.22364284961520953,nan
866304.0,0.15832870482036826,0.23859807094897245,nan
868352.0,0.1293923003545094,0.21551651746557268,nan
870400.0,0.12168267161098671,0.23693151071080365,nan
872448.0,0.05385647012007726,0.19498268979079125,nan
874496.0,0.13388655298330387,0.2359712319192691,nan
876544.0,0.1394702336673695,0.2357316982456979,nan
878592.0,0.07233842024774575,0.21260216386104558,nan
880640.0,0.17758396274573446,0.22938193638169077,nan
882688.0,0.040950892469003186,0.18370322008745335,nan
884736.0,0.076832543053998,0.2345419758381102,nan
886784.0,0.10854534439704785,0.23253056031654581,nan
888832.0,0.11802722386681067,0.23374481073270595,nan
890880.0,0.12455221635714477,0.22491792592331109,nan
892928.0,0.12960743736186864,0.21450482849529282,nan
894976.0,0.15397718692286028,0.2198157304388787,nan
897024.0,0.1322064594559824,0.2337758104723704,nan
899072.0,0.05295550956882644,0.21532335596335192,nan
901120.0,0.12188304864993663,0.23837454452726953,nan
903168.0,0.0905102476182438,0.20774866908104891,33.409563409563404
905216.0,0.155068304342311,0.22051021454199818,nan
907264.0,0.08832748665631199,0.21777051025625307,nan
909312.0,0.028836734178657814,0.19107953018528484,nan
911360.0,0.11210918343309528,0.23401854124753477,nan
913408.0,0.11032943166241369,0.2552045714181242,nan
915456.0,0.1526471993847785,0.2341693786964668,nan
917504.0,0.12969270625220827,0.2073900389040035,nan
919552.0,0.17458936576166012,0.21343580880476887,nan
921600.0,0.11089657283980078,0.2117436496730427,nan
923648.0,0.1302677258865286,0.23830601195666717,nan
925696.0,0.07489376845247536,0.21889471860304774,nan
927744.0,0.1376292399377005,0.2506937135973229,nan
929792.0,0.04823456617684804,0.20374747636592444,nan
931840.0,0.05523066675506289,0.2208321342524942,nan
933888.0,0.1287955205106364,0.22099229745488144,nan
935936.0,0.21071891686293645,0.22240461959421287,nan
937984.0,0.08772190480397447,0.20551796716742773,nan
940032.0,0.09471709371354026,0.20596745407402442,nan
942080.0,0.05704319270630962,0.21281486610221534,nan
944128.0,0.11138844135908377,0.23744902766067047,nan
946176.0,0.1090521420113639,0.23489954044483144,nan
948224.0,0.04995955236940257,0.19432071078342072,nan
950272.0,0.1885041379731357,0.22537902069450994,nan
952320.0,0.08078568365988464,0.2176669542433094,nan
954368.0,0.19145335423197085,0.21736775851969417,nan
956416.0,0.11391247648540945,0.19725691987785443,nan
958464.0,0.13154839050433204,0.21967287247665346,nan
960512.0,0.058748517829229345,0.21717266200572644,nan
962560.0,0.07159893493346785,0.21875652075497254,nan
964608.0,0.13650039265359631,0.23786305418411463,nan
966656.0,0.1705574157799436,0.20521772502548447,nan
968704.0,0.10784143218319577,0.23596069938825992,nan
970752.0,0.16170561458812338,0.2351254665731448,nan
972800.0,0.12689771688415719,0.23648485195430305,nan
974848.0,0.08316982261412065,0.22303771212919724,nan
976896.0,0.15564881984837575,0.23478607186418385,nan
978944.0,0.11072886730453468,0.2308547300105478,nan
980992.0,0.19304658514409292,0.22160301486966677,nan
983040.0,0.11694443823271004,0.22297758471376836,nan
985088.0,0.1353695699111173,0.22523912847110553,nan
987136.0,0.08153911611898557,0.2363520036496607,nan
989184.0,0.08023182684812882,0.2142721036890778,nan
991232.0,0.10401533457964932,0.2041429357309232,nan
993280.0,0.12545491373135464,0.22371921019762342,nan
995328.0,0.1489983734370951,0.23005253903704265,nan
997376.0,0.08490546681675494,0.23234911209452264,nan
999424.0,0.08657632698899144,0.20864681249349085,nan
1001472.0,0.16121355086566114,0.25226873204289313,nan
1003520.0,0.09642108733587908,0.22426114359569954,43.18087318087318
1005568.0,0.09825401272205693,0.2077075698952798,nan
1007616.0,0.06730868490098973,0.22503823511207774,nan
1009664.0,0.08544076042001753,0.23755911958637638,nan
1011712.0,0.1179844341210245,0.2112997372510801,nan
1013760.0,0.10743523624999571,0.22833050031377777,nan
1015808.0,0.13903800752807197,0.2258098274961071,nan
1017856.0,0.11331772591869302,0.22814771520206173,nan
1019904.0,0.09724897583560166,0.24140045110822533,nan
1021952.0,0.11954707847050307,0.2476028875722339,nan
1024000.0,0.10381405100743052,0.22765087273615597,nan
1026048.0,0.13033045256338543,0.24646832008451475,nan
1028096.0,0.10355542687193009,0.2446750162674019,nan
1030144.0,0.08373827330120653,0.22485731791095678,nan
1032192.0,0.11603860043366629,0.21727709948836416,nan
1034240.0,0.11420319578273003,0.2338216584525782,nan
1036288.0,0.1349685934862317,0.2320355856397774,nan
1038336.0,0.07352188115238376,0.23497139727567562,nan
1040384.0,0.19031657454076265,0.24092801474157813,nan
1042432.0,0.0939014478866897,0.24191258388066425,nan
1044480.0,0.1504410301351342,0.25475733332315054,nan
1046528.0,0.12173344393942219,0.2310678311212057,nan
1048576.0,0.12175168102522506,0.24077791100589352,nan
1050624.0,0.07993058790110666,0.21994328669896387,nan
1052672.0,0.10787498527360571,0.22219843819161691,nan
1054720.0,0.09965697563022151,0.21579547611781974,nan
1056768.0,0.1262680080348867,0.25315960222806666,nan
1058816.0,0.08614036282400711,0.22777680030343345,nan
1060864.0,0.12293256570842717,0.2366155053876438,nan
1062912.0,0.09029280251199726,0.21784468930989095,nan
1064960.0,0.11307778247279508,0.23378076554726535,nan
1067008.0,0.1352105211723322,0.23201552252692492,nan
1069056.0,0.118815178178279,0.2228981101680742,nan
1071104.0,0.04081017568339554,0.21563692765272463,nan
1073152.0,0.055060477631662365,0.20733897387507602,nan
1075200.0,0.0810689452496901,0.22801783779041088,nan
1077248.0,0.09178254617957139,0.22988418379059586,nan
1079296.0,0.11107118249712755,0.23087138652368608,nan
1081344.0,0.11608388617759519,0.24483902835273016,nan
1083392.0,0.2057960387831517,0.22105803066826496,nan
1085440.0,0.11124839723712833,0.23795110601386557,nan
1087488.0,0.21080729632822442,0.20874944803597015,nan
1089536.0,0.20540896801009942,0.23487221244674616,nan
1091584.0,0.047964712446679054,0.23581628006078154,nan
1093632.0,0.17206040875474715,0.23457853597957562,nan
1095680.0,0.14363338541665546,0.22747806799781672,nan
1097728.0,0.07086254422889887,0.22103479983714508,nan
1099776.0,0.08131358847792362,0.2197405208648531,nan
1101824.0,0.037889944693909675,0.1963001664162057,nan
1103872.0,0.17801351316677083,0.2504464060202929,49.86486486486487
1105920.0,0.1929238898716632,0.21068795921962505,nan
1107968.0,0.2122120667670973,0.19856056400605776,nan
1110016.0,0.07022509528446927,0.21949182920086474,nan
1112064.0,0.11800562915611215,0.24760198299298827,nan
1114112.0,0.1555680066393405,0.2386198859814231,nan
1116160.0,0.18492559082033455,0.21768034008422973,nan
1118208.0,0.038140282704260904,0.19112908859771147,nan
1120256.0,0.16488504841903467,0.2379229145709018,nan
1122304.0,0.08453722831423231,0.2299292912164872,nan
1124352.0,0.13011688274692007,0.2299723197059003,nan
1126400.0,0.1910811975794494,0.23771167358901443,nan
1128448.0,0.19383447566009535,0.2170182819203494,nan
1130496.0,0.1986836098381533,0.222924080179358,nan
1132544.0,0.23542722054379805,0.20536006392608633,nan
1134592.0,0.13050982727399524,0.2372776937476872,nan
1136640.0,0.02933167323422507,0.1947238558516593,nan
1138688.0,0.19333788130522916,0.22393391663863924,nan
1140736.0,0.07290606709611436,0.2226445099903479,nan
1142784.0,0.2147191380915593,0.22353753273663382,nan
1144832.0,0.17303127424696474,0.2496577788835691,nan
1146880.0,0.09738451045534763,0.2312999423971743,nan
1148928.0,0.16176012686095534,0.22401369692846998,nan
1150976.0,0.10633386562555062,0.20462592774427185,nan
1153024.0,0.20704251395661893,0.23744672322688237,nan
1155072.0,0.1752910449713402,0.23319191526255958,nan
1157120.0,0.12683347727434127,0.2465420381642845,nan
1159168.0,0.13630190178782536,0.25307035651102056,nan
1161216.0,0.1894377343183603,0.22979526680327683,nan
1163264.0,0.09899004531184515,0.240742960572685,nan
1165312.0,0.2233339759106941,0.21971629732223766,nan
1167360.0,0.07969090066052922,0.2166554993985049,nan
1169408.0,0.23187065872887597,0.2281941167737129,nan
1171456.0,0.14457370721205753,0.24329285073412224,nan
1173504.0,0.14293699711045751,0.23738831216650355,nan
1175552.0,0.19630119032452314,0.22990939595042542,nan
1177600.0,0.13995889615738344,0.2162818333598597,nan
1179648.0,0.2214549693718036,0.20320830510522786,nan
1181696.0,0.09711475564494419,0.21670984806205856,nan
1183744.0,0.2114303337413446,0.20313202357091364,nan
1185792.0,0.1221565940544601,0.25380966356915124,nan
1187840.0,0.18904574562926796,0.20658854286185108,nan
1189888.0,0.19302878846811078,0.21720163889920896,nan
1191936.0,0.1550212832208792,0.23610502978813203,nan
1193984.0,0.1614493985217699,0.2294390194045918,nan
1196032.0,0.17025603347650334,0.2499183180267514,nan
1198080.0,0.17425131977799987,0.22187468120732853,nan
1200128.0,0.18569219811467075,0.20351609431558007,nan
1202176.0,0.2226583457091481,0.21709284875864368,nan
1204224.0,0.12168285606151127,0.23645066678033427,36.96465696465696
1206272.0,0.17986840224180342,0.23784825646998412,nan
1208320.0,0.14142636222340282,0.22310104944171902,nan
1210368.0,0.0941962310898889,0.22410251104937748,nan
1212416.0,0.15288423529538178,0.22148554988933636,nan
1214464.0,0.20157627302930078,0.2213141839409262,nan
1216512.0,0.059119769980728126,0.20157046246788446,nan
1218560.0,0.18029815813159544,0.2424069836381975,nan
1220608.0,0.1515360265037728,0.23263202302990466,nan
1222656.0,0.11804418167017099,0.22177194763408806,nan
1224704.0,0.16670891420789624,0.21765115200107762,nan
1226752.0,0.1472435674616278,0.23461444747443477,nan
1228800.0,0.1935135330994192,0.23170683086039287,nan
1230848.0,0.0556750270224273,0.19276283993433424,nan
1232896.0,0.12177843147769546,0.20667596271814462,nan
1234944.0,0.12591909471595297,0.21403352022781136,nan
1236992.0,0.14126970491472673,0.25499142807503417,nan
1239040.0,0.11470484222250817,0.23873023405618465,nan
1241088.0,0.23633275468811363,0.21755082795365396,nan
1243136.0,0.17415705211056443,0.22429318075698415,nan
1245184.0,0.1441206594717388,0.23683612151869607,nan
1247232.0,0.04736996221364313,0.17079225039646062,nan
1249280.0,0.1456599057069538,0.24287679587688393,nan
1251328.0,0.2017480009318905,0.23459561567402024,nan
1253376.0,0.20166556686284529,0.22096564905178018,nan
1255424.0,0.16279202566065182,0.21586875676019424,nan
1257472.0,0.17165292145948619,0.24340859768231135,nan
1259520.0,0.06206182532399855,0.22925824061382138,nan
1261568.0,0.15141291255943579,0.22370506661212688,nan
1263616.0,0.17834382070875263,0.22630036639927456,nan
1265664.0,0.07662305456563762,0.24398747819387,nan
1267712.0,0.18468233230258285,0.2158026491008416,nan
1269760.0,0.195453405424737,0.2250114197145317,nan
1271808.0,0.17529576742472208,0.24123925124667098,nan
1273856.0,0.1332515513423159,0.24132888143362902,nan
1275904.0,0.12928744914521242,0.23867165490569434,nan
1277952.0,0.1667889492893963,0.20776136105453888,nan
1280000.0,0.13172376978913977,0.2392666313482913,nan
1282048.0,0.15293541939838723,0.23400031548327613,nan
1284096.0,0.13996706803660897,0.2196138082385578,nan
1286144.0,0.07178359083859134,0.23113297166703015,nan
1288192.0,0.17284863136900847,0.24514498494241815,nan
1290240.0,0.12563451293822359,0.21446113346534976,nan
1292288.0,0.12184718983591372,0.23161520548191583,nan
1294336.0,0.07509602412907895,0.2215055422630014,nan
1296384.0,0.09270769067726688,0.22678527014606,nan
1298432.0,0.19844676859059213,0.24884920387879636,nan
1300480.0,0.05121072350363266,0.23721187593457593,nan
1302528.0,0.08482308260003775,0.23945979574342027,nan
1304576.0,0.08097152660127213,0.24549404153737067,51.53846153846153
1306624.0,0.10717484508273258,0.2301173065877363,nan
1308672.0,0.14552012814326487,0.24117901222864974,nan
1310720.0,0.17675974257279883,0.2393749919782516,nan
1312768.0,0.2274742393521817,0.21895642247811842,nan
1314816.0,0.15618976405721188,0.24967564194287614,nan
1316864.0,0.23224824734753674,0.22191940506873323,nan
1318912.0,0.1637030783967765,0.21693956882913565,nan
1320960.0,0.20758667499274458,0.23681784992572186,nan
1323008.0,0.037976529414163754,0.20519722290767287,nan
1325056.0,0.13545647711094225,0.2538762497584519,nan
1327104.0,0.04872863708731526,0.22309169133174078,nan
1329152.0,0.21163605618459758,0.2257845082636883,nan
1331200.0,0.14815096098028963,0.24674270756009936,nan
1333248.0,0.0954153376260865,0.24021382891152748,nan
1335296.0,0.1939661068223288,0.2150223398506541,nan
1337344.0,0.1470255631318309,0.2225812678591357,nan
1339392.0,0.1141149532753238,0.2447962164162381,nan
1341440.0,0.0980733103036558,0.2397820460540054,nan
1343488.0,0.18273562948959157,0.22182146986738832,nan
1345536.0,0.10074530805183617,0.23618891300310138,nan
1347584.0,0.13247166661681448,0.23334869336731745,nan
1349632.0,0.07704706335985397,0.2330798177830302,nan
1351680.0,0.10626508377863804,0.22208285312980536,nan
1353728.0,0.12079492324022974,0.23446852777417654,nan
1355776.0,0.18073961718061507,0.2322590615948262,nan
1357824.0,0.1804301943309675,0.23215561977415047,nan
1359872.0,0.16247166414810765,0.22750327448060498,nan
1361920.0,0.16242671178761958,0.23709285121604548,nan
1363968.0,0.09693790390500953,0.2203431544351067,nan
1366016.0,0.26770607169354943,0.18249523502250103,nan
1368064.0,0.06536768257874585,0.22014879827507755,nan
1370112.0,0.11137262903407989,0.2458437198023106,nan
1372160.0,0.13659290128021215,0.23100453324717574,nan
1374208.0,0.1871590984514096,0.22218986189051493,nan
1376256.0,0.16529362627499639,0.21532690527813142,nan
1378304.0,0.18076927124906425,0.22037310998221155,nan
1380352.0,0.27119165347031515,0.1897342372332057,nan
1382400.0,0.20736293302714046,0.21862391542731804,nan
1384448.0,0.20731676862226475,0.2217415740038452,nan
1386496.0,0.2673659781257265,0.18245187153268363,nan
1388544.0,0.14401507888132603,0.23770902459658763,nan
1390592.0,0.11405411160220724,0.23854158174381973,nan
1392640.0,0.1214717840955313,0.23399324173508662,nan
1394688.0,0.07780530910169459,0.21763328861450407,nan
1396736.0,0.16255734309939296,0.24913758516725987,nan
1398784.0,0.2030043815427406,0.2401720591509383,nan
1400832.0,0.1416446776345724,0.24309773729664783,nan
1402880.0,0.24365304121510137,0.1930953567493799,nan
1404928.0,0.233029697341672,0.21747086770401666,51.18503118503119
1406976.0,0.12346430178196202,0.23596259089020272,nan
1409024.0,0.1726289853998539,0.21506118016197323,nan
1411072.0,0.09153046516601995,0.20957799155231382,nan
1413120.0,0.1473305149877533,0.23749487432432675,nan
1415168.0,0.1673838317280344,0.225866501701223,nan
1417216.0,0.07098584909003047,0.23805967404346665,nan
1419264.0,0.20082012751697947,0.2290326990738205,nan
1421312.0,0.08647623520609157,0.21947557794308947,nan
1423360.0,0.09149417016336135,0.24289690222410878,nan
1425408.0,0.11463784078735392,0.22872387232027144,nan
1427456.0,0.16186306384365098,0.20157623872898534,nan
1429504.0,0.05871073411727164,0.22465327469268923,nan
1431552.0,0.0858809683636538,0.23997139052570812,nan
1433600.0,0.08877128163557611,0.22453582490331084,nan
1435648.0,0.19805973441200406,0.2336560028224389,nan
1437696.0,0.19365283310775533,0.22138964308675416,nan
1439744.0,0.12075930948850347,0.22259995079287198,nan
1441792.0,0.19675577685295675,0.23188410754781952,nan
1443840.0,0.19658020812710258,0.23005612595905198,nan
1445888.0,0.1720142417534185,0.22190474912908545,nan
1447936.0,0.16469786423849142,0.23787586804272953,nan
1449984.0,0.20068967036261356,0.22365105687920817,nan
1452032.0,0.20300574845308922,0.23612370456706777,nan
1454080.0,0.1693102959328195,0.20555423691167415,nan
1456128.0,0.1867955704711193,0.23609735401393406,nan
1458176.0,0.14875417394087354,0.24265056766866033,nan
1460224.0,0.22672174006064458,0.22415549460435202,nan
1462272.0,0.18851423222214442,0.228771576460955,nan
1464320.0,0.15158636742267928,0.22875890284196493,nan
1466368.0,0.15511840672379984,0.23006602955853972,nan
1468416.0,0.16591618436448172,0.23414924274561627,nan
1470464.0,0.2244863191439351,0.22519011974599412,nan
1472512.0,0.13634108654436541,0.24108476210851634,nan
1474560.0,0.14067050018575575,0.21892270626615576,nan
1476608.0,0.17556422904779873,0.23258495016274286,nan
1478656.0,0.16529025702650443,0.24390189091030445,nan
1480704.0,0.19469154038848896,0.21822495609323994,nan
1482752.0,0.2658338164125667,0.20907871515896478,nan
1484800.0,0.11053671753715165,0.24762331846981903,nan
1486848.0,0.22287843886407213,0.22058411886253756,nan
1488896.0,0.22370018860429508,0.22439889181260703,nan
1490944.0,0.18484113868564572,0.2320165651699701,nan
1492992.0,0.2679187736525389,0.17456850525311704,nan
1495040.0,0.15148528286673602,0.22471045730896158,nan
1497088.0,0.09474132372118856,0.24548888753428685,nan
1499136.0,0.2372379942471397,0.21564526976474618,nan
1501184.0,0.23756962189044645,0.20852611117665684,nan
1503232.0,0.21817314210451189,0.19610101979919697,nan
1505280.0,0.24442017663616206,0.22385979933406236,67.05821205821206
1507328.0,0.14805118485058655,0.24115817813412352,nan
1509376.0,0.28985495416040774,0.1654542677252872,nan
1511424.0,0.12579020967276427,0.24179854947857912,nan
1513472.0,0.29053756103277134,0.15373836943291702,nan
1515520.0,0.18120378107090146,0.2243755624995834,nan
1517568.0,0.20863922020959053,0.21486870320983747,nan
1519616.0,0.13203411637792045,0.2424356447812015,nan
1521664.0,0.20589828824479173,0.2232025440613717,nan
1523712.0,0.14976421996802097,0.23321721567540046,nan
1525760.0,0.2471250869397138,0.21114946583263727,nan
1527808.0,0.15009560894297325,0.25227873947969726,nan
1529856.0,0.3235434334259924,0.1415446411162223,nan
1531904.0,0.23430352904660823,0.2060542510935614,nan
1533952.0,0.1353517349473904,0.2337324865360658,nan
1536000.0,0.21774242411746803,0.22062217646918852,nan
1538048.0,0.22860225593541628,0.22479570249010375,nan
1540096.0,0.19442029838852515,0.20623833232952976,nan
1542144.0,0.2643642455178218,0.17825383280163346,nan
1544192.0,0.13424524436861487,0.23337810051493288,nan
1546240.0,0.19081959866312173,0.23727130678565936,nan
1548288.0,0.22503226576243646,0.2292981748119901,nan
1550336.0,0.3136307251500445,0.1449548825265389,nan
1552384.0,0.18755001472840396,0.22667594170268784,nan
1554432.0,0.11984829488453722,0.24858680084668494,nan
1556480.0,0.18927506166944585,0.22119818165891222,nan
1558528.0,0.0794495506188025,0.1951320917153659,nan
1560576.0,0.2899031224370573,0.18599294165238178,nan
1562624.0,0.15032160115622395,0.24583320510948722,nan
1564672.0,0.25327022607400135,0.2025900514431248,nan
1566720.0,0.19466217725385737,0.21436718424975945,nan
1568768.0,0.34202913128569234,0.10995406553901825,nan
1570816.0,0.1404615403728059,0.24123001069171698,nan
1572864.0,0.17734124883859892,0.23600190309677227,nan
1574912.0,0.17972389314087606,0.2291832921530896,nan
1576960.0,0.0961837497846468,0.22596834064858734,nan
1579008.0,0.21640524479683398,0.2346369647224329,nan
1581056.0,0.12181547024238619,0.247903614864603,nan
1583104.0,0.13710152950263862,0.2505419035164397,nan
1585152.0,0.1205147664112034,0.25135063905845106,nan
1587200.0,0.14909955091078392,0.2434003347871356,nan
1589248.0,0.16367903962390623,0.2263042909478562,nan
1591296.0,0.2870236395928121,0.19225621344034383,nan
1593344.0,0.06163024436909431,0.2335131971852892,nan
1595392.0,0.3071007183350546,0.16178409500051552,nan
1597440.0,0.250739076919199,0.22325643598491357,nan
1599488.0,0.138591977739996,0.22112480720444888,nan
1601536.0,0.16801701112314854,0.25226350546952475,nan
1603584.0,0.22725714307334813,0.22167969204441954,nan
1605632.0,0.2910785206652249,0.15635274847495573,72.48440748440748
1607680.0,0.11082191768264742,0.23981115680234083,nan
1609728.0,0.18301660779141798,0.2127678332602325,nan
1611776.0,0.14348892686301448,0.23732707421735816,nan
1613824.0,0.22217875807896614,0.23517936814047485,nan
1615872.0,0.21446590185689837,0.2204057042493179,nan
1617920.0,0.2563862254261636,0.19257811151972395,nan
1619968.0,0.22190620123067695,0.22068702678851748,nan
1622016.0,0.2648434454212537,0.19076852972853767,nan
1624064.0,0.13596120973330553,0.2594712860063343,nan
1626112.0,0.2018630216031411,0.2283140051451656,nan
1628160.0,0.3076952705846059,0.13381768097562574,nan
1630208.0,0.22712934912203914,0.22411944855049906,nan
1632256.0,0.22550331294135742,0.2146212321295295,nan
1634304.0,0.19970337370678093,0.24619110636023325,nan
1636352.0,0.13899664049489108,0.24091902802359158,nan
1638400.0,0.3349520456288515,0.10630976095765804,nan
1640448.0,0.28202047299693583,0.1866368409640004,nan
1642496.0,0.244248802319621,0.2223889476525718,nan
1644544.0,0.30913133766625406,0.15292870470622716,nan
1646592.0,0.22187613189385086,0.23766687075168286,nan
1648640.0,0.2965155553567384,0.1584701548439546,nan
1650688.0,0.22489009593118794,0.20716845444745316,nan
1652736.0,0.27170420813070595,0.2051306123016066,nan
1654784.0,0.1230383303847257,0.23968652787309574,nan
1656832.0,0.10706851262914277,0.2504236453164697,nan
1658880.0,0.1243221976697789,0.25283836571159884,nan
1660928.0,0.1274827635421122,0.2552344646962678,nan
1662976.0,0.12412273435980889,0.259188077919442,nan
1665024.0,0.22617513515468007,0.2239406639174522,nan
1667072.0,0.22754717663185806,0.23725285484610925,nan
1669120.0,0.24518735610883374,0.209751675950587,nan
1671168.0,0.2673450826554845,0.18552605916680848,nan
1673216.0,0.2571445793857489,0.2211194796076532,nan
1675264.0,0.18589514152205128,0.22609442889982928,nan
1677312.0,0.08260487922936337,0.23120428574402233,nan
1679360.0,0.1926192357622619,0.2270683751660685,nan
1681408.0,0.170007205683616,0.2583467118093055,nan
1683456.0,0.2250179038912421,0.23555995615776998,nan
1685504.0,0.06520470524005093,0.24076147025337818,nan
1687552.0,0.19260702448167205,0.22985797086187132,nan
1689600.0,0.16349790156548888,0.22884800640469,nan
1691648.0,0.20628053027125048,0.22453373193104373,nan
1693696.0,0.14342519746222437,0.24129608919383383,nan
1695744.0,0.11307314611344702,0.2688834101298788,nan
1697792.0,0.29068555815265507,0.14975506540822323,nan
1699840.0,0.2564077994193287,0.18785242728510826,nan
1701888.0,0.2535058329560681,0.19533153396933672,nan
1703936.0,0.18844879310971685,0.23962723848529535,nan
1705984.0,0.2762241940917084,0.20971362548239603,72.73388773388776
1708032.0,0.16961416077683344,0.22745412833651008,nan
1710080.0,0.20758220266467975,0.23822882783919344,nan
1712128.0,0.10022914633664085,0.2523136433345898,nan
1714176.0,0.2783319921055978,0.17471203752632342,nan
1716224.0,0.23455708563021394,0.19966708032550223,nan
1718272.0,0.20569177881389555,0.21938172241030063,nan
1720320.0,0.12985575180075296,0.2627332182120839,nan
1722368.0,0.26630134782778253,0.18380906961118043,nan
1724416.0,0.19700677114166076,0.22167709248676448,nan
1726464.0,0.20955025035129426,0.24100453586251003,nan
1728512.0,0.2755872528030107,0.17559001573005176,nan
1730560.0,0.3333711758559691,0.13806922010452702,nan
1732608.0,0.15371990437984595,0.24866193229968253,nan
1734656.0,0.24502342705310767,0.2135406470473586,nan
1736704.0,0.2448377730515679,0.21389799486764782,nan
1738752.0,0.10822535818232128,0.22218161564465252,nan
1740800.0,0.22142991531184447,0.22728665860649716,nan
1742848.0,0.13096357812663825,0.2457381944839893,nan
1744896.0,0.2935973174434492,0.18325991636596414,nan
1746944.0,0.20702062110190717,0.24842065814926656,nan
1748992.0,0.30584568330208306,0.16745469920405012,nan
1751040.0,0.18622497837365665,0.22500777035588626,nan
1753088.0,0.2041750621068114,0.2416122235027243,nan
1755136.0,0.2305927346876605,0.21665250901378327,nan
1757184.0,0.04187601924764059,0.2656992749966101,nan
1759232.0,0.2383477313029819,0.22856685431569226,nan
1761280.0,0.18244892444786948,0.23138844956207621,nan
1763328.0,0.33673000638033157,0.10919663979709616,nan
1765376.0,0.27895984310068545,0.18483660101719845,nan
1767424.0,0.1992800168725109,0.22533189388835406,nan
1769472.0,0.22320858099897445,0.2339412970753048,nan
1771520.0,0.31710417320032913,0.1323642471911605,nan
1773568.0,0.12135930690556848,0.24978029649859387,nan
1775616.0,0.10416766796495017,0.24454827206132168,nan
1777664.0,0.22688907549634912,0.22318084156499912,nan
1779712.0,0.2659770529822876,0.18940446277113446,nan
1781760.0,0.26997917644647823,0.20056440821449675,nan
1783808.0,0.12082294675753784,0.24498499419287967,nan
1785856.0,0.23873033436209598,0.20512125704181822,nan
1787904.0,0.14374224131603575,0.23481163182098283,nan
1789952.0,0.2453821269906365,0.20567547041657172,nan
1792000.0,0.24992561576798727,0.22013300049129994,nan
1794048.0,0.26588806894604977,0.2039872782586742,nan
1796096.0,0.23254280777171005,0.22659655633799708,nan
1798144.0,0.08211191160549677,0.23034655927383274,nan
1800192.0,0.1737958639766694,0.23665289854479465,nan
1802240.0,0.2555795662446397,0.18633464670474653,nan
1804288.0,0.27581361718858766,0.1766503138924937,nan
1806336.0,0.2753681272344673,0.20134624021429592,63.222453222453225
1808384.0,0.2045164106843001,0.2314399409642111,nan
1810432.0,0.3144988626287296,0.1524962538875967,nan
1812480.0,0.2345878734752876,0.21533096933961088,nan
1814528.0,0.256316158989219,0.21464593761722198,nan
1816576.0,0.23187224086862313,0.22281512185703098,nan
1818624.0,0.21964575986224485,0.22499460974127916,nan
1820672.0,0.2274569509749356,0.22053813382539666,nan
1822720.0,0.21999088876078504,0.23204197634948573,nan
1824768.0,0.24996698116291152,0.21494420698223446,nan
1826816.0,0.3114806866559716,0.15617083511168814,nan
1828864.0,0.2802809434388371,0.21343317848738286,nan
1830912.0,0.08641046492956214,0.2608662193061374,nan
1832960.0,0.18755503023533873,0.23332456826337428,nan
1835008.0,0.1692121986475436,0.2433830001475501,nan
1837056.0,0.17198106445389236,0.2626417103873402,nan
1839104.0,0.25588464491025575,0.19145382792179744,nan
1841152.0,0.19637887273345317,0.23100323564285413,nan
1843200.0,0.22013079106439942,0.22044297134540813,nan
1845248.0,0.23434042377412434,0.2078694504333653,nan
1847296.0,0.1878935268888513,0.2498219137037088,nan
1849344.0,0.20987799436485366,0.22553251423023898,nan
1851392.0,0.27372290985945147,0.18318465961450464,nan
1853440.0,0.18067525667560286,0.25565253680297506,nan
1855488.0,0.0844238890907235,0.24553228712804678,nan
1857536.0,0.2800988136899197,0.17156338627385276,nan
1859584.0,0.30029124989211375,0.16543534281405803,nan
1861632.0,0.21664146731080364,0.23838071110520326,nan
1863680.0,0.1844888196780399,0.25077603906457635,nan
1865728.0,0.21371189149164674,0.23081370760473754,nan
1867776.0,0.17741033104355147,0.23369390449979535,nan
1869824.0,0.3101909601262368,0.16070665206098203,nan
1871872.0,0.21349326156020834,0.2401708676056185,nan
1873920.0,0.31008932361360625,0.16725419182734444,nan
1875968.0,0.2613812126270225,0.1957805556935493,nan
1878016.0,0.2830335901726646,0.192003120652044,nan
1880064.0,0.2125948826487436,0.2215583031932303,nan
1882112.0,0.2014238446703594,0.22588996963937935,nan
1884160.0,0.2225139633336951,0.23499036699387663,nan
1886208.0,0.328864423724799,0.12406291499831473,nan
1888256.0,0.32508906684419847,0.15224480527799844,nan
1890304.0,0.23619974196942223,0.22961331700304,nan
1892352.0,0.31992182707129185,0.1509259713221289,nan
1894400.0,0.2783210992857975,0.1822037752281161,nan
1896448.0,0.12718302945703433,0.2508559862780544,nan
1898496.0,0.2894410687676027,0.18297680625902468,nan
1900544.0,0.02944669682843891,0.16271284082346407,nan
1902592.0,0.15128717695951566,0.2437461686032743,nan
1904640.0,0.023427567487753077,0.24652952577100143,nan
1906688.0,0.27961827455549915,0.18456068536782297,75.41580041580042
1908736.0,0.22687486746255497,0.2227104747544858,nan
1910784.0,0.2386945161231374,0.2318716207671578,nan
1912832.0,0.09149632707573506,0.23330034001412273,nan
1914880.0,0.1122894990857989,0.25859697704211615,nan
1916928.0,0.23930786379677693,0.20486366488376595,nan
1918976.0,0.2804669637401437,0.17629007344852807,nan
1921024.0,0.23933482455121,0.21114816982964243,nan
1923072.0,0.21735525906058384,0.23049607182617518,nan
1925120.0,0.2755362474743465,0.18026426682055444,nan
1927168.0,0.17589158503390667,0.2544063966788071,nan
1929216.0,0.33705708849761173,0.1223400729073384,nan
1931264.0,0.27034907727659135,0.21159408281071665,nan
1933312.0,0.2776447443832345,0.18214756837585797,nan
1935360.0,0.3335143883668982,0.12948965735017048,nan
1937408.0,0.28519525521235484,0.18450331240768883,nan
1939456.0,0.34906484708245894,0.10668547902476849,nan
1941504.0,0.32275466117451657,0.15628981522146704,nan
1943552.0,0.30842133415696765,0.14830701413571065,nan
1945600.0,0.29444780467935117,0.16601509705353612,nan
1947648.0,0.15076853815887895,0.2555248354728021,nan
1949696.0,0.09019992591079062,0.26540984292810615,nan
1951744.0,0.2086090105427139,0.2192906147635311,nan
1953792.0,0.2640263216757306,0.17171112377957135,nan
1955840.0,0.25050307252411114,0.21606378122178413,nan
1957888.0,0.34744322111464465,0.10534675243567593,nan
1959936.0,0.26860256755244927,0.20102239998156216,nan
1961984.0,0.2858405234679874,0.185412208042536,nan
1964032.0,0.26033196118882707,0.22211508607070135,nan
1966080.0,0.13809789149363683,0.22683137967303377,nan
1968128.0,0.33409750603741767,0.09644048495089838,nan
1970176.0,0.026087998819729105,0.22289714919105533,nan
1972224.0,0.13914332497634743,0.26106703629396527,nan
1974272.0,0.2688360658190849,0.21925209947559557,nan
1976320.0,0.2935239793318991,0.16399965087863452,nan
1978368.0,0.3082537941850208,0.14553495439997235,nan
1980416.0,0.22876950675123192,0.22981315346176795,nan
1982464.0,0.1480637799344314,0.21426913670225065,nan
1984512.0,0.27970895708642995,0.20678326429504307,nan
1986560.0,0.2944070246178101,0.17646114869243304,nan
1988608.0,0.2871470728719563,0.18163352646828979,nan
1990656.0,0.31116894124028327,0.17008379990917458,nan
1992704.0,0.17802259463130995,0.21865286899985983,nan
1994752.0,0.0666843890948067,0.2541532753812782,nan
1996800.0,0.20943810397597326,0.22958916176869293,nan
1998848.0,0.2826907614483338,0.18948481317438198,nan
2000896.0,0.21775428763076252,0.2410957600817889,nan
2002944.0,0.2823737539475206,0.1709270819113511,nan
2004992.0,0.3294027329949373,0.12157414480707449,nan
2007040.0,0.3527870851072745,0.08667226857407388,62.432432432432435
2009088.0,0.24523695397353512,0.21665033130905656,nan
2011136.0,0.2841600393878987,0.17707280242224052,nan
2013184.0,0.045481703047935515,0.24252968501801314,nan
2015232.0,0.18265294794407444,0.24741315908986541,nan
2017280.0,0.25801940750726754,0.19181057664410883,nan
2019328.0,0.22132198119662072,0.23023440924790897,nan
2021376.0,0.16290620381275933,0.26192408010415386,nan
2023424.0,0.20552304195319254,0.23428794664060557,nan
2025472.0,0.2426817977015032,0.18577102973872903,nan
2027520.0,0.25038764920839063,0.20696045045539496,nan
2029568.0,0.30154786877245204,0.15382515116403553,nan
2031616.0,0.24461339321454875,0.22540014256848168,nan
2033664.0,0.2641474615544443,0.21053158232945496,nan
2035712.0,0.27657465397790715,0.19834970745901168,nan
2037760.0,0.14042220193607086,0.24434312230689592,nan
2039808.0,0.08810115090411447,0.2623546511031192,nan
2041856.0,0.13321489075661375,0.24691456997422587,nan
2043904.0,0.24689544263371765,0.20270168989525286,nan
2045952.0,0.18149936890165136,0.23522430348866666,nan
2048000.0,0.26145589032812905,0.22593532110075137,nan
2050048.0,0.1855560089079871,0.21788081316201555,nan
2052096.0,0.36225708233829435,0.04738882637670062,nan
2054144.0,0.2145912744390241,0.2429752846806433,nan
2056192.0,0.023363606672743245,0.2543405083429431,nan
2058240.0,0.22883373134694104,0.2260749941285772,nan
2060288.0,0.18199636994532514,0.2359061786519971,nan
2062336.0,0.3477141972778609,0.10805053847309962,nan
2064384.0,0.24869721211149032,0.23104239862037212,nan
2066432.0,0.292042619475758,0.1880021242534848,nan
2068480.0,0.25373561248026866,0.20340321492790092,nan
2070528.0,0.2884511076678501,0.1696199105885105,nan
2072576.0,0.3163304343068054,0.13627789566245993,nan
2074624.0,0.06782752138964193,0.27781320854448455,nan
2076672.0,0.22977024532754498,0.23034227281725042,nan
2078720.0,0.25938807558197297,0.20698942062832218,nan
2080768.0,0.26124436319485905,0.204663809728311,nan
2082816.0,0.24197840604542134,0.2204961378921725,nan
2084864.0,0.24374267370649527,0.21894201828367726,nan
2086912.0,0.3008281163819435,0.1647189151729465,nan
2088960.0,0.2688459482459975,0.20094515495726661,nan
2091008.0,0.19138726947844778,0.2507450902127503,nan
2093056.0,0.25586564348860164,0.19644494477260344,nan
2095104.0,0.218449314810847,0.22737994828284902,nan
2097152.0,0.2761636179142317,0.19983043053444513,nan
2099200.0,0.2980205846458524,0.18019728952684017,nan
2101248.0,0.18664651121964596,0.24112975821280885,nan
2103296.0,0.2422204261261975,0.23920458004925108,nan
2105344.0,0.3425015696860323,0.08644297919758445,nan
2107392.0,0.2351556589792334,0.2281582228559654,80.75883575883577
2109440.0,0.2432116946157812,0.23241769144010105,nan
2111488.0,0.150706855106586,0.23554068615608773,nan
2113536.0,0.28104015910726987,0.1958462755791234,nan
2115584.0,0.2958515949811571,0.18380900602652095,nan
2117632.0,0.23617068093594007,0.221321440148859,nan
2119680.0,0.2776885784321065,0.2000324383994588,nan
2121728.0,0.21919838231589128,0.23240404197103035,nan
2123776.0,0.19434936485705828,0.23462953218959598,nan
2125824.0,0.13328309852937253,0.1992350603663761,nan
2127872.0,0.17672059684891578,0.23907326170343574,nan
2129920.0,0.11781120144158204,0.18003213159805667,nan
2131968.0,0.15848973234813296,0.22933139213077824,nan
2134016.0,0.13565235485472077,0.21231695525607255,nan
2136064.0,0.11474459946824254,0.24148551514836822,nan
2138112.0,0.17905017568392367,0.22954393544585946,nan
2140160.0,0.18615896300743978,0.22878248912830665,nan
2142208.0,0.29460108834205767,0.16145441032617133,nan
2144256.0,0.18373414870461394,0.23636630394125496,nan
2146304.0,0.2908407734545967,0.19061018717731187,nan
2148352.0,0.1017106133307494,0.24819641174116955,nan
2150400.0,0.2625090926757551,0.20859313226740567,nan
2152448.0,0.32709511101509847,0.12028185231485716,nan
2154496.0,0.22494442577532114,0.21644332025463672,nan
2156544.0,0.2508506462514277,0.1934689099773893,nan
2158592.0,0.3289629940494731,0.0933404953647708,nan
2160640.0,0.1784972670342355,0.25860305561319263,nan
2162688.0,0.27878549756990023,0.19691538307738246,nan
2164736.0,0.2617306350221954,0.2045162593564649,nan
2166784.0,0.2334308710101227,0.24462819421389811,nan
2168832.0,0.25582425357195654,0.224268704357387,nan
2170880.0,0.2576511492663928,0.20281438871252358,nan
2172928.0,0.05020121725816248,0.25595843972377685,nan
2174976.0,0.0604592147985244,0.26673211788223655,nan
2177024.0,0.2692534578387844,0.2194457728976542,nan
2179072.0,0.19584068992042808,0.23888343582489688,nan
2181120.0,0.28219359861770005,0.17774189122184988,nan
2183168.0,0.2078222832156123,0.2248486580484766,nan
2185216.0,0.2535925470681727,0.20407389949141275,nan
2187264.0,0.27668973211698733,0.18986623384686174,nan
2189312.0,0.19707255517688538,0.23919404061777658,nan
2191360.0,0.26732893236647537,0.19805223098941202,nan
2193408.0,0.2993128596591202,0.18748723584312105,nan
2195456.0,0.31545820592785917,0.16691395639259363,nan
2197504.0,0.3097267732410722,0.12638207319351646,nan
2199552.0,0.25275119455783274,0.22484762292171911,nan
2201600.0,0.3266078328619939,0.11213478584825406,nan
2203648.0,0.3257643752719033,0.12381367104987036,nan
2205696.0,0.16602983745489736,0.22520966806375134,nan
2207744.0,0.17947087384728677,0.22733482240718436,76.3929313929314
2209792.0,0.19007334754330402,0.23683569718306638,nan
2211840.0,0.25268258137887656,0.2329629126195201,nan
2213888.0,0.33650086910942967,0.08854834688538428,nan
2215936.0,0.26273178525456586,0.21854668221585763,nan
2217984.0,0.3084125555206909,0.14321483794763623,nan
2220032.0,0.32459757263580497,0.1277006925725013,nan
2222080.0,0.22814831097876617,0.2335643006532737,nan
2224128.0,0.3321982553577085,0.11277543782710442,nan
2226176.0,0.1471612865147576,0.26936820893177543,nan
2228224.0,0.22864492309142184,0.22839096755748822,nan
2230272.0,0.1708772739035847,0.23861757894574162,nan
2232320.0,0.23419775984707142,0.23043101723733006,nan
2234368.0,0.34345378174003965,0.10487850680887015,nan
2236416.0,0.16952366362827506,0.26713229975037106,nan
2238464.0,0.3593955340051038,0.06945051369913306,nan
2240512.0,0.3422151409476418,0.10760345307707628,nan
2242560.0,0.2927481441885438,0.1656140760498638,nan
2244608.0,0.25472905337912455,0.2003274816005638,nan
2246656.0,0.26935709441885813,0.1845226560128047,nan
2248704.0,0.23145905933332708,0.23431764564066954,nan
2250752.0,0.2625461547614147,0.22980521183715927,nan
2252800.0,0.13215526260971705,0.2050184571004687,nan
2254848.0,0.21804964243430763,0.20634766331413126,nan
2256896.0,0.15292041998312367,0.20303210349671347,nan
2258944.0,0.11491518182822945,0.22964442605071592,nan
2260992.0,0.05049053311757597,0.21718493519063875,nan
2263040.0,0.25545349380541815,0.2054869022104373,nan
2265088.0,0.11562629501822971,0.21697511247629553,nan
2267136.0,0.1397446939625385,0.23501131060378613,nan
2269184.0,0.14871093407689456,0.2133528343465959,nan
2271232.0,0.26447111274641816,0.19767106916560429,nan
2273280.0,0.08047763516775858,0.21962950130551273,nan
2275328.0,0.22527337210648912,0.24019688509195633,nan
2277376.0,0.15516253183068401,0.25290136617568576,nan
2279424.0,0.10499175654099976,0.25600892682434023,nan
2281472.0,0.25281304018299927,0.21560026379707245,nan
2283520.0,0.19425393395712537,0.22052072737723039,nan
2285568.0,0.2905693883785211,0.17644666795454655,nan
2287616.0,0.052022247808618534,0.2520759477778341,nan
2289664.0,0.308370738688317,0.18097824160830409,nan
2291712.0,0.30935057825365947,0.15117388812144447,nan
2293760.0,0.27217373683836665,0.18768193736212663,nan
2295808.0,0.18601432365882525,0.22587710013605838,nan
2297856.0,0.1759280875236804,0.24894757377316787,nan
2299904.0,0.2283261560703579,0.2299326136988803,nan
2301952.0,0.2411925835902825,0.21061126635035932,nan
2304000.0,0.3153306215257732,0.15045485357416954,nan
2306048.0,0.20584568175328927,0.2563575341273333,nan
2308096.0,0.27848225287530315,0.19155587505736524,55.23908523908524
2310144.0,0.2291106616629241,0.24089506495410673,nan
2312192.0,0.0816924317214697,0.17693430047136832,nan
2314240.0,0.23939972172565874,0.20645689006830698,nan
2316288.0,0.2203697925503771,0.24522191360596637,nan
2318336.0,0.1708626354452266,0.24588982367803539,nan
2320384.0,0.20634322339065025,0.2356937795586991,nan
2322432.0,0.17708230374791847,0.23589867541504836,nan
2324480.0,0.2079729597317327,0.202028762100633,nan
2326528.0,0.1588702875598969,0.23296956782988043,nan
2328576.0,0.11896051434488904,0.2399426029484547,nan
2330624.0,0.11593144041670017,0.27370940229848095,nan
2332672.0,0.20891767999515803,0.24222910321161772,nan
2334720.0,0.16361653136091325,0.24410138479949656,nan
2336768.0,0.16325221562754444,0.24633451311903629,nan
2338816.0,0.2856805612416242,0.20273945163196067,nan
2340864.0,0.29942482083320454,0.1753698729613632,nan
2342912.0,0.09573160418570244,0.23764805071886827,nan
2344960.0,0.027868726425109326,0.18848932605521979,nan
2347008.0,0.1814857291741789,0.23574846757318743,nan
2349056.0,0.21210249419236266,0.24870039511949332,nan
2351104.0,0.12465157295352604,0.23442917231250396,nan
2353152.0,0.2581523626025649,0.19818360635961865,nan
2355200.0,0.18257906047963018,0.23075415969573748,nan
2357248.0,0.1173940293087454,0.2534336811021924,nan
2359296.0,0.23424643261117328,0.22458508994379037,nan
2361344.0,0.14535878711671224,0.26703352108906653,nan
2363392.0,0.06671748471684547,0.24081244080267453,nan
2365440.0,0.035343992377075556,0.16531999264233133,nan
2367488.0,0.11449947012083007,0.19309434595736427,nan
2369536.0,-0.015087664264130293,0.12345771449779466,nan
2371584.0,0.09714002188815334,0.23842507719675524,nan
2373632.0,0.0717510083801793,0.24486081737604054,nan
2375680.0,0.026552711243785554,0.2400969762291407,nan
2377728.0,0.20334177179317556,0.2417285167248114,nan
2379776.0,0.137057033370922,0.2559907282116494,nan
2381824.0,0.18471808556598812,0.23715915767941018,nan
2383872.0,0.1921875141205055,0.23589284738682298,nan
2385920.0,0.060713382352816064,0.2558474927935157,nan
2387968.0,0.16882697592025014,0.24209624494492132,nan
2390016.0,0.21526550549048398,0.23522945837163803,nan
2392064.0,0.3107258904131466,0.1658209576942817,nan
2394112.0,0.054696665860016785,0.2527508482813045,nan
2396160.0,0.2995103637859937,0.18054958241509517,nan
2398208.0,0.1851771666683586,0.25225297463041946,nan
2400256.0,0.1753532488992008,0.24798476119312785,nan
2402304.0,0.2319860202982497,0.22763241990071723,nan
2404352.0,0.31569626341127827,0.14112433142011716,nan
2406400.0,0.08806575070344595,0.2440481694895441,nan
2408448.0,0.20950342530441252,0.219642622333307,60.88357588357587
2410496.0,0.21377416848532815,0.2502539897454929,nan
2412544.0,0.2738102012431061,0.20648057306378448,nan
2414592.0,0.1184541088275339,0.21764424928843135,nan
2416640.0,0.25528731045493114,0.1832414861567096,nan
2418688.0,0.24244622206206382,0.2289813455392708,nan
2420736.0,0.32652803412588555,0.1452900233335533,nan
2422784.0,0.2107702174298487,0.21675477216977182,nan
2424832.0,0.11335615404671891,0.23231369852403194,nan
2426880.0,0.2637604528970971,0.18973353759769312,nan
2428928.0,0.2679148537364031,0.18577409552826932,nan
2430976.0,0.14667236080292595,0.22743927864837155,nan
2433024.0,0.277574086393535,0.18548206398749506,nan
2435072.0,0.24113145108057737,0.211808497767059,nan
2437120.0,0.2036606431477309,0.18978679945198978,nan
2439168.0,0.20597408701912387,0.22278757860066234,nan
2441216.0,0.19846236588112565,0.2194485690663418,nan
2443264.0,0.18483710185869562,0.23179128952855613,nan
2445312.0,0.2017880715609807,0.23553337748921738,nan
2447360.0,0.18039064162452492,0.2598205401885926,nan
2449408.0,0.14198509943473825,0.256683153950335,nan
2451456.0,0.23191211812399296,0.22274442168246214,nan
2453504.0,0.27103615143880655,0.20005182735291246,nan
2455552.0,0.049018728334063566,0.25408841120220554,nan
2457600.0,0.23863930405911526,0.19615266690058683,nan
2459648.0,0.17918372251359532,0.2604881865404778,nan
2461696.0,0.15170322282005622,0.24849698095651993,nan
2463744.0,0.26030246223713827,0.19792441659813403,nan
2465792.0,0.2504335605811357,0.21549194481079537,nan
2467840.0,0.21877349436676585,0.21323542626204464,nan
2469888.0,0.335518352867475,0.12427683213030345,nan
2471936.0,0.23422194624315143,0.21418391866757516,nan
2473984.0,0.10284038255622148,0.271858849119919,nan
2476032.0,0.3070243755246567,0.1936118691516316,nan
2478080.0,0.19225099685109492,0.2288727118395664,nan
2480128.0,0.2257147713752659,0.17714647517549476,nan
2482176.0,0.3169524198127709,0.1334656181859834,nan
2484224.0,0.14485569473866566,0.24449195734669663,nan
2486272.0,0.14704175608963743,0.2255032203382764,nan
2488320.0,0.09192536791642172,0.18336466680188127,nan
2490368.0,0.16892654623700923,0.2371873192235437,nan
2492416.0,0.04339664736491974,0.23279569448201254,nan
2494464.0,0.12092450172903375,0.2326526867649263,nan
2496512.0,0.26599147630497194,0.19824018720093853,nan
2498560.0,0.2543673465432319,0.21869027887020523,nan
2500608.0,0.1789750110277772,0.23932945456529628,nan
2502656.0,0.2134446426410328,0.22099439790580758,nan
2504704.0,0.214869436552294,0.24708411011558576,nan
2506752.0,0.06410403622236704,0.2118505311734809,nan
2508800.0,0.009152600715403802,0.19415595949312425,31.539454286038627
2510848.0,-0.014354311850745857,0.20021402075758674,nan
2512896.0,0.1021538773362518,0.1925028967820377,nan
2514944.0,0.19793066611463872,0.2446109919235424,nan
2516992.0,0.07129649158885953,0.1870186587928875,nan
2519040.0,0.11793224949906803,0.2167745959691147,nan
2521088.0,0.21495504333912752,0.1967377440967286,nan
2523136.0,0.2805424804118164,0.2059368224206256,nan
2525184.0,0.26495819928522724,0.18758750065438257,nan
2527232.0,0.24703759997154728,0.2045869758859119,nan
2529280.0,0.003793156293784296,0.22057329129726536,nan
2531328.0,0.27119156876009226,0.20431444431544474,nan
2533376.0,0.30627518819674393,0.17954389160133782,nan
2535424.0,0.10467202015023239,0.1736578055096025,nan
2537472.0,0.17134848906917421,0.1826774744271805,nan
2539520.0,-0.028060762846908748,0.1332251742351089,nan
2541568.0,0.24883376651029468,0.20313450226697272,nan
2543616.0,0.2085635131167263,0.20900309920746543,nan
2545664.0,0.14336692048430444,0.2015320885801385,nan
2547712.0,0.27507827535878027,0.20194159985993645,nan
2549760.0,0.1551529193052112,0.2604832519694833,nan
2551808.0,0.1715291907741825,0.2709082049395953,nan
2553856.0,0.22273540265593517,0.24533238100441215,nan
2555904.0,0.33831226689703764,0.126387115653182,nan
2557952.0,0.12187498493252374,0.23089036155189835,nan
2560000.0,0.026439846705242,0.2460921254968257,nan
2562048.0,0.19346972689482156,0.2502659937315419,nan
2564096.0,0.26398715150048596,0.20393680681993462,nan
2566144.0,0.28622533546270357,0.16531636665323135,nan
2568192.0,0.12676728759726033,0.22939303232442543,nan
2570240.0,0.11234600922064092,0.24902942803849915,nan
2572288.0,0.12416627089145597,0.2533137692239855,nan
2574336.0,0.1260891594345717,0.2633632782447602,nan
2576384.0,0.26371067784247004,0.19044024753409441,nan
2578432.0,0.26368335745599475,0.17582820705845456,nan
2580480.0,0.21034826784960245,0.2139543135802917,nan
2582528.0,0.1802015155980107,0.2436560755660691,nan
2584576.0,0.2674681588443359,0.19149382859217784,nan
2586624.0,0.22225408141969571,0.20950453052844936,nan
2588672.0,0.0445519891625127,0.20077740039612624,nan
2590720.0,0.1208621369563442,0.21718967777334927,nan
2592768.0,0.3085393136705209,0.1470008976632757,nan
2594816.0,0.20314956139861357,0.21809086945090117,nan
2596864.0,0.3072717760297834,0.15864307343034642,nan
2598912.0,0.18348671974842506,0.22252592478219313,nan
2600960.0,0.17691479166117785,0.21299759390666884,nan
2603008.0,0.22185557586684995,0.22347344812244604,nan
2605056.0,0.3174207150313943,0.13141841878806804,nan
2607104.0,0.28161338166656635,0.18512538279301127,nan
2609152.0,0.16938653708758955,0.23858373298708627,72.37006237006237
2611200.0,0.20927661098862527,0.23981111927717483,nan
2613248.0,0.1723422393706367,0.23992856203870214,nan
2615296.0,0.25823930805780965,0.20371658398214296,nan
2617344.0,0.3614142436491088,0.07930859390579834,nan
2619392.0,0.29667722629434057,0.19149156609027398,nan
2621440.0,0.2337569327952629,0.200022166242895,nan
2623488.0,0.23314586886984856,0.2078195801681774,nan
2625536.0,0.25989783902566066,0.1989566438300665,nan
2627584.0,0.153751726024353,0.2631017092038916,nan
2629632.0,0.11865937664088293,0.24075240748555618,nan
2631680.0,0.03770646439439118,0.24150597294429296,nan
2633728.0,0.1403789252518382,0.245000780595916,nan
2635776.0,0.18313216789449885,0.21323240949641384,nan
2637824.0,0.25144083731023625,0.19601563738276537,nan
2639872.0,0.3490276136399778,0.10646093276378907,nan
2641920.0,0.35637085220150344,0.06249511489600238,nan
2643968.0,0.30580157539558483,0.15764330156100714,nan
2646016.0,0.2760530890092032,0.16743460792256645,nan
2648064.0,0.26060744357191723,0.218697843841974,nan
2650112.0,0.24842957406011645,0.21769007813752564,nan
2652160.0,0.24107855720399726,0.2029801941426788,nan
2654208.0,0.27919380519742704,0.15945717908021914,nan
2656256.0,0.22629701369404692,0.21559510074295374,nan
2658304.0,0.23246098637798057,0.20887554349896464,nan
2660352.0,0.21194747509842515,0.22173245844309458,nan
2662400.0,0.04620550567484979,0.19181966840150155,nan
2664448.0,0.2752912458094915,0.1940305179502866,nan
2666496.0,0.29378185517989097,0.170023937433735,nan
2668544.0,0.16920956073389742,0.23841947950319292,nan
2670592.0,0.13169614380027228,0.21751226589319156,nan
2672640.0,0.24957361804468342,0.2058432214810126,nan
2674688.0,0.22857796847980266,0.24525277478404967,nan
2676736.0,0.3452063206372133,0.08182722528626679,nan
2678784.0,0.37347490702051084,0.054498923366470844,nan
2680832.0,-0.012751661274787477,0.19209222990346175,nan
2682880.0,0.24231496599073551,0.17946983345917591,nan
2684928.0,0.2631757375776149,0.188370197153072,nan
2686976.0,0.24967303212035025,0.2246631445045106,nan
2689024.0,0.22521933070755581,0.21556893563990415,nan
2691072.0,0.3380113162092311,0.11761737701173706,nan
2693120.0,0.18805778782743118,0.2587304185731924,nan
2695168.0,0.304277440820797,0.1737445851586931,nan
2697216.0,0.16404027679082106,0.25397692091833224,nan
2699264.0,0.30715368940320714,0.18929154681262592,nan
2701312.0,0.22222525316614633,0.2315417610668982,nan
2703360.0,0.26625867788050006,0.17816467915286172,nan
2705408.0,0.18884058795035186,0.20805167473118458,nan
2707456.0,0.24718402119898483,0.19840756100111398,nan
2709504.0,0.32078181075049056,0.18369051070940087,81.67359667359668
2711552.0,0.2591552147191216,0.19929814773881496,nan
2713600.0,0.24525624392991863,0.18829156677704953,nan
2715648.0,0.2788781909775209,0.1956659583884206,nan
2717696.0,0.2924762965605795,0.16414491278479137,nan
2719744.0,0.11807289514686625,0.22206818633072503,nan
2721792.0,0.2715466259791582,0.19256521513326286,nan
2723840.0,0.3596455286332111,0.04185644021349451,nan
2725888.0,0.2449339740159109,0.19941783132119767,nan
2727936.0,0.0880930473849673,0.27031382912626434,nan
2729984.0,0.2519269324149863,0.23676130150500033,nan
2732032.0,0.17359910893368377,0.2284334333039366,nan
2734080.0,0.26002086449676665,0.18282047113221453,nan
2736128.0,0.1999614944717861,0.20321605918140528,nan
2738176.0,0.2525156824902106,0.2096248406378843,nan
2740224.0,0.2803373731418626,0.18168609730802512,nan
2742272.0,0.2624381327794955,0.19886690818285227,nan
2744320.0,0.2976340823107528,0.18539429486587997,nan
2746368.0,0.19475277756417703,0.23703563572040284,nan
2748416.0,0.23008431055012857,0.24545489767716722,nan
2750464.0,0.3389506136276268,0.1150419251317366,nan
2752512.0,0.29867571979545293,0.16488175006942732,nan
2754560.0,0.18542095214229523,0.2321925526427897,nan
2756608.0,0.19577167188015465,0.25720838646626654,nan
2758656.0,0.17300759764589715,0.20868497737095137,nan
2760704.0,0.2583141571074666,0.19303040544415329,nan
2762752.0,0.25110967010646035,0.16575952035826685,nan
2764800.0,0.203031086563294,0.24457747982765646,nan
2766848.0,0.2856580124800234,0.1814841481031483,nan
2768896.0,0.16356307194070324,0.2568291442416231,nan
2770944.0,0.27507818254731425,0.2143809456866803,nan
2772992.0,0.3329864046442517,0.14509968788057587,nan
2775040.0,0.25727898519383524,0.19617232065793944,nan
2777088.0,0.2595763032662372,0.22290640348501486,nan
2779136.0,0.25692265624043664,0.21302194939251853,nan
2781184.0,0.23936396206833951,0.2002489011791514,nan
2783232.0,0.25460349981981417,0.19063599267749604,nan
2785280.0,0.160682803389131,0.23430301420233618,nan
2787328.0,0.05841025166923053,0.19598607887279532,nan
2789376.0,0.15994869900360026,0.2166522263451824,nan
2791424.0,0.22172778219444672,0.17793860147118026,nan
2793472.0,0.08240598281502197,0.23235253107127884,nan
2795520.0,0.18174813118952682,0.25675846982288464,nan
2797568.0,0.012814903862507266,0.25403184312278226,nan
2799616.0,0.1141686306977753,0.24380430677034584,nan
2801664.0,0.22777077735687568,0.24242395856097132,nan
2803712.0,0.19582279319050613,0.19863907449706994,nan
2805760.0,0.10107984657803068,0.2193387098313557,nan
2807808.0,0.2868189344377199,0.1942265917983742,nan
2809856.0,0.32920576240558824,0.11962016610018593,63.4927234927235
2811904.0,0.2775937671820288,0.19912201066278762,nan
2813952.0,0.32586881419566216,0.14581223614553515,nan
2816000.0,0.13557279475784403,0.22472276466170668,nan
2818048.0,0.17543312174737094,0.24520449893075397,nan
2820096.0,0.307095866483465,0.16847926548085712,nan
2822144.0,0.2550611230315841,0.19304652713826112,nan
2824192.0,0.23662020958658195,0.23691782813978549,nan
2826240.0,0.1925231688349662,0.25411861791070606,nan
2828288.0,0.2214640444672018,0.1928818813119299,nan
2830336.0,0.1859151079358594,0.22028525955684225,nan
2832384.0,0.14501017621680007,0.21117781958202192,nan
2834432.0,0.3492057451364689,0.07599457961882179,nan
2836480.0,0.24469594224263805,0.2022438779709605,nan
2838528.0,0.34041842839644143,0.06197952645408324,nan
2840576.0,0.19793755305894709,0.23107332010438733,nan
2842624.0,0.25354654269536925,0.2132564243129944,nan
2844672.0,0.17222635897120633,0.2112167546669739,nan
2846720.0,0.2425844800760044,0.2314956075516522,nan
2848768.0,0.19133892339378092,0.26089998146233095,nan
2850816.0,0.33143204098081885,0.13253358158521786,nan
2852864.0,0.28691196845176276,0.16998766806556645,nan
2854912.0,0.27091566651505716,0.20043957743953994,nan
2856960.0,0.1610423645358019,0.2588799092171789,nan
2859008.0,0.18166492874651952,0.2515608695906148,nan
2861056.0,0.2801360950913124,0.16789930014983465,nan
2863104.0,0.2881031126256192,0.1889020529394843,nan
2865152.0,0.18772505320388416,0.23698930417261316,nan
2867200.0,0.28343795048209597,0.16813335172268748,nan
2869248.0,0.06913516241714443,0.20528799168565423,nan
2871296.0,0.1433581024032849,0.22353088954263411,nan
2873344.0,0.14035490872240333,0.2447856409083709,nan
2875392.0,0.07974456251628309,0.25552125911071205,nan
2877440.0,0.16207732113712972,0.2551714675202,nan
2879488.0,0.123993172584142,0.2671039957795821,nan
2881536.0,0.05182561396302002,0.23157319684807956,nan
2883584.0,0.07435727257974568,0.24707038531317013,nan
2885632.0,0.25394914190429885,0.19105131826555552,nan
2887680.0,0.16115643761842618,0.2578984653676106,nan
2889728.0,0.2986736156528589,0.18214469534142466,nan
2891776.0,0.2226754285281761,0.22783166453202172,nan
2893824.0,0.013513222763759014,0.16744473825230655,nan
2895872.0,0.13807918624354554,0.22230300076231518,nan
2897920.0,0.08199919754101892,0.20320546637502784,nan
2899968.0,0.12290521385119574,0.21796769749578288,nan
2902016.0,0.03997816940976051,0.22682040800780687,nan
2904064.0,0.11297103269571203,0.27020059147033826,nan
2906112.0,0.1899501359817017,0.250706269950166,nan
2908160.0,0.1728543913420752,0.251251452211584,nan
2910208.0,0.09138053368946128,0.26494231642175253,51.81912681912682
2912256.0,0.030891846837582147,0.2277851616715521,nan
2914304.0,0.061341091795785674,0.25979422905480604,nan
2916352.0,0.2527798096187681,0.20901994893185197,nan
2918400.0,0.20032071869043486,0.22554551849731208,nan
2920448.0,0.2726745758701109,0.19894375153819996,nan
2922496.0,0.2261421445124653,0.2383405241351719,nan
2924544.0,0.18963369642835132,0.24472366758718056,nan
2926592.0,0.2648475630514592,0.19531022222226618,nan
2928640.0,0.06664357838616002,0.1693817014901186,nan
2930688.0,0.2269119211099943,0.19614862427012655,nan
2932736.0,0.2804124877222344,0.21203616627437732,nan
2934784.0,0.27016852083532683,0.2125918571337477,nan
2936832.0,0.30661942231768713,0.15169301354068257,nan
2938880.0,0.20431429634732393,0.21372532056690055,nan
2940928.0,0.18748446212815895,0.2374603913223862,nan
2942976.0,0.17631735826156394,0.2501421216909416,nan
2945024.0,0.10872845309965593,0.2565923369308269,nan
2947072.0,0.29243412418142023,0.18138868373629158,nan
2949120.0,0.2542747313047574,0.19491851695041662,nan
2951168.0,0.2917712553517907,0.1483237139914116,nan
2953216.0,0.14922918128003473,0.25689108873999933,nan
2955264.0,0.13970940334887932,0.2560111488166131,nan
2957312.0,0.27165580975498105,0.18916283984243396,nan
2959360.0,0.09081710866464032,0.2519826832202442,nan
2961408.0,0.26945530896785236,0.19819970155510658,nan
2963456.0,0.21869331079983806,0.19314335569272362,nan
2965504.0,0.2015379304938841,0.20473110313958512,nan
2967552.0,0.1395540565554426,0.23251233094958462,nan
2969600.0,0.04885334024010315,0.1920610140835178,nan
2971648.0,0.16957627117542295,0.21006882515379607,nan
2973696.0,0.048259257395949204,0.1821430180363334,nan
2975744.0,0.2607108569602107,0.17398455926034725,nan
2977792.0,0.26217632286000214,0.18744493769019815,nan
2979840.0,0.3166491779083563,0.15672189240398335,nan
2981888.0,0.221677234112093,0.2185229941376973,nan
2983936.0,0.21343643242403532,0.22138321286975485,nan
2985984.0,0.16052623670405253,0.25541798905357144,nan
2988032.0,0.1392944496992884,0.2553518821290073,nan
2990080.0,0.07606707709540653,0.24447008841089665,nan
2992128.0,0.13431635084863552,0.23767585814251369,nan
2994176.0,0.28268339871776504,0.20303825977502576,nan
2996224.0,0.2140771434714696,0.2069313917906845,nan
2998272.0,0.13281467212617665,0.24799579249595471,nan
3000320.0,0.09662607911244464,0.2583493858840442,nan
3002368.0,0.13398702985821626,0.2584151584672033,nan
3004416.0,0.33137168786369287,0.13607209651083008,nan
3006464.0,0.2619332934935893,0.20112011698250856,nan
3008512.0,0.1389946952569785,0.23844065126020783,nan
3010560.0,0.2654418282358457,0.19390174781971128,70.08316008316008
3012608.0,0.19757611087410887,0.2584929939765917,nan
3014656.0,0.20704087859588086,0.22838162464527884,nan
3016704.0,0.29847602730545375,0.1552161408146894,nan
3018752.0,0.14634393123127326,0.2613316225534301,nan
3020800.0,0.18229401542987816,0.2523032956069588,nan
3022848.0,0.28415719205260004,0.18781640847521552,nan
3024896.0,0.1306795327017463,0.2097704934508251,nan
3026944.0,0.11726212101615247,0.23288880867671666,nan
3028992.0,0.21563430743591833,0.20435295211446908,nan
3031040.0,0.22676549415506553,0.20607476287966475,nan
3033088.0,0.28405526509879603,0.1683165474848894,nan
3035136.0,0.3060184452587592,0.14542322323792176,nan
3037184.0,0.2305811069794061,0.1858212233829729,nan
3039232.0,0.2192923685897051,0.22223395557658496,nan
3041280.0,0.3551253354040153,0.10201370224577737,nan
3043328.0,0.19006684839631724,0.2410234610498019,nan
3045376.0,0.23952449242202212,0.20709592850780098,nan
3047424.0,0.24448494770110285,0.18780523365531335,nan
3049472.0,0.07059478861388736,0.2298533324839961,nan
3051520.0,0.3011024244645314,0.13393162536908823,nan
3053568.0,0.2754810504388207,0.1824657717018005,nan
3055616.0,0.29773040880324286,0.17251265612357078,nan
3057664.0,0.23876683405202018,0.2056448333055347,nan
3059712.0,0.23406943709310266,0.23106422935402207,nan
3061760.0,0.1501115653199292,0.2380309193096583,nan
3063808.0,0.15983304977856766,0.23533667912300693,nan
3065856.0,0.17510882505932374,0.22639264854789906,nan
3067904.0,0.3153334359106965,0.11483666015278819,nan
3069952.0,0.11978924249634965,0.24944420357982114,nan
3072000.0,0.17582108205052108,0.23792427498063054,nan
3074048.0,0.3003741850753934,0.1473645728422806,nan
3076096.0,0.28087396906585566,0.14743097941312108,nan
3078144.0,0.17437054289738557,0.22230205103969758,nan
3080192.0,0.30022165614678153,0.1594286224243713,nan
3082240.0,0.15298753772669577,0.24542463702868816,nan
3084288.0,0.2720150780821301,0.2069323612652076,nan
3086336.0,0.1733512643412958,0.2458146162339412,nan
3088384.0,0.22406444696855918,0.19933642937718513,nan
3090432.0,0.23712676963556267,0.19975035684527775,nan
3092480.0,0.27073062851499263,0.19843633987943252,nan
3094528.0,0.17097180822783964,0.22118700704685043,nan
3096576.0,0.21011543535373162,0.17745098544223817,nan
3098624.0,0.13559242229394897,0.2165161776543409,nan
3100672.0,0.2245897428112092,0.19747213460236965,nan
3102720.0,0.31522284430350467,0.1519642478512666,nan
3104768.0,0.23602001617733726,0.18540484099291257,nan
3106816.0,0.15063860232152548,0.20204187962134734,nan
3108864.0,0.26912357483301813,0.18822855925622958,nan
3110912.0,0.23813004641466545,0.19602694435639673,61.72557172557172
3112960.0,-3.6867334978926e-05,0.19539972826393143,nan
3115008.0,0.2637462311343025,0.20070177995466545,nan
3117056.0,0.23921704634079147,0.21009593913591731,nan
3119104.0,0.23563702663052594,0.21466661620341673,nan
3121152.0,0.20426875524536228,0.22337575004819418,nan
3123200.0,0.30600267839797224,0.1808271353875096,nan
3125248.0,0.18739016685546483,0.25373663437811733,nan
3127296.0,0.3351506296423976,0.13503322933840123,nan
3129344.0,0.30857532589354014,0.14797511461381518,nan
3131392.0,0.24312020323355366,0.2051799506406271,nan
3133440.0,0.20758885626068127,0.20141628043960216,nan
3135488.0,0.24614331585165125,0.20715662064967832,nan
3137536.0,0.13218107792578912,0.2409089634986526,nan
3139584.0,0.052749371633313856,0.2044162780707575,nan
3141632.0,0.07084863941378879,0.2100327945200507,nan
3143680.0,0.1800123495536772,0.22000857208549168,nan
3145728.0,0.30012994525061576,0.17513090623767222,nan
3147776.0,0.22439588740572783,0.23874765123120922,nan
3149824.0,0.27311250562115263,0.18770600509623836,nan
3151872.0,0.33544221901949656,0.1067163527810869,nan
3153920.0,0.2361908338941005,0.1952642780547917,nan
3155968.0,0.2254299307616135,0.23995793108011457,nan
3158016.0,0.1847927401536869,0.23209315543230638,nan
3160064.0,0.34201037148950364,0.024459735990724343,nan
3162112.0,0.21189299191789535,0.2072476386316145,nan
3164160.0,0.1298427042912982,0.22012143194940256,nan
3166208.0,0.2054749873495153,0.21687379625629125,nan
3168256.0,0.29605685087951294,0.1688359006606381,nan
3170304.0,0.19854684046366072,0.2208638249818711,nan
3172352.0,0.2612474487169496,0.18364115068912634,nan
3174400.0,0.28815960086670106,0.1782372959105295,nan
3176448.0,0.3029918621112948,0.1423174326240426,nan
3178496.0,0.11816883363780359,0.2564157669030919,nan
3180544.0,0.2792713515787844,0.17628049616022518,nan
3182592.0,0.24313626017199602,0.19475316131042672,nan
3184640.0,0.22531338067777631,0.2209348602998738,nan
3186688.0,0.22675610445734323,0.20966734249033783,nan
3188736.0,0.24581979588502348,0.22873341517413265,nan
3190784.0,0.19979896975312592,0.24670072984993976,nan
3192832.0,0.21964322672461437,0.2155774294057045,nan
3194880.0,0.2430000549024806,0.18900478384323618,nan
3196928.0,0.2678527414148637,0.14510748079479327,nan
3198976.0,0.2845009026083221,0.17282635475287425,nan
3201024.0,0.2175480094780009,0.23587606829578553,nan
3203072.0,0.26031364618891667,0.20331012684260447,nan
3205120.0,0.21593038001788978,0.22866850547366308,nan
3207168.0,0.28192832742007123,0.1882762627427746,nan
3209216.0,0.2780380372700407,0.18826018060751587,nan
3211264.0,0.1283214818135467,0.26414990607886346,67.08939708939708
3213312.0,0.21681586042438078,0.2578697468213027,nan
3215360.0,0.16400031514349522,0.24057324408454422,nan
3217408.0,0.15475462579127588,0.25378107637619807,nan
3219456.0,0.24818544858179703,0.1972797515767891,nan
3221504.0,0.2752231814938536,0.19769160008373227,nan
3223552.0,0.25458084610178133,0.2127935878356014,nan
3225600.0,0.17826494225889128,0.23911708832100295,nan
3227648.0,0.28727157870109343,0.15658621602579753,nan
3229696.0,0.25907184503655756,0.17814958525539248,nan
3231744.0,0.12382482132266667,0.21880454259919446,nan
3233792.0,0.1607684846637969,0.26394772421485735,nan
3235840.0,0.2199882674051675,0.2127700793233778,nan
3237888.0,0.24314241358700794,0.15749406485436576,nan
3239936.0,0.259763834598474,0.20371386597859029,nan
3241984.0,0.26878928059935203,0.18837809341255135,nan
3244032.0,0.251041241740571,0.20349611392165756,nan
3246080.0,0.23120040077602033,0.22256734500417225,nan
3248128.0,0.21009470524412782,0.19559590369316227,nan
3250176.0,0.3099623517712529,0.1253387811724466,nan
3252224.0,0.2299748040448485,0.17866170860987315,nan
3254272.0,0.2618836581090595,0.17572792043959565,nan
3256320.0,0.32338964786050023,0.10890607414137636,nan
3258368.0,0.3159585667694831,0.15449401390982168,nan
3260416.0,0.31897096756262455,0.12028097714157211,nan
3262464.0,0.039704385430879466,0.25554129657821856,nan
3264512.0,0.25267260618506915,0.2188061649322726,nan
3266560.0,0.2696515649159753,0.1851263926090886,nan
3268608.0,0.32123861466981296,0.12886972750715275,nan
3270656.0,0.26165963224997313,0.20144776777299828,nan
3272704.0,0.28357302876371315,0.19119431802518824,nan
3274752.0,0.10718431064286972,0.20884263226660926,nan
3276800.0,0.20929879007171548,0.20604156199881649,nan
3278848.0,0.15320767625922027,0.1928489063607555,nan
3280896.0,0.0748545974702094,0.19511639813767484,nan
3282944.0,0.25958931180723793,0.16264025306235033,nan
3284992.0,0.25261654322004334,0.17316285602181045,nan
3287040.0,0.3447379466754749,0.07464970263383953,nan
3289088.0,0.12206880479879567,0.27376307753572526,nan
3291136.0,0.2780047372233547,0.22146967822221628,nan
3293184.0,0.14968895576316696,0.23209386525540449,nan
3295232.0,0.2613506044823034,0.18102243581886446,nan
3297280.0,0.22232024229414987,0.22985582101528362,nan
3299328.0,0.32971315834525894,0.1292209131514275,nan
3301376.0,0.3061300726826557,0.17142651282504148,nan
3303424.0,0.22344478125899614,0.2232517770995818,nan
3305472.0,0.2947816379487564,0.1686465591364743,nan
3307520.0,0.27659842598079787,0.17488415744786,nan
3309568.0,0.2831446935880119,0.20858941071751852,nan
3311616.0,0.26236428302359327,0.20880302301181722,80.69646569646571
3313664.0,0.31158408679911953,0.12878370880437257,nan
3315712.0,0.3154537743461262,0.14028384942718222,nan
3317760.0,0.21697571739590532,0.25811426647186,nan
3319808.0,0.23440892945102235,0.20250504120636034,nan
3321856.0,0.2051208040010773,0.2417256553784897,nan
3323904.0,0.19787072207115233,0.21152747476760908,nan
3325952.0,0.0894012752918503,0.2228236711894971,nan
3328000.0,0.1932571076959727,0.21164129978411952,nan
3330048.0,0.14409256813895166,0.22289964612077964,nan
3332096.0,0.19029317698920228,0.1915720988878659,nan
3334144.0,0.24375447720686824,0.17389629816526958,nan
3336192.0,0.2611015990010438,0.18044739806863777,nan
3338240.0,0.14614184302835162,0.23007651789525355,nan
3340288.0,0.04007973753246161,0.2291056642523009,nan
3342336.0,0.16726540691623,0.2039088531625811,nan
3344384.0,0.3040091110124176,0.15826028728024066,nan
3346432.0,0.3226370774385485,0.12594101033626645,nan
3348480.0,0.22295500476549474,0.21211137352941203,nan
3350528.0,0.19610319891347092,0.1973013064746865,nan
3352576.0,0.27458789212438117,0.19494195668701927,nan
3354624.0,0.0816705274306243,0.25166102071328844,nan
3356672.0,0.1256298031169238,0.21763615595000665,nan
3358720.0,0.12721076145677324,0.23325830862044686,nan
3360768.0,0.20054022779457137,0.1819220585109623,nan
3362816.0,0.11821623657563274,0.25404529102658874,nan
3364864.0,0.13864472964219615,0.216155150195788,nan
3366912.0,0.17347282319892038,0.217581315801578,nan
3368960.0,0.2963539346854018,0.15142954151840535,nan
3371008.0,0.25285020213699466,0.21365950288873226,nan
3373056.0,0.2280561818938744,0.21966005719936701,nan
3375104.0,0.10708132055672362,0.19660811738096917,nan
3377152.0,0.3097106350086067,0.1366692891271456,nan
3379200.0,0.1195678828706372,0.22783776501123507,nan
3381248.0,0.2822285754838745,0.14880247730521975,nan
3383296.0,0.18567443412980728,0.1802768587871663,nan
3385344.0,0.2609255951646129,0.20015708263968507,nan
3387392.0,0.30335624471656797,0.17738692132352363,nan
3389440.0,0.26603942594617896,0.1869560952347902,nan
3391488.0,0.16973235372276274,0.22740847640207293,nan
3393536.0,0.34696615924426166,0.07949169501595124,nan
3395584.0,0.07789386969347514,0.25063067038156617,nan
3397632.0,0.23349270535498046,0.1732642371529911,nan
3399680.0,0.2278062773436862,0.21403869746421136,nan
3401728.0,0.287459813440267,0.13328838440671,nan
3403776.0,0.30564872612119387,0.14545163637622743,nan
3405824.0,0.25298113637912145,0.1960194422809861,nan
3407872.0,0.07190109546473196,0.22584545846285428,nan
3409920.0,0.24626979661946566,0.19561489243141011,nan
3411968.0,0.08869496473923774,0.25041387013347044,57.90020790020789
3414016.0,0.043767300243438584,0.2394999493759753,nan
3416064.0,0.13823854960757143,0.23538140153194137,nan
3418112.0,0.2533435994568869,0.1989550715184025,nan
3420160.0,0.15296337491582998,0.2262468951681158,nan
3422208.0,0.16924963333472348,0.2335168921509031,nan
3424256.0,0.23656589372238018,0.2177537356904882,nan
3426304.0,0.3011855706190461,0.15617520828834602,nan
3428352.0,0.16330665954278273,0.24523700325770675,nan
3430400.0,0.154434555644077,0.21601965495883066,nan
3432448.0,0.1941622109103672,0.23542365074888863,nan
3434496.0,0.10148514185807646,0.2517971860268157,nan
3436544.0,0.19167058471680953,0.20636958942335407,nan
3438592.0,0.17462562499139617,0.22317107082391235,nan
3440640.0,0.19391824638491978,0.20382558577752727,nan
3442688.0,0.33717870324401655,0.13209884512473039,nan
3444736.0,0.22958346791302053,0.20828624731932796,nan
3446784.0,0.24074494119640893,0.19462304049595552,nan
3448832.0,0.22537362215477597,0.23439948122623214,nan
3450880.0,0.2139302437094931,0.21468093414954423,nan
3452928.0,0.19794706265854725,0.22021951584789165,nan
3454976.0,0.23468138907837915,0.22851229921834937,nan
3457024.0,0.23438993164890481,0.20416137614820112,nan
3459072.0,0.3060342051758745,0.15680836522957248,nan
3461120.0,0.337397696636021,0.0528120834481809,nan
3463168.0,0.17856202673787686,0.2561306715830581,nan
3465216.0,0.06821113439226517,0.19885524515235614,nan
3467264.0,0.2635231592433537,0.16852206977215003,nan
3469312.0,0.26540455812870717,0.20811985923687096,nan
3471360.0,0.25483427641455225,0.182783053212817,nan
3473408.0,0.15997025115531655,0.2651967762109366,nan
3475456.0,0.20809023666258653,0.21115467030613663,nan
3477504.0,0.19128854203294,0.19920421872297778,nan
3479552.0,0.25677968682313496,0.1653839113520446,nan
3481600.0,0.27505950634464804,0.2130961518924713,nan
3483648.0,0.2337028019450566,0.2327245317237983,nan
3485696.0,0.279124975478368,0.21558661324611617,nan
3487744.0,0.2876489769125141,0.18439811433905495,nan
3489792.0,0.14881483634097958,0.19586241414008232,nan
3491840.0,0.19907083521483057,0.22311710579695687,nan
3493888.0,0.28170838038294654,0.14827876514954633,nan
3495936.0,0.28383656811621955,0.16742408823539373,nan
3497984.0,0.17411824465296982,0.20147957584312104,nan
3500032.0,0.33715934896910066,0.11996757646756999,nan
3502080.0,0.17455232088522607,0.20959212723980053,nan
3504128.0,0.19039907756033606,0.21894335412810384,nan
3506176.0,0.22957470624050294,0.18311503129825152,nan
3508224.0,0.254180270754062,0.18334272382743452,nan
3510272.0,0.1171375127353447,0.25978171792078464,nan
3512320.0,0.016383021699457097,0.21015588405532812,60.84238037910168
3514368.0,0.3056636393682037,0.15571064806225388,nan
3516416.0,0.2109335734123912,0.2274937516668804,nan
3518464.0,0.17260990370958215,0.20938692201087675,nan
3520512.0,0.2475898478618449,0.18954034264937883,nan
3522560.0,0.18565725776114045,0.22035492236283996,nan
3524608.0,0.29003217514424107,0.18631965655043595,nan
3526656.0,0.25805427693540106,0.1857190844566527,nan
3528704.0,0.09078605174161411,0.24317161565004033,nan
3530752.0,0.20608601299375306,0.2316308495511481,nan
3532800.0,0.13631680186546644,0.23980420839663055,nan
3534848.0,0.20138248269062908,0.23727792650607488,nan
3536896.0,0.24912487747799916,0.21475307335457744,nan
3538944.0,0.293092797402836,0.15129764376330213,nan
3540992.0,0.19306513137647607,0.2128477842405805,nan
3543040.0,0.32563221613520754,0.08188937612093111,nan
3545088.0,0.211579518583167,0.22549881831011137,nan
3547136.0,0.26895985550828233,0.17993081366537217,nan
3549184.0,0.270578953284756,0.20569382973749414,nan
3551232.0,0.33275563150263643,0.0854223460998025,nan
3553280.0,0.1257547928201816,0.21771203682591062,nan
3555328.0,0.1773756018877469,0.2194537601410098,nan
3557376.0,0.20175381705489442,0.21690829905431605,nan
3559424.0,0.28405747672660686,0.1713877324027976,nan
3561472.0,0.23979476548401832,0.17741356135456354,nan
3563520.0,0.21120917565833053,0.2091941257498229,nan
3565568.0,0.23099576774683303,0.1951045794434835,nan
3567616.0,0.17306978042097432,0.2314165454585039,nan
3569664.0,0.3087105974091666,0.1434935707199972,nan
3571712.0,0.3023535585962208,0.19141124453960623,nan
3573760.0,0.20225506821777695,0.2174130412903914,nan
3575808.0,0.31028461465455737,0.1575944839259252,nan
3577856.0,0.3361981636477457,0.09725162689764635,nan
3579904.0,0.28925115452331984,0.17322434659401434,nan
3581952.0,0.31861336866814594,0.1252857678787028,nan
3584000.0,0.3054821128552542,0.1897946521420888,nan
3586048.0,0.31066761037163293,0.16472602102074094,nan
3588096.0,0.29577909232823085,0.17886620995651675,nan
3590144.0,0.29998798898642376,0.17367730134184864,nan
3592192.0,0.29207632025362074,0.1786650717856569,nan
3594240.0,0.29848168365716243,0.13788603994646836,nan
3596288.0,0.2428830825251904,0.1959655350967846,nan
3598336.0,0.2018688459381296,0.24530232582887615,nan
3600384.0,0.34622670916249476,0.09926851383021881,nan
3602432.0,0.21046974216882486,0.23322363628451165,nan
3604480.0,0.21328117629640525,0.20251247153603827,nan
3606528.0,0.19000559392339567,0.19867710138099037,nan
3608576.0,0.25568141700934505,0.1864753231314362,nan
3610624.0,0.22558712998410493,0.18796216343482058,nan
3612672.0,0.25860390307021186,0.17490857194387563,49.10995497338381
3614720.0,0.2929777586541493,0.14756281638319269,nan
3616768.0,0.155190138086993,0.19529946680233642,nan
3618816.0,0.2780845924131977,0.1541018187984896,nan
3620864.0,0.26080779259877135,0.17030173446208946,nan
3622912.0,0.2627252075237417,0.2319069472591161,nan
3624960.0,0.17738499132084748,0.23268676137978744,nan
3627008.0,0.2998240450873936,0.14168489163081757,nan
3629056.0,0.26347511590365874,0.17862171113782713,nan
3631104.0,0.3516308475844001,0.1223367163950835,nan
3633152.0,0.1732632460486122,0.21859494198178986,nan
3635200.0,0.29819295747579266,0.14348343439491157,nan
3637248.0,0.26950610675284936,0.17786338125321663,nan
3639296.0,0.276905583735783,0.16556704160975552,nan
3641344.0,0.19150759788857613,0.22665899388349253,nan
3643392.0,0.12850718949610584,0.187373876901452,nan
3645440.0,0.2405235386754272,0.17995927944422482,nan
3647488.0,0.17099462968096998,0.2607734969810505,nan
3649536.0,0.2906315362714954,0.15422634433930743,nan
3651584.0,0.26326871486969294,0.1927824240229606,nan
3653632.0,0.2174087204954634,0.19961845610801668,nan
3655680.0,0.3484054343046705,0.0679421951578129,nan
3657728.0,0.04885313796725718,0.2510389302173237,nan
3659776.0,0.13377858608438553,0.23599092545721967,nan
3661824.0,0.19559338960052391,0.24043600027130954,nan
3663872.0,0.18564226450941373,0.26204236989096635,nan
3665920.0,0.26304570373920033,0.2018640884781078,nan
3667968.0,0.14356967735261525,0.2673588632588081,nan
3670016.0,0.3358905816452188,0.1588824885095556,nan
3672064.0,0.17183126600558055,0.224421171675609,nan
3674112.0,0.27587484120989936,0.16130894852238387,nan
3676160.0,0.3449450700371764,0.11196225385621177,nan
3678208.0,0.11082260848525669,0.19877457738493282,nan
3680256.0,0.19375394417711791,0.19785165588029086,nan
3682304.0,0.24135688073718098,0.20670389263820732,nan
3684352.0,0.3487302447264291,0.12171983702301113,nan
3686400.0,0.35028622531600767,0.07010065334396931,nan
3688448.0,0.3207960098919189,0.14272317868664708,nan
3690496.0,0.1720695608328045,0.23024778545157748,nan
3692544.0,0.3186354183758118,0.17789824086213743,nan
3694592.0,0.24379083419531503,0.18530267714683274,nan
3696640.0,0.23989183596107905,0.1736018388010105,nan
3698688.0,0.30530224772567327,0.16204164907303711,nan
3700736.0,0.3155673794441664,0.12008999952583872,nan
3702784.0,0.3202047466783326,0.09160300307091881,nan
3704832.0,0.23186813507549064,0.218879346279495,nan
3706880.0,0.318756190833373,0.1254532350344376,nan
3708928.0,0.08260677898085263,0.22636147307840043,nan
3710976.0,0.19047508661215465,0.18918004454642492,nan
3713024.0,0.23068843804376882,0.18710916597294766,85.06237006237008
3715072.0,0.30586100641090347,0.1538730171058296,nan
3717120.0,0.3339844457732514,0.12829137428452325,nan
3719168.0,0.2645237657831688,0.18878493064111793,nan
3721216.0,0.17182188816312782,0.22412116725882433,nan
3723264.0,0.29123372729672237,0.15900549339725834,nan
3725312.0,0.17319657074677186,0.21235667662665508,nan
3727360.0,0.28068141798931345,0.16237930584367802,nan
3729408.0,0.23203716887220008,0.22027738001318983,nan
3731456.0,0.279565950068715,0.17757460240345874,nan
3733504.0,0.15993550234566195,0.22582063955862314,nan
3735552.0,0.11060474431237194,0.20321094611166118,nan
3737600.0,0.33777607139959476,0.1361369372271208,nan
3739648.0,0.22999750996876756,0.18502463617971643,nan
3741696.0,0.1781417180612391,0.20267014818371049,nan
3743744.0,0.327054977930181,0.09551950863471148,nan
3745792.0,0.2422353241955849,0.22252377128685197,nan
3747840.0,0.31127305528007415,0.14268162878616597,nan
3749888.0,0.22613400579805787,0.2260278405513478,nan
3751936.0,0.2847478418299363,0.14013302628785465,nan
3753984.0,0.24271663358603152,0.20744614793925076,nan
3756032.0,0.2794270243133545,0.16946427933355537,nan
3758080.0,0.0736792264181271,0.2096896868428489,nan
3760128.0,0.13225415654319292,0.18325279589140137,nan
3762176.0,0.19844870745919013,0.190867080551764,nan
3764224.0,0.19330290605090364,0.20152275715393164,nan
3766272.0,0.18660340674022602,0.206602648209459,nan
3768320.0,0.08348319849107724,0.2292364643915344,nan
3770368.0,0.24638608583791632,0.20156792902196227,nan
3772416.0,0.25821275557275314,0.19487020105094424,nan
3774464.0,0.2607817912795801,0.19811230142918143,nan
3776512.0,0.21706328763167007,0.22898448487939174,nan
3778560.0,0.2995895963718985,0.16059380030612266,nan
3780608.0,0.31810418216862696,0.1251319798172901,nan
3782656.0,0.2525035273654257,0.17082223212366354,nan
3784704.0,0.31916935209404385,0.14744135824655366,nan
3786752.0,0.2525308322049044,0.19901061922107816,nan
3788800.0,0.23484770980103162,0.2286746150527232,nan
3790848.0,0.3165299103662709,0.15368237327262463,nan
3792896.0,0.3118758895529423,0.17649457747903918,nan
3794944.0,0.256990959261746,0.21799353052887657,nan
3796992.0,0.2481141387510747,0.18731844914434806,nan
3799040.0,0.1153417700457219,0.20427189499164006,nan
3801088.0,0.08653545254448063,0.20116246137914315,nan
3803136.0,0.3581002750923674,0.061047248465954176,nan
3805184.0,0.31628620835524446,0.14678579391900076,nan
3807232.0,0.29228390587058595,0.15526071329002658,nan
3809280.0,0.2351209499810741,0.1791713342246943,nan
3811328.0,0.09818847235124081,0.20275639662893352,nan
3813376.0,0.27921256458704485,0.15674320695878058,80.35343035343035
3815424.0,0.07851428401492255,0.24940650634402237,nan
3817472.0,0.09488846958738513,0.2430502138104087,nan
3819520.0,0.24183282819789786,0.20300572980301448,nan
3821568.0,0.30574942731708543,0.16967866892536543,nan
3823616.0,0.19617978275446782,0.21276681126417654,nan
3825664.0,0.24037108591612533,0.2149305591582584,nan
3827712.0,0.31642186497457836,0.11296977215061765,nan
3829760.0,0.23611890962657936,0.22244834725849116,nan
3831808.0,0.20697996310912514,0.21576341187501524,nan
3833856.0,0.20102369373921686,0.22404816341905875,nan
3835904.0,0.10209719341116485,0.24226248195798802,nan
3837952.0,0.21197160496486556,0.22146538828461604,nan
3840000.0,0.17210486820493412,0.21578059319313445,nan
3842048.0,0.29757684726734107,0.17303417106526234,nan
3844096.0,0.30393377703786884,0.12330513763524972,nan
3846144.0,0.2591756806423109,0.18431591835589148,nan
3848192.0,0.2054315121301147,0.23373473090958052,nan
3850240.0,0.2324052984992731,0.2381937331445328,nan
3852288.0,0.24202267751873394,0.19047080611541617,nan
3854336.0,0.2908315883610244,0.16332698985809047,nan
3856384.0,0.3136332937044985,0.1387489612613883,nan
3858432.0,0.3307731631833189,0.1251059246673377,nan
3860480.0,0.3193774473863731,0.108907838939767,nan
3862528.0,0.34180864305870484,0.053499165898756584,nan
3864576.0,0.17029712091640853,0.23134542017299078,nan
3866624.0,0.18094451745278212,0.2253207591507686,nan
3868672.0,0.22698205888972697,0.2253747813038934,nan
3870720.0,0.3428364845514316,0.1430284079994895,nan
3872768.0,0.3196498901766317,0.1330680337524255,nan
3874816.0,0.1985791995819905,0.22604585729805876,nan
3876864.0,0.19343078240542244,0.195162728374602,nan
3878912.0,0.32399570791337307,0.09488210553632125,nan
3880960.0,0.06994700949326808,0.2215944368932619,nan
3883008.0,0.05446310535780559,0.24299775948379568,nan
3885056.0,0.14348321360348237,0.22780351513759478,nan
3887104.0,0.23998278173435872,0.162879067114814,nan
3889152.0,0.11751268253196023,0.23730935710458484,nan
3891200.0,0.09052481275308244,0.21175988190877162,nan
3893248.0,0.10013382945260704,0.24468091262313973,nan
3895296.0,0.20797500738966462,0.2053948332789758,nan
3897344.0,0.21725824172793137,0.2507354761987649,nan
3899392.0,0.12954100906783356,0.23581172184158974,nan
3901440.0,0.2756179246902271,0.1743381138988212,nan
3903488.0,0.15774099952674586,0.24344539770572987,nan
3905536.0,0.048862667109246596,0.20040470460486826,nan
3907584.0,0.25646468675881184,0.20984868672434323,nan
3909632.0,0.2016933314489519,0.2270386231170712,nan
3911680.0,0.2656889470011172,0.1790375470211121,nan
3913728.0,0.2747220194310225,0.1848070071412338,78.14968814968816
3915776.0,0.2966628783752788,0.1596516912945708,nan
3917824.0,0.3371992052068702,0.04693317463306984,nan
3919872.0,0.2122868305757224,0.21324361340669004,nan
3921920.0,0.16772988250464949,0.18870310257244582,nan
3923968.0,0.2906361170347331,0.1588237418072716,nan
3926016.0,0.2574517004549445,0.20339119155461025,nan
3928064.0,0.29774088396761406,0.13545416315493092,nan
3930112.0,0.3246607108595218,0.13475843534466977,nan
3932160.0,0.28655606769669983,0.13741952537116942,nan
3934208.0,0.17770065916568895,0.21667782427935872,nan
3936256.0,0.28969382086597156,0.14508084194126195,nan
3938304.0,0.20953364131115537,0.22733826462751047,nan
3940352.0,0.13232209149316482,0.2508928749036572,nan
3942400.0,0.17985430000047423,0.22832470514321193,nan
3944448.0,0.3074606977534762,0.13232175135327043,nan
3946496.0,0.2345812417765293,0.20349376856040505,nan
3948544.0,0.22826227784780714,0.19476813278665528,nan
3950592.0,0.23897162438517083,0.2180382467570747,nan
3952640.0,0.2956750164954776,0.1444765716657618,nan
3954688.0,0.150625907134668,0.23593767978219032,nan
3956736.0,0.23186847775241437,0.22475695349910024,nan
3958784.0,0.2647952879585338,0.17722598906449286,nan
3960832.0,0.2625541759853163,0.1895649782461775,nan
3962880.0,0.2165536419835417,0.1983740257627629,nan
3964928.0,0.2406805045747652,0.2043099687736827,nan
3966976.0,0.31967144170686085,0.10835259304943043,nan
3969024.0,0.31518468071289607,0.14357778823575262,nan
3971072.0,0.1862208839685824,0.20749302855225504,nan
3973120.0,0.28999711415152074,0.1655542803622586,nan
3975168.0,0.3061363201453136,0.1492514155990713,nan
3977216.0,0.32930252722809905,0.08592638296808656,nan
3979264.0,0.2932987334213967,0.13925336145140882,nan
3981312.0,0.2819586000281343,0.15812718284684452,nan
3983360.0,0.20052056191829426,0.22525471657280466,nan
3985408.0,0.3046128911673102,0.1663441953801591,nan
3987456.0,0.2794631470852206,0.1643583939770188,nan
3989504.0,0.31404929290621303,0.12077993476128618,nan
3991552.0,0.35067996827660824,0.07738766928611568,nan
3993600.0,0.3267963041851836,0.07614101429285586,nan
3995648.0,0.32233838154454764,0.09605159799187271,nan
3997696.0,0.21670970863076816,0.2067329018521347,nan
3999744.0,0.09161465707611179,0.24068612419434265,nan
4001792.0,0.18191190198704082,0.22309402785812654,nan
4003840.0,0.16109514568607575,0.2247320412074957,nan
4005888.0,0.20480425249513562,0.20754056771019108,nan
4007936.0,0.26906270296881074,0.17509862959365918,nan
4009984.0,0.2741765368118051,0.1894458830385746,nan
4012032.0,0.12412839969417555,0.24609752789548525,nan
4014080.0,0.17828431597913558,0.2425362264560881,84.31392931392931
4016128.0,0.09228225996243879,0.2013173438701613,nan
4018176.0,0.29291265415899725,0.14411555419866645,nan
4020224.0,0.27068328259499974,0.19156123831430882,nan
4022272.0,0.28937948334242736,0.16832997280781997,nan
4024320.0,0.30412823246450343,0.11996694848979611,nan
4026368.0,0.31902386609089306,0.14695860964930985,nan
4028416.0,0.2997006709168813,0.15309076397034324,nan
4030464.0,0.3329835219023203,0.06040854527340218,nan
4032512.0,0.294025502115681,0.16805588675848138,nan
4034560.0,0.27730541718883717,0.15834542189765524,nan
4036608.0,0.24308739021057482,0.18465370835602776,nan
4038656.0,0.1634166613457358,0.24845944668219694,nan
4040704.0,0.32294803210039424,0.1286679801722707,nan
4042752.0,0.2604691222493596,0.17154791355079732,nan
4044800.0,0.28850999882832085,0.14371264114107613,nan
4046848.0,0.21186782658597783,0.21451957174916336,nan
4048896.0,0.1844963298999846,0.2272647763328728,nan
4050944.0,0.27964590075601503,0.1436108270385993,nan
4052992.0,0.2575765398353701,0.19396700039930304,nan
4055040.0,0.3070753438265306,0.10319963535563921,nan
4057088.0,0.30462048549084103,0.15870328762743557,nan
4059136.0,0.31103551172733224,0.1459879551710567,nan
4061184.0,0.20181359451364275,0.2235376777723551,nan
4063232.0,0.3212025288848327,0.11850036257254341,nan
4065280.0,0.1612612363594106,0.24350548816478987,nan
4067328.0,0.3281089093886269,0.10538197106211024,nan
4069376.0,0.11257218464942427,0.24504383752694175,nan
4071424.0,0.1883271319826756,0.22220965669202247,nan
4073472.0,0.20365067145355475,0.24540192333173322,nan
4075520.0,0.32302814924088563,0.10130997635038515,nan
4077568.0,0.28135843889162065,0.1521399008195854,nan
4079616.0,0.2681119255850698,0.18905984952306587,nan
4081664.0,0.2891471172072986,0.17257110043743495,nan
4083712.0,0.1898873720017764,0.20876749783088835,nan
4085760.0,0.157597942614426,0.23915023375933286,nan
4087808.0,0.12461631476695587,0.24751815252535442,nan
4089856.0,0.17881753754232968,0.22686867843379496,nan
4091904.0,0.27209096087923473,0.13930407558111327,nan
4093952.0,0.2474642606030688,0.17173029610935137,nan
4096000.0,0.30034274752416834,0.1507300004983517,nan
4098048.0,0.18145324300999338,0.2077858218559179,nan
4100096.0,0.27903414105060736,0.16426977543083737,nan
4102144.0,0.22033009928731886,0.20138478155633333,nan
4104192.0,0.11113997295858721,0.21388835982085008,nan
4106240.0,0.33391953904333865,0.08345357903725414,nan
4108288.0,0.1385716204301692,0.23934168695118058,nan
4110336.0,0.16459719905856407,0.22681434127406963,nan
4112384.0,0.13817769217403197,0.24796034897777192,nan
4114432.0,0.15232710645921219,0.2076860887627876,63.05613305613305
4116480.0,0.2065833286606067,0.20514928093011742,nan
4118528.0,0.1616392600978226,0.22461787641435965,nan
4120576.0,0.2613251037396519,0.20088356409260572,nan
4122624.0,0.13846803456739976,0.22238104745473591,nan
4124672.0,0.28648632688480963,0.1660516641032662,nan
4126720.0,0.20664966409966085,0.22969393542134703,nan
4128768.0,0.175268353865959,0.22203784819467196,nan
4130816.0,0.237119223170568,0.1647903584048975,nan
4132864.0,0.3385098906870072,0.12427132314870985,nan
4134912.0,0.22731099783831402,0.18984261328010485,nan
4136960.0,0.3082166843225453,0.13796448533740477,nan
4139008.0,0.18795500701078008,0.21598429227297533,nan
4141056.0,0.16835653252582666,0.21998390497309253,nan
4143104.0,0.12330783472798805,0.21811502418449397,nan
4145152.0,0.1135063109213034,0.23459876262435425,nan
4147200.0,0.1663144690475839,0.19817502166553927,nan
4149248.0,0.24439454163488053,0.18081319924332448,nan
4151296.0,0.12047831203131143,0.2695887399471334,nan
4153344.0,0.29455077468767754,0.11848130413291538,nan
4155392.0,0.1947704534681536,0.2289469646688169,nan
4157440.0,0.2911892517727561,0.16756091871015072,nan
4159488.0,0.1538330347882585,0.20227867507656247,nan
4161536.0,0.09479626565857208,0.22165142768742344,nan
4163584.0,0.16478665049354713,0.23284966485860348,nan
4165632.0,0.28243873888834015,0.1726492164161855,nan
4167680.0,0.23301700066251624,0.20067240786567123,nan
4169728.0,0.2379152385713958,0.18560622736066107,nan
4171776.0,0.18901097325970317,0.19614747088117698,nan
4173824.0,0.29637412266003826,0.1549501648721443,nan
4175872.0,0.3214760027880096,0.1137465832813522,nan
4177920.0,0.333258395500202,0.06500683240864072,nan
4179968.0,0.32068036359119867,0.08137265616219619,nan
4182016.0,0.13583705172007357,0.21183997170556637,nan
4184064.0,0.2519752890611008,0.19224668100114492,nan
4186112.0,0.2520148901112747,0.1692026019228969,nan
4188160.0,0.1779015674767851,0.24783016368643798,nan
4190208.0,0.18436534121516798,0.2354745120853226,nan
4192256.0,0.2581058092306994,0.18218104005646799,nan
4194304.0,0.30350781044223535,0.15976200258276124,nan
4196352.0,0.2820758794642307,0.1947740797754516,nan
4198400.0,0.3308031128976615,0.13360944474089942,nan
4200448.0,0.2471941782287675,0.21791419422355396,nan
4202496.0,0.32949004269575743,0.11555569231337433,nan
4204544.0,0.325924389257559,0.10765456916220097,nan
4206592.0,0.23523861983168767,0.1943441112382854,nan
4208640.0,0.24153789895796474,0.16900321483372227,nan
4210688.0,0.19588252518623023,0.19282060999995276,nan
4212736.0,0.3329381838235747,0.12562199261278478,nan
4214784.0,0.2687130065508845,0.20529536325388828,75.92515592515592
4216832.0,0.14418622867293152,0.22086615875130747,nan
4218880.0,0.2922120537675938,0.1341558235576498,nan
4220928.0,0.2937292361618735,0.1315917134605132,nan
4222976.0,0.18298160537918692,0.2093099434511857,nan
4225024.0,0.30661304233036113,0.1773185041464725,nan
4227072.0,0.22922674137916443,0.20610655752772764,nan
4229120.0,0.21371500259082277,0.203403703488977,nan
4231168.0,0.27413073618780487,0.15760842625794258,nan
4233216.0,0.09052607390211267,0.16509208166770875,nan
4235264.0,0.08044210787683731,0.20676341763440156,nan
4237312.0,0.2903094858467405,0.1385376516732932,nan
4239360.0,0.28393875068732877,0.15317350758251325,nan
4241408.0,0.27251360132646857,0.1602871491880709,nan
4243456.0,0.3018854671209349,0.12913198372225304,nan
4245504.0,0.33809810974987276,0.09693365489374327,nan
4247552.0,0.30725470682496125,0.13595720992859806,nan
4249600.0,0.2966357140772335,0.12623020150775927,nan
4251648.0,0.27671626303163077,0.17041207031637848,nan
4253696.0,0.28842393080391393,0.14951118320496248,nan
4255744.0,0.3335004666334467,0.05729577817179606,nan
4257792.0,0.2387901984697274,0.1882194763805325,nan
4259840.0,0.292706080714045,0.14658644483501665,nan
4261888.0,0.284586117282563,0.13510572201271367,nan
4263936.0,0.3294251086360972,0.06625305783105334,nan
4265984.0,0.30286327091872023,0.1401915735958137,nan
4268032.0,0.3210167307386548,0.1169453260496626,nan
4270080.0,0.2843785214926302,0.14773798193786097,nan
4272128.0,0.28874348835246716,0.1744276746744374,nan
4274176.0,0.22178185068893252,0.19492162488243883,nan
4276224.0,0.327973955248681,0.06975369275774343,nan
4278272.0,0.22400912606063533,0.18565779948798877,nan
4280320.0,0.2810390426062321,0.1449839153490278,nan
4282368.0,0.14821334775317155,0.255006596285262,nan
4284416.0,0.3301991967107484,0.11820250802274489,nan
4286464.0,0.2139361310194227,0.19851664225314297,nan
4288512.0,0.26515381283807427,0.16212023219138852,nan
4290560.0,0.3262167352219483,0.057243529233162074,nan
4292608.0,0.22929292568267906,0.19856327626117917,nan
4294656.0,0.27878459686857776,0.13369061218579315,nan
4296704.0,0.27169567544083095,0.19502227221262816,nan
4298752.0,0.23298285019926865,0.1788206793609965,nan
4300800.0,0.24518328040987752,0.19109465804877748,nan
4302848.0,0.19150857272818778,0.2211751643312941,nan
4304896.0,0.22304402687265304,0.1970301355426196,nan
4306944.0,0.3066517638368247,0.11100673429408602,nan
4308992.0,0.33703440234822135,0.10783163757090182,nan
4311040.0,0.23990800256393668,0.18319100234152222,nan
4313088.0,0.33066215829576323,0.07535340964169983,nan
4315136.0,0.31987032171802376,0.10198857290966279,88.92931392931392
4317184.0,0.2833654428602357,0.16081715368660002,nan
4319232.0,0.3217109851717146,0.08222238493616119,nan
4321280.0,0.31874578391678393,0.11571657317895183,nan
4323328.0,0.3308458876773595,0.08754231883176095,nan
4325376.0,0.3006989225316854,0.1588797662326644,nan
4327424.0,0.2170198168648575,0.20763003160149432,nan
4329472.0,0.29712297622350253,0.14886103825318425,nan
4331520.0,0.24985051946934833,0.18398508735768127,nan
4333568.0,0.3340957654588104,0.08957171962903697,nan
4335616.0,0.2156123190189987,0.20593381172225708,nan
4337664.0,0.17150142109356384,0.21682206731120682,nan
4339712.0,0.16401975501052576,0.21313597710890753,nan
4341760.0,0.35162730187713254,0.04331634159991814,nan
4343808.0,0.15168894173955166,0.2266738322178512,nan
4345856.0,0.3418163519182311,0.10296343813270845,nan
4347904.0,0.28505376001246285,0.16819276218186147,nan
4349952.0,0.15056746296236656,0.24655463749132936,nan
4352000.0,0.3443533106559534,0.10696361693489626,nan
4354048.0,0.1168471468538704,0.2434738418918417,nan
4356096.0,0.33663263881922945,0.08776031491743663,nan
4358144.0,0.3125964325495335,0.10992178809862736,nan
4360192.0,0.2248633986861842,0.21388292346680593,nan
4362240.0,0.22874820681081903,0.19902135049172412,nan
4364288.0,0.17674993205334671,0.22318438605253668,nan
4366336.0,0.2857783094658565,0.17829440126826118,nan
4368384.0,0.3454771480737484,0.08228965436630262,nan
4370432.0,0.3115914211488847,0.10169925924640787,nan
4372480.0,0.34445979862790777,0.0844243613300258,nan
4374528.0,0.32018299545298246,0.11860315043707281,nan
4376576.0,0.19905874960098838,0.2211602663617149,nan
4378624.0,0.31315070724507765,0.09690486823112868,nan
4380672.0,0.34947417508349754,0.05014822811619151,nan
4382720.0,0.27310353916340413,0.14818091362442473,nan
4384768.0,0.21243680663724374,0.2290581825438786,nan
4386816.0,0.29479800082936325,0.1517839950382193,nan
4388864.0,0.19407940023902703,0.21545238317599438,nan
4390912.0,0.2234645218853904,0.2097468420263612,nan
4392960.0,0.2985847804820504,0.1246654786947588,nan
4395008.0,0.31040701009014615,0.13444426609511942,nan
4397056.0,0.31168145419649407,0.10173536844054473,nan
4399104.0,0.3295760164026983,0.08700687052360041,nan
4401152.0,0.2562853469373262,0.1737568045175092,nan
4403200.0,0.1831619267771361,0.20037089769031,nan
4405248.0,0.3202965688173466,0.023138632987910433,nan
4407296.0,0.31388135659987093,0.11022312302925115,nan
4409344.0,0.302013569138591,0.14593236752103014,nan
4411392.0,0.19917920698647784,0.20887950921096318,nan
4413440.0,0.22087199983909078,0.17448705441833295,nan
4415488.0,0.2027449208525106,0.21900234105788008,80.84199584199585
4417536.0,0.19181852753514278,0.19739530771613895,nan
4419584.0,0.24361376141970734,0.19576512548337158,nan
4421632.0,0.296397142833152,0.13570414073906203,nan
4423680.0,0.3287763077101554,0.08994402303601438,nan
4425728.0,0.27973811341182514,0.14285981142900242,nan
4427776.0,0.19783815393471021,0.18316321575855604,nan
4429824.0,0.3386315626013745,0.10727746397661035,nan
4431872.0,0.26592166250515725,0.15110615288523077,nan
4433920.0,0.3039632788114376,0.15564858106163346,nan
4435968.0,0.2798803148283656,0.15939805214899114,nan
4438016.0,0.11478807316154857,0.24385810942155298,nan
4440064.0,0.21247846480135918,0.2072310668790292,nan
4442112.0,0.2979724124505346,0.1411694847834278,nan
4444160.0,0.28172730408657276,0.15062277321031156,nan
4446208.0,0.2869762294210024,0.1671915396144191,nan
4448256.0,0.3257317787999572,0.11545141574440765,nan
4450304.0,0.22014400106558574,0.19930385902991452,nan
4452352.0,0.28813352079765703,0.17453523625449605,nan
4454400.0,0.29296996055539326,0.15527315891090385,nan
4456448.0,0.2961340516525597,0.1610311885311417,nan
4458496.0,0.31206631355877734,0.13164835519255833,nan
4460544.0,0.34513680485882553,0.048055387954131716,nan
4462592.0,0.27810733513812014,0.15140106882519364,nan
4464640.0,0.21015203760144283,0.17998170358545584,nan
4466688.0,0.23583822222769898,0.19664415091406634,nan
4468736.0,0.3236626258131307,0.10032199155147867,nan
4470784.0,0.26672871161420797,0.15594868223931346,nan
4472832.0,0.24939008161468526,0.1815972858021622,nan
4474880.0,0.2667025702685707,0.1781976223317353,nan
4476928.0,0.2562189864795251,0.16393251058212582,nan
4478976.0,0.30282424590096263,0.10715561241695155,nan
4481024.0,0.16138116597245744,0.23483768679626518,nan
4483072.0,0.2755523737739951,0.17965395548788834,nan
4485120.0,0.23355809664294647,0.19879036583950482,nan
4487168.0,0.2879886674545722,0.14764559581694703,nan
4489216.0,0.3378703231114159,0.09688030534223703,nan
4491264.0,0.24422210803168193,0.18415072042202896,nan
4493312.0,0.32196471643028496,0.10442434509626429,nan
4495360.0,0.3069780141745594,0.10494111224023037,nan
4497408.0,0.26933065709784576,0.16752903496071644,nan
4499456.0,0.2954260805676102,0.13864149807460505,nan
4501504.0,0.21361495978846962,0.21357978269509253,nan
4503552.0,0.23387038186996678,0.205309618167346,nan
4505600.0,0.31353496074093673,0.11318734363329486,nan
4507648.0,0.27750326066225695,0.16494281458439936,nan
4509696.0,0.2515347468612874,0.17114240005991835,nan
4511744.0,0.20632248109948906,0.2319162995935137,nan
4513792.0,0.28622458241188864,0.1643037401704558,nan
4515840.0,0.28868420302824643,0.1636372189538666,87.32848232848235
4517888.0,0.30351702715420215,0.14025423224213482,nan
4519936.0,0.3039390315065429,0.12793706648956463,nan
4521984.0,0.23724350195490412,0.1708715729727071,nan
4524032.0,0.3241520201378858,0.12993290009431308,nan
4526080.0,0.3300227377695455,0.07559315278966838,nan
4528128.0,0.3368742923884145,0.07326668242114735,nan
4530176.0,0.30535704759234283,0.1099924094014132,nan
4532224.0,0.29511735612169954,0.13417741272342734,nan
4534272.0,0.20974362733463237,0.22159576048507404,nan
4536320.0,0.27761480674799405,0.16131826001810054,nan
4538368.0,0.22749442273746417,0.20177858420675593,nan
4540416.0,0.34269925319247485,0.04089553690571633,nan
4542464.0,0.26541066421343396,0.17471877834825744,nan
4544512.0,0.30130690810797794,0.11493754014217637,nan
4546560.0,0.34337663134675883,0.08858981071520124,nan
4548608.0,0.29948340428441783,0.1373543602619532,nan
4550656.0,0.3107861864142319,0.15111786327376353,nan
4552704.0,0.32518746800566906,0.0946749194535043,nan
4554752.0,0.32462589613293524,0.09286836185385525,nan
4556800.0,0.32232543415619286,0.07140692617964932,nan
4558848.0,0.3061818579445189,0.12318197369796442,nan
4560896.0,0.3010520447871098,0.10901131831332807,nan
4562944.0,0.2965698393420711,0.140378008468158,nan
4564992.0,0.31924305774960177,0.0720911367350094,nan
4567040.0,0.3316641140981698,0.07850195514814659,nan
4569088.0,0.19409391357575773,0.22103285675784284,nan
4571136.0,0.19555299221737127,0.22211861632865776,nan
4573184.0,0.10731633124206756,0.2341739331288525,nan
4575232.0,0.3163661433635754,0.09573505228015307,nan
4577280.0,0.2911199740268438,0.16022574851816732,nan
4579328.0,0.32498805819151105,0.09843482766976488,nan
4581376.0,0.23725836451026697,0.21770755446817427,nan
4583424.0,0.2965932760176382,0.12195743574366298,nan
4585472.0,0.23536590485841538,0.1720284502324591,nan
4587520.0,0.3015853394559329,0.12333088617669337,nan
4589568.0,0.3027372698714943,0.14565154666017358,nan
4591616.0,0.3165650311104691,0.11282688776522534,nan
4593664.0,0.33626621795135087,0.0805226232771787,nan
4595712.0,0.2946009381162822,0.1317816870758287,nan
4597760.0,0.33633491141907257,0.08318011879822694,nan
4599808.0,0.3492492985150911,0.09156627141330172,nan
4601856.0,0.34817838618232333,0.0552716017700565,nan
4603904.0,0.21621507886079944,0.1891257373882894,nan
4605952.0,0.16755974195067425,0.23326022182957548,nan
4608000.0,0.31680270145432654,0.11566465770718636,nan
4610048.0,0.23652956850133477,0.17777260925214636,nan
4612096.0,0.21358602864628218,0.18692432841912343,nan
4614144.0,0.27663698613859,0.10962715315528218,nan
4616192.0,0.27902120672433756,0.13003491558463137,79.5010395010395
4618240.0,0.31651517260529427,0.11513883738832896,nan
4620288.0,0.29298150739804707,0.13230267793172518,nan
4622336.0,0.28484007031246894,0.15097644793661372,nan
4624384.0,0.33002057128123435,0.07911559002198149,nan
4626432.0,0.32960586909248213,0.0956259154177815,nan
4628480.0,0.3097198388636432,0.1312719936514269,nan
4630528.0,0.32759330082057625,0.09962634971617183,nan
4632576.0,0.31018412309817844,0.09596245780410576,nan
4634624.0,0.2775437133718278,0.1419975743905257,nan
4636672.0,0.31875004960063735,0.07475706896684131,nan
4638720.0,0.33388798761299054,0.09046487493306873,nan
4640768.0,0.3173356096169759,0.05382427909699137,nan
4642816.0,0.286047673051363,0.17123089324249002,nan
4644864.0,0.3114471550603516,0.12488895869509986,nan
4646912.0,0.3045476645253302,0.13204621158276744,nan
4648960.0,0.29662222816088046,0.13585996165546188,nan
4651008.0,0.3408258393530428,0.0665020849217232,nan
4653056.0,0.3257857684023432,0.10132087826323075,nan
4655104.0,0.3094799117274206,0.11697909242405932,nan
4657152.0,0.30569164173968955,0.13604827366934846,nan
4659200.0,0.3248131026058255,0.07496436297859392,nan
4661248.0,0.2947838125228457,0.16135838402785055,nan
4663296.0,0.3088848126338055,0.10528946499819558,nan
4665344.0,0.2957875416047999,0.16627724979137906,nan
4667392.0,0.3244938300409964,0.08430900023956966,nan
4669440.0,0.3123713576812276,0.1039296447371245,nan
4671488.0,0.3304531663714702,0.09658035480923324,nan
4673536.0,0.30481260782954933,0.1195223730748412,nan
4675584.0,0.3020192099366758,0.11913200881465924,nan
4677632.0,0.29325913786043556,0.1327377701499134,nan
4679680.0,0.27817991996918634,0.14306847850078241,nan
4681728.0,0.3132363255750956,0.09809163374668049,nan
4683776.0,0.3122123240394805,0.10730203846808888,nan
4685824.0,0.32678426336427024,0.09531761925922291,nan
4687872.0,0.3172189546794784,0.06461810908517648,nan
4689920.0,0.28016252460230545,0.16116724488434303,nan
4691968.0,0.29402193963184453,0.12721580569353647,nan
4694016.0,0.3071619032134011,0.11992046458981412,nan
4696064.0,0.2951254037488931,0.13380603615226913,nan
4698112.0,0.2593220654718997,0.1901860776180772,nan
4700160.0,0.3005819239583572,0.1421915131332333,nan
4702208.0,0.2552825125671638,0.18595812998971623,nan
4704256.0,0.2789262096309133,0.16022916249418404,nan
4706304.0,0.2501145870738246,0.17416742740039132,nan
4708352.0,0.20592218590604672,0.20659946760354872,nan
4710400.0,0.1618303085445347,0.22253875151670993,nan
4712448.0,0.11572226069909727,0.23036644178024587,nan
4714496.0,0.22281112689931903,0.1978282668765992,nan
4716544.0,0.26194242180588967,0.17272675201414633,63.04573804573805
4718592.0,0.1933720726149332,0.16163132443726752,nan
4720640.0,0.20127920513234296,0.1881019521084549,nan
4722688.0,0.1458348058569946,0.24268814726643856,nan
4724736.0,0.2579756746833659,0.18964440534763133,nan
4726784.0,0.2458401477495645,0.20042405014381579,nan
4728832.0,0.32211154376938,0.09408116167137467,nan
4730880.0,0.28688495056550356,0.13644929377729764,nan
4732928.0,0.26935744563856123,0.17200891858702932,nan
4734976.0,0.30365917461290937,0.15807728207421623,nan
4737024.0,0.3115460458957068,0.13767761217057245,nan
4739072.0,0.307934003549691,0.1402604285122644,nan
4741120.0,0.32458552000444046,0.0868254120717094,nan
4743168.0,0.33922920566578296,0.07188666762546397,nan
4745216.0,0.31568633345434,0.13967978921693705,nan
4747264.0,0.2998798409152431,0.14542597747531094,nan
4749312.0,0.3098271762705185,0.10769998762577289,nan
4751360.0,0.32209050210661366,0.14093599693430092,nan
4753408.0,0.2058230764192638,0.2111909265279506,nan
4755456.0,0.2918441573207934,0.16708556030356803,nan
4757504.0,0.263395962691961,0.17707121328433434,nan
4759552.0,0.31417288170141944,0.1282042211718582,nan
4761600.0,0.20798513778226502,0.22562827710495992,nan
4763648.0,0.17429621937920964,0.24032033838468694,nan
4765696.0,0.22668162813358633,0.18886037216045096,nan
4767744.0,0.3139182406880121,0.11569995493168539,nan
4769792.0,0.3328653848216381,0.08805193973088435,nan
4771840.0,0.2997171009687444,0.1432263433661142,nan
4773888.0,0.12273577127219243,0.25019443640639405,nan
4775936.0,0.2316364450372017,0.22263906724373195,nan
4777984.0,0.3478631009107592,0.03696610564850578,nan
4780032.0,0.29391233912689635,0.14579374376183576,nan
4782080.0,0.25129435249175386,0.17954753452135255,nan
4784128.0,0.07612266749439922,0.22917670972281473,nan
4786176.0,0.07870926290468584,0.2560600838135291,nan
4788224.0,0.29511877174363754,0.15712528418474622,nan
4790272.0,0.3345611388255545,0.07916223875351679,nan
4792320.0,0.08345327017685107,0.22717552695316798,nan
4794368.0,0.11369714669869019,0.25048759043075863,nan
4796416.0,0.2881918959476477,0.1722176657097642,nan
4798464.0,0.2009440547749669,0.19828911828274678,nan
4800512.0,0.33144297048009436,0.10228224497570505,nan
4802560.0,0.29241978355436704,0.17648473072324405,nan
4804608.0,0.047344036049025345,0.23043564243239145,nan
4806656.0,0.30327296630906525,0.16777353020624494,nan
4808704.0,0.3075682864149882,0.16720170728901818,nan
4810752.0,0.289527935979884,0.15977950027557922,nan
4812800.0,0.3290873973321369,0.06693292767350142,nan
4814848.0,0.34469281082627584,0.09573499198598986,nan
4816896.0,0.33164159842617774,0.11335543113660239,88.37837837837839
4818944.0,0.20542521189911656,0.20612512202900343,nan
4820992.0,0.30373088019351696,0.13431848516764677,nan
4823040.0,0.29185076266217735,0.1563839140973638,nan
4825088.0,0.3629763711758921,0.01800499290645989,nan
4827136.0,0.3034585155590662,0.10766911450279114,nan
4829184.0,0.2169660470974641,0.1694104107198736,nan
4831232.0,0.29227285865398644,0.155957556560033,nan
4833280.0,0.2555945101840893,0.1818777056480426,nan
4835328.0,0.20084755820730682,0.19948605130372696,nan
4837376.0,0.17207330557328965,0.21725754436009787,nan
4839424.0,0.263811330955283,0.18114402780467165,nan
4841472.0,0.1964741109319753,0.20813342060630874,nan
4843520.0,0.3437954296179214,0.0548573138256838,nan
4845568.0,0.32002553661161554,0.16604145257298322,nan
4847616.0,0.27107034900697957,0.19599555061821494,nan
4849664.0,0.20973092338495714,0.23394511458610703,nan
4851712.0,0.30591047288066137,0.1625391876164475,nan
4853760.0,0.35097816870108306,0.11449565165754298,nan
4855808.0,0.2503864015461519,0.20726305617807783,nan
4857856.0,0.34999918297797666,0.05409116336688835,nan
4859904.0,0.34318173422931075,0.07167340780336047,nan
4861952.0,0.3400801684550038,0.018883476382771963,nan
4864000.0,0.3349150395580297,0.1070655920449941,nan
4866048.0,0.14499995761092704,0.2554436886687109,nan
4868096.0,0.29685437494858147,0.17434249277190358,nan
4870144.0,0.18669278902170164,0.2383525722711496,nan
4872192.0,0.3395823844597401,0.13054559708803717,nan
4874240.0,0.29235749889685625,0.20426326391829977,nan
4876288.0,0.30412797178550854,0.17148751911646032,nan
4878336.0,0.35730130438975605,0.07203499763861868,nan
4880384.0,0.2564755329337735,0.19734161283799123,nan
4882432.0,0.3459814839232296,0.08766778145039883,nan
4884480.0,0.3147843021106038,0.14029982628144538,nan
4886528.0,0.24304507046403762,0.21976106903049702,nan
4888576.0,0.3544396688178944,0.06797139843759399,nan
4890624.0,0.2403208278363666,0.21744046629657146,nan
4892672.0,0.2478523737981377,0.20414777362384023,nan
4894720.0,0.2403049805647215,0.230280942247347,nan
4896768.0,0.18657534332007936,0.22115117300138462,nan
4898816.0,0.24014553516292936,0.18961613642936692,nan
4900864.0,0.34040083003370764,0.07013320696063609,nan
4902912.0,0.23393892036236788,0.21532553357922593,nan
4904960.0,0.24375896234441688,0.2276868440217229,nan
4907008.0,0.28079119743552283,0.19359095152679198,nan
4909056.0,0.14357897568082378,0.223229809160327,nan
4911104.0,0.3308466624242073,0.03761009448529662,nan
4913152.0,0.30413085551152075,0.12862140624415158,nan
4915200.0,0.3224264880813126,0.12561706493045205,nan
4917248.0,0.328672762306009,0.03626380063872421,86.4760914760915
4919296.0,0.10537118963748529,0.217514107084356,nan
4921344.0,0.14094340820903895,0.2431324753495895,nan
4923392.0,0.2718182053785724,0.1854877764716872,nan
4925440.0,0.24524423246722118,0.1766599851342713,nan
4927488.0,0.28542029104456734,0.16171141759266844,nan
4929536.0,0.3265577464501491,0.11678197688462517,nan
4931584.0,0.24494023561340716,0.23234937373437256,nan
4933632.0,0.3413943799770168,0.12518232775196964,nan
4935680.0,0.12620394943141106,0.24823591021566074,nan
4937728.0,0.08625350747050553,0.22990245496278627,nan
4939776.0,0.27715292655299134,0.1709337920385745,nan
4941824.0,0.1386993596313108,0.22335415731322064,nan
4943872.0,0.271571274756222,0.14135812222150745,nan
4945920.0,0.33485603928191143,0.10948382279454816,nan
4947968.0,0.3093929715229096,0.14263135996756632,nan
4950016.0,0.3423790017580357,0.13002809222555414,nan
4952064.0,0.15811204714854962,0.24005519525622956,nan
4954112.0,0.32817810892551325,0.11960961431220261,nan
4956160.0,0.3306778745861094,0.11024177791031761,nan
4958208.0,0.31119700329979516,0.08815093825724588,nan
4960256.0,0.32634040073879955,0.1627161565802277,nan
4962304.0,0.3251246282668324,0.09541647395741087,nan
4964352.0,0.32403545545600404,0.13778419281405468,nan
4966400.0,0.3588870300724899,0.08335888936540789,nan
4968448.0,0.332195886047139,0.10659079492469196,nan
4970496.0,0.18609622555432714,0.22613451620103636,nan
4972544.0,0.2236411265799423,0.21307422480340416,nan
4974592.0,0.3338422772312247,0.06602828034599015,nan
4976640.0,0.33151894318019004,0.10012629815974446,nan
4978688.0,0.30777295869899746,0.1550431947049234,nan
4980736.0,0.3250905797454866,0.08303638494488276,nan
4982784.0,0.16052168676594702,0.24213297539793527,nan
4984832.0,0.32672189187528733,0.14049341490614112,nan
4986880.0,0.2999841452471327,0.140345538555398,nan
4988928.0,0.3525224203204328,0.09119457229643393,nan
4990976.0,0.26613331667543283,0.2187391447928673,nan
4993024.0,0.3395529341549305,0.09872234502395498,nan
4995072.0,0.3021846381929254,0.17867435961251557,nan
4997120.0,0.3280199870124921,0.05302187703678964,nan
4999168.0,0.3320037035177164,0.0507993242957357,nan
5000000.0,0.3296438360817129,0.1050205529518102,69.8960498960499
